ISO-10303-21;
HEADER;
/* Generated by software containing ST-Developer
 * from STEP Tools, Inc. (www.steptools.com) 
 */

FILE_DESCRIPTION(
/* description */ (''),
/* implementation_level */ '2;1');

FILE_NAME(
/* name */ 'cameraaaa.step',
/* time_stamp */ '2026-03-10T07:20:00+05:30',
/* author */ (''),
/* organization */ (''),
/* preprocessor_version */ 'ST-DEVELOPER v20.1',
/* originating_system */ 'Autodesk Translation Framework v14.21.0.0',
/* authorisation */ '');

FILE_SCHEMA (('AUTOMOTIVE_DESIGN { 1 0 10303 214 3 1 1 }'));
ENDSEC;

DATA;
#10=MECHANICAL_DESIGN_GEOMETRIC_PRESENTATION_REPRESENTATION('',(#6294,#6295,
#6296,#6297,#6298,#6299,#6300,#6301,#6302,#6303,#6304,#6305,#6306,#6307,
#6308,#6309,#6310,#6311,#6312,#6313,#6314,#6315,#6316,#6317,#6318,#6319,
#6320,#6321,#6322,#6323,#6324,#6325,#6326,#6327,#6328,#6329,#6330,#6331,
#6332,#6333,#6334,#6335,#6336,#6337,#6338,#6339,#6340,#6341,#6342,#6343,
#6344,#6345,#6346,#6347,#6348,#6349,#6350),#12022);
#11=SPHERICAL_SURFACE('',#7544,2.003125);
#12=SPHERICAL_SURFACE('',#7548,5.55);
#13=CONICAL_SURFACE('',#7475,2.8,0.785398163397451);
#14=CONICAL_SURFACE('',#7541,1.,0.785398163397449);
#15=CONICAL_SURFACE('',#7550,1.8,0.785398163397451);
#16=CONICAL_SURFACE('',#7570,2.3,0.785398163397448);
#17=CONICAL_SURFACE('',#7573,2.3,0.785398163397448);
#18=CONICAL_SURFACE('',#7576,2.3,0.785398163397448);
#19=B_SPLINE_SURFACE_WITH_KNOTS('',3,1,((#11092,#11093),(#11094,#11095),
(#11096,#11097),(#11098,#11099),(#11100,#11101),(#11102,#11103),(#11104,
#11105)),.UNSPECIFIED.,.F.,.F.,.F.,(4,1,1,1,4),(2,2),(0.,0.254588485218727,
0.497697917166443,0.744625341571126,1.),(0.,0.00120000000000002),
 .UNSPECIFIED.);
#20=B_SPLINE_SURFACE_WITH_KNOTS('',3,1,((#11115,#11116),(#11117,#11118),
(#11119,#11120),(#11121,#11122),(#11123,#11124),(#11125,#11126),(#11127,
#11128),(#11129,#11130),(#11131,#11132),(#11133,#11134),(#11135,#11136)),
 .UNSPECIFIED.,.F.,.F.,.F.,(4,1,1,1,1,1,1,1,4),(2,2),(0.,0.144792952228004,
0.273569679900812,0.389293245836186,0.499999999999993,0.610706754163799,
0.726430320099178,0.855207047771985,1.),(0.,0.00120000000000001),
 .UNSPECIFIED.);
#21=B_SPLINE_SURFACE_WITH_KNOTS('',3,1,((#11150,#11151),(#11152,#11153),
(#11154,#11155),(#11156,#11157),(#11158,#11159),(#11160,#11161),(#11162,
#11163)),.UNSPECIFIED.,.F.,.F.,.F.,(4,1,1,1,4),(2,2),(0.,0.255374658428857,
0.502302082833544,0.745411514781254,1.),(0.,0.00120000000000001),
 .UNSPECIFIED.);
#22=B_SPLINE_SURFACE_WITH_KNOTS('',3,1,((#11177,#11178),(#11179,#11180),
(#11181,#11182),(#11183,#11184),(#11185,#11186),(#11187,#11188),(#11189,
#11190)),.UNSPECIFIED.,.F.,.F.,.F.,(4,1,1,1,4),(2,2),(0.,0.285904739590372,
0.541088852658522,0.775001305196195,1.),(0.,0.00120000000000001),
 .UNSPECIFIED.);
#23=B_SPLINE_SURFACE_WITH_KNOTS('',3,1,((#11200,#11201),(#11202,#11203),
(#11204,#11205),(#11206,#11207),(#11208,#11209),(#11210,#11211),(#11212,
#11213),(#11214,#11215),(#11216,#11217),(#11218,#11219),(#11220,#11221)),
 .UNSPECIFIED.,.F.,.F.,.F.,(4,1,1,1,1,1,1,1,4),(2,2),(0.,0.146015181833674,
0.273436583479472,0.39045839227216,0.500000000000005,0.60954160772785,0.726563416520539,
0.853984818166337,1.),(0.,0.00120000000000002),.UNSPECIFIED.);
#24=B_SPLINE_SURFACE_WITH_KNOTS('',3,1,((#11239,#11240),(#11241,#11242),
(#11243,#11244),(#11245,#11246),(#11247,#11248),(#11249,#11250),(#11251,
#11252),(#11253,#11254),(#11255,#11256),(#11257,#11258),(#11259,#11260)),
 .UNSPECIFIED.,.F.,.F.,.F.,(4,1,1,1,1,1,1,1,4),(2,2),(0.,0.143478175337923,
0.273763032189097,0.388435782682222,0.500294871133484,0.608288437085954,
0.726608701993006,0.853590190969602,1.),(0.,0.00120000000000002),
 .UNSPECIFIED.);
#25=B_SPLINE_SURFACE_WITH_KNOTS('',3,1,((#11274,#11275),(#11276,#11277),
(#11278,#11279),(#11280,#11281),(#11282,#11283),(#11284,#11285),(#11286,
#11287),(#11288,#11289),(#11290,#11291),(#11292,#11293),(#11294,#11295)),
 .UNSPECIFIED.,.F.,.F.,.F.,(4,1,1,1,1,1,1,1,4),(2,2),(0.,0.14385171898814,
0.273693804348748,0.389670767950579,0.499999999999994,0.610329232049413,
0.72630619565124,0.856148281011849,1.),(0.,0.00120000000000002),
 .UNSPECIFIED.);
#26=B_SPLINE_SURFACE_WITH_KNOTS('',3,1,((#11815,#11816),(#11817,#11818),
(#11819,#11820),(#11821,#11822),(#11823,#11824),(#11825,#11826),(#11827,
#11828),(#11829,#11830),(#11831,#11832)),.UNSPECIFIED.,.F.,.F.,.F.,(4,1,
1,1,1,1,4),(2,2),(0.,0.14,0.28,0.42,0.559999999997895,0.780000000000162,
1.),(0.,0.672),.UNSPECIFIED.);
#27=B_SPLINE_SURFACE_WITH_KNOTS('',3,1,((#11851,#11852),(#11853,#11854),
(#11855,#11856),(#11857,#11858),(#11859,#11860),(#11861,#11862),(#11863,
#11864),(#11865,#11866),(#11867,#11868)),.UNSPECIFIED.,.F.,.F.,.F.,(4,1,
1,1,1,1,4),(2,2),(0.,0.14,0.28,0.42,0.559999999997895,0.780000000000162,
1.),(0.,0.672),.UNSPECIFIED.);
#28=B_SPLINE_CURVE_WITH_KNOTS('',3,(#10979,#10980,#10981,#10982,#10983,
#10984,#10985,#10986,#10987,#10988,#10989),.UNSPECIFIED.,.F.,.F.,(4,1,1,
1,1,1,1,1,4),(0.,0.14385171898814,0.273693804348748,0.389670767950579,0.499999999999994,
0.610329232049413,0.72630619565124,0.856148281011849,1.),.UNSPECIFIED.);
#29=B_SPLINE_CURVE_WITH_KNOTS('',3,(#10995,#10996,#10997,#10998,#10999,
#11000,#11001),.UNSPECIFIED.,.F.,.F.,(4,1,1,1,4),(0.,0.254588485218727,
0.497697917166443,0.744625341571126,1.),.UNSPECIFIED.);
#30=B_SPLINE_CURVE_WITH_KNOTS('',3,(#11003,#11004,#11005,#11006,#11007,
#11008,#11009,#11010,#11011,#11012,#11013),.UNSPECIFIED.,.F.,.F.,(4,1,1,
1,1,1,1,1,4),(0.,0.144792952228004,0.273569679900812,0.389293245836186,
0.499999999999993,0.610706754163799,0.726430320099178,0.855207047771985,
1.),.UNSPECIFIED.);
#31=B_SPLINE_CURVE_WITH_KNOTS('',3,(#11015,#11016,#11017,#11018,#11019,
#11020,#11021),.UNSPECIFIED.,.F.,.F.,(4,1,1,1,4),(0.,0.255374658428857,
0.502302082833544,0.745411514781254,1.),.UNSPECIFIED.);
#32=B_SPLINE_CURVE_WITH_KNOTS('',3,(#11025,#11026,#11027,#11028,#11029,
#11030,#11031),.UNSPECIFIED.,.F.,.F.,(4,1,1,1,4),(0.,0.285904739590372,
0.541088852658522,0.775001305196195,1.),.UNSPECIFIED.);
#33=B_SPLINE_CURVE_WITH_KNOTS('',3,(#11033,#11034,#11035,#11036,#11037,
#11038,#11039,#11040,#11041,#11042,#11043),.UNSPECIFIED.,.F.,.F.,(4,1,1,
1,1,1,1,1,4),(0.,0.146015181833674,0.273436583479472,0.39045839227216,0.500000000000005,
0.60954160772785,0.726563416520539,0.853984818166337,1.),.UNSPECIFIED.);
#34=B_SPLINE_CURVE_WITH_KNOTS('',3,(#11046,#11047,#11048,#11049,#11050,
#11051,#11052,#11053,#11054,#11055,#11056),.UNSPECIFIED.,.F.,.F.,(4,1,1,
1,1,1,1,1,4),(0.,0.143478175337923,0.273763032189097,0.388435782682222,
0.500294871133484,0.608288437085954,0.726608701993006,0.853590190969602,
1.),.UNSPECIFIED.);
#35=B_SPLINE_CURVE_WITH_KNOTS('',3,(#11107,#11108,#11109,#11110,#11111,
#11112,#11113),.UNSPECIFIED.,.F.,.F.,(4,1,1,1,4),(0.,0.254588485218727,
0.497697917166443,0.744625341571126,1.),.UNSPECIFIED.);
#36=B_SPLINE_CURVE_WITH_KNOTS('',3,(#11138,#11139,#11140,#11141,#11142,
#11143,#11144,#11145,#11146,#11147,#11148),.UNSPECIFIED.,.F.,.F.,(4,1,1,
1,1,1,1,1,4),(0.,0.144792952228004,0.273569679900812,0.389293245836186,
0.499999999999993,0.610706754163799,0.726430320099178,0.855207047771985,
1.),.UNSPECIFIED.);
#37=B_SPLINE_CURVE_WITH_KNOTS('',3,(#11165,#11166,#11167,#11168,#11169,
#11170,#11171),.UNSPECIFIED.,.F.,.F.,(4,1,1,1,4),(0.,0.255374658428857,
0.502302082833544,0.745411514781254,1.),.UNSPECIFIED.);
#38=B_SPLINE_CURVE_WITH_KNOTS('',3,(#11192,#11193,#11194,#11195,#11196,
#11197,#11198),.UNSPECIFIED.,.F.,.F.,(4,1,1,1,4),(0.,0.285904739590372,
0.541088852658522,0.775001305196195,1.),.UNSPECIFIED.);
#39=B_SPLINE_CURVE_WITH_KNOTS('',3,(#11223,#11224,#11225,#11226,#11227,
#11228,#11229,#11230,#11231,#11232,#11233),.UNSPECIFIED.,.F.,.F.,(4,1,1,
1,1,1,1,1,4),(0.,0.146015181833674,0.273436583479472,0.39045839227216,0.500000000000005,
0.60954160772785,0.726563416520539,0.853984818166337,1.),.UNSPECIFIED.);
#40=B_SPLINE_CURVE_WITH_KNOTS('',3,(#11262,#11263,#11264,#11265,#11266,
#11267,#11268,#11269,#11270,#11271,#11272),.UNSPECIFIED.,.F.,.F.,(4,1,1,
1,1,1,1,1,4),(0.,0.143478175337923,0.273763032189097,0.388435782682222,
0.500294871133484,0.608288437085954,0.726608701993006,0.853590190969602,
1.),.UNSPECIFIED.);
#41=B_SPLINE_CURVE_WITH_KNOTS('',3,(#11296,#11297,#11298,#11299,#11300,
#11301,#11302,#11303,#11304,#11305,#11306),.UNSPECIFIED.,.F.,.F.,(4,1,1,
1,1,1,1,1,4),(0.,0.14385171898814,0.273693804348748,0.389670767950579,0.499999999999994,
0.610329232049413,0.72630619565124,0.856148281011849,1.),.UNSPECIFIED.);
#42=B_SPLINE_CURVE_WITH_KNOTS('',3,(#11833,#11834,#11835,#11836),
 .UNSPECIFIED.,.F.,.F.,(4,4),(0.,1.),.UNSPECIFIED.);
#43=B_SPLINE_CURVE_WITH_KNOTS('',3,(#11837,#11838,#11839,#11840),
 .UNSPECIFIED.,.F.,.F.,(4,4),(0.,1.),.UNSPECIFIED.);
#44=B_SPLINE_CURVE_WITH_KNOTS('',3,(#11842,#11843,#11844,#11845,#11846,
#11847,#11848,#11849,#11850),.UNSPECIFIED.,.F.,.F.,(4,1,1,1,1,1,4),(0.,
0.14,0.28,0.42,0.559999999997895,0.780000000000162,1.),.UNSPECIFIED.);
#45=B_SPLINE_CURVE_WITH_KNOTS('',3,(#11869,#11870,#11871,#11872,#11873,
#11874,#11875,#11876,#11877),.UNSPECIFIED.,.F.,.F.,(4,1,1,1,1,1,4),(0.,
0.14,0.28,0.42,0.559999999997895,0.780000000000162,1.),.UNSPECIFIED.);
#46=ELLIPSE('',#7108,0.0367893437460489,0.0300000000000282);
#47=ELLIPSE('',#7109,0.0367893437460489,0.0300000000000282);
#48=ELLIPSE('',#7112,0.036789343746049,0.0300000000000283);
#49=ELLIPSE('',#7113,0.036789343746049,0.0300000000000283);
#50=ELLIPSE('',#7116,0.0367893437460494,0.0300000000000287);
#51=ELLIPSE('',#7117,0.0367893437460494,0.0300000000000287);
#52=ELLIPSE('',#7120,0.0367893437460485,0.0300000000000278);
#53=ELLIPSE('',#7121,0.0367893437460485,0.0300000000000278);
#54=ELLIPSE('',#7124,0.0367893437460503,0.0300000000000296);
#55=ELLIPSE('',#7125,0.0367893437460503,0.0300000000000296);
#56=ELLIPSE('',#7128,0.0367893437460427,0.0300000000000215);
#57=ELLIPSE('',#7129,0.0367893437460427,0.0300000000000215);
#58=ELLIPSE('',#7132,0.0367893437460448,0.0300000000000235);
#59=ELLIPSE('',#7133,0.0367893437460448,0.0300000000000235);
#60=ELLIPSE('',#7136,0.036789343746053,0.030000000000029);
#61=ELLIPSE('',#7137,0.036789343746053,0.030000000000029);
#62=ELLIPSE('',#7140,0.0367893437460373,0.0300000000000172);
#63=ELLIPSE('',#7141,0.0367893437460373,0.0300000000000172);
#64=ELLIPSE('',#7144,0.036789343746056,0.0300000000000318);
#65=ELLIPSE('',#7145,0.036789343746056,0.0300000000000318);
#66=ELLIPSE('',#7148,0.0367893437460525,0.0300000000000302);
#67=ELLIPSE('',#7149,0.0367893437460525,0.0300000000000302);
#68=ELLIPSE('',#7152,0.0367893437460688,0.0300000000000425);
#69=ELLIPSE('',#7153,0.0367893437460688,0.0300000000000425);
#70=ELLIPSE('',#7156,0.036789343746041,0.0300000000000208);
#71=ELLIPSE('',#7157,0.036789343746041,0.0300000000000208);
#72=ELLIPSE('',#7160,0.0367893437460852,0.0300000000000534);
#73=ELLIPSE('',#7161,0.0367893437460852,0.0300000000000534);
#74=ELLIPSE('',#7164,0.0367893437460528,0.0300000000000304);
#75=ELLIPSE('',#7165,0.0367893437460528,0.0300000000000304);
#76=ELLIPSE('',#7168,0.0367893437460254,0.030000000000009);
#77=ELLIPSE('',#7169,0.0367893437460254,0.030000000000009);
#78=ELLIPSE('',#7172,0.036789343746037,0.030000000000017);
#79=ELLIPSE('',#7173,0.036789343746037,0.030000000000017);
#80=ELLIPSE('',#7176,0.0367893437460326,0.0300000000000143);
#81=ELLIPSE('',#7177,0.0367893437460326,0.0300000000000143);
#82=ELLIPSE('',#7180,0.0367893437460325,0.0300000000000142);
#83=ELLIPSE('',#7181,0.0367893437460325,0.0300000000000142);
#84=ELLIPSE('',#7184,0.0367893437460214,0.0300000000000052);
#85=ELLIPSE('',#7185,0.0367893437460214,0.0300000000000052);
#86=ELLIPSE('',#7188,0.036789343746041,0.0300000000000208);
#87=ELLIPSE('',#7189,0.036789343746041,0.0300000000000208);
#88=ELLIPSE('',#7192,0.0367893437460532,0.0300000000000292);
#89=ELLIPSE('',#7193,0.0367893437460532,0.0300000000000292);
#90=ELLIPSE('',#7196,0.0367893437460373,0.0300000000000172);
#91=ELLIPSE('',#7197,0.0367893437460373,0.0300000000000172);
#92=ELLIPSE('',#7200,0.0367893437460427,0.0300000000000215);
#93=ELLIPSE('',#7201,0.0367893437460427,0.0300000000000215);
#94=ELLIPSE('',#7204,0.0367893437460367,0.0300000000000174);
#95=ELLIPSE('',#7205,0.0367893437460367,0.0300000000000174);
#96=ELLIPSE('',#7208,0.0367893437460425,0.0300000000000237);
#97=ELLIPSE('',#7209,0.0367893437460425,0.0300000000000237);
#98=ELLIPSE('',#7212,0.0367893437460426,0.030000000000023);
#99=ELLIPSE('',#7213,0.0367893437460426,0.030000000000023);
#100=ELLIPSE('',#7216,0.0367893437460424,0.0300000000000232);
#101=ELLIPSE('',#7217,0.0367893437460424,0.0300000000000232);
#102=ELLIPSE('',#7220,0.0367893437460424,0.0300000000000236);
#103=ELLIPSE('',#7221,0.0367893437460424,0.0300000000000236);
#104=ELLIPSE('',#7224,0.0367893437460459,0.030000000000026);
#105=ELLIPSE('',#7225,0.0367893437460459,0.030000000000026);
#106=ELLIPSE('',#7228,0.0367893437460469,0.0300000000000268);
#107=ELLIPSE('',#7229,0.0367893437460469,0.0300000000000268);
#108=ELLIPSE('',#7231,0.0367893437460489,0.0300000000000282);
#109=ELLIPSE('',#7235,0.036789343746049,0.0300000000000283);
#110=ELLIPSE('',#7239,0.0367893437460494,0.0300000000000287);
#111=ELLIPSE('',#7243,0.0367893437460485,0.0300000000000278);
#112=ELLIPSE('',#7247,0.0367893437460503,0.0300000000000296);
#113=ELLIPSE('',#7251,0.0367893437460427,0.0300000000000215);
#114=ELLIPSE('',#7255,0.0367893437460448,0.0300000000000235);
#115=ELLIPSE('',#7259,0.036789343746053,0.030000000000029);
#116=ELLIPSE('',#7263,0.0367893437460373,0.0300000000000172);
#117=ELLIPSE('',#7267,0.036789343746056,0.0300000000000318);
#118=ELLIPSE('',#7271,0.0367893437460525,0.0300000000000302);
#119=ELLIPSE('',#7275,0.0367893437460688,0.0300000000000425);
#120=ELLIPSE('',#7279,0.036789343746041,0.0300000000000208);
#121=ELLIPSE('',#7283,0.0367893437460852,0.0300000000000534);
#122=ELLIPSE('',#7287,0.0367893437460528,0.0300000000000304);
#123=ELLIPSE('',#7291,0.0367893437460254,0.030000000000009);
#124=ELLIPSE('',#7295,0.036789343746037,0.030000000000017);
#125=ELLIPSE('',#7299,0.0367893437460326,0.0300000000000143);
#126=ELLIPSE('',#7303,0.0367893437460325,0.0300000000000142);
#127=ELLIPSE('',#7307,0.0367893437460214,0.0300000000000052);
#128=ELLIPSE('',#7311,0.036789343746041,0.0300000000000208);
#129=ELLIPSE('',#7315,0.0367893437460532,0.0300000000000292);
#130=ELLIPSE('',#7319,0.0367893437460373,0.0300000000000172);
#131=ELLIPSE('',#7323,0.0367893437460427,0.0300000000000215);
#132=ELLIPSE('',#7327,0.0367893437460367,0.0300000000000174);
#133=ELLIPSE('',#7331,0.0367893437460425,0.0300000000000237);
#134=ELLIPSE('',#7335,0.0367893437460426,0.030000000000023);
#135=ELLIPSE('',#7339,0.0367893437460424,0.0300000000000232);
#136=ELLIPSE('',#7343,0.0367893437460424,0.0300000000000236);
#137=ELLIPSE('',#7347,0.0367893437460459,0.030000000000026);
#138=ELLIPSE('',#7351,0.0367893437460471,0.0300000000000269);
#139=TOROIDAL_SURFACE('',#6827,0.0999999999999995,0.03);
#140=TOROIDAL_SURFACE('',#6831,0.0999999999999995,0.0299999999999999);
#141=TOROIDAL_SURFACE('',#6835,0.0999999999999995,0.03);
#142=TOROIDAL_SURFACE('',#6839,0.0999999999999995,0.03);
#143=TOROIDAL_SURFACE('',#6843,0.0999999999999995,0.03);
#144=TOROIDAL_SURFACE('',#6847,0.0999999999999995,0.0299999999999999);
#145=TOROIDAL_SURFACE('',#6851,0.0999999999999995,0.0299999999999999);
#146=TOROIDAL_SURFACE('',#6855,0.0999999999999995,0.0299999999999999);
#147=TOROIDAL_SURFACE('',#6859,0.0999999999999995,0.0299999999999999);
#148=TOROIDAL_SURFACE('',#6863,0.0999999999999995,0.0299999999999999);
#149=TOROIDAL_SURFACE('',#6867,0.0999999999999995,0.0299999999999999);
#150=TOROIDAL_SURFACE('',#6871,0.0999999999999995,0.0299999999999999);
#151=TOROIDAL_SURFACE('',#6875,0.0999999999999995,0.0299999999999999);
#152=TOROIDAL_SURFACE('',#6879,0.0999999999999995,0.0299999999999999);
#153=TOROIDAL_SURFACE('',#6883,0.0999999999999995,0.0299999999999999);
#154=TOROIDAL_SURFACE('',#6887,0.0999999999999995,0.0299999999999999);
#155=TOROIDAL_SURFACE('',#6891,0.0999999999999995,0.0299999999999999);
#156=TOROIDAL_SURFACE('',#6895,0.0999999999999995,0.0299999999999999);
#157=TOROIDAL_SURFACE('',#6899,0.0999999999999995,0.0299999999999999);
#158=TOROIDAL_SURFACE('',#6903,0.0999999999999995,0.0299999999999999);
#159=TOROIDAL_SURFACE('',#6907,0.0999999999999995,0.0299999999999999);
#160=TOROIDAL_SURFACE('',#6911,0.0999999999999995,0.0299999999999999);
#161=TOROIDAL_SURFACE('',#6915,0.0999999999999995,0.0299999999999999);
#162=TOROIDAL_SURFACE('',#6919,0.0999999999999995,0.0299999999999999);
#163=TOROIDAL_SURFACE('',#6923,0.0999999999999995,0.0299999999999999);
#164=TOROIDAL_SURFACE('',#6927,0.0999999999999995,0.03);
#165=TOROIDAL_SURFACE('',#6931,0.0999999999999995,0.03);
#166=TOROIDAL_SURFACE('',#6935,0.0999999999999995,0.03);
#167=TOROIDAL_SURFACE('',#6939,0.0999999999999995,0.0299999999999999);
#168=TOROIDAL_SURFACE('',#6943,0.0999999999999995,0.03);
#169=TOROIDAL_SURFACE('',#6947,0.0999999999999995,0.0299999999999999);
#170=TOROIDAL_SURFACE('',#6951,0.0999999999999995,0.03);
#171=TOROIDAL_SURFACE('',#6956,0.0999999999999995,0.0299999999999999);
#172=TOROIDAL_SURFACE('',#6961,0.0999999999999995,0.03);
#173=TOROIDAL_SURFACE('',#6966,0.0999999999999995,0.03);
#174=TOROIDAL_SURFACE('',#6971,0.0999999999999995,0.03);
#175=TOROIDAL_SURFACE('',#6976,0.0999999999999995,0.0299999999999999);
#176=TOROIDAL_SURFACE('',#6981,0.0999999999999995,0.0299999999999999);
#177=TOROIDAL_SURFACE('',#6986,0.0999999999999995,0.0299999999999999);
#178=TOROIDAL_SURFACE('',#6991,0.0999999999999995,0.0299999999999999);
#179=TOROIDAL_SURFACE('',#6996,0.0999999999999995,0.0299999999999999);
#180=TOROIDAL_SURFACE('',#7001,0.0999999999999995,0.0299999999999999);
#181=TOROIDAL_SURFACE('',#7006,0.0999999999999995,0.0299999999999999);
#182=TOROIDAL_SURFACE('',#7011,0.0999999999999995,0.0299999999999999);
#183=TOROIDAL_SURFACE('',#7016,0.0999999999999995,0.0299999999999999);
#184=TOROIDAL_SURFACE('',#7021,0.0999999999999995,0.0299999999999999);
#185=TOROIDAL_SURFACE('',#7026,0.0999999999999995,0.0299999999999999);
#186=TOROIDAL_SURFACE('',#7031,0.0999999999999995,0.0299999999999999);
#187=TOROIDAL_SURFACE('',#7036,0.0999999999999995,0.0299999999999999);
#188=TOROIDAL_SURFACE('',#7041,0.0999999999999995,0.0299999999999999);
#189=TOROIDAL_SURFACE('',#7046,0.0999999999999995,0.0299999999999999);
#190=TOROIDAL_SURFACE('',#7051,0.0999999999999995,0.0299999999999999);
#191=TOROIDAL_SURFACE('',#7056,0.0999999999999995,0.0299999999999999);
#192=TOROIDAL_SURFACE('',#7061,0.0999999999999995,0.0299999999999999);
#193=TOROIDAL_SURFACE('',#7066,0.0999999999999995,0.0299999999999999);
#194=TOROIDAL_SURFACE('',#7071,0.0999999999999995,0.0299999999999999);
#195=TOROIDAL_SURFACE('',#7076,0.0999999999999995,0.03);
#196=TOROIDAL_SURFACE('',#7081,0.0999999999999995,0.03);
#197=TOROIDAL_SURFACE('',#7086,0.0999999999999995,0.03);
#198=TOROIDAL_SURFACE('',#7091,0.0999999999999995,0.0299999999999999);
#199=TOROIDAL_SURFACE('',#7096,0.0999999999999995,0.03);
#200=TOROIDAL_SURFACE('',#7101,0.0999999999999995,0.0299999999999999);
#201=ITEM_DEFINED_TRANSFORMATION($,$,#6790,#6823);
#202=ITEM_DEFINED_TRANSFORMATION($,$,#6826,#7472);
#203=ITEM_DEFINED_TRANSFORMATION($,$,#7474,#7530);
#204=ITEM_DEFINED_TRANSFORMATION($,$,#7532,#7539);
#205=ITEM_DEFINED_TRANSFORMATION($,$,#6825,#7607);
#206=ITEM_DEFINED_TRANSFORMATION($,$,#7473,#7608);
#207=ITEM_DEFINED_TRANSFORMATION($,$,#7531,#7609);
#208=ITEM_DEFINED_TRANSFORMATION($,$,#7540,#7610);
#209=ITEM_DEFINED_TRANSFORMATION($,$,#7579,#7611);
#210=ITEM_DEFINED_TRANSFORMATION($,$,#6789,#7612);
#211=ITEM_DEFINED_TRANSFORMATION($,$,#6824,#7613);
#212=ITEM_DEFINED_TRANSFORMATION($,$,#6788,#7626);
#213=(
REPRESENTATION_RELATIONSHIP($,$,#12068,#12067)
REPRESENTATION_RELATIONSHIP_WITH_TRANSFORMATION(#201)
SHAPE_REPRESENTATION_RELATIONSHIP()
);
#214=(
REPRESENTATION_RELATIONSHIP($,$,#12071,#12070)
REPRESENTATION_RELATIONSHIP_WITH_TRANSFORMATION(#202)
SHAPE_REPRESENTATION_RELATIONSHIP()
);
#215=(
REPRESENTATION_RELATIONSHIP($,$,#12073,#12072)
REPRESENTATION_RELATIONSHIP_WITH_TRANSFORMATION(#203)
SHAPE_REPRESENTATION_RELATIONSHIP()
);
#216=(
REPRESENTATION_RELATIONSHIP($,$,#12075,#12074)
REPRESENTATION_RELATIONSHIP_WITH_TRANSFORMATION(#204)
SHAPE_REPRESENTATION_RELATIONSHIP()
);
#217=(
REPRESENTATION_RELATIONSHIP($,$,#12070,#12069)
REPRESENTATION_RELATIONSHIP_WITH_TRANSFORMATION(#205)
SHAPE_REPRESENTATION_RELATIONSHIP()
);
#218=(
REPRESENTATION_RELATIONSHIP($,$,#12072,#12069)
REPRESENTATION_RELATIONSHIP_WITH_TRANSFORMATION(#206)
SHAPE_REPRESENTATION_RELATIONSHIP()
);
#219=(
REPRESENTATION_RELATIONSHIP($,$,#12074,#12069)
REPRESENTATION_RELATIONSHIP_WITH_TRANSFORMATION(#207)
SHAPE_REPRESENTATION_RELATIONSHIP()
);
#220=(
REPRESENTATION_RELATIONSHIP($,$,#12076,#12069)
REPRESENTATION_RELATIONSHIP_WITH_TRANSFORMATION(#208)
SHAPE_REPRESENTATION_RELATIONSHIP()
);
#221=(
REPRESENTATION_RELATIONSHIP($,$,#12077,#12069)
REPRESENTATION_RELATIONSHIP_WITH_TRANSFORMATION(#209)
SHAPE_REPRESENTATION_RELATIONSHIP()
);
#222=(
REPRESENTATION_RELATIONSHIP($,$,#12067,#12066)
REPRESENTATION_RELATIONSHIP_WITH_TRANSFORMATION(#210)
SHAPE_REPRESENTATION_RELATIONSHIP()
);
#223=(
REPRESENTATION_RELATIONSHIP($,$,#12069,#12066)
REPRESENTATION_RELATIONSHIP_WITH_TRANSFORMATION(#211)
SHAPE_REPRESENTATION_RELATIONSHIP()
);
#224=(
REPRESENTATION_RELATIONSHIP($,$,#12066,#12065)
REPRESENTATION_RELATIONSHIP_WITH_TRANSFORMATION(#212)
SHAPE_REPRESENTATION_RELATIONSHIP()
);
#225=CONTEXT_DEPENDENT_SHAPE_REPRESENTATION(#213,#12044);
#226=CONTEXT_DEPENDENT_SHAPE_REPRESENTATION(#214,#12048);
#227=CONTEXT_DEPENDENT_SHAPE_REPRESENTATION(#215,#12051);
#228=CONTEXT_DEPENDENT_SHAPE_REPRESENTATION(#216,#12054);
#229=CONTEXT_DEPENDENT_SHAPE_REPRESENTATION(#217,#12057);
#230=CONTEXT_DEPENDENT_SHAPE_REPRESENTATION(#218,#12058);
#231=CONTEXT_DEPENDENT_SHAPE_REPRESENTATION(#219,#12059);
#232=CONTEXT_DEPENDENT_SHAPE_REPRESENTATION(#220,#12060);
#233=CONTEXT_DEPENDENT_SHAPE_REPRESENTATION(#221,#12061);
#234=CONTEXT_DEPENDENT_SHAPE_REPRESENTATION(#222,#12062);
#235=CONTEXT_DEPENDENT_SHAPE_REPRESENTATION(#223,#12063);
#236=CONTEXT_DEPENDENT_SHAPE_REPRESENTATION(#224,#12064);
#237=NEXT_ASSEMBLY_USAGE_OCCURRENCE('Component8:1','Component8:1',
'Component8:1',#12081,#12082,'Component8:1');
#238=NEXT_ASSEMBLY_USAGE_OCCURRENCE('Component9:1','Component9:1',
'Component9:1',#12084,#12085,'Component9:1');
#239=NEXT_ASSEMBLY_USAGE_OCCURRENCE('Component10:1','Component10:1',
'Component10:1',#12086,#12087,'Component10:1');
#240=NEXT_ASSEMBLY_USAGE_OCCURRENCE('Component11:1','Component11:1',
'Component11:1',#12088,#12089,'Component11:1');
#241=NEXT_ASSEMBLY_USAGE_OCCURRENCE('OVA5647_Standard:1',
'OVA5647_Standard:1','OVA5647_Standard:1',#12083,#12084,
'OVA5647_Standard:1');
#242=NEXT_ASSEMBLY_USAGE_OCCURRENCE('OVA5647_Housing_Standard:1',
'OVA5647_Housing_Standard:1','OVA5647_Housing_Standard:1',#12083,#12086,
'OVA5647_Housing_Standard:1');
#243=NEXT_ASSEMBLY_USAGE_OCCURRENCE('OVA5647_IR-Glas_Standard:1',
'OVA5647_IR-Glas_Standard:1','OVA5647_IR-Glas_Standard:1',#12083,#12088,
'OVA5647_IR-Glas_Standard:1');
#244=NEXT_ASSEMBLY_USAGE_OCCURRENCE('OVA5647_Lens_FOV:1',
'OVA5647_Lens_FOV:1','OVA5647_Lens_FOV:1',#12083,#12090,
'OVA5647_Lens_FOV:1');
#245=NEXT_ASSEMBLY_USAGE_OCCURRENCE('OVA5647_Pigtail_Standard:1',
'OVA5647_Pigtail_Standard:1','OVA5647_Pigtail_Standard:1',#12083,#12091,
'OVA5647_Pigtail_Standard:1');
#246=NEXT_ASSEMBLY_USAGE_OCCURRENCE('RasPi_Camera_Board_Standard:1',
'RasPi_Camera_Board_Standard:1','RasPi_Camera_Board_Standard:1',#12080,
#12081,'RasPi_Camera_Board_Standard:1');
#247=NEXT_ASSEMBLY_USAGE_OCCURRENCE('OVA5647_FOV:1','OVA5647_FOV:1',
'OVA5647_FOV:1',#12080,#12083,'OVA5647_FOV:1');
#248=NEXT_ASSEMBLY_USAGE_OCCURRENCE('RasPi_Camera v2:1',
'RasPi_Camera v2:1','RasPi_Camera v2:1',#12079,#12080,
'RasPi_Camera v2:1');
#249=SHAPE_REPRESENTATION_RELATIONSHIP('SRR','None',#12068,#256);
#250=SHAPE_REPRESENTATION_RELATIONSHIP('SRR','None',#12071,#257);
#251=SHAPE_REPRESENTATION_RELATIONSHIP('SRR','None',#12073,#258);
#252=SHAPE_REPRESENTATION_RELATIONSHIP('SRR','None',#12075,#259);
#253=SHAPE_REPRESENTATION_RELATIONSHIP('SRR','None',#12076,#260);
#254=SHAPE_REPRESENTATION_RELATIONSHIP('SRR','None',#12077,#261);
#255=SHAPE_REPRESENTATION_RELATIONSHIP('SRR','None',#12065,#262);
#256=ADVANCED_BREP_SHAPE_REPRESENTATION('',(#263),#12012);
#257=ADVANCED_BREP_SHAPE_REPRESENTATION('',(#264),#12015);
#258=ADVANCED_BREP_SHAPE_REPRESENTATION('',(#265),#12017);
#259=ADVANCED_BREP_SHAPE_REPRESENTATION('',(#266),#12019);
#260=ADVANCED_BREP_SHAPE_REPRESENTATION('',(#267),#12020);
#261=ADVANCED_BREP_SHAPE_REPRESENTATION('',(#268,#269),#12021);
#262=ADVANCED_BREP_SHAPE_REPRESENTATION('',(#270),#12009);
#263=MANIFOLD_SOLID_BREP('Body1',#6712);
#264=MANIFOLD_SOLID_BREP('Body1',#6713);
#265=MANIFOLD_SOLID_BREP('Body1',#6714);
#266=MANIFOLD_SOLID_BREP('Body1',#6715);
#267=MANIFOLD_SOLID_BREP('Body1',#6716);
#268=MANIFOLD_SOLID_BREP('Body1',#6717);
#269=MANIFOLD_SOLID_BREP('Body2',#6718);
#270=MANIFOLD_SOLID_BREP('Body1',#6719);
#271=FACE_BOUND('',#991,.T.);
#272=FACE_BOUND('',#992,.T.);
#273=FACE_BOUND('',#993,.T.);
#274=FACE_BOUND('',#994,.T.);
#275=FACE_BOUND('',#995,.T.);
#276=FACE_BOUND('',#997,.T.);
#277=FACE_BOUND('',#998,.T.);
#278=FACE_BOUND('',#999,.T.);
#279=FACE_BOUND('',#1000,.T.);
#280=FACE_BOUND('',#1005,.T.);
#281=FACE_BOUND('',#1145,.T.);
#282=FACE_BOUND('',#1146,.T.);
#283=FACE_BOUND('',#1147,.T.);
#284=FACE_BOUND('',#1148,.T.);
#285=FACE_BOUND('',#1149,.T.);
#286=FACE_BOUND('',#1150,.T.);
#287=FACE_BOUND('',#1151,.T.);
#288=FACE_BOUND('',#1152,.T.);
#289=FACE_BOUND('',#1153,.T.);
#290=FACE_BOUND('',#1154,.T.);
#291=FACE_BOUND('',#1155,.T.);
#292=FACE_BOUND('',#1156,.T.);
#293=FACE_BOUND('',#1157,.T.);
#294=FACE_BOUND('',#1158,.T.);
#295=FACE_BOUND('',#1159,.T.);
#296=FACE_BOUND('',#1160,.T.);
#297=FACE_BOUND('',#1161,.T.);
#298=FACE_BOUND('',#1162,.T.);
#299=FACE_BOUND('',#1163,.T.);
#300=FACE_BOUND('',#1164,.T.);
#301=FACE_BOUND('',#1165,.T.);
#302=FACE_BOUND('',#1166,.T.);
#303=FACE_BOUND('',#1167,.T.);
#304=FACE_BOUND('',#1168,.T.);
#305=FACE_BOUND('',#1169,.T.);
#306=FACE_BOUND('',#1170,.T.);
#307=FACE_BOUND('',#1171,.T.);
#308=FACE_BOUND('',#1172,.T.);
#309=FACE_BOUND('',#1173,.T.);
#310=FACE_BOUND('',#1174,.T.);
#311=FACE_BOUND('',#1175,.T.);
#312=FACE_BOUND('',#1176,.T.);
#313=FACE_BOUND('',#1177,.T.);
#314=FACE_BOUND('',#1178,.T.);
#315=FACE_BOUND('',#1179,.T.);
#316=FACE_BOUND('',#1180,.T.);
#317=FACE_BOUND('',#1181,.T.);
#318=FACE_BOUND('',#1182,.T.);
#319=FACE_BOUND('',#1183,.T.);
#320=FACE_BOUND('',#1184,.T.);
#321=FACE_BOUND('',#1185,.T.);
#322=FACE_BOUND('',#1186,.T.);
#323=FACE_BOUND('',#1187,.T.);
#324=FACE_BOUND('',#1188,.T.);
#325=FACE_BOUND('',#1189,.T.);
#326=FACE_BOUND('',#1190,.T.);
#327=FACE_BOUND('',#1191,.T.);
#328=FACE_BOUND('',#1192,.T.);
#329=FACE_BOUND('',#1193,.T.);
#330=FACE_BOUND('',#1194,.T.);
#331=FACE_BOUND('',#1195,.T.);
#332=FACE_BOUND('',#1196,.T.);
#333=FACE_BOUND('',#1197,.T.);
#334=FACE_BOUND('',#1198,.T.);
#335=FACE_BOUND('',#1199,.T.);
#336=FACE_BOUND('',#1200,.T.);
#337=FACE_BOUND('',#1201,.T.);
#338=FACE_BOUND('',#1202,.T.);
#339=FACE_BOUND('',#1203,.T.);
#340=FACE_BOUND('',#1204,.T.);
#341=FACE_BOUND('',#1205,.T.);
#342=FACE_BOUND('',#1206,.T.);
#343=FACE_BOUND('',#1207,.T.);
#344=FACE_BOUND('',#1208,.T.);
#345=FACE_BOUND('',#1209,.T.);
#346=FACE_BOUND('',#1210,.T.);
#347=FACE_BOUND('',#1211,.T.);
#348=FACE_BOUND('',#1212,.T.);
#349=FACE_BOUND('',#1213,.T.);
#350=FACE_BOUND('',#1214,.T.);
#351=FACE_BOUND('',#1216,.T.);
#352=FACE_BOUND('',#1217,.T.);
#353=FACE_BOUND('',#1218,.T.);
#354=FACE_BOUND('',#1219,.T.);
#355=FACE_BOUND('',#1220,.T.);
#356=FACE_BOUND('',#1221,.T.);
#357=FACE_BOUND('',#1222,.T.);
#358=FACE_BOUND('',#1223,.T.);
#359=FACE_BOUND('',#1224,.T.);
#360=FACE_BOUND('',#1225,.T.);
#361=FACE_BOUND('',#1226,.T.);
#362=FACE_BOUND('',#1227,.T.);
#363=FACE_BOUND('',#1228,.T.);
#364=FACE_BOUND('',#1229,.T.);
#365=FACE_BOUND('',#1230,.T.);
#366=FACE_BOUND('',#1231,.T.);
#367=FACE_BOUND('',#1232,.T.);
#368=FACE_BOUND('',#1233,.T.);
#369=FACE_BOUND('',#1234,.T.);
#370=FACE_BOUND('',#1235,.T.);
#371=FACE_BOUND('',#1236,.T.);
#372=FACE_BOUND('',#1237,.T.);
#373=FACE_BOUND('',#1238,.T.);
#374=FACE_BOUND('',#1239,.T.);
#375=FACE_BOUND('',#1240,.T.);
#376=FACE_BOUND('',#1241,.T.);
#377=FACE_BOUND('',#1242,.T.);
#378=FACE_BOUND('',#1243,.T.);
#379=FACE_BOUND('',#1244,.T.);
#380=FACE_BOUND('',#1245,.T.);
#381=FACE_BOUND('',#1246,.T.);
#382=FACE_BOUND('',#1247,.T.);
#383=FACE_BOUND('',#1248,.T.);
#384=FACE_BOUND('',#1249,.T.);
#385=FACE_BOUND('',#1250,.T.);
#386=FACE_BOUND('',#1251,.T.);
#387=FACE_BOUND('',#1252,.T.);
#388=FACE_BOUND('',#1253,.T.);
#389=FACE_BOUND('',#1254,.T.);
#390=FACE_BOUND('',#1255,.T.);
#391=FACE_BOUND('',#1256,.T.);
#392=FACE_BOUND('',#1257,.T.);
#393=FACE_BOUND('',#1258,.T.);
#394=FACE_BOUND('',#1259,.T.);
#395=FACE_BOUND('',#1260,.T.);
#396=FACE_BOUND('',#1261,.T.);
#397=FACE_BOUND('',#1262,.T.);
#398=FACE_BOUND('',#1263,.T.);
#399=FACE_BOUND('',#1264,.T.);
#400=FACE_BOUND('',#1265,.T.);
#401=FACE_BOUND('',#1266,.T.);
#402=FACE_BOUND('',#1267,.T.);
#403=FACE_BOUND('',#1268,.T.);
#404=FACE_BOUND('',#1269,.T.);
#405=FACE_BOUND('',#1270,.T.);
#406=FACE_BOUND('',#1271,.T.);
#407=FACE_BOUND('',#1272,.T.);
#408=FACE_BOUND('',#1273,.T.);
#409=FACE_BOUND('',#1274,.T.);
#410=FACE_BOUND('',#1275,.T.);
#411=FACE_BOUND('',#1276,.T.);
#412=FACE_BOUND('',#1277,.T.);
#413=FACE_BOUND('',#1278,.T.);
#414=FACE_BOUND('',#1279,.T.);
#415=FACE_BOUND('',#1409,.T.);
#416=FACE_BOUND('',#1411,.T.);
#417=FACE_BOUND('',#1421,.T.);
#418=FACE_BOUND('',#1429,.T.);
#419=FACE_BOUND('',#1431,.T.);
#420=FACE_BOUND('',#1441,.T.);
#421=FACE_BOUND('',#1456,.T.);
#422=FACE_BOUND('',#1458,.T.);
#423=FACE_BOUND('',#1460,.T.);
#424=FACE_BOUND('',#1462,.T.);
#425=FACE_BOUND('',#1488,.T.);
#426=FACE_BOUND('',#1501,.T.);
#427=PLANE('',#6803);
#428=PLANE('',#6804);
#429=PLANE('',#6805);
#430=PLANE('',#6806);
#431=PLANE('',#6807);
#432=PLANE('',#6808);
#433=PLANE('',#6809);
#434=PLANE('',#6810);
#435=PLANE('',#6811);
#436=PLANE('',#6812);
#437=PLANE('',#6813);
#438=PLANE('',#6814);
#439=PLANE('',#6815);
#440=PLANE('',#6816);
#441=PLANE('',#6817);
#442=PLANE('',#6818);
#443=PLANE('',#6819);
#444=PLANE('',#6820);
#445=PLANE('',#6821);
#446=PLANE('',#6822);
#447=PLANE('',#7354);
#448=PLANE('',#7355);
#449=PLANE('',#7356);
#450=PLANE('',#7357);
#451=PLANE('',#7358);
#452=PLANE('',#7359);
#453=PLANE('',#7360);
#454=PLANE('',#7361);
#455=PLANE('',#7362);
#456=PLANE('',#7363);
#457=PLANE('',#7364);
#458=PLANE('',#7365);
#459=PLANE('',#7366);
#460=PLANE('',#7367);
#461=PLANE('',#7368);
#462=PLANE('',#7369);
#463=PLANE('',#7370);
#464=PLANE('',#7371);
#465=PLANE('',#7372);
#466=PLANE('',#7373);
#467=PLANE('',#7374);
#468=PLANE('',#7375);
#469=PLANE('',#7376);
#470=PLANE('',#7377);
#471=PLANE('',#7378);
#472=PLANE('',#7379);
#473=PLANE('',#7380);
#474=PLANE('',#7381);
#475=PLANE('',#7382);
#476=PLANE('',#7383);
#477=PLANE('',#7384);
#478=PLANE('',#7385);
#479=PLANE('',#7386);
#480=PLANE('',#7387);
#481=PLANE('',#7388);
#482=PLANE('',#7389);
#483=PLANE('',#7390);
#484=PLANE('',#7391);
#485=PLANE('',#7392);
#486=PLANE('',#7393);
#487=PLANE('',#7394);
#488=PLANE('',#7395);
#489=PLANE('',#7396);
#490=PLANE('',#7397);
#491=PLANE('',#7398);
#492=PLANE('',#7399);
#493=PLANE('',#7400);
#494=PLANE('',#7401);
#495=PLANE('',#7402);
#496=PLANE('',#7403);
#497=PLANE('',#7404);
#498=PLANE('',#7405);
#499=PLANE('',#7406);
#500=PLANE('',#7407);
#501=PLANE('',#7408);
#502=PLANE('',#7409);
#503=PLANE('',#7410);
#504=PLANE('',#7411);
#505=PLANE('',#7412);
#506=PLANE('',#7413);
#507=PLANE('',#7414);
#508=PLANE('',#7415);
#509=PLANE('',#7416);
#510=PLANE('',#7417);
#511=PLANE('',#7418);
#512=PLANE('',#7419);
#513=PLANE('',#7420);
#514=PLANE('',#7421);
#515=PLANE('',#7422);
#516=PLANE('',#7423);
#517=PLANE('',#7424);
#518=PLANE('',#7425);
#519=PLANE('',#7426);
#520=PLANE('',#7427);
#521=PLANE('',#7428);
#522=PLANE('',#7429);
#523=PLANE('',#7430);
#524=PLANE('',#7431);
#525=PLANE('',#7432);
#526=PLANE('',#7433);
#527=PLANE('',#7434);
#528=PLANE('',#7435);
#529=PLANE('',#7436);
#530=PLANE('',#7437);
#531=PLANE('',#7438);
#532=PLANE('',#7439);
#533=PLANE('',#7440);
#534=PLANE('',#7441);
#535=PLANE('',#7442);
#536=PLANE('',#7443);
#537=PLANE('',#7444);
#538=PLANE('',#7445);
#539=PLANE('',#7446);
#540=PLANE('',#7447);
#541=PLANE('',#7448);
#542=PLANE('',#7449);
#543=PLANE('',#7450);
#544=PLANE('',#7451);
#545=PLANE('',#7452);
#546=PLANE('',#7453);
#547=PLANE('',#7454);
#548=PLANE('',#7455);
#549=PLANE('',#7456);
#550=PLANE('',#7457);
#551=PLANE('',#7458);
#552=PLANE('',#7459);
#553=PLANE('',#7460);
#554=PLANE('',#7461);
#555=PLANE('',#7462);
#556=PLANE('',#7463);
#557=PLANE('',#7464);
#558=PLANE('',#7465);
#559=PLANE('',#7466);
#560=PLANE('',#7467);
#561=PLANE('',#7468);
#562=PLANE('',#7469);
#563=PLANE('',#7470);
#564=PLANE('',#7471);
#565=PLANE('',#7490);
#566=PLANE('',#7491);
#567=PLANE('',#7492);
#568=PLANE('',#7493);
#569=PLANE('',#7494);
#570=PLANE('',#7495);
#571=PLANE('',#7496);
#572=PLANE('',#7497);
#573=PLANE('',#7498);
#574=PLANE('',#7499);
#575=PLANE('',#7500);
#576=PLANE('',#7503);
#577=PLANE('',#7504);
#578=PLANE('',#7507);
#579=PLANE('',#7510);
#580=PLANE('',#7511);
#581=PLANE('',#7516);
#582=PLANE('',#7522);
#583=PLANE('',#7524);
#584=PLANE('',#7526);
#585=PLANE('',#7528);
#586=PLANE('',#7529);
#587=PLANE('',#7533);
#588=PLANE('',#7534);
#589=PLANE('',#7535);
#590=PLANE('',#7536);
#591=PLANE('',#7537);
#592=PLANE('',#7538);
#593=PLANE('',#7563);
#594=PLANE('',#7567);
#595=PLANE('',#7568);
#596=PLANE('',#7569);
#597=PLANE('',#7571);
#598=PLANE('',#7572);
#599=PLANE('',#7574);
#600=PLANE('',#7575);
#601=PLANE('',#7577);
#602=PLANE('',#7578);
#603=PLANE('',#7580);
#604=PLANE('',#7581);
#605=PLANE('',#7582);
#606=PLANE('',#7583);
#607=PLANE('',#7587);
#608=PLANE('',#7591);
#609=PLANE('',#7595);
#610=PLANE('',#7599);
#611=PLANE('',#7600);
#612=PLANE('',#7601);
#613=PLANE('',#7602);
#614=PLANE('',#7603);
#615=PLANE('',#7604);
#616=PLANE('',#7605);
#617=PLANE('',#7606);
#618=PLANE('',#7614);
#619=PLANE('',#7616);
#620=PLANE('',#7617);
#621=PLANE('',#7619);
#622=PLANE('',#7621);
#623=PLANE('',#7622);
#624=PLANE('',#7625);
#625=FACE_OUTER_BOUND('',#986,.T.);
#626=FACE_OUTER_BOUND('',#987,.T.);
#627=FACE_OUTER_BOUND('',#988,.T.);
#628=FACE_OUTER_BOUND('',#989,.T.);
#629=FACE_OUTER_BOUND('',#990,.T.);
#630=FACE_OUTER_BOUND('',#996,.T.);
#631=FACE_OUTER_BOUND('',#1001,.T.);
#632=FACE_OUTER_BOUND('',#1002,.T.);
#633=FACE_OUTER_BOUND('',#1003,.T.);
#634=FACE_OUTER_BOUND('',#1004,.T.);
#635=FACE_OUTER_BOUND('',#1006,.T.);
#636=FACE_OUTER_BOUND('',#1007,.T.);
#637=FACE_OUTER_BOUND('',#1008,.T.);
#638=FACE_OUTER_BOUND('',#1009,.T.);
#639=FACE_OUTER_BOUND('',#1010,.T.);
#640=FACE_OUTER_BOUND('',#1011,.T.);
#641=FACE_OUTER_BOUND('',#1012,.T.);
#642=FACE_OUTER_BOUND('',#1013,.T.);
#643=FACE_OUTER_BOUND('',#1014,.T.);
#644=FACE_OUTER_BOUND('',#1015,.T.);
#645=FACE_OUTER_BOUND('',#1016,.T.);
#646=FACE_OUTER_BOUND('',#1017,.T.);
#647=FACE_OUTER_BOUND('',#1018,.T.);
#648=FACE_OUTER_BOUND('',#1019,.T.);
#649=FACE_OUTER_BOUND('',#1020,.T.);
#650=FACE_OUTER_BOUND('',#1021,.T.);
#651=FACE_OUTER_BOUND('',#1022,.T.);
#652=FACE_OUTER_BOUND('',#1023,.T.);
#653=FACE_OUTER_BOUND('',#1024,.T.);
#654=FACE_OUTER_BOUND('',#1025,.T.);
#655=FACE_OUTER_BOUND('',#1026,.T.);
#656=FACE_OUTER_BOUND('',#1027,.T.);
#657=FACE_OUTER_BOUND('',#1028,.T.);
#658=FACE_OUTER_BOUND('',#1029,.T.);
#659=FACE_OUTER_BOUND('',#1030,.T.);
#660=FACE_OUTER_BOUND('',#1031,.T.);
#661=FACE_OUTER_BOUND('',#1032,.T.);
#662=FACE_OUTER_BOUND('',#1033,.T.);
#663=FACE_OUTER_BOUND('',#1034,.T.);
#664=FACE_OUTER_BOUND('',#1035,.T.);
#665=FACE_OUTER_BOUND('',#1036,.T.);
#666=FACE_OUTER_BOUND('',#1037,.T.);
#667=FACE_OUTER_BOUND('',#1038,.T.);
#668=FACE_OUTER_BOUND('',#1039,.T.);
#669=FACE_OUTER_BOUND('',#1040,.T.);
#670=FACE_OUTER_BOUND('',#1041,.T.);
#671=FACE_OUTER_BOUND('',#1042,.T.);
#672=FACE_OUTER_BOUND('',#1043,.T.);
#673=FACE_OUTER_BOUND('',#1044,.T.);
#674=FACE_OUTER_BOUND('',#1045,.T.);
#675=FACE_OUTER_BOUND('',#1046,.T.);
#676=FACE_OUTER_BOUND('',#1047,.T.);
#677=FACE_OUTER_BOUND('',#1048,.T.);
#678=FACE_OUTER_BOUND('',#1049,.T.);
#679=FACE_OUTER_BOUND('',#1050,.T.);
#680=FACE_OUTER_BOUND('',#1051,.T.);
#681=FACE_OUTER_BOUND('',#1052,.T.);
#682=FACE_OUTER_BOUND('',#1053,.T.);
#683=FACE_OUTER_BOUND('',#1054,.T.);
#684=FACE_OUTER_BOUND('',#1055,.T.);
#685=FACE_OUTER_BOUND('',#1056,.T.);
#686=FACE_OUTER_BOUND('',#1057,.T.);
#687=FACE_OUTER_BOUND('',#1058,.T.);
#688=FACE_OUTER_BOUND('',#1059,.T.);
#689=FACE_OUTER_BOUND('',#1060,.T.);
#690=FACE_OUTER_BOUND('',#1061,.T.);
#691=FACE_OUTER_BOUND('',#1062,.T.);
#692=FACE_OUTER_BOUND('',#1063,.T.);
#693=FACE_OUTER_BOUND('',#1064,.T.);
#694=FACE_OUTER_BOUND('',#1065,.T.);
#695=FACE_OUTER_BOUND('',#1066,.T.);
#696=FACE_OUTER_BOUND('',#1067,.T.);
#697=FACE_OUTER_BOUND('',#1068,.T.);
#698=FACE_OUTER_BOUND('',#1069,.T.);
#699=FACE_OUTER_BOUND('',#1070,.T.);
#700=FACE_OUTER_BOUND('',#1071,.T.);
#701=FACE_OUTER_BOUND('',#1072,.T.);
#702=FACE_OUTER_BOUND('',#1073,.T.);
#703=FACE_OUTER_BOUND('',#1074,.T.);
#704=FACE_OUTER_BOUND('',#1075,.T.);
#705=FACE_OUTER_BOUND('',#1076,.T.);
#706=FACE_OUTER_BOUND('',#1077,.T.);
#707=FACE_OUTER_BOUND('',#1078,.T.);
#708=FACE_OUTER_BOUND('',#1079,.T.);
#709=FACE_OUTER_BOUND('',#1080,.T.);
#710=FACE_OUTER_BOUND('',#1081,.T.);
#711=FACE_OUTER_BOUND('',#1082,.T.);
#712=FACE_OUTER_BOUND('',#1083,.T.);
#713=FACE_OUTER_BOUND('',#1084,.T.);
#714=FACE_OUTER_BOUND('',#1085,.T.);
#715=FACE_OUTER_BOUND('',#1086,.T.);
#716=FACE_OUTER_BOUND('',#1087,.T.);
#717=FACE_OUTER_BOUND('',#1088,.T.);
#718=FACE_OUTER_BOUND('',#1089,.T.);
#719=FACE_OUTER_BOUND('',#1090,.T.);
#720=FACE_OUTER_BOUND('',#1091,.T.);
#721=FACE_OUTER_BOUND('',#1092,.T.);
#722=FACE_OUTER_BOUND('',#1093,.T.);
#723=FACE_OUTER_BOUND('',#1094,.T.);
#724=FACE_OUTER_BOUND('',#1095,.T.);
#725=FACE_OUTER_BOUND('',#1096,.T.);
#726=FACE_OUTER_BOUND('',#1097,.T.);
#727=FACE_OUTER_BOUND('',#1098,.T.);
#728=FACE_OUTER_BOUND('',#1099,.T.);
#729=FACE_OUTER_BOUND('',#1100,.T.);
#730=FACE_OUTER_BOUND('',#1101,.T.);
#731=FACE_OUTER_BOUND('',#1102,.T.);
#732=FACE_OUTER_BOUND('',#1103,.T.);
#733=FACE_OUTER_BOUND('',#1104,.T.);
#734=FACE_OUTER_BOUND('',#1105,.T.);
#735=FACE_OUTER_BOUND('',#1106,.T.);
#736=FACE_OUTER_BOUND('',#1107,.T.);
#737=FACE_OUTER_BOUND('',#1108,.T.);
#738=FACE_OUTER_BOUND('',#1109,.T.);
#739=FACE_OUTER_BOUND('',#1110,.T.);
#740=FACE_OUTER_BOUND('',#1111,.T.);
#741=FACE_OUTER_BOUND('',#1112,.T.);
#742=FACE_OUTER_BOUND('',#1113,.T.);
#743=FACE_OUTER_BOUND('',#1114,.T.);
#744=FACE_OUTER_BOUND('',#1115,.T.);
#745=FACE_OUTER_BOUND('',#1116,.T.);
#746=FACE_OUTER_BOUND('',#1117,.T.);
#747=FACE_OUTER_BOUND('',#1118,.T.);
#748=FACE_OUTER_BOUND('',#1119,.T.);
#749=FACE_OUTER_BOUND('',#1120,.T.);
#750=FACE_OUTER_BOUND('',#1121,.T.);
#751=FACE_OUTER_BOUND('',#1122,.T.);
#752=FACE_OUTER_BOUND('',#1123,.T.);
#753=FACE_OUTER_BOUND('',#1124,.T.);
#754=FACE_OUTER_BOUND('',#1125,.T.);
#755=FACE_OUTER_BOUND('',#1126,.T.);
#756=FACE_OUTER_BOUND('',#1127,.T.);
#757=FACE_OUTER_BOUND('',#1128,.T.);
#758=FACE_OUTER_BOUND('',#1129,.T.);
#759=FACE_OUTER_BOUND('',#1130,.T.);
#760=FACE_OUTER_BOUND('',#1131,.T.);
#761=FACE_OUTER_BOUND('',#1132,.T.);
#762=FACE_OUTER_BOUND('',#1133,.T.);
#763=FACE_OUTER_BOUND('',#1134,.T.);
#764=FACE_OUTER_BOUND('',#1135,.T.);
#765=FACE_OUTER_BOUND('',#1136,.T.);
#766=FACE_OUTER_BOUND('',#1137,.T.);
#767=FACE_OUTER_BOUND('',#1138,.T.);
#768=FACE_OUTER_BOUND('',#1139,.T.);
#769=FACE_OUTER_BOUND('',#1140,.T.);
#770=FACE_OUTER_BOUND('',#1141,.T.);
#771=FACE_OUTER_BOUND('',#1142,.T.);
#772=FACE_OUTER_BOUND('',#1143,.T.);
#773=FACE_OUTER_BOUND('',#1144,.T.);
#774=FACE_OUTER_BOUND('',#1215,.T.);
#775=FACE_OUTER_BOUND('',#1280,.T.);
#776=FACE_OUTER_BOUND('',#1281,.T.);
#777=FACE_OUTER_BOUND('',#1282,.T.);
#778=FACE_OUTER_BOUND('',#1283,.T.);
#779=FACE_OUTER_BOUND('',#1284,.T.);
#780=FACE_OUTER_BOUND('',#1285,.T.);
#781=FACE_OUTER_BOUND('',#1286,.T.);
#782=FACE_OUTER_BOUND('',#1287,.T.);
#783=FACE_OUTER_BOUND('',#1288,.T.);
#784=FACE_OUTER_BOUND('',#1289,.T.);
#785=FACE_OUTER_BOUND('',#1290,.T.);
#786=FACE_OUTER_BOUND('',#1291,.T.);
#787=FACE_OUTER_BOUND('',#1292,.T.);
#788=FACE_OUTER_BOUND('',#1293,.T.);
#789=FACE_OUTER_BOUND('',#1294,.T.);
#790=FACE_OUTER_BOUND('',#1295,.T.);
#791=FACE_OUTER_BOUND('',#1296,.T.);
#792=FACE_OUTER_BOUND('',#1297,.T.);
#793=FACE_OUTER_BOUND('',#1298,.T.);
#794=FACE_OUTER_BOUND('',#1299,.T.);
#795=FACE_OUTER_BOUND('',#1300,.T.);
#796=FACE_OUTER_BOUND('',#1301,.T.);
#797=FACE_OUTER_BOUND('',#1302,.T.);
#798=FACE_OUTER_BOUND('',#1303,.T.);
#799=FACE_OUTER_BOUND('',#1304,.T.);
#800=FACE_OUTER_BOUND('',#1305,.T.);
#801=FACE_OUTER_BOUND('',#1306,.T.);
#802=FACE_OUTER_BOUND('',#1307,.T.);
#803=FACE_OUTER_BOUND('',#1308,.T.);
#804=FACE_OUTER_BOUND('',#1309,.T.);
#805=FACE_OUTER_BOUND('',#1310,.T.);
#806=FACE_OUTER_BOUND('',#1311,.T.);
#807=FACE_OUTER_BOUND('',#1312,.T.);
#808=FACE_OUTER_BOUND('',#1313,.T.);
#809=FACE_OUTER_BOUND('',#1314,.T.);
#810=FACE_OUTER_BOUND('',#1315,.T.);
#811=FACE_OUTER_BOUND('',#1316,.T.);
#812=FACE_OUTER_BOUND('',#1317,.T.);
#813=FACE_OUTER_BOUND('',#1318,.T.);
#814=FACE_OUTER_BOUND('',#1319,.T.);
#815=FACE_OUTER_BOUND('',#1320,.T.);
#816=FACE_OUTER_BOUND('',#1321,.T.);
#817=FACE_OUTER_BOUND('',#1322,.T.);
#818=FACE_OUTER_BOUND('',#1323,.T.);
#819=FACE_OUTER_BOUND('',#1324,.T.);
#820=FACE_OUTER_BOUND('',#1325,.T.);
#821=FACE_OUTER_BOUND('',#1326,.T.);
#822=FACE_OUTER_BOUND('',#1327,.T.);
#823=FACE_OUTER_BOUND('',#1328,.T.);
#824=FACE_OUTER_BOUND('',#1329,.T.);
#825=FACE_OUTER_BOUND('',#1330,.T.);
#826=FACE_OUTER_BOUND('',#1331,.T.);
#827=FACE_OUTER_BOUND('',#1332,.T.);
#828=FACE_OUTER_BOUND('',#1333,.T.);
#829=FACE_OUTER_BOUND('',#1334,.T.);
#830=FACE_OUTER_BOUND('',#1335,.T.);
#831=FACE_OUTER_BOUND('',#1336,.T.);
#832=FACE_OUTER_BOUND('',#1337,.T.);
#833=FACE_OUTER_BOUND('',#1338,.T.);
#834=FACE_OUTER_BOUND('',#1339,.T.);
#835=FACE_OUTER_BOUND('',#1340,.T.);
#836=FACE_OUTER_BOUND('',#1341,.T.);
#837=FACE_OUTER_BOUND('',#1342,.T.);
#838=FACE_OUTER_BOUND('',#1343,.T.);
#839=FACE_OUTER_BOUND('',#1344,.T.);
#840=FACE_OUTER_BOUND('',#1345,.T.);
#841=FACE_OUTER_BOUND('',#1346,.T.);
#842=FACE_OUTER_BOUND('',#1347,.T.);
#843=FACE_OUTER_BOUND('',#1348,.T.);
#844=FACE_OUTER_BOUND('',#1349,.T.);
#845=FACE_OUTER_BOUND('',#1350,.T.);
#846=FACE_OUTER_BOUND('',#1351,.T.);
#847=FACE_OUTER_BOUND('',#1352,.T.);
#848=FACE_OUTER_BOUND('',#1353,.T.);
#849=FACE_OUTER_BOUND('',#1354,.T.);
#850=FACE_OUTER_BOUND('',#1355,.T.);
#851=FACE_OUTER_BOUND('',#1356,.T.);
#852=FACE_OUTER_BOUND('',#1357,.T.);
#853=FACE_OUTER_BOUND('',#1358,.T.);
#854=FACE_OUTER_BOUND('',#1359,.T.);
#855=FACE_OUTER_BOUND('',#1360,.T.);
#856=FACE_OUTER_BOUND('',#1361,.T.);
#857=FACE_OUTER_BOUND('',#1362,.T.);
#858=FACE_OUTER_BOUND('',#1363,.T.);
#859=FACE_OUTER_BOUND('',#1364,.T.);
#860=FACE_OUTER_BOUND('',#1365,.T.);
#861=FACE_OUTER_BOUND('',#1366,.T.);
#862=FACE_OUTER_BOUND('',#1367,.T.);
#863=FACE_OUTER_BOUND('',#1368,.T.);
#864=FACE_OUTER_BOUND('',#1369,.T.);
#865=FACE_OUTER_BOUND('',#1370,.T.);
#866=FACE_OUTER_BOUND('',#1371,.T.);
#867=FACE_OUTER_BOUND('',#1372,.T.);
#868=FACE_OUTER_BOUND('',#1373,.T.);
#869=FACE_OUTER_BOUND('',#1374,.T.);
#870=FACE_OUTER_BOUND('',#1375,.T.);
#871=FACE_OUTER_BOUND('',#1376,.T.);
#872=FACE_OUTER_BOUND('',#1377,.T.);
#873=FACE_OUTER_BOUND('',#1378,.T.);
#874=FACE_OUTER_BOUND('',#1379,.T.);
#875=FACE_OUTER_BOUND('',#1380,.T.);
#876=FACE_OUTER_BOUND('',#1381,.T.);
#877=FACE_OUTER_BOUND('',#1382,.T.);
#878=FACE_OUTER_BOUND('',#1383,.T.);
#879=FACE_OUTER_BOUND('',#1384,.T.);
#880=FACE_OUTER_BOUND('',#1385,.T.);
#881=FACE_OUTER_BOUND('',#1386,.T.);
#882=FACE_OUTER_BOUND('',#1387,.T.);
#883=FACE_OUTER_BOUND('',#1388,.T.);
#884=FACE_OUTER_BOUND('',#1389,.T.);
#885=FACE_OUTER_BOUND('',#1390,.T.);
#886=FACE_OUTER_BOUND('',#1391,.T.);
#887=FACE_OUTER_BOUND('',#1392,.T.);
#888=FACE_OUTER_BOUND('',#1393,.T.);
#889=FACE_OUTER_BOUND('',#1394,.T.);
#890=FACE_OUTER_BOUND('',#1395,.T.);
#891=FACE_OUTER_BOUND('',#1396,.T.);
#892=FACE_OUTER_BOUND('',#1397,.T.);
#893=FACE_OUTER_BOUND('',#1398,.T.);
#894=FACE_OUTER_BOUND('',#1399,.T.);
#895=FACE_OUTER_BOUND('',#1400,.T.);
#896=FACE_OUTER_BOUND('',#1401,.T.);
#897=FACE_OUTER_BOUND('',#1402,.T.);
#898=FACE_OUTER_BOUND('',#1403,.T.);
#899=FACE_OUTER_BOUND('',#1404,.T.);
#900=FACE_OUTER_BOUND('',#1405,.T.);
#901=FACE_OUTER_BOUND('',#1406,.T.);
#902=FACE_OUTER_BOUND('',#1407,.T.);
#903=FACE_OUTER_BOUND('',#1408,.T.);
#904=FACE_OUTER_BOUND('',#1410,.T.);
#905=FACE_OUTER_BOUND('',#1412,.T.);
#906=FACE_OUTER_BOUND('',#1413,.T.);
#907=FACE_OUTER_BOUND('',#1414,.T.);
#908=FACE_OUTER_BOUND('',#1415,.T.);
#909=FACE_OUTER_BOUND('',#1416,.T.);
#910=FACE_OUTER_BOUND('',#1417,.T.);
#911=FACE_OUTER_BOUND('',#1418,.T.);
#912=FACE_OUTER_BOUND('',#1419,.T.);
#913=FACE_OUTER_BOUND('',#1420,.T.);
#914=FACE_OUTER_BOUND('',#1422,.T.);
#915=FACE_OUTER_BOUND('',#1423,.T.);
#916=FACE_OUTER_BOUND('',#1424,.T.);
#917=FACE_OUTER_BOUND('',#1425,.T.);
#918=FACE_OUTER_BOUND('',#1426,.T.);
#919=FACE_OUTER_BOUND('',#1427,.T.);
#920=FACE_OUTER_BOUND('',#1428,.T.);
#921=FACE_OUTER_BOUND('',#1430,.T.);
#922=FACE_OUTER_BOUND('',#1432,.T.);
#923=FACE_OUTER_BOUND('',#1433,.T.);
#924=FACE_OUTER_BOUND('',#1434,.T.);
#925=FACE_OUTER_BOUND('',#1435,.T.);
#926=FACE_OUTER_BOUND('',#1436,.T.);
#927=FACE_OUTER_BOUND('',#1437,.T.);
#928=FACE_OUTER_BOUND('',#1438,.T.);
#929=FACE_OUTER_BOUND('',#1439,.T.);
#930=FACE_OUTER_BOUND('',#1440,.T.);
#931=FACE_OUTER_BOUND('',#1442,.T.);
#932=FACE_OUTER_BOUND('',#1443,.T.);
#933=FACE_OUTER_BOUND('',#1444,.T.);
#934=FACE_OUTER_BOUND('',#1445,.T.);
#935=FACE_OUTER_BOUND('',#1446,.T.);
#936=FACE_OUTER_BOUND('',#1447,.T.);
#937=FACE_OUTER_BOUND('',#1448,.T.);
#938=FACE_OUTER_BOUND('',#1449,.T.);
#939=FACE_OUTER_BOUND('',#1450,.T.);
#940=FACE_OUTER_BOUND('',#1451,.T.);
#941=FACE_OUTER_BOUND('',#1452,.T.);
#942=FACE_OUTER_BOUND('',#1453,.T.);
#943=FACE_OUTER_BOUND('',#1454,.T.);
#944=FACE_OUTER_BOUND('',#1455,.T.);
#945=FACE_OUTER_BOUND('',#1457,.T.);
#946=FACE_OUTER_BOUND('',#1459,.T.);
#947=FACE_OUTER_BOUND('',#1461,.T.);
#948=FACE_OUTER_BOUND('',#1463,.T.);
#949=FACE_OUTER_BOUND('',#1464,.T.);
#950=FACE_OUTER_BOUND('',#1465,.T.);
#951=FACE_OUTER_BOUND('',#1466,.T.);
#952=FACE_OUTER_BOUND('',#1467,.T.);
#953=FACE_OUTER_BOUND('',#1468,.T.);
#954=FACE_OUTER_BOUND('',#1469,.T.);
#955=FACE_OUTER_BOUND('',#1470,.T.);
#956=FACE_OUTER_BOUND('',#1471,.T.);
#957=FACE_OUTER_BOUND('',#1472,.T.);
#958=FACE_OUTER_BOUND('',#1473,.T.);
#959=FACE_OUTER_BOUND('',#1474,.T.);
#960=FACE_OUTER_BOUND('',#1475,.T.);
#961=FACE_OUTER_BOUND('',#1476,.T.);
#962=FACE_OUTER_BOUND('',#1477,.T.);
#963=FACE_OUTER_BOUND('',#1478,.T.);
#964=FACE_OUTER_BOUND('',#1479,.T.);
#965=FACE_OUTER_BOUND('',#1480,.T.);
#966=FACE_OUTER_BOUND('',#1481,.T.);
#967=FACE_OUTER_BOUND('',#1482,.T.);
#968=FACE_OUTER_BOUND('',#1483,.T.);
#969=FACE_OUTER_BOUND('',#1484,.T.);
#970=FACE_OUTER_BOUND('',#1485,.T.);
#971=FACE_OUTER_BOUND('',#1486,.T.);
#972=FACE_OUTER_BOUND('',#1487,.T.);
#973=FACE_OUTER_BOUND('',#1489,.T.);
#974=FACE_OUTER_BOUND('',#1490,.T.);
#975=FACE_OUTER_BOUND('',#1491,.T.);
#976=FACE_OUTER_BOUND('',#1492,.T.);
#977=FACE_OUTER_BOUND('',#1493,.T.);
#978=FACE_OUTER_BOUND('',#1494,.T.);
#979=FACE_OUTER_BOUND('',#1495,.T.);
#980=FACE_OUTER_BOUND('',#1496,.T.);
#981=FACE_OUTER_BOUND('',#1497,.T.);
#982=FACE_OUTER_BOUND('',#1498,.T.);
#983=FACE_OUTER_BOUND('',#1499,.T.);
#984=FACE_OUTER_BOUND('',#1500,.T.);
#985=FACE_OUTER_BOUND('',#1502,.T.);
#986=EDGE_LOOP('',(#4336,#4337,#4338,#4339));
#987=EDGE_LOOP('',(#4340,#4341,#4342,#4343));
#988=EDGE_LOOP('',(#4344,#4345,#4346,#4347));
#989=EDGE_LOOP('',(#4348,#4349,#4350,#4351));
#990=EDGE_LOOP('',(#4352,#4353,#4354,#4355));
#991=EDGE_LOOP('',(#4356));
#992=EDGE_LOOP('',(#4357));
#993=EDGE_LOOP('',(#4358));
#994=EDGE_LOOP('',(#4359));
#995=EDGE_LOOP('',(#4360,#4361,#4362,#4363));
#996=EDGE_LOOP('',(#4364,#4365,#4366,#4367,#4368,#4369,#4370,#4371));
#997=EDGE_LOOP('',(#4372));
#998=EDGE_LOOP('',(#4373));
#999=EDGE_LOOP('',(#4374));
#1000=EDGE_LOOP('',(#4375));
#1001=EDGE_LOOP('',(#4376,#4377,#4378,#4379));
#1002=EDGE_LOOP('',(#4380,#4381,#4382,#4383));
#1003=EDGE_LOOP('',(#4384,#4385,#4386,#4387));
#1004=EDGE_LOOP('',(#4388,#4389,#4390,#4391,#4392,#4393,#4394,#4395));
#1005=EDGE_LOOP('',(#4396,#4397,#4398,#4399));
#1006=EDGE_LOOP('',(#4400,#4401,#4402,#4403));
#1007=EDGE_LOOP('',(#4404,#4405,#4406,#4407));
#1008=EDGE_LOOP('',(#4408,#4409,#4410,#4411));
#1009=EDGE_LOOP('',(#4412,#4413,#4414,#4415));
#1010=EDGE_LOOP('',(#4416,#4417,#4418,#4419));
#1011=EDGE_LOOP('',(#4420,#4421,#4422,#4423));
#1012=EDGE_LOOP('',(#4424,#4425,#4426,#4427));
#1013=EDGE_LOOP('',(#4428,#4429,#4430,#4431));
#1014=EDGE_LOOP('',(#4432,#4433,#4434,#4435));
#1015=EDGE_LOOP('',(#4436,#4437,#4438,#4439));
#1016=EDGE_LOOP('',(#4440,#4441,#4442,#4443));
#1017=EDGE_LOOP('',(#4444,#4445,#4446,#4447));
#1018=EDGE_LOOP('',(#4448,#4449,#4450,#4451));
#1019=EDGE_LOOP('',(#4452,#4453,#4454,#4455));
#1020=EDGE_LOOP('',(#4456,#4457,#4458,#4459));
#1021=EDGE_LOOP('',(#4460,#4461,#4462,#4463));
#1022=EDGE_LOOP('',(#4464,#4465,#4466,#4467));
#1023=EDGE_LOOP('',(#4468,#4469,#4470,#4471));
#1024=EDGE_LOOP('',(#4472,#4473,#4474,#4475));
#1025=EDGE_LOOP('',(#4476,#4477,#4478,#4479));
#1026=EDGE_LOOP('',(#4480,#4481,#4482,#4483));
#1027=EDGE_LOOP('',(#4484,#4485,#4486,#4487));
#1028=EDGE_LOOP('',(#4488,#4489,#4490,#4491));
#1029=EDGE_LOOP('',(#4492,#4493,#4494,#4495));
#1030=EDGE_LOOP('',(#4496,#4497,#4498,#4499));
#1031=EDGE_LOOP('',(#4500,#4501,#4502,#4503));
#1032=EDGE_LOOP('',(#4504,#4505,#4506,#4507));
#1033=EDGE_LOOP('',(#4508,#4509,#4510,#4511));
#1034=EDGE_LOOP('',(#4512,#4513,#4514,#4515));
#1035=EDGE_LOOP('',(#4516,#4517,#4518,#4519));
#1036=EDGE_LOOP('',(#4520,#4521,#4522,#4523));
#1037=EDGE_LOOP('',(#4524,#4525,#4526,#4527));
#1038=EDGE_LOOP('',(#4528,#4529,#4530,#4531));
#1039=EDGE_LOOP('',(#4532,#4533,#4534,#4535));
#1040=EDGE_LOOP('',(#4536,#4537,#4538,#4539));
#1041=EDGE_LOOP('',(#4540,#4541,#4542,#4543));
#1042=EDGE_LOOP('',(#4544,#4545,#4546,#4547));
#1043=EDGE_LOOP('',(#4548,#4549,#4550,#4551));
#1044=EDGE_LOOP('',(#4552,#4553,#4554,#4555));
#1045=EDGE_LOOP('',(#4556,#4557,#4558,#4559));
#1046=EDGE_LOOP('',(#4560,#4561,#4562,#4563));
#1047=EDGE_LOOP('',(#4564,#4565,#4566,#4567));
#1048=EDGE_LOOP('',(#4568,#4569,#4570,#4571));
#1049=EDGE_LOOP('',(#4572,#4573,#4574,#4575));
#1050=EDGE_LOOP('',(#4576,#4577,#4578,#4579));
#1051=EDGE_LOOP('',(#4580,#4581,#4582,#4583,#4584));
#1052=EDGE_LOOP('',(#4585,#4586,#4587,#4588,#4589));
#1053=EDGE_LOOP('',(#4590,#4591,#4592,#4593,#4594));
#1054=EDGE_LOOP('',(#4595,#4596,#4597,#4598,#4599));
#1055=EDGE_LOOP('',(#4600,#4601,#4602,#4603,#4604));
#1056=EDGE_LOOP('',(#4605,#4606,#4607,#4608,#4609));
#1057=EDGE_LOOP('',(#4610,#4611,#4612,#4613,#4614));
#1058=EDGE_LOOP('',(#4615,#4616,#4617,#4618,#4619));
#1059=EDGE_LOOP('',(#4620,#4621,#4622,#4623,#4624));
#1060=EDGE_LOOP('',(#4625,#4626,#4627,#4628,#4629));
#1061=EDGE_LOOP('',(#4630,#4631,#4632,#4633,#4634));
#1062=EDGE_LOOP('',(#4635,#4636,#4637,#4638,#4639));
#1063=EDGE_LOOP('',(#4640,#4641,#4642,#4643,#4644));
#1064=EDGE_LOOP('',(#4645,#4646,#4647,#4648,#4649));
#1065=EDGE_LOOP('',(#4650,#4651,#4652,#4653,#4654));
#1066=EDGE_LOOP('',(#4655,#4656,#4657,#4658,#4659));
#1067=EDGE_LOOP('',(#4660,#4661,#4662,#4663,#4664));
#1068=EDGE_LOOP('',(#4665,#4666,#4667,#4668,#4669));
#1069=EDGE_LOOP('',(#4670,#4671,#4672,#4673,#4674));
#1070=EDGE_LOOP('',(#4675,#4676,#4677,#4678,#4679));
#1071=EDGE_LOOP('',(#4680,#4681,#4682,#4683,#4684));
#1072=EDGE_LOOP('',(#4685,#4686,#4687,#4688,#4689));
#1073=EDGE_LOOP('',(#4690,#4691,#4692,#4693,#4694));
#1074=EDGE_LOOP('',(#4695,#4696,#4697,#4698,#4699));
#1075=EDGE_LOOP('',(#4700,#4701,#4702,#4703,#4704));
#1076=EDGE_LOOP('',(#4705,#4706,#4707,#4708,#4709));
#1077=EDGE_LOOP('',(#4710,#4711,#4712,#4713,#4714));
#1078=EDGE_LOOP('',(#4715,#4716,#4717,#4718,#4719));
#1079=EDGE_LOOP('',(#4720,#4721,#4722,#4723,#4724));
#1080=EDGE_LOOP('',(#4725,#4726,#4727,#4728,#4729));
#1081=EDGE_LOOP('',(#4730,#4731,#4732,#4733,#4734));
#1082=EDGE_LOOP('',(#4735,#4736,#4737,#4738,#4739,#4740));
#1083=EDGE_LOOP('',(#4741,#4742,#4743,#4744,#4745,#4746));
#1084=EDGE_LOOP('',(#4747,#4748,#4749,#4750,#4751,#4752));
#1085=EDGE_LOOP('',(#4753,#4754,#4755,#4756,#4757,#4758));
#1086=EDGE_LOOP('',(#4759,#4760,#4761,#4762,#4763,#4764));
#1087=EDGE_LOOP('',(#4765,#4766,#4767,#4768,#4769,#4770));
#1088=EDGE_LOOP('',(#4771,#4772,#4773,#4774,#4775,#4776));
#1089=EDGE_LOOP('',(#4777,#4778,#4779,#4780,#4781,#4782));
#1090=EDGE_LOOP('',(#4783,#4784,#4785,#4786,#4787,#4788));
#1091=EDGE_LOOP('',(#4789,#4790,#4791,#4792,#4793,#4794));
#1092=EDGE_LOOP('',(#4795,#4796,#4797,#4798,#4799,#4800));
#1093=EDGE_LOOP('',(#4801,#4802,#4803,#4804,#4805,#4806));
#1094=EDGE_LOOP('',(#4807,#4808,#4809,#4810,#4811,#4812));
#1095=EDGE_LOOP('',(#4813,#4814,#4815,#4816,#4817,#4818));
#1096=EDGE_LOOP('',(#4819,#4820,#4821,#4822,#4823,#4824));
#1097=EDGE_LOOP('',(#4825,#4826,#4827,#4828,#4829,#4830));
#1098=EDGE_LOOP('',(#4831,#4832,#4833,#4834,#4835,#4836));
#1099=EDGE_LOOP('',(#4837,#4838,#4839,#4840,#4841,#4842));
#1100=EDGE_LOOP('',(#4843,#4844,#4845,#4846,#4847,#4848));
#1101=EDGE_LOOP('',(#4849,#4850,#4851,#4852,#4853,#4854));
#1102=EDGE_LOOP('',(#4855,#4856,#4857,#4858,#4859,#4860));
#1103=EDGE_LOOP('',(#4861,#4862,#4863,#4864,#4865,#4866));
#1104=EDGE_LOOP('',(#4867,#4868,#4869,#4870,#4871,#4872));
#1105=EDGE_LOOP('',(#4873,#4874,#4875,#4876,#4877,#4878));
#1106=EDGE_LOOP('',(#4879,#4880,#4881,#4882,#4883,#4884));
#1107=EDGE_LOOP('',(#4885,#4886,#4887,#4888,#4889,#4890));
#1108=EDGE_LOOP('',(#4891,#4892,#4893,#4894,#4895,#4896));
#1109=EDGE_LOOP('',(#4897,#4898,#4899,#4900,#4901,#4902));
#1110=EDGE_LOOP('',(#4903,#4904,#4905,#4906,#4907,#4908));
#1111=EDGE_LOOP('',(#4909,#4910,#4911,#4912,#4913,#4914));
#1112=EDGE_LOOP('',(#4915,#4916,#4917,#4918,#4919,#4920));
#1113=EDGE_LOOP('',(#4921,#4922,#4923,#4924,#4925,#4926,#4927));
#1114=EDGE_LOOP('',(#4928,#4929,#4930,#4931,#4932,#4933,#4934));
#1115=EDGE_LOOP('',(#4935,#4936,#4937,#4938,#4939,#4940,#4941));
#1116=EDGE_LOOP('',(#4942,#4943,#4944,#4945,#4946,#4947,#4948));
#1117=EDGE_LOOP('',(#4949,#4950,#4951,#4952,#4953,#4954,#4955));
#1118=EDGE_LOOP('',(#4956,#4957,#4958,#4959,#4960,#4961,#4962));
#1119=EDGE_LOOP('',(#4963,#4964,#4965,#4966,#4967,#4968,#4969));
#1120=EDGE_LOOP('',(#4970,#4971,#4972,#4973,#4974,#4975,#4976));
#1121=EDGE_LOOP('',(#4977,#4978,#4979,#4980,#4981,#4982,#4983));
#1122=EDGE_LOOP('',(#4984,#4985,#4986,#4987,#4988,#4989,#4990));
#1123=EDGE_LOOP('',(#4991,#4992,#4993,#4994,#4995,#4996,#4997));
#1124=EDGE_LOOP('',(#4998,#4999,#5000,#5001,#5002,#5003,#5004));
#1125=EDGE_LOOP('',(#5005,#5006,#5007,#5008,#5009,#5010,#5011));
#1126=EDGE_LOOP('',(#5012,#5013,#5014,#5015,#5016,#5017,#5018));
#1127=EDGE_LOOP('',(#5019,#5020,#5021,#5022,#5023,#5024,#5025));
#1128=EDGE_LOOP('',(#5026,#5027,#5028,#5029,#5030,#5031,#5032));
#1129=EDGE_LOOP('',(#5033,#5034,#5035,#5036,#5037,#5038,#5039));
#1130=EDGE_LOOP('',(#5040,#5041,#5042,#5043,#5044,#5045,#5046));
#1131=EDGE_LOOP('',(#5047,#5048,#5049,#5050,#5051,#5052,#5053));
#1132=EDGE_LOOP('',(#5054,#5055,#5056,#5057,#5058,#5059,#5060));
#1133=EDGE_LOOP('',(#5061,#5062,#5063,#5064,#5065,#5066,#5067));
#1134=EDGE_LOOP('',(#5068,#5069,#5070,#5071,#5072,#5073,#5074));
#1135=EDGE_LOOP('',(#5075,#5076,#5077,#5078,#5079,#5080,#5081));
#1136=EDGE_LOOP('',(#5082,#5083,#5084,#5085,#5086,#5087,#5088));
#1137=EDGE_LOOP('',(#5089,#5090,#5091,#5092,#5093,#5094,#5095));
#1138=EDGE_LOOP('',(#5096,#5097,#5098,#5099,#5100,#5101,#5102));
#1139=EDGE_LOOP('',(#5103,#5104,#5105,#5106,#5107,#5108,#5109));
#1140=EDGE_LOOP('',(#5110,#5111,#5112,#5113,#5114,#5115,#5116));
#1141=EDGE_LOOP('',(#5117,#5118,#5119,#5120,#5121,#5122,#5123));
#1142=EDGE_LOOP('',(#5124,#5125,#5126,#5127,#5128,#5129,#5130));
#1143=EDGE_LOOP('',(#5131,#5132,#5133,#5134,#5135,#5136,#5137));
#1144=EDGE_LOOP('',(#5138,#5139,#5140,#5141));
#1145=EDGE_LOOP('',(#5142,#5143,#5144,#5145));
#1146=EDGE_LOOP('',(#5146,#5147,#5148));
#1147=EDGE_LOOP('',(#5149,#5150,#5151));
#1148=EDGE_LOOP('',(#5152,#5153,#5154));
#1149=EDGE_LOOP('',(#5155,#5156,#5157));
#1150=EDGE_LOOP('',(#5158,#5159,#5160));
#1151=EDGE_LOOP('',(#5161,#5162,#5163));
#1152=EDGE_LOOP('',(#5164,#5165,#5166));
#1153=EDGE_LOOP('',(#5167,#5168,#5169));
#1154=EDGE_LOOP('',(#5170,#5171,#5172));
#1155=EDGE_LOOP('',(#5173,#5174,#5175));
#1156=EDGE_LOOP('',(#5176,#5177,#5178));
#1157=EDGE_LOOP('',(#5179,#5180,#5181));
#1158=EDGE_LOOP('',(#5182,#5183,#5184));
#1159=EDGE_LOOP('',(#5185,#5186,#5187));
#1160=EDGE_LOOP('',(#5188,#5189,#5190));
#1161=EDGE_LOOP('',(#5191,#5192,#5193,#5194));
#1162=EDGE_LOOP('',(#5195,#5196,#5197,#5198));
#1163=EDGE_LOOP('',(#5199,#5200,#5201,#5202));
#1164=EDGE_LOOP('',(#5203,#5204,#5205,#5206));
#1165=EDGE_LOOP('',(#5207,#5208,#5209,#5210));
#1166=EDGE_LOOP('',(#5211,#5212,#5213,#5214));
#1167=EDGE_LOOP('',(#5215,#5216,#5217,#5218));
#1168=EDGE_LOOP('',(#5219,#5220,#5221));
#1169=EDGE_LOOP('',(#5222,#5223,#5224));
#1170=EDGE_LOOP('',(#5225,#5226,#5227));
#1171=EDGE_LOOP('',(#5228,#5229,#5230));
#1172=EDGE_LOOP('',(#5231,#5232,#5233));
#1173=EDGE_LOOP('',(#5234,#5235,#5236));
#1174=EDGE_LOOP('',(#5237,#5238,#5239));
#1175=EDGE_LOOP('',(#5240,#5241,#5242));
#1176=EDGE_LOOP('',(#5243,#5244,#5245));
#1177=EDGE_LOOP('',(#5246,#5247,#5248));
#1178=EDGE_LOOP('',(#5249,#5250,#5251));
#1179=EDGE_LOOP('',(#5252,#5253,#5254));
#1180=EDGE_LOOP('',(#5255,#5256,#5257));
#1181=EDGE_LOOP('',(#5258,#5259,#5260));
#1182=EDGE_LOOP('',(#5261,#5262,#5263));
#1183=EDGE_LOOP('',(#5264,#5265,#5266));
#1184=EDGE_LOOP('',(#5267,#5268));
#1185=EDGE_LOOP('',(#5269,#5270));
#1186=EDGE_LOOP('',(#5271,#5272));
#1187=EDGE_LOOP('',(#5273,#5274));
#1188=EDGE_LOOP('',(#5275,#5276));
#1189=EDGE_LOOP('',(#5277,#5278));
#1190=EDGE_LOOP('',(#5279,#5280));
#1191=EDGE_LOOP('',(#5281,#5282));
#1192=EDGE_LOOP('',(#5283,#5284));
#1193=EDGE_LOOP('',(#5285,#5286));
#1194=EDGE_LOOP('',(#5287,#5288));
#1195=EDGE_LOOP('',(#5289,#5290));
#1196=EDGE_LOOP('',(#5291,#5292));
#1197=EDGE_LOOP('',(#5293,#5294));
#1198=EDGE_LOOP('',(#5295,#5296));
#1199=EDGE_LOOP('',(#5297,#5298));
#1200=EDGE_LOOP('',(#5299,#5300));
#1201=EDGE_LOOP('',(#5301,#5302));
#1202=EDGE_LOOP('',(#5303,#5304));
#1203=EDGE_LOOP('',(#5305,#5306));
#1204=EDGE_LOOP('',(#5307,#5308));
#1205=EDGE_LOOP('',(#5309,#5310));
#1206=EDGE_LOOP('',(#5311,#5312));
#1207=EDGE_LOOP('',(#5313,#5314));
#1208=EDGE_LOOP('',(#5315,#5316));
#1209=EDGE_LOOP('',(#5317,#5318));
#1210=EDGE_LOOP('',(#5319,#5320));
#1211=EDGE_LOOP('',(#5321,#5322));
#1212=EDGE_LOOP('',(#5323,#5324));
#1213=EDGE_LOOP('',(#5325,#5326));
#1214=EDGE_LOOP('',(#5327,#5328));
#1215=EDGE_LOOP('',(#5329,#5330,#5331,#5332));
#1216=EDGE_LOOP('',(#5333,#5334,#5335,#5336));
#1217=EDGE_LOOP('',(#5337,#5338,#5339,#5340,#5341,#5342,#5343,#5344,#5345,
#5346,#5347));
#1218=EDGE_LOOP('',(#5348));
#1219=EDGE_LOOP('',(#5349));
#1220=EDGE_LOOP('',(#5350));
#1221=EDGE_LOOP('',(#5351));
#1222=EDGE_LOOP('',(#5352));
#1223=EDGE_LOOP('',(#5353));
#1224=EDGE_LOOP('',(#5354));
#1225=EDGE_LOOP('',(#5355));
#1226=EDGE_LOOP('',(#5356));
#1227=EDGE_LOOP('',(#5357));
#1228=EDGE_LOOP('',(#5358));
#1229=EDGE_LOOP('',(#5359));
#1230=EDGE_LOOP('',(#5360));
#1231=EDGE_LOOP('',(#5361));
#1232=EDGE_LOOP('',(#5362));
#1233=EDGE_LOOP('',(#5363));
#1234=EDGE_LOOP('',(#5364));
#1235=EDGE_LOOP('',(#5365));
#1236=EDGE_LOOP('',(#5366));
#1237=EDGE_LOOP('',(#5367));
#1238=EDGE_LOOP('',(#5368));
#1239=EDGE_LOOP('',(#5369));
#1240=EDGE_LOOP('',(#5370));
#1241=EDGE_LOOP('',(#5371));
#1242=EDGE_LOOP('',(#5372));
#1243=EDGE_LOOP('',(#5373));
#1244=EDGE_LOOP('',(#5374));
#1245=EDGE_LOOP('',(#5375));
#1246=EDGE_LOOP('',(#5376));
#1247=EDGE_LOOP('',(#5377));
#1248=EDGE_LOOP('',(#5378));
#1249=EDGE_LOOP('',(#5379));
#1250=EDGE_LOOP('',(#5380));
#1251=EDGE_LOOP('',(#5381));
#1252=EDGE_LOOP('',(#5382));
#1253=EDGE_LOOP('',(#5383));
#1254=EDGE_LOOP('',(#5384));
#1255=EDGE_LOOP('',(#5385));
#1256=EDGE_LOOP('',(#5386));
#1257=EDGE_LOOP('',(#5387));
#1258=EDGE_LOOP('',(#5388));
#1259=EDGE_LOOP('',(#5389));
#1260=EDGE_LOOP('',(#5390));
#1261=EDGE_LOOP('',(#5391));
#1262=EDGE_LOOP('',(#5392));
#1263=EDGE_LOOP('',(#5393));
#1264=EDGE_LOOP('',(#5394));
#1265=EDGE_LOOP('',(#5395));
#1266=EDGE_LOOP('',(#5396));
#1267=EDGE_LOOP('',(#5397));
#1268=EDGE_LOOP('',(#5398));
#1269=EDGE_LOOP('',(#5399));
#1270=EDGE_LOOP('',(#5400));
#1271=EDGE_LOOP('',(#5401));
#1272=EDGE_LOOP('',(#5402));
#1273=EDGE_LOOP('',(#5403));
#1274=EDGE_LOOP('',(#5404));
#1275=EDGE_LOOP('',(#5405));
#1276=EDGE_LOOP('',(#5406));
#1277=EDGE_LOOP('',(#5407));
#1278=EDGE_LOOP('',(#5408));
#1279=EDGE_LOOP('',(#5409));
#1280=EDGE_LOOP('',(#5410,#5411,#5412,#5413));
#1281=EDGE_LOOP('',(#5414,#5415,#5416,#5417));
#1282=EDGE_LOOP('',(#5418,#5419,#5420,#5421));
#1283=EDGE_LOOP('',(#5422,#5423,#5424,#5425));
#1284=EDGE_LOOP('',(#5426,#5427,#5428,#5429));
#1285=EDGE_LOOP('',(#5430,#5431,#5432,#5433));
#1286=EDGE_LOOP('',(#5434,#5435,#5436,#5437));
#1287=EDGE_LOOP('',(#5438,#5439,#5440,#5441));
#1288=EDGE_LOOP('',(#5442,#5443,#5444,#5445));
#1289=EDGE_LOOP('',(#5446,#5447,#5448,#5449));
#1290=EDGE_LOOP('',(#5450,#5451,#5452,#5453));
#1291=EDGE_LOOP('',(#5454,#5455,#5456,#5457));
#1292=EDGE_LOOP('',(#5458,#5459,#5460,#5461));
#1293=EDGE_LOOP('',(#5462,#5463,#5464,#5465));
#1294=EDGE_LOOP('',(#5466,#5467,#5468,#5469));
#1295=EDGE_LOOP('',(#5470,#5471,#5472,#5473));
#1296=EDGE_LOOP('',(#5474,#5475,#5476,#5477));
#1297=EDGE_LOOP('',(#5478,#5479,#5480,#5481));
#1298=EDGE_LOOP('',(#5482,#5483,#5484,#5485));
#1299=EDGE_LOOP('',(#5486,#5487,#5488,#5489));
#1300=EDGE_LOOP('',(#5490,#5491,#5492,#5493,#5494,#5495,#5496,#5497,#5498,
#5499,#5500));
#1301=EDGE_LOOP('',(#5501,#5502,#5503,#5504));
#1302=EDGE_LOOP('',(#5505,#5506,#5507,#5508));
#1303=EDGE_LOOP('',(#5509,#5510,#5511,#5512));
#1304=EDGE_LOOP('',(#5513,#5514,#5515,#5516));
#1305=EDGE_LOOP('',(#5517,#5518,#5519,#5520));
#1306=EDGE_LOOP('',(#5521,#5522,#5523));
#1307=EDGE_LOOP('',(#5524,#5525,#5526));
#1308=EDGE_LOOP('',(#5527,#5528,#5529));
#1309=EDGE_LOOP('',(#5530,#5531,#5532));
#1310=EDGE_LOOP('',(#5533,#5534,#5535));
#1311=EDGE_LOOP('',(#5536,#5537,#5538));
#1312=EDGE_LOOP('',(#5539,#5540,#5541));
#1313=EDGE_LOOP('',(#5542,#5543,#5544));
#1314=EDGE_LOOP('',(#5545,#5546,#5547));
#1315=EDGE_LOOP('',(#5548,#5549,#5550));
#1316=EDGE_LOOP('',(#5551,#5552,#5553));
#1317=EDGE_LOOP('',(#5554,#5555,#5556));
#1318=EDGE_LOOP('',(#5557,#5558,#5559));
#1319=EDGE_LOOP('',(#5560,#5561,#5562));
#1320=EDGE_LOOP('',(#5563,#5564,#5565));
#1321=EDGE_LOOP('',(#5566,#5567,#5568));
#1322=EDGE_LOOP('',(#5569,#5570,#5571));
#1323=EDGE_LOOP('',(#5572,#5573,#5574));
#1324=EDGE_LOOP('',(#5575,#5576,#5577));
#1325=EDGE_LOOP('',(#5578,#5579,#5580));
#1326=EDGE_LOOP('',(#5581,#5582,#5583));
#1327=EDGE_LOOP('',(#5584,#5585,#5586));
#1328=EDGE_LOOP('',(#5587,#5588,#5589));
#1329=EDGE_LOOP('',(#5590,#5591,#5592));
#1330=EDGE_LOOP('',(#5593,#5594,#5595));
#1331=EDGE_LOOP('',(#5596,#5597,#5598));
#1332=EDGE_LOOP('',(#5599,#5600,#5601));
#1333=EDGE_LOOP('',(#5602,#5603,#5604));
#1334=EDGE_LOOP('',(#5605,#5606,#5607));
#1335=EDGE_LOOP('',(#5608,#5609,#5610));
#1336=EDGE_LOOP('',(#5611,#5612,#5613));
#1337=EDGE_LOOP('',(#5614,#5615));
#1338=EDGE_LOOP('',(#5616,#5617));
#1339=EDGE_LOOP('',(#5618,#5619));
#1340=EDGE_LOOP('',(#5620,#5621));
#1341=EDGE_LOOP('',(#5622,#5623));
#1342=EDGE_LOOP('',(#5624,#5625));
#1343=EDGE_LOOP('',(#5626,#5627));
#1344=EDGE_LOOP('',(#5628,#5629));
#1345=EDGE_LOOP('',(#5630,#5631));
#1346=EDGE_LOOP('',(#5632,#5633));
#1347=EDGE_LOOP('',(#5634,#5635));
#1348=EDGE_LOOP('',(#5636,#5637));
#1349=EDGE_LOOP('',(#5638,#5639));
#1350=EDGE_LOOP('',(#5640,#5641));
#1351=EDGE_LOOP('',(#5642,#5643));
#1352=EDGE_LOOP('',(#5644,#5645));
#1353=EDGE_LOOP('',(#5646,#5647));
#1354=EDGE_LOOP('',(#5648,#5649));
#1355=EDGE_LOOP('',(#5650,#5651));
#1356=EDGE_LOOP('',(#5652,#5653));
#1357=EDGE_LOOP('',(#5654,#5655));
#1358=EDGE_LOOP('',(#5656,#5657));
#1359=EDGE_LOOP('',(#5658,#5659));
#1360=EDGE_LOOP('',(#5660,#5661));
#1361=EDGE_LOOP('',(#5662,#5663));
#1362=EDGE_LOOP('',(#5664,#5665));
#1363=EDGE_LOOP('',(#5666,#5667));
#1364=EDGE_LOOP('',(#5668,#5669));
#1365=EDGE_LOOP('',(#5670,#5671));
#1366=EDGE_LOOP('',(#5672,#5673));
#1367=EDGE_LOOP('',(#5674,#5675));
#1368=EDGE_LOOP('',(#5676,#5677,#5678,#5679));
#1369=EDGE_LOOP('',(#5680,#5681,#5682,#5683));
#1370=EDGE_LOOP('',(#5684,#5685,#5686,#5687));
#1371=EDGE_LOOP('',(#5688,#5689,#5690,#5691));
#1372=EDGE_LOOP('',(#5692,#5693,#5694,#5695));
#1373=EDGE_LOOP('',(#5696,#5697,#5698,#5699));
#1374=EDGE_LOOP('',(#5700,#5701,#5702,#5703));
#1375=EDGE_LOOP('',(#5704,#5705,#5706,#5707));
#1376=EDGE_LOOP('',(#5708,#5709,#5710,#5711));
#1377=EDGE_LOOP('',(#5712,#5713,#5714,#5715));
#1378=EDGE_LOOP('',(#5716,#5717,#5718,#5719));
#1379=EDGE_LOOP('',(#5720,#5721,#5722,#5723));
#1380=EDGE_LOOP('',(#5724,#5725,#5726,#5727));
#1381=EDGE_LOOP('',(#5728,#5729,#5730,#5731));
#1382=EDGE_LOOP('',(#5732,#5733,#5734,#5735));
#1383=EDGE_LOOP('',(#5736,#5737,#5738,#5739));
#1384=EDGE_LOOP('',(#5740,#5741,#5742,#5743));
#1385=EDGE_LOOP('',(#5744,#5745,#5746,#5747));
#1386=EDGE_LOOP('',(#5748,#5749,#5750,#5751));
#1387=EDGE_LOOP('',(#5752,#5753,#5754,#5755));
#1388=EDGE_LOOP('',(#5756,#5757,#5758,#5759));
#1389=EDGE_LOOP('',(#5760,#5761,#5762,#5763));
#1390=EDGE_LOOP('',(#5764,#5765,#5766,#5767));
#1391=EDGE_LOOP('',(#5768,#5769,#5770,#5771));
#1392=EDGE_LOOP('',(#5772,#5773,#5774,#5775));
#1393=EDGE_LOOP('',(#5776,#5777,#5778,#5779));
#1394=EDGE_LOOP('',(#5780,#5781,#5782,#5783));
#1395=EDGE_LOOP('',(#5784,#5785,#5786,#5787));
#1396=EDGE_LOOP('',(#5788,#5789,#5790,#5791));
#1397=EDGE_LOOP('',(#5792,#5793,#5794,#5795));
#1398=EDGE_LOOP('',(#5796,#5797,#5798,#5799));
#1399=EDGE_LOOP('',(#5800,#5801,#5802,#5803));
#1400=EDGE_LOOP('',(#5804,#5805,#5806,#5807));
#1401=EDGE_LOOP('',(#5808,#5809,#5810,#5811));
#1402=EDGE_LOOP('',(#5812,#5813,#5814,#5815));
#1403=EDGE_LOOP('',(#5816,#5817,#5818,#5819,#5820));
#1404=EDGE_LOOP('',(#5821,#5822,#5823,#5824));
#1405=EDGE_LOOP('',(#5825,#5826,#5827,#5828,#5829));
#1406=EDGE_LOOP('',(#5830,#5831,#5832,#5833));
#1407=EDGE_LOOP('',(#5834,#5835,#5836,#5837));
#1408=EDGE_LOOP('',(#5838,#5839,#5840,#5841));
#1409=EDGE_LOOP('',(#5842));
#1410=EDGE_LOOP('',(#5843,#5844,#5845,#5846));
#1411=EDGE_LOOP('',(#5847,#5848,#5849,#5850));
#1412=EDGE_LOOP('',(#5851,#5852,#5853,#5854));
#1413=EDGE_LOOP('',(#5855,#5856,#5857,#5858));
#1414=EDGE_LOOP('',(#5859,#5860,#5861,#5862));
#1415=EDGE_LOOP('',(#5863,#5864,#5865,#5866));
#1416=EDGE_LOOP('',(#5867,#5868,#5869,#5870));
#1417=EDGE_LOOP('',(#5871,#5872,#5873,#5874));
#1418=EDGE_LOOP('',(#5875,#5876,#5877,#5878));
#1419=EDGE_LOOP('',(#5879,#5880,#5881,#5882));
#1420=EDGE_LOOP('',(#5883,#5884,#5885,#5886));
#1421=EDGE_LOOP('',(#5887,#5888,#5889,#5890,#5891,#5892,#5893,#5894));
#1422=EDGE_LOOP('',(#5895,#5896,#5897,#5898));
#1423=EDGE_LOOP('',(#5899,#5900,#5901,#5902));
#1424=EDGE_LOOP('',(#5903,#5904,#5905,#5906));
#1425=EDGE_LOOP('',(#5907,#5908,#5909,#5910));
#1426=EDGE_LOOP('',(#5911,#5912,#5913,#5914));
#1427=EDGE_LOOP('',(#5915,#5916,#5917,#5918));
#1428=EDGE_LOOP('',(#5919));
#1429=EDGE_LOOP('',(#5920,#5921,#5922,#5923,#5924,#5925,#5926,#5927));
#1430=EDGE_LOOP('',(#5928,#5929,#5930,#5931,#5932,#5933,#5934,#5935));
#1431=EDGE_LOOP('',(#5936,#5937,#5938,#5939,#5940,#5941,#5942,#5943));
#1432=EDGE_LOOP('',(#5944,#5945,#5946,#5947));
#1433=EDGE_LOOP('',(#5948,#5949,#5950,#5951));
#1434=EDGE_LOOP('',(#5952,#5953,#5954,#5955));
#1435=EDGE_LOOP('',(#5956,#5957,#5958,#5959));
#1436=EDGE_LOOP('',(#5960,#5961,#5962,#5963));
#1437=EDGE_LOOP('',(#5964,#5965,#5966,#5967));
#1438=EDGE_LOOP('',(#5968,#5969,#5970,#5971));
#1439=EDGE_LOOP('',(#5972,#5973,#5974,#5975));
#1440=EDGE_LOOP('',(#5976));
#1441=EDGE_LOOP('',(#5977));
#1442=EDGE_LOOP('',(#5978,#5979,#5980,#5981));
#1443=EDGE_LOOP('',(#5982,#5983,#5984,#5985));
#1444=EDGE_LOOP('',(#5986,#5987,#5988,#5989));
#1445=EDGE_LOOP('',(#5990,#5991,#5992,#5993));
#1446=EDGE_LOOP('',(#5994,#5995,#5996,#5997));
#1447=EDGE_LOOP('',(#5998,#5999,#6000,#6001));
#1448=EDGE_LOOP('',(#6002,#6003,#6004,#6005));
#1449=EDGE_LOOP('',(#6006));
#1450=EDGE_LOOP('',(#6007,#6008,#6009,#6010));
#1451=EDGE_LOOP('',(#6011));
#1452=EDGE_LOOP('',(#6012,#6013,#6014,#6015));
#1453=EDGE_LOOP('',(#6016,#6017,#6018,#6019));
#1454=EDGE_LOOP('',(#6020,#6021,#6022,#6023,#6024,#6025,#6026,#6027,#6028,
#6029,#6030,#6031,#6032,#6033,#6034));
#1455=EDGE_LOOP('',(#6035,#6036,#6037,#6038,#6039,#6040,#6041,#6042,#6043,
#6044,#6045,#6046));
#1456=EDGE_LOOP('',(#6047));
#1457=EDGE_LOOP('',(#6048));
#1458=EDGE_LOOP('',(#6049));
#1459=EDGE_LOOP('',(#6050));
#1460=EDGE_LOOP('',(#6051));
#1461=EDGE_LOOP('',(#6052));
#1462=EDGE_LOOP('',(#6053));
#1463=EDGE_LOOP('',(#6054,#6055,#6056,#6057));
#1464=EDGE_LOOP('',(#6058,#6059,#6060));
#1465=EDGE_LOOP('',(#6061,#6062,#6063));
#1466=EDGE_LOOP('',(#6064,#6065,#6066,#6067));
#1467=EDGE_LOOP('',(#6068,#6069,#6070));
#1468=EDGE_LOOP('',(#6071,#6072,#6073));
#1469=EDGE_LOOP('',(#6074,#6075,#6076,#6077));
#1470=EDGE_LOOP('',(#6078,#6079,#6080));
#1471=EDGE_LOOP('',(#6081,#6082,#6083));
#1472=EDGE_LOOP('',(#6084,#6085,#6086,#6087));
#1473=EDGE_LOOP('',(#6088,#6089,#6090,#6091));
#1474=EDGE_LOOP('',(#6092,#6093,#6094,#6095));
#1475=EDGE_LOOP('',(#6096,#6097,#6098,#6099));
#1476=EDGE_LOOP('',(#6100,#6101,#6102,#6103));
#1477=EDGE_LOOP('',(#6104,#6105,#6106,#6107));
#1478=EDGE_LOOP('',(#6108,#6109,#6110,#6111));
#1479=EDGE_LOOP('',(#6112,#6113,#6114,#6115));
#1480=EDGE_LOOP('',(#6116,#6117,#6118,#6119));
#1481=EDGE_LOOP('',(#6120,#6121,#6122,#6123));
#1482=EDGE_LOOP('',(#6124,#6125,#6126,#6127));
#1483=EDGE_LOOP('',(#6128,#6129,#6130,#6131));
#1484=EDGE_LOOP('',(#6132,#6133,#6134,#6135));
#1485=EDGE_LOOP('',(#6136,#6137,#6138,#6139));
#1486=EDGE_LOOP('',(#6140,#6141,#6142,#6143,#6144,#6145,#6146,#6147));
#1487=EDGE_LOOP('',(#6148,#6149,#6150,#6151,#6152,#6153,#6154,#6155));
#1488=EDGE_LOOP('',(#6156,#6157,#6158,#6159));
#1489=EDGE_LOOP('',(#6160,#6161,#6162,#6163));
#1490=EDGE_LOOP('',(#6164,#6165,#6166,#6167));
#1491=EDGE_LOOP('',(#6168,#6169,#6170,#6171));
#1492=EDGE_LOOP('',(#6172,#6173,#6174,#6175));
#1493=EDGE_LOOP('',(#6176,#6177,#6178,#6179));
#1494=EDGE_LOOP('',(#6180));
#1495=EDGE_LOOP('',(#6181,#6182,#6183,#6184));
#1496=EDGE_LOOP('',(#6185,#6186,#6187,#6188));
#1497=EDGE_LOOP('',(#6189,#6190,#6191,#6192));
#1498=EDGE_LOOP('',(#6193,#6194,#6195,#6196));
#1499=EDGE_LOOP('',(#6197,#6198,#6199,#6200));
#1500=EDGE_LOOP('',(#6201,#6202,#6203,#6204));
#1501=EDGE_LOOP('',(#6205,#6206,#6207,#6208));
#1502=EDGE_LOOP('',(#6209));
#1503=LINE('',#9771,#1959);
#1504=LINE('',#9777,#1960);
#1505=LINE('',#9783,#1961);
#1506=LINE('',#9789,#1962);
#1507=LINE('',#9794,#1963);
#1508=LINE('',#9796,#1964);
#1509=LINE('',#9798,#1965);
#1510=LINE('',#9799,#1966);
#1511=LINE('',#9802,#1967);
#1512=LINE('',#9804,#1968);
#1513=LINE('',#9806,#1969);
#1514=LINE('',#9807,#1970);
#1515=LINE('',#9811,#1971);
#1516=LINE('',#9813,#1972);
#1517=LINE('',#9815,#1973);
#1518=LINE('',#9817,#1974);
#1519=LINE('',#9819,#1975);
#1520=LINE('',#9821,#1976);
#1521=LINE('',#9823,#1977);
#1522=LINE('',#9824,#1978);
#1523=LINE('',#9826,#1979);
#1524=LINE('',#9827,#1980);
#1525=LINE('',#9829,#1981);
#1526=LINE('',#9831,#1982);
#1527=LINE('',#9834,#1983);
#1528=LINE('',#9836,#1984);
#1529=LINE('',#9837,#1985);
#1530=LINE('',#9840,#1986);
#1531=LINE('',#9842,#1987);
#1532=LINE('',#9844,#1988);
#1533=LINE('',#9845,#1989);
#1534=LINE('',#9848,#1990);
#1535=LINE('',#9849,#1991);
#1536=LINE('',#9852,#1992);
#1537=LINE('',#9853,#1993);
#1538=LINE('',#9855,#1994);
#1539=LINE('',#9859,#1995);
#1540=LINE('',#9861,#1996);
#1541=LINE('',#9862,#1997);
#1542=LINE('',#9865,#1998);
#1543=LINE('',#9866,#1999);
#1544=LINE('',#9869,#2000);
#1545=LINE('',#9870,#2001);
#1546=LINE('',#9872,#2002);
#1547=LINE('',#9876,#2003);
#1548=LINE('',#9878,#2004);
#1549=LINE('',#9879,#2005);
#1550=LINE('',#9882,#2006);
#1551=LINE('',#9883,#2007);
#1552=LINE('',#9886,#2008);
#1553=LINE('',#9887,#2009);
#1554=LINE('',#9889,#2010);
#1555=LINE('',#10335,#2011);
#1556=LINE('',#10343,#2012);
#1557=LINE('',#10351,#2013);
#1558=LINE('',#10359,#2014);
#1559=LINE('',#10367,#2015);
#1560=LINE('',#10375,#2016);
#1561=LINE('',#10383,#2017);
#1562=LINE('',#10391,#2018);
#1563=LINE('',#10399,#2019);
#1564=LINE('',#10407,#2020);
#1565=LINE('',#10415,#2021);
#1566=LINE('',#10423,#2022);
#1567=LINE('',#10431,#2023);
#1568=LINE('',#10439,#2024);
#1569=LINE('',#10447,#2025);
#1570=LINE('',#10455,#2026);
#1571=LINE('',#10463,#2027);
#1572=LINE('',#10471,#2028);
#1573=LINE('',#10479,#2029);
#1574=LINE('',#10487,#2030);
#1575=LINE('',#10495,#2031);
#1576=LINE('',#10503,#2032);
#1577=LINE('',#10511,#2033);
#1578=LINE('',#10519,#2034);
#1579=LINE('',#10527,#2035);
#1580=LINE('',#10535,#2036);
#1581=LINE('',#10543,#2037);
#1582=LINE('',#10551,#2038);
#1583=LINE('',#10559,#2039);
#1584=LINE('',#10567,#2040);
#1585=LINE('',#10575,#2041);
#1586=LINE('',#10583,#2042);
#1587=LINE('',#10591,#2043);
#1588=LINE('',#10599,#2044);
#1589=LINE('',#10607,#2045);
#1590=LINE('',#10615,#2046);
#1591=LINE('',#10623,#2047);
#1592=LINE('',#10631,#2048);
#1593=LINE('',#10639,#2049);
#1594=LINE('',#10647,#2050);
#1595=LINE('',#10655,#2051);
#1596=LINE('',#10663,#2052);
#1597=LINE('',#10671,#2053);
#1598=LINE('',#10679,#2054);
#1599=LINE('',#10687,#2055);
#1600=LINE('',#10695,#2056);
#1601=LINE('',#10703,#2057);
#1602=LINE('',#10711,#2058);
#1603=LINE('',#10719,#2059);
#1604=LINE('',#10727,#2060);
#1605=LINE('',#10735,#2061);
#1606=LINE('',#10743,#2062);
#1607=LINE('',#10751,#2063);
#1608=LINE('',#10759,#2064);
#1609=LINE('',#10767,#2065);
#1610=LINE('',#10775,#2066);
#1611=LINE('',#10783,#2067);
#1612=LINE('',#10791,#2068);
#1613=LINE('',#10799,#2069);
#1614=LINE('',#10807,#2070);
#1615=LINE('',#10815,#2071);
#1616=LINE('',#10823,#2072);
#1617=LINE('',#10828,#2073);
#1618=LINE('',#10830,#2074);
#1619=LINE('',#10832,#2075);
#1620=LINE('',#10833,#2076);
#1621=LINE('',#10836,#2077);
#1622=LINE('',#10838,#2078);
#1623=LINE('',#10840,#2079);
#1624=LINE('',#10841,#2080);
#1625=LINE('',#10842,#2081);
#1626=LINE('',#10843,#2082);
#1627=LINE('',#10844,#2083);
#1628=LINE('',#10845,#2084);
#1629=LINE('',#10846,#2085);
#1630=LINE('',#10847,#2086);
#1631=LINE('',#10848,#2087);
#1632=LINE('',#10849,#2088);
#1633=LINE('',#10850,#2089);
#1634=LINE('',#10851,#2090);
#1635=LINE('',#10852,#2091);
#1636=LINE('',#10853,#2092);
#1637=LINE('',#10854,#2093);
#1638=LINE('',#10855,#2094);
#1639=LINE('',#10856,#2095);
#1640=LINE('',#10859,#2096);
#1641=LINE('',#10861,#2097);
#1642=LINE('',#10863,#2098);
#1643=LINE('',#10864,#2099);
#1644=LINE('',#10867,#2100);
#1645=LINE('',#10869,#2101);
#1646=LINE('',#10871,#2102);
#1647=LINE('',#10872,#2103);
#1648=LINE('',#10875,#2104);
#1649=LINE('',#10877,#2105);
#1650=LINE('',#10879,#2106);
#1651=LINE('',#10880,#2107);
#1652=LINE('',#10883,#2108);
#1653=LINE('',#10885,#2109);
#1654=LINE('',#10887,#2110);
#1655=LINE('',#10888,#2111);
#1656=LINE('',#10891,#2112);
#1657=LINE('',#10893,#2113);
#1658=LINE('',#10895,#2114);
#1659=LINE('',#10896,#2115);
#1660=LINE('',#10899,#2116);
#1661=LINE('',#10901,#2117);
#1662=LINE('',#10903,#2118);
#1663=LINE('',#10904,#2119);
#1664=LINE('',#10907,#2120);
#1665=LINE('',#10909,#2121);
#1666=LINE('',#10911,#2122);
#1667=LINE('',#10912,#2123);
#1668=LINE('',#10913,#2124);
#1669=LINE('',#10914,#2125);
#1670=LINE('',#10915,#2126);
#1671=LINE('',#10916,#2127);
#1672=LINE('',#10917,#2128);
#1673=LINE('',#10918,#2129);
#1674=LINE('',#10919,#2130);
#1675=LINE('',#10920,#2131);
#1676=LINE('',#10921,#2132);
#1677=LINE('',#10922,#2133);
#1678=LINE('',#10923,#2134);
#1679=LINE('',#10924,#2135);
#1680=LINE('',#10925,#2136);
#1681=LINE('',#10926,#2137);
#1682=LINE('',#10927,#2138);
#1683=LINE('',#10928,#2139);
#1684=LINE('',#10929,#2140);
#1685=LINE('',#10930,#2141);
#1686=LINE('',#10931,#2142);
#1687=LINE('',#10932,#2143);
#1688=LINE('',#10933,#2144);
#1689=LINE('',#10934,#2145);
#1690=LINE('',#10935,#2146);
#1691=LINE('',#10936,#2147);
#1692=LINE('',#10937,#2148);
#1693=LINE('',#10938,#2149);
#1694=LINE('',#10939,#2150);
#1695=LINE('',#10940,#2151);
#1696=LINE('',#10941,#2152);
#1697=LINE('',#10942,#2153);
#1698=LINE('',#10943,#2154);
#1699=LINE('',#10944,#2155);
#1700=LINE('',#10945,#2156);
#1701=LINE('',#10946,#2157);
#1702=LINE('',#10947,#2158);
#1703=LINE('',#10948,#2159);
#1704=LINE('',#10949,#2160);
#1705=LINE('',#10950,#2161);
#1706=LINE('',#10951,#2162);
#1707=LINE('',#10952,#2163);
#1708=LINE('',#10953,#2164);
#1709=LINE('',#10954,#2165);
#1710=LINE('',#10955,#2166);
#1711=LINE('',#10956,#2167);
#1712=LINE('',#10957,#2168);
#1713=LINE('',#10958,#2169);
#1714=LINE('',#10959,#2170);
#1715=LINE('',#10963,#2171);
#1716=LINE('',#10965,#2172);
#1717=LINE('',#10967,#2173);
#1718=LINE('',#10968,#2174);
#1719=LINE('',#10971,#2175);
#1720=LINE('',#10973,#2176);
#1721=LINE('',#10975,#2177);
#1722=LINE('',#10976,#2178);
#1723=LINE('',#10991,#2179);
#1724=LINE('',#10993,#2180);
#1725=LINE('',#11023,#2181);
#1726=LINE('',#11045,#2182);
#1727=LINE('',#11058,#2183);
#1728=LINE('',#11059,#2184);
#1729=LINE('',#11061,#2185);
#1730=LINE('',#11063,#2186);
#1731=LINE('',#11067,#2187);
#1732=LINE('',#11069,#2188);
#1733=LINE('',#11070,#2189);
#1734=LINE('',#11073,#2190);
#1735=LINE('',#11074,#2191);
#1736=LINE('',#11077,#2192);
#1737=LINE('',#11078,#2193);
#1738=LINE('',#11080,#2194);
#1739=LINE('',#11084,#2195);
#1740=LINE('',#11086,#2196);
#1741=LINE('',#11087,#2197);
#1742=LINE('',#11090,#2198);
#1743=LINE('',#11091,#2199);
#1744=LINE('',#11114,#2200);
#1745=LINE('',#11149,#2201);
#1746=LINE('',#11172,#2202);
#1747=LINE('',#11175,#2203);
#1748=LINE('',#11176,#2204);
#1749=LINE('',#11199,#2205);
#1750=LINE('',#11234,#2206);
#1751=LINE('',#11237,#2207);
#1752=LINE('',#11238,#2208);
#1753=LINE('',#11273,#2209);
#1754=LINE('',#11310,#2210);
#1755=LINE('',#11312,#2211);
#1756=LINE('',#11313,#2212);
#1757=LINE('',#11316,#2213);
#1758=LINE('',#11317,#2214);
#1759=LINE('',#11320,#2215);
#1760=LINE('',#11321,#2216);
#1761=LINE('',#11323,#2217);
#1762=LINE('',#11389,#2218);
#1763=LINE('',#11391,#2219);
#1764=LINE('',#11392,#2220);
#1765=LINE('',#11395,#2221);
#1766=LINE('',#11396,#2222);
#1767=LINE('',#11399,#2223);
#1768=LINE('',#11400,#2224);
#1769=LINE('',#11402,#2225);
#1770=LINE('',#11406,#2226);
#1771=LINE('',#11408,#2227);
#1772=LINE('',#11409,#2228);
#1773=LINE('',#11412,#2229);
#1774=LINE('',#11413,#2230);
#1775=LINE('',#11416,#2231);
#1776=LINE('',#11417,#2232);
#1777=LINE('',#11419,#2233);
#1778=LINE('',#11423,#2234);
#1779=LINE('',#11425,#2235);
#1780=LINE('',#11426,#2236);
#1781=LINE('',#11429,#2237);
#1782=LINE('',#11430,#2238);
#1783=LINE('',#11433,#2239);
#1784=LINE('',#11434,#2240);
#1785=LINE('',#11436,#2241);
#1786=LINE('',#11440,#2242);
#1787=LINE('',#11442,#2243);
#1788=LINE('',#11443,#2244);
#1789=LINE('',#11446,#2245);
#1790=LINE('',#11447,#2246);
#1791=LINE('',#11450,#2247);
#1792=LINE('',#11451,#2248);
#1793=LINE('',#11453,#2249);
#1794=LINE('',#11457,#2250);
#1795=LINE('',#11459,#2251);
#1796=LINE('',#11460,#2252);
#1797=LINE('',#11463,#2253);
#1798=LINE('',#11464,#2254);
#1799=LINE('',#11467,#2255);
#1800=LINE('',#11468,#2256);
#1801=LINE('',#11470,#2257);
#1802=LINE('',#11474,#2258);
#1803=LINE('',#11476,#2259);
#1804=LINE('',#11477,#2260);
#1805=LINE('',#11480,#2261);
#1806=LINE('',#11481,#2262);
#1807=LINE('',#11484,#2263);
#1808=LINE('',#11485,#2264);
#1809=LINE('',#11487,#2265);
#1810=LINE('',#11491,#2266);
#1811=LINE('',#11493,#2267);
#1812=LINE('',#11494,#2268);
#1813=LINE('',#11497,#2269);
#1814=LINE('',#11498,#2270);
#1815=LINE('',#11501,#2271);
#1816=LINE('',#11502,#2272);
#1817=LINE('',#11504,#2273);
#1818=LINE('',#11515,#2274);
#1819=LINE('',#11521,#2275);
#1820=LINE('',#11525,#2276);
#1821=LINE('',#11532,#2277);
#1822=LINE('',#11535,#2278);
#1823=LINE('',#11541,#2279);
#1824=LINE('',#11544,#2280);
#1825=LINE('',#11548,#2281);
#1826=LINE('',#11550,#2282);
#1827=LINE('',#11552,#2283);
#1828=LINE('',#11553,#2284);
#1829=LINE('',#11557,#2285);
#1830=LINE('',#11559,#2286);
#1831=LINE('',#11561,#2287);
#1832=LINE('',#11562,#2288);
#1833=LINE('',#11565,#2289);
#1834=LINE('',#11567,#2290);
#1835=LINE('',#11569,#2291);
#1836=LINE('',#11570,#2292);
#1837=LINE('',#11572,#2293);
#1838=LINE('',#11573,#2294);
#1839=LINE('',#11575,#2295);
#1840=LINE('',#11577,#2296);
#1841=LINE('',#11581,#2297);
#1842=LINE('',#11583,#2298);
#1843=LINE('',#11584,#2299);
#1844=LINE('',#11587,#2300);
#1845=LINE('',#11588,#2301);
#1846=LINE('',#11591,#2302);
#1847=LINE('',#11592,#2303);
#1848=LINE('',#11594,#2304);
#1849=LINE('',#11596,#2305);
#1850=LINE('',#11598,#2306);
#1851=LINE('',#11602,#2307);
#1852=LINE('',#11605,#2308);
#1853=LINE('',#11607,#2309);
#1854=LINE('',#11610,#2310);
#1855=LINE('',#11611,#2311);
#1856=LINE('',#11615,#2312);
#1857=LINE('',#11618,#2313);
#1858=LINE('',#11619,#2314);
#1859=LINE('',#11623,#2315);
#1860=LINE('',#11625,#2316);
#1861=LINE('',#11629,#2317);
#1862=LINE('',#11633,#2318);
#1863=LINE('',#11637,#2319);
#1864=LINE('',#11641,#2320);
#1865=LINE('',#11648,#2321);
#1866=LINE('',#11652,#2322);
#1867=LINE('',#11656,#2323);
#1868=LINE('',#11659,#2324);
#1869=LINE('',#11661,#2325);
#1870=LINE('',#11662,#2326);
#1871=LINE('',#11664,#2327);
#1872=LINE('',#11666,#2328);
#1873=LINE('',#11668,#2329);
#1874=LINE('',#11670,#2330);
#1875=LINE('',#11672,#2331);
#1876=LINE('',#11674,#2332);
#1877=LINE('',#11683,#2333);
#1878=LINE('',#11685,#2334);
#1879=LINE('',#11687,#2335);
#1880=LINE('',#11688,#2336);
#1881=LINE('',#11691,#2337);
#1882=LINE('',#11693,#2338);
#1883=LINE('',#11694,#2339);
#1884=LINE('',#11697,#2340);
#1885=LINE('',#11699,#2341);
#1886=LINE('',#11700,#2342);
#1887=LINE('',#11702,#2343);
#1888=LINE('',#11703,#2344);
#1889=LINE('',#11712,#2345);
#1890=LINE('',#11719,#2346);
#1891=LINE('',#11726,#2347);
#1892=LINE('',#11732,#2348);
#1893=LINE('',#11737,#2349);
#1894=LINE('',#11741,#2350);
#1895=LINE('',#11745,#2351);
#1896=LINE('',#11749,#2352);
#1897=LINE('',#11751,#2353);
#1898=LINE('',#11756,#2354);
#1899=LINE('',#11760,#2355);
#1900=LINE('',#11764,#2356);
#1901=LINE('',#11767,#2357);
#1902=LINE('',#11769,#2358);
#1903=LINE('',#11772,#2359);
#1904=LINE('',#11774,#2360);
#1905=LINE('',#11777,#2361);
#1906=LINE('',#11782,#2362);
#1907=LINE('',#11783,#2363);
#1908=LINE('',#11787,#2364);
#1909=LINE('',#11788,#2365);
#1910=LINE('',#11792,#2366);
#1911=LINE('',#11793,#2367);
#1912=LINE('',#11800,#2368);
#1913=LINE('',#11802,#2369);
#1914=LINE('',#11804,#2370);
#1915=LINE('',#11805,#2371);
#1916=LINE('',#11809,#2372);
#1917=LINE('',#11811,#2373);
#1918=LINE('',#11813,#2374);
#1919=LINE('',#11814,#2375);
#1920=LINE('',#11884,#2376);
#1921=LINE('',#11887,#2377);
#1922=LINE('',#11890,#2378);
#1923=LINE('',#11892,#2379);
#1924=LINE('',#11893,#2380);
#1925=LINE('',#11898,#2381);
#1926=LINE('',#11902,#2382);
#1927=LINE('',#11904,#2383);
#1928=LINE('',#11905,#2384);
#1929=LINE('',#11910,#2385);
#1930=LINE('',#11914,#2386);
#1931=LINE('',#11916,#2387);
#1932=LINE('',#11917,#2388);
#1933=LINE('',#11922,#2389);
#1934=LINE('',#11925,#2390);
#1935=LINE('',#11926,#2391);
#1936=LINE('',#11931,#2392);
#1937=LINE('',#11933,#2393);
#1938=LINE('',#11935,#2394);
#1939=LINE('',#11936,#2395);
#1940=LINE('',#11939,#2396);
#1941=LINE('',#11941,#2397);
#1942=LINE('',#11942,#2398);
#1943=LINE('',#11945,#2399);
#1944=LINE('',#11947,#2400);
#1945=LINE('',#11948,#2401);
#1946=LINE('',#11950,#2402);
#1947=LINE('',#11951,#2403);
#1948=LINE('',#11967,#2404);
#1949=LINE('',#11969,#2405);
#1950=LINE('',#11971,#2406);
#1951=LINE('',#11972,#2407);
#1952=LINE('',#11977,#2408);
#1953=LINE('',#11978,#2409);
#1954=LINE('',#11983,#2410);
#1955=LINE('',#11984,#2411);
#1956=LINE('',#11986,#2412);
#1957=LINE('',#11987,#2413);
#1958=LINE('',#11992,#2414);
#1959=VECTOR('',#7639,1.05);
#1960=VECTOR('',#7646,1.05);
#1961=VECTOR('',#7653,1.05);
#1962=VECTOR('',#7660,1.05);
#1963=VECTOR('',#7665,1000.);
#1964=VECTOR('',#7666,1000.);
#1965=VECTOR('',#7667,1000.);
#1966=VECTOR('',#7668,1000.);
#1967=VECTOR('',#7669,1000.);
#1968=VECTOR('',#7670,1000.);
#1969=VECTOR('',#7671,1000.);
#1970=VECTOR('',#7672,1000.);
#1971=VECTOR('',#7675,1000.);
#1972=VECTOR('',#7676,1000.);
#1973=VECTOR('',#7677,1000.);
#1974=VECTOR('',#7678,1000.);
#1975=VECTOR('',#7679,1000.);
#1976=VECTOR('',#7680,1000.);
#1977=VECTOR('',#7681,1000.);
#1978=VECTOR('',#7682,1000.);
#1979=VECTOR('',#7685,1000.);
#1980=VECTOR('',#7686,1000.);
#1981=VECTOR('',#7689,1000.);
#1982=VECTOR('',#7692,1000.);
#1983=VECTOR('',#7695,1000.);
#1984=VECTOR('',#7696,1000.);
#1985=VECTOR('',#7697,1000.);
#1986=VECTOR('',#7698,1000.);
#1987=VECTOR('',#7699,1000.);
#1988=VECTOR('',#7700,1000.);
#1989=VECTOR('',#7701,1000.);
#1990=VECTOR('',#7704,1000.);
#1991=VECTOR('',#7705,1000.);
#1992=VECTOR('',#7708,1000.);
#1993=VECTOR('',#7709,1000.);
#1994=VECTOR('',#7712,1000.);
#1995=VECTOR('',#7717,1000.);
#1996=VECTOR('',#7718,1000.);
#1997=VECTOR('',#7719,1000.);
#1998=VECTOR('',#7722,1000.);
#1999=VECTOR('',#7723,1000.);
#2000=VECTOR('',#7726,1000.);
#2001=VECTOR('',#7727,1000.);
#2002=VECTOR('',#7730,1000.);
#2003=VECTOR('',#7735,1000.);
#2004=VECTOR('',#7736,1000.);
#2005=VECTOR('',#7737,1000.);
#2006=VECTOR('',#7740,1000.);
#2007=VECTOR('',#7741,1000.);
#2008=VECTOR('',#7744,1000.);
#2009=VECTOR('',#7745,1000.);
#2010=VECTOR('',#7748,1000.);
#2011=VECTOR('',#8323,0.0300000000000001);
#2012=VECTOR('',#8332,0.0300000000000001);
#2013=VECTOR('',#8341,0.0300000000000001);
#2014=VECTOR('',#8350,0.0300000000000001);
#2015=VECTOR('',#8359,0.0300000000000001);
#2016=VECTOR('',#8368,0.0299999999999997);
#2017=VECTOR('',#8377,0.0299999999999997);
#2018=VECTOR('',#8386,0.0299999999999997);
#2019=VECTOR('',#8395,0.0299999999999997);
#2020=VECTOR('',#8404,0.0299999999999997);
#2021=VECTOR('',#8413,0.0299999999999997);
#2022=VECTOR('',#8422,0.0299999999999997);
#2023=VECTOR('',#8431,0.0299999999999997);
#2024=VECTOR('',#8440,0.0299999999999997);
#2025=VECTOR('',#8449,0.0299999999999997);
#2026=VECTOR('',#8458,0.0299999999999997);
#2027=VECTOR('',#8467,0.0299999999999997);
#2028=VECTOR('',#8476,0.0299999999999997);
#2029=VECTOR('',#8485,0.0299999999999997);
#2030=VECTOR('',#8494,0.0299999999999997);
#2031=VECTOR('',#8503,0.0299999999999997);
#2032=VECTOR('',#8512,0.0299999999999997);
#2033=VECTOR('',#8521,0.0299999999999997);
#2034=VECTOR('',#8530,0.0299999999999997);
#2035=VECTOR('',#8539,0.0299999999999997);
#2036=VECTOR('',#8548,0.0300000000000001);
#2037=VECTOR('',#8557,0.0300000000000001);
#2038=VECTOR('',#8566,0.0300000000000001);
#2039=VECTOR('',#8575,0.0300000000000001);
#2040=VECTOR('',#8584,0.0300000000000001);
#2041=VECTOR('',#8593,0.0300000000000001);
#2042=VECTOR('',#8602,0.0300000000000001);
#2043=VECTOR('',#8611,0.0300000000000001);
#2044=VECTOR('',#8620,0.0300000000000001);
#2045=VECTOR('',#8629,0.0300000000000001);
#2046=VECTOR('',#8638,0.0300000000000001);
#2047=VECTOR('',#8647,0.0299999999999997);
#2048=VECTOR('',#8656,0.0299999999999997);
#2049=VECTOR('',#8665,0.0299999999999997);
#2050=VECTOR('',#8674,0.0299999999999997);
#2051=VECTOR('',#8683,0.0299999999999997);
#2052=VECTOR('',#8692,0.0299999999999997);
#2053=VECTOR('',#8701,0.0299999999999997);
#2054=VECTOR('',#8710,0.0299999999999997);
#2055=VECTOR('',#8719,0.0299999999999997);
#2056=VECTOR('',#8728,0.0299999999999997);
#2057=VECTOR('',#8737,0.0299999999999997);
#2058=VECTOR('',#8746,0.0299999999999997);
#2059=VECTOR('',#8755,0.0299999999999997);
#2060=VECTOR('',#8764,0.0299999999999997);
#2061=VECTOR('',#8773,0.0299999999999997);
#2062=VECTOR('',#8782,0.0299999999999997);
#2063=VECTOR('',#8791,0.0299999999999997);
#2064=VECTOR('',#8800,0.0299999999999997);
#2065=VECTOR('',#8809,0.0299999999999997);
#2066=VECTOR('',#8818,0.0299999999999997);
#2067=VECTOR('',#8827,0.0300000000000001);
#2068=VECTOR('',#8836,0.0300000000000001);
#2069=VECTOR('',#8845,0.0300000000000001);
#2070=VECTOR('',#8854,0.0300000000000001);
#2071=VECTOR('',#8863,0.0300000000000001);
#2072=VECTOR('',#8872,0.0300000000000001);
#2073=VECTOR('',#8877,1000.);
#2074=VECTOR('',#8878,1000.);
#2075=VECTOR('',#8879,1000.);
#2076=VECTOR('',#8880,1000.);
#2077=VECTOR('',#8881,1000.);
#2078=VECTOR('',#8882,1000.);
#2079=VECTOR('',#8883,1000.);
#2080=VECTOR('',#8884,1000.);
#2081=VECTOR('',#8885,1000.);
#2082=VECTOR('',#8886,1000.);
#2083=VECTOR('',#8887,1000.);
#2084=VECTOR('',#8888,1000.);
#2085=VECTOR('',#8889,1000.);
#2086=VECTOR('',#8890,1000.);
#2087=VECTOR('',#8891,1000.);
#2088=VECTOR('',#8892,1000.);
#2089=VECTOR('',#8893,1000.);
#2090=VECTOR('',#8894,1000.);
#2091=VECTOR('',#8895,1000.);
#2092=VECTOR('',#8896,1000.);
#2093=VECTOR('',#8897,1000.);
#2094=VECTOR('',#8898,1000.);
#2095=VECTOR('',#8899,1000.);
#2096=VECTOR('',#8900,1000.);
#2097=VECTOR('',#8901,1000.);
#2098=VECTOR('',#8902,1000.);
#2099=VECTOR('',#8903,1000.);
#2100=VECTOR('',#8904,1000.);
#2101=VECTOR('',#8905,1000.);
#2102=VECTOR('',#8906,1000.);
#2103=VECTOR('',#8907,1000.);
#2104=VECTOR('',#8908,1000.);
#2105=VECTOR('',#8909,1000.);
#2106=VECTOR('',#8910,1000.);
#2107=VECTOR('',#8911,1000.);
#2108=VECTOR('',#8912,1000.);
#2109=VECTOR('',#8913,1000.);
#2110=VECTOR('',#8914,1000.);
#2111=VECTOR('',#8915,1000.);
#2112=VECTOR('',#8916,1000.);
#2113=VECTOR('',#8917,1000.);
#2114=VECTOR('',#8918,1000.);
#2115=VECTOR('',#8919,1000.);
#2116=VECTOR('',#8920,1000.);
#2117=VECTOR('',#8921,1000.);
#2118=VECTOR('',#8922,1000.);
#2119=VECTOR('',#8923,1000.);
#2120=VECTOR('',#8924,1000.);
#2121=VECTOR('',#8925,1000.);
#2122=VECTOR('',#8926,1000.);
#2123=VECTOR('',#8927,1000.);
#2124=VECTOR('',#8928,1000.);
#2125=VECTOR('',#8929,1000.);
#2126=VECTOR('',#8930,1000.);
#2127=VECTOR('',#8931,1000.);
#2128=VECTOR('',#8932,1000.);
#2129=VECTOR('',#8933,1000.);
#2130=VECTOR('',#8934,1000.);
#2131=VECTOR('',#8935,1000.);
#2132=VECTOR('',#8936,1000.);
#2133=VECTOR('',#8937,1000.);
#2134=VECTOR('',#8938,1000.);
#2135=VECTOR('',#8939,1000.);
#2136=VECTOR('',#8940,1000.);
#2137=VECTOR('',#8941,1000.);
#2138=VECTOR('',#8942,1000.);
#2139=VECTOR('',#8943,1000.);
#2140=VECTOR('',#8944,1000.);
#2141=VECTOR('',#8945,1000.);
#2142=VECTOR('',#8946,1000.);
#2143=VECTOR('',#8947,1000.);
#2144=VECTOR('',#8948,1000.);
#2145=VECTOR('',#8949,1000.);
#2146=VECTOR('',#8950,1000.);
#2147=VECTOR('',#8951,1000.);
#2148=VECTOR('',#8952,1000.);
#2149=VECTOR('',#8953,1000.);
#2150=VECTOR('',#8954,1000.);
#2151=VECTOR('',#8955,1000.);
#2152=VECTOR('',#8956,1000.);
#2153=VECTOR('',#8957,1000.);
#2154=VECTOR('',#8958,1000.);
#2155=VECTOR('',#8959,1000.);
#2156=VECTOR('',#8960,1000.);
#2157=VECTOR('',#8961,1000.);
#2158=VECTOR('',#8962,1000.);
#2159=VECTOR('',#8963,1000.);
#2160=VECTOR('',#8964,1000.);
#2161=VECTOR('',#8965,1000.);
#2162=VECTOR('',#8966,1000.);
#2163=VECTOR('',#8967,1000.);
#2164=VECTOR('',#8968,1000.);
#2165=VECTOR('',#8969,1000.);
#2166=VECTOR('',#8970,1000.);
#2167=VECTOR('',#8971,1000.);
#2168=VECTOR('',#8972,1000.);
#2169=VECTOR('',#8973,1000.);
#2170=VECTOR('',#8974,1000.);
#2171=VECTOR('',#8977,1000.);
#2172=VECTOR('',#8978,1000.);
#2173=VECTOR('',#8979,1000.);
#2174=VECTOR('',#8980,1000.);
#2175=VECTOR('',#8981,1000.);
#2176=VECTOR('',#8982,1000.);
#2177=VECTOR('',#8983,1000.);
#2178=VECTOR('',#8984,1000.);
#2179=VECTOR('',#8985,1000.);
#2180=VECTOR('',#8986,1000.);
#2181=VECTOR('',#8987,1000.);
#2182=VECTOR('',#8988,1000.);
#2183=VECTOR('',#8991,1000.);
#2184=VECTOR('',#8992,1000.);
#2185=VECTOR('',#8995,1000.);
#2186=VECTOR('',#8998,1000.);
#2187=VECTOR('',#9003,1000.);
#2188=VECTOR('',#9004,1000.);
#2189=VECTOR('',#9005,1000.);
#2190=VECTOR('',#9008,1000.);
#2191=VECTOR('',#9009,1000.);
#2192=VECTOR('',#9012,1000.);
#2193=VECTOR('',#9013,1000.);
#2194=VECTOR('',#9016,1000.);
#2195=VECTOR('',#9021,1000.);
#2196=VECTOR('',#9022,1000.);
#2197=VECTOR('',#9023,1000.);
#2198=VECTOR('',#9026,1000.);
#2199=VECTOR('',#9027,1000.);
#2200=VECTOR('',#9028,1000.);
#2201=VECTOR('',#9029,1000.);
#2202=VECTOR('',#9030,1000.);
#2203=VECTOR('',#9033,1000.);
#2204=VECTOR('',#9034,1000.);
#2205=VECTOR('',#9035,1000.);
#2206=VECTOR('',#9036,1000.);
#2207=VECTOR('',#9039,1000.);
#2208=VECTOR('',#9040,1000.);
#2209=VECTOR('',#9041,1000.);
#2210=VECTOR('',#9046,1000.);
#2211=VECTOR('',#9047,1000.);
#2212=VECTOR('',#9048,1000.);
#2213=VECTOR('',#9051,1000.);
#2214=VECTOR('',#9052,1000.);
#2215=VECTOR('',#9055,1000.);
#2216=VECTOR('',#9056,1000.);
#2217=VECTOR('',#9059,1000.);
#2218=VECTOR('',#9188,1000.);
#2219=VECTOR('',#9189,1000.);
#2220=VECTOR('',#9190,1000.);
#2221=VECTOR('',#9193,1000.);
#2222=VECTOR('',#9194,1000.);
#2223=VECTOR('',#9197,1000.);
#2224=VECTOR('',#9198,1000.);
#2225=VECTOR('',#9201,1000.);
#2226=VECTOR('',#9206,1000.);
#2227=VECTOR('',#9207,1000.);
#2228=VECTOR('',#9208,1000.);
#2229=VECTOR('',#9211,1000.);
#2230=VECTOR('',#9212,1000.);
#2231=VECTOR('',#9215,1000.);
#2232=VECTOR('',#9216,1000.);
#2233=VECTOR('',#9219,1000.);
#2234=VECTOR('',#9224,1000.);
#2235=VECTOR('',#9225,1000.);
#2236=VECTOR('',#9226,1000.);
#2237=VECTOR('',#9229,1000.);
#2238=VECTOR('',#9230,1000.);
#2239=VECTOR('',#9233,1000.);
#2240=VECTOR('',#9234,1000.);
#2241=VECTOR('',#9237,1000.);
#2242=VECTOR('',#9242,1000.);
#2243=VECTOR('',#9243,1000.);
#2244=VECTOR('',#9244,1000.);
#2245=VECTOR('',#9247,1000.);
#2246=VECTOR('',#9248,1000.);
#2247=VECTOR('',#9251,1000.);
#2248=VECTOR('',#9252,1000.);
#2249=VECTOR('',#9255,1000.);
#2250=VECTOR('',#9260,1000.);
#2251=VECTOR('',#9261,1000.);
#2252=VECTOR('',#9262,1000.);
#2253=VECTOR('',#9265,1000.);
#2254=VECTOR('',#9266,1000.);
#2255=VECTOR('',#9269,1000.);
#2256=VECTOR('',#9270,1000.);
#2257=VECTOR('',#9273,1000.);
#2258=VECTOR('',#9278,1000.);
#2259=VECTOR('',#9279,1000.);
#2260=VECTOR('',#9280,1000.);
#2261=VECTOR('',#9283,1000.);
#2262=VECTOR('',#9284,1000.);
#2263=VECTOR('',#9287,1000.);
#2264=VECTOR('',#9288,1000.);
#2265=VECTOR('',#9291,1000.);
#2266=VECTOR('',#9296,1000.);
#2267=VECTOR('',#9297,1000.);
#2268=VECTOR('',#9298,1000.);
#2269=VECTOR('',#9301,1000.);
#2270=VECTOR('',#9302,1000.);
#2271=VECTOR('',#9305,1000.);
#2272=VECTOR('',#9306,1000.);
#2273=VECTOR('',#9309,1000.);
#2274=VECTOR('',#9324,2.8);
#2275=VECTOR('',#9331,3.8);
#2276=VECTOR('',#9336,2.8);
#2277=VECTOR('',#9343,1000.);
#2278=VECTOR('',#9346,1000.);
#2279=VECTOR('',#9351,1000.);
#2280=VECTOR('',#9354,1000.);
#2281=VECTOR('',#9357,1000.);
#2282=VECTOR('',#9358,1000.);
#2283=VECTOR('',#9359,1000.);
#2284=VECTOR('',#9360,1000.);
#2285=VECTOR('',#9363,1000.);
#2286=VECTOR('',#9364,1000.);
#2287=VECTOR('',#9365,1000.);
#2288=VECTOR('',#9366,1000.);
#2289=VECTOR('',#9367,1000.);
#2290=VECTOR('',#9368,1000.);
#2291=VECTOR('',#9369,1000.);
#2292=VECTOR('',#9370,1000.);
#2293=VECTOR('',#9373,1000.);
#2294=VECTOR('',#9374,1000.);
#2295=VECTOR('',#9377,1000.);
#2296=VECTOR('',#9380,1000.);
#2297=VECTOR('',#9385,1000.);
#2298=VECTOR('',#9386,1000.);
#2299=VECTOR('',#9387,1000.);
#2300=VECTOR('',#9390,1000.);
#2301=VECTOR('',#9391,1000.);
#2302=VECTOR('',#9394,1000.);
#2303=VECTOR('',#9395,1000.);
#2304=VECTOR('',#9398,1000.);
#2305=VECTOR('',#9401,1000.);
#2306=VECTOR('',#9402,1000.);
#2307=VECTOR('',#9405,1000.);
#2308=VECTOR('',#9408,1000.);
#2309=VECTOR('',#9411,1000.);
#2310=VECTOR('',#9414,1000.);
#2311=VECTOR('',#9415,1000.);
#2312=VECTOR('',#9420,1000.);
#2313=VECTOR('',#9423,1000.);
#2314=VECTOR('',#9424,1000.);
#2315=VECTOR('',#9429,1000.);
#2316=VECTOR('',#9432,1000.);
#2317=VECTOR('',#9435,1000.);
#2318=VECTOR('',#9438,1000.);
#2319=VECTOR('',#9441,1000.);
#2320=VECTOR('',#9444,1000.);
#2321=VECTOR('',#9451,1000.);
#2322=VECTOR('',#9454,1000.);
#2323=VECTOR('',#9457,1000.);
#2324=VECTOR('',#9460,1000.);
#2325=VECTOR('',#9463,1000.);
#2326=VECTOR('',#9464,1000.);
#2327=VECTOR('',#9467,1000.);
#2328=VECTOR('',#9470,1000.);
#2329=VECTOR('',#9473,1000.);
#2330=VECTOR('',#9476,1000.);
#2331=VECTOR('',#9479,1000.);
#2332=VECTOR('',#9482,1000.);
#2333=VECTOR('',#9495,1000.);
#2334=VECTOR('',#9496,1000.);
#2335=VECTOR('',#9497,1000.);
#2336=VECTOR('',#9498,1000.);
#2337=VECTOR('',#9501,1000.);
#2338=VECTOR('',#9502,1000.);
#2339=VECTOR('',#9503,1000.);
#2340=VECTOR('',#9506,1000.);
#2341=VECTOR('',#9507,1000.);
#2342=VECTOR('',#9508,1000.);
#2343=VECTOR('',#9511,1000.);
#2344=VECTOR('',#9512,1000.);
#2345=VECTOR('',#9525,1.);
#2346=VECTOR('',#9534,3.);
#2347=VECTOR('',#9543,1.8);
#2348=VECTOR('',#9550,2.75);
#2349=VECTOR('',#9555,1000.);
#2350=VECTOR('',#9558,1000.);
#2351=VECTOR('',#9561,1000.);
#2352=VECTOR('',#9564,1000.);
#2353=VECTOR('',#9565,2.75);
#2354=VECTOR('',#9570,1000.);
#2355=VECTOR('',#9573,1000.);
#2356=VECTOR('',#9578,1000.);
#2357=VECTOR('',#9581,1000.);
#2358=VECTOR('',#9582,1000.);
#2359=VECTOR('',#9585,1000.);
#2360=VECTOR('',#9586,1000.);
#2361=VECTOR('',#9589,1000.);
#2362=VECTOR('',#9598,1000.);
#2363=VECTOR('',#9599,1000.);
#2364=VECTOR('',#9606,1000.);
#2365=VECTOR('',#9607,1000.);
#2366=VECTOR('',#9614,1000.);
#2367=VECTOR('',#9615,1000.);
#2368=VECTOR('',#9624,1000.);
#2369=VECTOR('',#9625,1000.);
#2370=VECTOR('',#9626,1000.);
#2371=VECTOR('',#9627,1000.);
#2372=VECTOR('',#9630,1000.);
#2373=VECTOR('',#9631,1000.);
#2374=VECTOR('',#9632,1000.);
#2375=VECTOR('',#9633,1000.);
#2376=VECTOR('',#9642,1000.);
#2377=VECTOR('',#9645,1000.);
#2378=VECTOR('',#9648,1000.);
#2379=VECTOR('',#9649,1000.);
#2380=VECTOR('',#9650,1000.);
#2381=VECTOR('',#9655,1000.);
#2382=VECTOR('',#9660,1000.);
#2383=VECTOR('',#9661,1000.);
#2384=VECTOR('',#9662,1000.);
#2385=VECTOR('',#9667,1000.);
#2386=VECTOR('',#9672,1000.);
#2387=VECTOR('',#9673,1000.);
#2388=VECTOR('',#9674,1000.);
#2389=VECTOR('',#9679,1000.);
#2390=VECTOR('',#9684,1000.);
#2391=VECTOR('',#9685,1000.);
#2392=VECTOR('',#9690,1000.);
#2393=VECTOR('',#9691,1000.);
#2394=VECTOR('',#9692,1000.);
#2395=VECTOR('',#9693,1000.);
#2396=VECTOR('',#9696,1000.);
#2397=VECTOR('',#9697,1000.);
#2398=VECTOR('',#9698,1000.);
#2399=VECTOR('',#9701,1000.);
#2400=VECTOR('',#9702,1000.);
#2401=VECTOR('',#9703,1000.);
#2402=VECTOR('',#9706,1000.);
#2403=VECTOR('',#9707,1000.);
#2404=VECTOR('',#9732,10.);
#2405=VECTOR('',#9733,10.);
#2406=VECTOR('',#9734,10.);
#2407=VECTOR('',#9735,10.);
#2408=VECTOR('',#9740,10.);
#2409=VECTOR('',#9741,10.);
#2410=VECTOR('',#9746,10.);
#2411=VECTOR('',#9747,10.);
#2412=VECTOR('',#9750,10.);
#2413=VECTOR('',#9751,10.);
#2414=VECTOR('',#9758,15.);
#2415=CIRCLE('',#6792,1.05);
#2416=CIRCLE('',#6793,1.05);
#2417=CIRCLE('',#6795,1.05);
#2418=CIRCLE('',#6796,1.05);
#2419=CIRCLE('',#6798,1.05);
#2420=CIRCLE('',#6799,1.05);
#2421=CIRCLE('',#6801,1.05);
#2422=CIRCLE('',#6802,1.05);
#2423=CIRCLE('',#6828,0.0300000000000001);
#2424=CIRCLE('',#6829,0.0699999999999995);
#2425=CIRCLE('',#6830,0.0300000000000001);
#2426=CIRCLE('',#6832,0.0300000000000001);
#2427=CIRCLE('',#6833,0.0699999999999995);
#2428=CIRCLE('',#6834,0.0300000000000001);
#2429=CIRCLE('',#6836,0.0300000000000001);
#2430=CIRCLE('',#6837,0.0699999999999995);
#2431=CIRCLE('',#6838,0.0300000000000001);
#2432=CIRCLE('',#6840,0.0300000000000001);
#2433=CIRCLE('',#6841,0.0699999999999995);
#2434=CIRCLE('',#6842,0.0300000000000001);
#2435=CIRCLE('',#6844,0.0300000000000001);
#2436=CIRCLE('',#6845,0.0699999999999995);
#2437=CIRCLE('',#6846,0.0300000000000001);
#2438=CIRCLE('',#6848,0.0300000000000001);
#2439=CIRCLE('',#6849,0.0699999999999995);
#2440=CIRCLE('',#6850,0.0299999999999997);
#2441=CIRCLE('',#6852,0.0300000000000001);
#2442=CIRCLE('',#6853,0.0699999999999995);
#2443=CIRCLE('',#6854,0.0299999999999997);
#2444=CIRCLE('',#6856,0.0300000000000001);
#2445=CIRCLE('',#6857,0.0699999999999995);
#2446=CIRCLE('',#6858,0.0299999999999997);
#2447=CIRCLE('',#6860,0.0300000000000001);
#2448=CIRCLE('',#6861,0.0699999999999995);
#2449=CIRCLE('',#6862,0.0299999999999997);
#2450=CIRCLE('',#6864,0.0300000000000001);
#2451=CIRCLE('',#6865,0.0699999999999995);
#2452=CIRCLE('',#6866,0.0299999999999997);
#2453=CIRCLE('',#6868,0.0300000000000001);
#2454=CIRCLE('',#6869,0.0699999999999995);
#2455=CIRCLE('',#6870,0.0299999999999997);
#2456=CIRCLE('',#6872,0.0300000000000001);
#2457=CIRCLE('',#6873,0.0699999999999995);
#2458=CIRCLE('',#6874,0.0299999999999997);
#2459=CIRCLE('',#6876,0.0300000000000001);
#2460=CIRCLE('',#6877,0.0699999999999995);
#2461=CIRCLE('',#6878,0.0299999999999997);
#2462=CIRCLE('',#6880,0.0300000000000001);
#2463=CIRCLE('',#6881,0.0699999999999995);
#2464=CIRCLE('',#6882,0.0299999999999997);
#2465=CIRCLE('',#6884,0.0300000000000001);
#2466=CIRCLE('',#6885,0.0699999999999995);
#2467=CIRCLE('',#6886,0.0299999999999997);
#2468=CIRCLE('',#6888,0.0300000000000001);
#2469=CIRCLE('',#6889,0.0699999999999995);
#2470=CIRCLE('',#6890,0.0299999999999997);
#2471=CIRCLE('',#6892,0.0300000000000001);
#2472=CIRCLE('',#6893,0.0699999999999995);
#2473=CIRCLE('',#6894,0.0299999999999997);
#2474=CIRCLE('',#6896,0.0300000000000001);
#2475=CIRCLE('',#6897,0.0699999999999995);
#2476=CIRCLE('',#6898,0.0299999999999997);
#2477=CIRCLE('',#6900,0.0300000000000001);
#2478=CIRCLE('',#6901,0.0699999999999995);
#2479=CIRCLE('',#6902,0.0299999999999997);
#2480=CIRCLE('',#6904,0.0300000000000001);
#2481=CIRCLE('',#6905,0.0699999999999995);
#2482=CIRCLE('',#6906,0.0299999999999997);
#2483=CIRCLE('',#6908,0.0300000000000001);
#2484=CIRCLE('',#6909,0.0699999999999995);
#2485=CIRCLE('',#6910,0.0299999999999997);
#2486=CIRCLE('',#6912,0.0300000000000001);
#2487=CIRCLE('',#6913,0.0699999999999995);
#2488=CIRCLE('',#6914,0.0299999999999997);
#2489=CIRCLE('',#6916,0.0300000000000001);
#2490=CIRCLE('',#6917,0.0699999999999995);
#2491=CIRCLE('',#6918,0.0299999999999997);
#2492=CIRCLE('',#6920,0.0300000000000001);
#2493=CIRCLE('',#6921,0.0699999999999995);
#2494=CIRCLE('',#6922,0.0299999999999997);
#2495=CIRCLE('',#6924,0.0300000000000001);
#2496=CIRCLE('',#6925,0.0699999999999995);
#2497=CIRCLE('',#6926,0.0299999999999997);
#2498=CIRCLE('',#6928,0.0300000000000001);
#2499=CIRCLE('',#6929,0.0699999999999995);
#2500=CIRCLE('',#6930,0.0300000000000001);
#2501=CIRCLE('',#6932,0.0300000000000001);
#2502=CIRCLE('',#6933,0.0699999999999995);
#2503=CIRCLE('',#6934,0.0300000000000001);
#2504=CIRCLE('',#6936,0.0300000000000001);
#2505=CIRCLE('',#6937,0.0699999999999995);
#2506=CIRCLE('',#6938,0.0300000000000001);
#2507=CIRCLE('',#6940,0.0300000000000001);
#2508=CIRCLE('',#6941,0.0699999999999995);
#2509=CIRCLE('',#6942,0.0300000000000001);
#2510=CIRCLE('',#6944,0.0300000000000001);
#2511=CIRCLE('',#6945,0.0699999999999995);
#2512=CIRCLE('',#6946,0.0300000000000001);
#2513=CIRCLE('',#6948,0.0300000000000001);
#2514=CIRCLE('',#6949,0.0699999999999995);
#2515=CIRCLE('',#6950,0.0300000000000001);
#2516=CIRCLE('',#6952,0.0300000000000001);
#2517=CIRCLE('',#6953,0.0699999999999995);
#2518=CIRCLE('',#6954,0.0300000000000001);
#2519=CIRCLE('',#6955,0.0300000000000001);
#2520=CIRCLE('',#6957,0.0300000000000001);
#2521=CIRCLE('',#6958,0.0699999999999995);
#2522=CIRCLE('',#6959,0.0300000000000001);
#2523=CIRCLE('',#6960,0.0300000000000001);
#2524=CIRCLE('',#6962,0.0300000000000001);
#2525=CIRCLE('',#6963,0.0699999999999995);
#2526=CIRCLE('',#6964,0.0300000000000001);
#2527=CIRCLE('',#6965,0.0300000000000001);
#2528=CIRCLE('',#6967,0.0300000000000001);
#2529=CIRCLE('',#6968,0.0699999999999995);
#2530=CIRCLE('',#6969,0.0300000000000001);
#2531=CIRCLE('',#6970,0.0300000000000001);
#2532=CIRCLE('',#6972,0.0300000000000001);
#2533=CIRCLE('',#6973,0.0699999999999995);
#2534=CIRCLE('',#6974,0.0300000000000001);
#2535=CIRCLE('',#6975,0.0300000000000001);
#2536=CIRCLE('',#6977,0.0300000000000001);
#2537=CIRCLE('',#6978,0.0699999999999995);
#2538=CIRCLE('',#6979,0.0299999999999997);
#2539=CIRCLE('',#6980,0.0299999999999997);
#2540=CIRCLE('',#6982,0.0300000000000001);
#2541=CIRCLE('',#6983,0.0699999999999995);
#2542=CIRCLE('',#6984,0.0299999999999997);
#2543=CIRCLE('',#6985,0.0299999999999997);
#2544=CIRCLE('',#6987,0.0300000000000001);
#2545=CIRCLE('',#6988,0.0699999999999995);
#2546=CIRCLE('',#6989,0.0299999999999997);
#2547=CIRCLE('',#6990,0.0299999999999997);
#2548=CIRCLE('',#6992,0.0300000000000001);
#2549=CIRCLE('',#6993,0.0699999999999995);
#2550=CIRCLE('',#6994,0.0299999999999997);
#2551=CIRCLE('',#6995,0.0299999999999997);
#2552=CIRCLE('',#6997,0.0300000000000001);
#2553=CIRCLE('',#6998,0.0699999999999995);
#2554=CIRCLE('',#6999,0.0299999999999997);
#2555=CIRCLE('',#7000,0.0299999999999997);
#2556=CIRCLE('',#7002,0.0300000000000001);
#2557=CIRCLE('',#7003,0.0699999999999995);
#2558=CIRCLE('',#7004,0.0299999999999997);
#2559=CIRCLE('',#7005,0.0299999999999997);
#2560=CIRCLE('',#7007,0.0300000000000001);
#2561=CIRCLE('',#7008,0.0699999999999995);
#2562=CIRCLE('',#7009,0.0299999999999997);
#2563=CIRCLE('',#7010,0.0299999999999997);
#2564=CIRCLE('',#7012,0.0300000000000001);
#2565=CIRCLE('',#7013,0.0699999999999995);
#2566=CIRCLE('',#7014,0.0299999999999997);
#2567=CIRCLE('',#7015,0.0299999999999997);
#2568=CIRCLE('',#7017,0.0300000000000001);
#2569=CIRCLE('',#7018,0.0699999999999995);
#2570=CIRCLE('',#7019,0.0299999999999997);
#2571=CIRCLE('',#7020,0.0299999999999997);
#2572=CIRCLE('',#7022,0.0300000000000001);
#2573=CIRCLE('',#7023,0.0699999999999995);
#2574=CIRCLE('',#7024,0.0299999999999997);
#2575=CIRCLE('',#7025,0.0299999999999997);
#2576=CIRCLE('',#7027,0.0300000000000001);
#2577=CIRCLE('',#7028,0.0699999999999995);
#2578=CIRCLE('',#7029,0.0299999999999997);
#2579=CIRCLE('',#7030,0.0299999999999997);
#2580=CIRCLE('',#7032,0.0300000000000001);
#2581=CIRCLE('',#7033,0.0699999999999995);
#2582=CIRCLE('',#7034,0.0299999999999997);
#2583=CIRCLE('',#7035,0.0299999999999997);
#2584=CIRCLE('',#7037,0.0300000000000001);
#2585=CIRCLE('',#7038,0.0699999999999995);
#2586=CIRCLE('',#7039,0.0299999999999997);
#2587=CIRCLE('',#7040,0.0299999999999997);
#2588=CIRCLE('',#7042,0.0300000000000001);
#2589=CIRCLE('',#7043,0.0699999999999995);
#2590=CIRCLE('',#7044,0.0299999999999997);
#2591=CIRCLE('',#7045,0.0299999999999997);
#2592=CIRCLE('',#7047,0.0300000000000001);
#2593=CIRCLE('',#7048,0.0699999999999995);
#2594=CIRCLE('',#7049,0.0299999999999997);
#2595=CIRCLE('',#7050,0.0299999999999997);
#2596=CIRCLE('',#7052,0.0300000000000001);
#2597=CIRCLE('',#7053,0.0699999999999995);
#2598=CIRCLE('',#7054,0.0299999999999997);
#2599=CIRCLE('',#7055,0.0299999999999997);
#2600=CIRCLE('',#7057,0.0300000000000001);
#2601=CIRCLE('',#7058,0.0699999999999995);
#2602=CIRCLE('',#7059,0.0299999999999997);
#2603=CIRCLE('',#7060,0.0299999999999997);
#2604=CIRCLE('',#7062,0.0300000000000001);
#2605=CIRCLE('',#7063,0.0699999999999995);
#2606=CIRCLE('',#7064,0.0299999999999997);
#2607=CIRCLE('',#7065,0.0299999999999997);
#2608=CIRCLE('',#7067,0.0300000000000001);
#2609=CIRCLE('',#7068,0.0699999999999995);
#2610=CIRCLE('',#7069,0.0299999999999997);
#2611=CIRCLE('',#7070,0.0299999999999997);
#2612=CIRCLE('',#7072,0.0300000000000001);
#2613=CIRCLE('',#7073,0.0699999999999995);
#2614=CIRCLE('',#7074,0.0299999999999997);
#2615=CIRCLE('',#7075,0.0299999999999997);
#2616=CIRCLE('',#7077,0.0300000000000001);
#2617=CIRCLE('',#7078,0.0699999999999995);
#2618=CIRCLE('',#7079,0.0300000000000001);
#2619=CIRCLE('',#7080,0.0300000000000001);
#2620=CIRCLE('',#7082,0.0300000000000001);
#2621=CIRCLE('',#7083,0.0699999999999995);
#2622=CIRCLE('',#7084,0.0300000000000001);
#2623=CIRCLE('',#7085,0.0300000000000001);
#2624=CIRCLE('',#7087,0.0300000000000001);
#2625=CIRCLE('',#7088,0.0699999999999995);
#2626=CIRCLE('',#7089,0.0300000000000001);
#2627=CIRCLE('',#7090,0.0300000000000001);
#2628=CIRCLE('',#7092,0.0300000000000001);
#2629=CIRCLE('',#7093,0.0699999999999995);
#2630=CIRCLE('',#7094,0.0300000000000001);
#2631=CIRCLE('',#7095,0.0300000000000001);
#2632=CIRCLE('',#7097,0.0300000000000001);
#2633=CIRCLE('',#7098,0.0699999999999995);
#2634=CIRCLE('',#7099,0.0300000000000001);
#2635=CIRCLE('',#7100,0.0300000000000001);
#2636=CIRCLE('',#7102,0.0300000000000001);
#2637=CIRCLE('',#7103,0.0699999999999995);
#2638=CIRCLE('',#7104,0.0300000000000001);
#2639=CIRCLE('',#7105,0.0300000000000001);
#2640=CIRCLE('',#7107,0.0300000000000001);
#2641=CIRCLE('',#7111,0.0300000000000001);
#2642=CIRCLE('',#7115,0.0300000000000001);
#2643=CIRCLE('',#7119,0.0300000000000001);
#2644=CIRCLE('',#7123,0.0300000000000001);
#2645=CIRCLE('',#7127,0.0299999999999997);
#2646=CIRCLE('',#7131,0.0299999999999997);
#2647=CIRCLE('',#7135,0.0299999999999997);
#2648=CIRCLE('',#7139,0.0299999999999997);
#2649=CIRCLE('',#7143,0.0299999999999997);
#2650=CIRCLE('',#7147,0.0299999999999997);
#2651=CIRCLE('',#7151,0.0299999999999997);
#2652=CIRCLE('',#7155,0.0299999999999997);
#2653=CIRCLE('',#7159,0.0299999999999997);
#2654=CIRCLE('',#7163,0.0299999999999997);
#2655=CIRCLE('',#7167,0.0299999999999997);
#2656=CIRCLE('',#7171,0.0299999999999997);
#2657=CIRCLE('',#7175,0.0299999999999997);
#2658=CIRCLE('',#7179,0.0299999999999997);
#2659=CIRCLE('',#7183,0.0299999999999997);
#2660=CIRCLE('',#7187,0.0299999999999997);
#2661=CIRCLE('',#7191,0.0299999999999997);
#2662=CIRCLE('',#7195,0.0299999999999997);
#2663=CIRCLE('',#7199,0.0299999999999997);
#2664=CIRCLE('',#7203,0.0299999999999997);
#2665=CIRCLE('',#7207,0.0300000000000001);
#2666=CIRCLE('',#7211,0.0300000000000001);
#2667=CIRCLE('',#7215,0.0300000000000001);
#2668=CIRCLE('',#7219,0.0300000000000001);
#2669=CIRCLE('',#7223,0.0300000000000001);
#2670=CIRCLE('',#7227,0.0300000000000001);
#2671=CIRCLE('',#7232,0.0300000000000001);
#2672=CIRCLE('',#7233,0.0300000000000001);
#2673=CIRCLE('',#7236,0.0300000000000001);
#2674=CIRCLE('',#7237,0.0300000000000001);
#2675=CIRCLE('',#7240,0.0300000000000001);
#2676=CIRCLE('',#7241,0.0300000000000001);
#2677=CIRCLE('',#7244,0.0300000000000001);
#2678=CIRCLE('',#7245,0.0300000000000001);
#2679=CIRCLE('',#7248,0.0300000000000001);
#2680=CIRCLE('',#7249,0.0300000000000001);
#2681=CIRCLE('',#7252,0.0299999999999997);
#2682=CIRCLE('',#7253,0.0299999999999997);
#2683=CIRCLE('',#7256,0.0299999999999997);
#2684=CIRCLE('',#7257,0.0299999999999997);
#2685=CIRCLE('',#7260,0.0299999999999997);
#2686=CIRCLE('',#7261,0.0299999999999997);
#2687=CIRCLE('',#7264,0.0299999999999997);
#2688=CIRCLE('',#7265,0.0299999999999997);
#2689=CIRCLE('',#7268,0.0299999999999997);
#2690=CIRCLE('',#7269,0.0299999999999997);
#2691=CIRCLE('',#7272,0.0299999999999997);
#2692=CIRCLE('',#7273,0.0299999999999997);
#2693=CIRCLE('',#7276,0.0299999999999997);
#2694=CIRCLE('',#7277,0.0299999999999997);
#2695=CIRCLE('',#7280,0.0299999999999997);
#2696=CIRCLE('',#7281,0.0299999999999997);
#2697=CIRCLE('',#7284,0.0299999999999997);
#2698=CIRCLE('',#7285,0.0299999999999997);
#2699=CIRCLE('',#7288,0.0299999999999997);
#2700=CIRCLE('',#7289,0.0299999999999997);
#2701=CIRCLE('',#7292,0.0299999999999997);
#2702=CIRCLE('',#7293,0.0299999999999997);
#2703=CIRCLE('',#7296,0.0299999999999997);
#2704=CIRCLE('',#7297,0.0299999999999997);
#2705=CIRCLE('',#7300,0.0299999999999997);
#2706=CIRCLE('',#7301,0.0299999999999997);
#2707=CIRCLE('',#7304,0.0299999999999997);
#2708=CIRCLE('',#7305,0.0299999999999997);
#2709=CIRCLE('',#7308,0.0299999999999997);
#2710=CIRCLE('',#7309,0.0299999999999997);
#2711=CIRCLE('',#7312,0.0299999999999997);
#2712=CIRCLE('',#7313,0.0299999999999997);
#2713=CIRCLE('',#7316,0.0299999999999997);
#2714=CIRCLE('',#7317,0.0299999999999997);
#2715=CIRCLE('',#7320,0.0299999999999997);
#2716=CIRCLE('',#7321,0.0299999999999997);
#2717=CIRCLE('',#7324,0.0299999999999997);
#2718=CIRCLE('',#7325,0.0299999999999997);
#2719=CIRCLE('',#7328,0.0299999999999997);
#2720=CIRCLE('',#7329,0.0299999999999997);
#2721=CIRCLE('',#7332,0.0300000000000001);
#2722=CIRCLE('',#7333,0.0300000000000001);
#2723=CIRCLE('',#7336,0.0300000000000001);
#2724=CIRCLE('',#7337,0.0300000000000001);
#2725=CIRCLE('',#7340,0.0300000000000001);
#2726=CIRCLE('',#7341,0.0300000000000001);
#2727=CIRCLE('',#7344,0.0300000000000001);
#2728=CIRCLE('',#7345,0.0300000000000001);
#2729=CIRCLE('',#7348,0.0300000000000001);
#2730=CIRCLE('',#7349,0.0300000000000001);
#2731=CIRCLE('',#7352,0.0300000000000001);
#2732=CIRCLE('',#7353,0.0300000000000001);
#2733=CIRCLE('',#7476,2.8);
#2734=CIRCLE('',#7477,2.8);
#2735=CIRCLE('',#7478,3.2);
#2736=CIRCLE('',#7480,3.8);
#2737=CIRCLE('',#7481,3.8);
#2738=CIRCLE('',#7483,2.8);
#2739=CIRCLE('',#7485,0.35);
#2740=CIRCLE('',#7486,0.35);
#2741=CIRCLE('',#7488,0.35);
#2742=CIRCLE('',#7489,0.35);
#2743=CIRCLE('',#7501,0.35);
#2744=CIRCLE('',#7502,0.35);
#2745=CIRCLE('',#7506,0.35);
#2746=CIRCLE('',#7509,0.35);
#2747=CIRCLE('',#7512,0.6);
#2748=CIRCLE('',#7513,0.6);
#2749=CIRCLE('',#7514,0.6);
#2750=CIRCLE('',#7515,0.600000000000001);
#2751=CIRCLE('',#7517,0.6);
#2752=CIRCLE('',#7518,0.600000000000001);
#2753=CIRCLE('',#7519,0.6);
#2754=CIRCLE('',#7520,0.6);
#2755=CIRCLE('',#7542,0.625);
#2756=CIRCLE('',#7543,1.);
#2757=CIRCLE('',#7546,3.);
#2758=CIRCLE('',#7547,3.);
#2759=CIRCLE('',#7549,1.8);
#2760=CIRCLE('',#7551,2.1);
#2761=CIRCLE('',#7553,2.75);
#2762=CIRCLE('',#7554,2.75);
#2763=CIRCLE('',#7556,2.75);
#2764=CIRCLE('',#7557,2.75);
#2765=CIRCLE('',#7558,2.75);
#2766=CIRCLE('',#7559,2.75);
#2767=CIRCLE('',#7560,2.75);
#2768=CIRCLE('',#7561,2.75);
#2769=CIRCLE('',#7562,2.75);
#2770=CIRCLE('',#7564,2.3);
#2771=CIRCLE('',#7565,2.3);
#2772=CIRCLE('',#7566,2.3);
#2773=CIRCLE('',#7585,0.5);
#2774=CIRCLE('',#7586,0.5);
#2775=CIRCLE('',#7589,0.5);
#2776=CIRCLE('',#7590,0.5);
#2777=CIRCLE('',#7593,0.5);
#2778=CIRCLE('',#7594,0.5);
#2779=CIRCLE('',#7597,0.5);
#2780=CIRCLE('',#7598,0.5);
#2781=CIRCLE('',#7615,15.);
#2782=CIRCLE('',#7618,15.);
#2783=CIRCLE('',#7620,15.);
#2784=CIRCLE('',#7624,15.);
#2785=VERTEX_POINT('',#9768);
#2786=VERTEX_POINT('',#9770);
#2787=VERTEX_POINT('',#9774);
#2788=VERTEX_POINT('',#9776);
#2789=VERTEX_POINT('',#9780);
#2790=VERTEX_POINT('',#9782);
#2791=VERTEX_POINT('',#9786);
#2792=VERTEX_POINT('',#9788);
#2793=VERTEX_POINT('',#9792);
#2794=VERTEX_POINT('',#9793);
#2795=VERTEX_POINT('',#9795);
#2796=VERTEX_POINT('',#9797);
#2797=VERTEX_POINT('',#9800);
#2798=VERTEX_POINT('',#9801);
#2799=VERTEX_POINT('',#9803);
#2800=VERTEX_POINT('',#9805);
#2801=VERTEX_POINT('',#9809);
#2802=VERTEX_POINT('',#9810);
#2803=VERTEX_POINT('',#9812);
#2804=VERTEX_POINT('',#9814);
#2805=VERTEX_POINT('',#9816);
#2806=VERTEX_POINT('',#9818);
#2807=VERTEX_POINT('',#9820);
#2808=VERTEX_POINT('',#9822);
#2809=VERTEX_POINT('',#9833);
#2810=VERTEX_POINT('',#9835);
#2811=VERTEX_POINT('',#9838);
#2812=VERTEX_POINT('',#9839);
#2813=VERTEX_POINT('',#9841);
#2814=VERTEX_POINT('',#9843);
#2815=VERTEX_POINT('',#9847);
#2816=VERTEX_POINT('',#9851);
#2817=VERTEX_POINT('',#9858);
#2818=VERTEX_POINT('',#9860);
#2819=VERTEX_POINT('',#9864);
#2820=VERTEX_POINT('',#9868);
#2821=VERTEX_POINT('',#9875);
#2822=VERTEX_POINT('',#9877);
#2823=VERTEX_POINT('',#9881);
#2824=VERTEX_POINT('',#9885);
#2825=VERTEX_POINT('',#9896);
#2826=VERTEX_POINT('',#9898);
#2827=VERTEX_POINT('',#9902);
#2828=VERTEX_POINT('',#9904);
#2829=VERTEX_POINT('',#9908);
#2830=VERTEX_POINT('',#9910);
#2831=VERTEX_POINT('',#9914);
#2832=VERTEX_POINT('',#9916);
#2833=VERTEX_POINT('',#9920);
#2834=VERTEX_POINT('',#9922);
#2835=VERTEX_POINT('',#9926);
#2836=VERTEX_POINT('',#9928);
#2837=VERTEX_POINT('',#9932);
#2838=VERTEX_POINT('',#9934);
#2839=VERTEX_POINT('',#9938);
#2840=VERTEX_POINT('',#9940);
#2841=VERTEX_POINT('',#9944);
#2842=VERTEX_POINT('',#9946);
#2843=VERTEX_POINT('',#9950);
#2844=VERTEX_POINT('',#9952);
#2845=VERTEX_POINT('',#9956);
#2846=VERTEX_POINT('',#9958);
#2847=VERTEX_POINT('',#9962);
#2848=VERTEX_POINT('',#9964);
#2849=VERTEX_POINT('',#9968);
#2850=VERTEX_POINT('',#9970);
#2851=VERTEX_POINT('',#9974);
#2852=VERTEX_POINT('',#9976);
#2853=VERTEX_POINT('',#9980);
#2854=VERTEX_POINT('',#9982);
#2855=VERTEX_POINT('',#9986);
#2856=VERTEX_POINT('',#9988);
#2857=VERTEX_POINT('',#9992);
#2858=VERTEX_POINT('',#9994);
#2859=VERTEX_POINT('',#9998);
#2860=VERTEX_POINT('',#10000);
#2861=VERTEX_POINT('',#10004);
#2862=VERTEX_POINT('',#10006);
#2863=VERTEX_POINT('',#10010);
#2864=VERTEX_POINT('',#10012);
#2865=VERTEX_POINT('',#10016);
#2866=VERTEX_POINT('',#10018);
#2867=VERTEX_POINT('',#10022);
#2868=VERTEX_POINT('',#10024);
#2869=VERTEX_POINT('',#10028);
#2870=VERTEX_POINT('',#10030);
#2871=VERTEX_POINT('',#10034);
#2872=VERTEX_POINT('',#10036);
#2873=VERTEX_POINT('',#10040);
#2874=VERTEX_POINT('',#10042);
#2875=VERTEX_POINT('',#10046);
#2876=VERTEX_POINT('',#10048);
#2877=VERTEX_POINT('',#10052);
#2878=VERTEX_POINT('',#10054);
#2879=VERTEX_POINT('',#10058);
#2880=VERTEX_POINT('',#10060);
#2881=VERTEX_POINT('',#10064);
#2882=VERTEX_POINT('',#10066);
#2883=VERTEX_POINT('',#10070);
#2884=VERTEX_POINT('',#10072);
#2885=VERTEX_POINT('',#10076);
#2886=VERTEX_POINT('',#10078);
#2887=VERTEX_POINT('',#10082);
#2888=VERTEX_POINT('',#10084);
#2889=VERTEX_POINT('',#10086);
#2890=VERTEX_POINT('',#10090);
#2891=VERTEX_POINT('',#10092);
#2892=VERTEX_POINT('',#10094);
#2893=VERTEX_POINT('',#10098);
#2894=VERTEX_POINT('',#10100);
#2895=VERTEX_POINT('',#10102);
#2896=VERTEX_POINT('',#10106);
#2897=VERTEX_POINT('',#10108);
#2898=VERTEX_POINT('',#10110);
#2899=VERTEX_POINT('',#10114);
#2900=VERTEX_POINT('',#10116);
#2901=VERTEX_POINT('',#10118);
#2902=VERTEX_POINT('',#10122);
#2903=VERTEX_POINT('',#10124);
#2904=VERTEX_POINT('',#10126);
#2905=VERTEX_POINT('',#10130);
#2906=VERTEX_POINT('',#10132);
#2907=VERTEX_POINT('',#10134);
#2908=VERTEX_POINT('',#10138);
#2909=VERTEX_POINT('',#10140);
#2910=VERTEX_POINT('',#10142);
#2911=VERTEX_POINT('',#10146);
#2912=VERTEX_POINT('',#10148);
#2913=VERTEX_POINT('',#10150);
#2914=VERTEX_POINT('',#10154);
#2915=VERTEX_POINT('',#10156);
#2916=VERTEX_POINT('',#10158);
#2917=VERTEX_POINT('',#10162);
#2918=VERTEX_POINT('',#10164);
#2919=VERTEX_POINT('',#10166);
#2920=VERTEX_POINT('',#10170);
#2921=VERTEX_POINT('',#10172);
#2922=VERTEX_POINT('',#10174);
#2923=VERTEX_POINT('',#10178);
#2924=VERTEX_POINT('',#10180);
#2925=VERTEX_POINT('',#10182);
#2926=VERTEX_POINT('',#10186);
#2927=VERTEX_POINT('',#10188);
#2928=VERTEX_POINT('',#10190);
#2929=VERTEX_POINT('',#10194);
#2930=VERTEX_POINT('',#10196);
#2931=VERTEX_POINT('',#10198);
#2932=VERTEX_POINT('',#10202);
#2933=VERTEX_POINT('',#10204);
#2934=VERTEX_POINT('',#10206);
#2935=VERTEX_POINT('',#10210);
#2936=VERTEX_POINT('',#10212);
#2937=VERTEX_POINT('',#10214);
#2938=VERTEX_POINT('',#10218);
#2939=VERTEX_POINT('',#10220);
#2940=VERTEX_POINT('',#10222);
#2941=VERTEX_POINT('',#10226);
#2942=VERTEX_POINT('',#10228);
#2943=VERTEX_POINT('',#10230);
#2944=VERTEX_POINT('',#10234);
#2945=VERTEX_POINT('',#10236);
#2946=VERTEX_POINT('',#10238);
#2947=VERTEX_POINT('',#10242);
#2948=VERTEX_POINT('',#10244);
#2949=VERTEX_POINT('',#10246);
#2950=VERTEX_POINT('',#10250);
#2951=VERTEX_POINT('',#10252);
#2952=VERTEX_POINT('',#10254);
#2953=VERTEX_POINT('',#10258);
#2954=VERTEX_POINT('',#10260);
#2955=VERTEX_POINT('',#10262);
#2956=VERTEX_POINT('',#10266);
#2957=VERTEX_POINT('',#10268);
#2958=VERTEX_POINT('',#10270);
#2959=VERTEX_POINT('',#10274);
#2960=VERTEX_POINT('',#10276);
#2961=VERTEX_POINT('',#10278);
#2962=VERTEX_POINT('',#10282);
#2963=VERTEX_POINT('',#10284);
#2964=VERTEX_POINT('',#10286);
#2965=VERTEX_POINT('',#10290);
#2966=VERTEX_POINT('',#10292);
#2967=VERTEX_POINT('',#10294);
#2968=VERTEX_POINT('',#10298);
#2969=VERTEX_POINT('',#10300);
#2970=VERTEX_POINT('',#10302);
#2971=VERTEX_POINT('',#10306);
#2972=VERTEX_POINT('',#10308);
#2973=VERTEX_POINT('',#10310);
#2974=VERTEX_POINT('',#10314);
#2975=VERTEX_POINT('',#10316);
#2976=VERTEX_POINT('',#10318);
#2977=VERTEX_POINT('',#10322);
#2978=VERTEX_POINT('',#10324);
#2979=VERTEX_POINT('',#10326);
#2980=VERTEX_POINT('',#10330);
#2981=VERTEX_POINT('',#10331);
#2982=VERTEX_POINT('',#10333);
#2983=VERTEX_POINT('',#10338);
#2984=VERTEX_POINT('',#10339);
#2985=VERTEX_POINT('',#10341);
#2986=VERTEX_POINT('',#10346);
#2987=VERTEX_POINT('',#10347);
#2988=VERTEX_POINT('',#10349);
#2989=VERTEX_POINT('',#10354);
#2990=VERTEX_POINT('',#10355);
#2991=VERTEX_POINT('',#10357);
#2992=VERTEX_POINT('',#10362);
#2993=VERTEX_POINT('',#10363);
#2994=VERTEX_POINT('',#10365);
#2995=VERTEX_POINT('',#10370);
#2996=VERTEX_POINT('',#10371);
#2997=VERTEX_POINT('',#10373);
#2998=VERTEX_POINT('',#10378);
#2999=VERTEX_POINT('',#10379);
#3000=VERTEX_POINT('',#10381);
#3001=VERTEX_POINT('',#10386);
#3002=VERTEX_POINT('',#10387);
#3003=VERTEX_POINT('',#10389);
#3004=VERTEX_POINT('',#10394);
#3005=VERTEX_POINT('',#10395);
#3006=VERTEX_POINT('',#10397);
#3007=VERTEX_POINT('',#10402);
#3008=VERTEX_POINT('',#10403);
#3009=VERTEX_POINT('',#10405);
#3010=VERTEX_POINT('',#10410);
#3011=VERTEX_POINT('',#10411);
#3012=VERTEX_POINT('',#10413);
#3013=VERTEX_POINT('',#10418);
#3014=VERTEX_POINT('',#10419);
#3015=VERTEX_POINT('',#10421);
#3016=VERTEX_POINT('',#10426);
#3017=VERTEX_POINT('',#10427);
#3018=VERTEX_POINT('',#10429);
#3019=VERTEX_POINT('',#10434);
#3020=VERTEX_POINT('',#10435);
#3021=VERTEX_POINT('',#10437);
#3022=VERTEX_POINT('',#10442);
#3023=VERTEX_POINT('',#10443);
#3024=VERTEX_POINT('',#10445);
#3025=VERTEX_POINT('',#10450);
#3026=VERTEX_POINT('',#10451);
#3027=VERTEX_POINT('',#10453);
#3028=VERTEX_POINT('',#10458);
#3029=VERTEX_POINT('',#10459);
#3030=VERTEX_POINT('',#10461);
#3031=VERTEX_POINT('',#10466);
#3032=VERTEX_POINT('',#10467);
#3033=VERTEX_POINT('',#10469);
#3034=VERTEX_POINT('',#10474);
#3035=VERTEX_POINT('',#10475);
#3036=VERTEX_POINT('',#10477);
#3037=VERTEX_POINT('',#10482);
#3038=VERTEX_POINT('',#10483);
#3039=VERTEX_POINT('',#10485);
#3040=VERTEX_POINT('',#10490);
#3041=VERTEX_POINT('',#10491);
#3042=VERTEX_POINT('',#10493);
#3043=VERTEX_POINT('',#10498);
#3044=VERTEX_POINT('',#10499);
#3045=VERTEX_POINT('',#10501);
#3046=VERTEX_POINT('',#10506);
#3047=VERTEX_POINT('',#10507);
#3048=VERTEX_POINT('',#10509);
#3049=VERTEX_POINT('',#10514);
#3050=VERTEX_POINT('',#10515);
#3051=VERTEX_POINT('',#10517);
#3052=VERTEX_POINT('',#10522);
#3053=VERTEX_POINT('',#10523);
#3054=VERTEX_POINT('',#10525);
#3055=VERTEX_POINT('',#10530);
#3056=VERTEX_POINT('',#10531);
#3057=VERTEX_POINT('',#10533);
#3058=VERTEX_POINT('',#10538);
#3059=VERTEX_POINT('',#10539);
#3060=VERTEX_POINT('',#10541);
#3061=VERTEX_POINT('',#10546);
#3062=VERTEX_POINT('',#10547);
#3063=VERTEX_POINT('',#10549);
#3064=VERTEX_POINT('',#10554);
#3065=VERTEX_POINT('',#10555);
#3066=VERTEX_POINT('',#10557);
#3067=VERTEX_POINT('',#10562);
#3068=VERTEX_POINT('',#10563);
#3069=VERTEX_POINT('',#10565);
#3070=VERTEX_POINT('',#10570);
#3071=VERTEX_POINT('',#10571);
#3072=VERTEX_POINT('',#10573);
#3073=VERTEX_POINT('',#10578);
#3074=VERTEX_POINT('',#10579);
#3075=VERTEX_POINT('',#10581);
#3076=VERTEX_POINT('',#10586);
#3077=VERTEX_POINT('',#10587);
#3078=VERTEX_POINT('',#10589);
#3079=VERTEX_POINT('',#10594);
#3080=VERTEX_POINT('',#10595);
#3081=VERTEX_POINT('',#10597);
#3082=VERTEX_POINT('',#10602);
#3083=VERTEX_POINT('',#10603);
#3084=VERTEX_POINT('',#10605);
#3085=VERTEX_POINT('',#10610);
#3086=VERTEX_POINT('',#10611);
#3087=VERTEX_POINT('',#10613);
#3088=VERTEX_POINT('',#10618);
#3089=VERTEX_POINT('',#10619);
#3090=VERTEX_POINT('',#10621);
#3091=VERTEX_POINT('',#10626);
#3092=VERTEX_POINT('',#10627);
#3093=VERTEX_POINT('',#10629);
#3094=VERTEX_POINT('',#10634);
#3095=VERTEX_POINT('',#10635);
#3096=VERTEX_POINT('',#10637);
#3097=VERTEX_POINT('',#10642);
#3098=VERTEX_POINT('',#10643);
#3099=VERTEX_POINT('',#10645);
#3100=VERTEX_POINT('',#10650);
#3101=VERTEX_POINT('',#10651);
#3102=VERTEX_POINT('',#10653);
#3103=VERTEX_POINT('',#10658);
#3104=VERTEX_POINT('',#10659);
#3105=VERTEX_POINT('',#10661);
#3106=VERTEX_POINT('',#10666);
#3107=VERTEX_POINT('',#10667);
#3108=VERTEX_POINT('',#10669);
#3109=VERTEX_POINT('',#10674);
#3110=VERTEX_POINT('',#10675);
#3111=VERTEX_POINT('',#10677);
#3112=VERTEX_POINT('',#10682);
#3113=VERTEX_POINT('',#10683);
#3114=VERTEX_POINT('',#10685);
#3115=VERTEX_POINT('',#10690);
#3116=VERTEX_POINT('',#10691);
#3117=VERTEX_POINT('',#10693);
#3118=VERTEX_POINT('',#10698);
#3119=VERTEX_POINT('',#10699);
#3120=VERTEX_POINT('',#10701);
#3121=VERTEX_POINT('',#10706);
#3122=VERTEX_POINT('',#10707);
#3123=VERTEX_POINT('',#10709);
#3124=VERTEX_POINT('',#10714);
#3125=VERTEX_POINT('',#10715);
#3126=VERTEX_POINT('',#10717);
#3127=VERTEX_POINT('',#10722);
#3128=VERTEX_POINT('',#10723);
#3129=VERTEX_POINT('',#10725);
#3130=VERTEX_POINT('',#10730);
#3131=VERTEX_POINT('',#10731);
#3132=VERTEX_POINT('',#10733);
#3133=VERTEX_POINT('',#10738);
#3134=VERTEX_POINT('',#10739);
#3135=VERTEX_POINT('',#10741);
#3136=VERTEX_POINT('',#10746);
#3137=VERTEX_POINT('',#10747);
#3138=VERTEX_POINT('',#10749);
#3139=VERTEX_POINT('',#10754);
#3140=VERTEX_POINT('',#10755);
#3141=VERTEX_POINT('',#10757);
#3142=VERTEX_POINT('',#10762);
#3143=VERTEX_POINT('',#10763);
#3144=VERTEX_POINT('',#10765);
#3145=VERTEX_POINT('',#10770);
#3146=VERTEX_POINT('',#10771);
#3147=VERTEX_POINT('',#10773);
#3148=VERTEX_POINT('',#10778);
#3149=VERTEX_POINT('',#10779);
#3150=VERTEX_POINT('',#10781);
#3151=VERTEX_POINT('',#10786);
#3152=VERTEX_POINT('',#10787);
#3153=VERTEX_POINT('',#10789);
#3154=VERTEX_POINT('',#10794);
#3155=VERTEX_POINT('',#10795);
#3156=VERTEX_POINT('',#10797);
#3157=VERTEX_POINT('',#10802);
#3158=VERTEX_POINT('',#10803);
#3159=VERTEX_POINT('',#10805);
#3160=VERTEX_POINT('',#10810);
#3161=VERTEX_POINT('',#10811);
#3162=VERTEX_POINT('',#10813);
#3163=VERTEX_POINT('',#10818);
#3164=VERTEX_POINT('',#10819);
#3165=VERTEX_POINT('',#10821);
#3166=VERTEX_POINT('',#10826);
#3167=VERTEX_POINT('',#10827);
#3168=VERTEX_POINT('',#10829);
#3169=VERTEX_POINT('',#10831);
#3170=VERTEX_POINT('',#10834);
#3171=VERTEX_POINT('',#10835);
#3172=VERTEX_POINT('',#10837);
#3173=VERTEX_POINT('',#10839);
#3174=VERTEX_POINT('',#10857);
#3175=VERTEX_POINT('',#10858);
#3176=VERTEX_POINT('',#10860);
#3177=VERTEX_POINT('',#10862);
#3178=VERTEX_POINT('',#10865);
#3179=VERTEX_POINT('',#10866);
#3180=VERTEX_POINT('',#10868);
#3181=VERTEX_POINT('',#10870);
#3182=VERTEX_POINT('',#10873);
#3183=VERTEX_POINT('',#10874);
#3184=VERTEX_POINT('',#10876);
#3185=VERTEX_POINT('',#10878);
#3186=VERTEX_POINT('',#10881);
#3187=VERTEX_POINT('',#10882);
#3188=VERTEX_POINT('',#10884);
#3189=VERTEX_POINT('',#10886);
#3190=VERTEX_POINT('',#10889);
#3191=VERTEX_POINT('',#10890);
#3192=VERTEX_POINT('',#10892);
#3193=VERTEX_POINT('',#10894);
#3194=VERTEX_POINT('',#10897);
#3195=VERTEX_POINT('',#10898);
#3196=VERTEX_POINT('',#10900);
#3197=VERTEX_POINT('',#10902);
#3198=VERTEX_POINT('',#10905);
#3199=VERTEX_POINT('',#10906);
#3200=VERTEX_POINT('',#10908);
#3201=VERTEX_POINT('',#10910);
#3202=VERTEX_POINT('',#10961);
#3203=VERTEX_POINT('',#10962);
#3204=VERTEX_POINT('',#10964);
#3205=VERTEX_POINT('',#10966);
#3206=VERTEX_POINT('',#10969);
#3207=VERTEX_POINT('',#10970);
#3208=VERTEX_POINT('',#10972);
#3209=VERTEX_POINT('',#10974);
#3210=VERTEX_POINT('',#10977);
#3211=VERTEX_POINT('',#10978);
#3212=VERTEX_POINT('',#10990);
#3213=VERTEX_POINT('',#10992);
#3214=VERTEX_POINT('',#10994);
#3215=VERTEX_POINT('',#11002);
#3216=VERTEX_POINT('',#11014);
#3217=VERTEX_POINT('',#11022);
#3218=VERTEX_POINT('',#11024);
#3219=VERTEX_POINT('',#11032);
#3220=VERTEX_POINT('',#11044);
#3221=VERTEX_POINT('',#11066);
#3222=VERTEX_POINT('',#11068);
#3223=VERTEX_POINT('',#11072);
#3224=VERTEX_POINT('',#11076);
#3225=VERTEX_POINT('',#11083);
#3226=VERTEX_POINT('',#11085);
#3227=VERTEX_POINT('',#11089);
#3228=VERTEX_POINT('',#11106);
#3229=VERTEX_POINT('',#11137);
#3230=VERTEX_POINT('',#11164);
#3231=VERTEX_POINT('',#11174);
#3232=VERTEX_POINT('',#11191);
#3233=VERTEX_POINT('',#11222);
#3234=VERTEX_POINT('',#11236);
#3235=VERTEX_POINT('',#11261);
#3236=VERTEX_POINT('',#11309);
#3237=VERTEX_POINT('',#11311);
#3238=VERTEX_POINT('',#11315);
#3239=VERTEX_POINT('',#11319);
#3240=VERTEX_POINT('',#11388);
#3241=VERTEX_POINT('',#11390);
#3242=VERTEX_POINT('',#11394);
#3243=VERTEX_POINT('',#11398);
#3244=VERTEX_POINT('',#11405);
#3245=VERTEX_POINT('',#11407);
#3246=VERTEX_POINT('',#11411);
#3247=VERTEX_POINT('',#11415);
#3248=VERTEX_POINT('',#11422);
#3249=VERTEX_POINT('',#11424);
#3250=VERTEX_POINT('',#11428);
#3251=VERTEX_POINT('',#11432);
#3252=VERTEX_POINT('',#11439);
#3253=VERTEX_POINT('',#11441);
#3254=VERTEX_POINT('',#11445);
#3255=VERTEX_POINT('',#11449);
#3256=VERTEX_POINT('',#11456);
#3257=VERTEX_POINT('',#11458);
#3258=VERTEX_POINT('',#11462);
#3259=VERTEX_POINT('',#11466);
#3260=VERTEX_POINT('',#11473);
#3261=VERTEX_POINT('',#11475);
#3262=VERTEX_POINT('',#11479);
#3263=VERTEX_POINT('',#11483);
#3264=VERTEX_POINT('',#11490);
#3265=VERTEX_POINT('',#11492);
#3266=VERTEX_POINT('',#11496);
#3267=VERTEX_POINT('',#11500);
#3268=VERTEX_POINT('',#11510);
#3269=VERTEX_POINT('',#11511);
#3270=VERTEX_POINT('',#11514);
#3271=VERTEX_POINT('',#11518);
#3272=VERTEX_POINT('',#11520);
#3273=VERTEX_POINT('',#11524);
#3274=VERTEX_POINT('',#11528);
#3275=VERTEX_POINT('',#11529);
#3276=VERTEX_POINT('',#11531);
#3277=VERTEX_POINT('',#11533);
#3278=VERTEX_POINT('',#11537);
#3279=VERTEX_POINT('',#11538);
#3280=VERTEX_POINT('',#11540);
#3281=VERTEX_POINT('',#11542);
#3282=VERTEX_POINT('',#11546);
#3283=VERTEX_POINT('',#11547);
#3284=VERTEX_POINT('',#11549);
#3285=VERTEX_POINT('',#11551);
#3286=VERTEX_POINT('',#11555);
#3287=VERTEX_POINT('',#11556);
#3288=VERTEX_POINT('',#11558);
#3289=VERTEX_POINT('',#11560);
#3290=VERTEX_POINT('',#11563);
#3291=VERTEX_POINT('',#11564);
#3292=VERTEX_POINT('',#11566);
#3293=VERTEX_POINT('',#11568);
#3294=VERTEX_POINT('',#11580);
#3295=VERTEX_POINT('',#11582);
#3296=VERTEX_POINT('',#11586);
#3297=VERTEX_POINT('',#11590);
#3298=VERTEX_POINT('',#11597);
#3299=VERTEX_POINT('',#11599);
#3300=VERTEX_POINT('',#11601);
#3301=VERTEX_POINT('',#11603);
#3302=VERTEX_POINT('',#11609);
#3303=VERTEX_POINT('',#11613);
#3304=VERTEX_POINT('',#11617);
#3305=VERTEX_POINT('',#11621);
#3306=VERTEX_POINT('',#11627);
#3307=VERTEX_POINT('',#11628);
#3308=VERTEX_POINT('',#11630);
#3309=VERTEX_POINT('',#11632);
#3310=VERTEX_POINT('',#11634);
#3311=VERTEX_POINT('',#11636);
#3312=VERTEX_POINT('',#11638);
#3313=VERTEX_POINT('',#11640);
#3314=VERTEX_POINT('',#11644);
#3315=VERTEX_POINT('',#11645);
#3316=VERTEX_POINT('',#11647);
#3317=VERTEX_POINT('',#11649);
#3318=VERTEX_POINT('',#11651);
#3319=VERTEX_POINT('',#11653);
#3320=VERTEX_POINT('',#11655);
#3321=VERTEX_POINT('',#11657);
#3322=VERTEX_POINT('',#11681);
#3323=VERTEX_POINT('',#11682);
#3324=VERTEX_POINT('',#11684);
#3325=VERTEX_POINT('',#11686);
#3326=VERTEX_POINT('',#11690);
#3327=VERTEX_POINT('',#11692);
#3328=VERTEX_POINT('',#11696);
#3329=VERTEX_POINT('',#11698);
#3330=VERTEX_POINT('',#11709);
#3331=VERTEX_POINT('',#11711);
#3332=VERTEX_POINT('',#11716);
#3333=VERTEX_POINT('',#11718);
#3334=VERTEX_POINT('',#11722);
#3335=VERTEX_POINT('',#11725);
#3336=VERTEX_POINT('',#11729);
#3337=VERTEX_POINT('',#11731);
#3338=VERTEX_POINT('',#11735);
#3339=VERTEX_POINT('',#11736);
#3340=VERTEX_POINT('',#11738);
#3341=VERTEX_POINT('',#11740);
#3342=VERTEX_POINT('',#11742);
#3343=VERTEX_POINT('',#11744);
#3344=VERTEX_POINT('',#11746);
#3345=VERTEX_POINT('',#11748);
#3346=VERTEX_POINT('',#11750);
#3347=VERTEX_POINT('',#11753);
#3348=VERTEX_POINT('',#11755);
#3349=VERTEX_POINT('',#11757);
#3350=VERTEX_POINT('',#11759);
#3351=VERTEX_POINT('',#11763);
#3352=VERTEX_POINT('',#11765);
#3353=VERTEX_POINT('',#11768);
#3354=VERTEX_POINT('',#11770);
#3355=VERTEX_POINT('',#11773);
#3356=VERTEX_POINT('',#11775);
#3357=VERTEX_POINT('',#11798);
#3358=VERTEX_POINT('',#11799);
#3359=VERTEX_POINT('',#11801);
#3360=VERTEX_POINT('',#11803);
#3361=VERTEX_POINT('',#11807);
#3362=VERTEX_POINT('',#11808);
#3363=VERTEX_POINT('',#11810);
#3364=VERTEX_POINT('',#11812);
#3365=VERTEX_POINT('',#11880);
#3366=VERTEX_POINT('',#11881);
#3367=VERTEX_POINT('',#11883);
#3368=VERTEX_POINT('',#11885);
#3369=VERTEX_POINT('',#11889);
#3370=VERTEX_POINT('',#11891);
#3371=VERTEX_POINT('',#11895);
#3372=VERTEX_POINT('',#11897);
#3373=VERTEX_POINT('',#11901);
#3374=VERTEX_POINT('',#11903);
#3375=VERTEX_POINT('',#11907);
#3376=VERTEX_POINT('',#11909);
#3377=VERTEX_POINT('',#11913);
#3378=VERTEX_POINT('',#11915);
#3379=VERTEX_POINT('',#11919);
#3380=VERTEX_POINT('',#11921);
#3381=VERTEX_POINT('',#11929);
#3382=VERTEX_POINT('',#11930);
#3383=VERTEX_POINT('',#11932);
#3384=VERTEX_POINT('',#11934);
#3385=VERTEX_POINT('',#11938);
#3386=VERTEX_POINT('',#11940);
#3387=VERTEX_POINT('',#11944);
#3388=VERTEX_POINT('',#11946);
#3389=VERTEX_POINT('',#11962);
#3390=VERTEX_POINT('',#11965);
#3391=VERTEX_POINT('',#11966);
#3392=VERTEX_POINT('',#11968);
#3393=VERTEX_POINT('',#11970);
#3394=VERTEX_POINT('',#11974);
#3395=VERTEX_POINT('',#11976);
#3396=VERTEX_POINT('',#11980);
#3397=VERTEX_POINT('',#11982);
#3398=VERTEX_POINT('',#11990);
#3399=EDGE_CURVE('',#2785,#2785,#2415,.T.);
#3400=EDGE_CURVE('',#2785,#2786,#1503,.T.);
#3401=EDGE_CURVE('',#2786,#2786,#2416,.T.);
#3402=EDGE_CURVE('',#2787,#2787,#2417,.T.);
#3403=EDGE_CURVE('',#2787,#2788,#1504,.T.);
#3404=EDGE_CURVE('',#2788,#2788,#2418,.T.);
#3405=EDGE_CURVE('',#2789,#2789,#2419,.T.);
#3406=EDGE_CURVE('',#2789,#2790,#1505,.T.);
#3407=EDGE_CURVE('',#2790,#2790,#2420,.T.);
#3408=EDGE_CURVE('',#2791,#2791,#2421,.T.);
#3409=EDGE_CURVE('',#2791,#2792,#1506,.T.);
#3410=EDGE_CURVE('',#2792,#2792,#2422,.T.);
#3411=EDGE_CURVE('',#2793,#2794,#1507,.T.);
#3412=EDGE_CURVE('',#2794,#2795,#1508,.T.);
#3413=EDGE_CURVE('',#2795,#2796,#1509,.T.);
#3414=EDGE_CURVE('',#2796,#2793,#1510,.T.);
#3415=EDGE_CURVE('',#2797,#2798,#1511,.T.);
#3416=EDGE_CURVE('',#2799,#2797,#1512,.T.);
#3417=EDGE_CURVE('',#2800,#2799,#1513,.T.);
#3418=EDGE_CURVE('',#2798,#2800,#1514,.T.);
#3419=EDGE_CURVE('',#2801,#2802,#1515,.T.);
#3420=EDGE_CURVE('',#2803,#2801,#1516,.T.);
#3421=EDGE_CURVE('',#2804,#2803,#1517,.T.);
#3422=EDGE_CURVE('',#2805,#2804,#1518,.T.);
#3423=EDGE_CURVE('',#2806,#2805,#1519,.T.);
#3424=EDGE_CURVE('',#2807,#2806,#1520,.T.);
#3425=EDGE_CURVE('',#2808,#2807,#1521,.T.);
#3426=EDGE_CURVE('',#2802,#2808,#1522,.T.);
#3427=EDGE_CURVE('',#2804,#2793,#1523,.T.);
#3428=EDGE_CURVE('',#2803,#2794,#1524,.T.);
#3429=EDGE_CURVE('',#2805,#2796,#1525,.T.);
#3430=EDGE_CURVE('',#2806,#2795,#1526,.T.);
#3431=EDGE_CURVE('',#2809,#2801,#1527,.T.);
#3432=EDGE_CURVE('',#2810,#2809,#1528,.T.);
#3433=EDGE_CURVE('',#2810,#2807,#1529,.T.);
#3434=EDGE_CURVE('',#2811,#2812,#1530,.T.);
#3435=EDGE_CURVE('',#2813,#2811,#1531,.T.);
#3436=EDGE_CURVE('',#2814,#2813,#1532,.T.);
#3437=EDGE_CURVE('',#2812,#2814,#1533,.T.);
#3438=EDGE_CURVE('',#2815,#2802,#1534,.T.);
#3439=EDGE_CURVE('',#2809,#2815,#1535,.T.);
#3440=EDGE_CURVE('',#2816,#2808,#1536,.T.);
#3441=EDGE_CURVE('',#2815,#2816,#1537,.T.);
#3442=EDGE_CURVE('',#2816,#2810,#1538,.T.);
#3443=EDGE_CURVE('',#2817,#2797,#1539,.T.);
#3444=EDGE_CURVE('',#2818,#2817,#1540,.T.);
#3445=EDGE_CURVE('',#2818,#2799,#1541,.T.);
#3446=EDGE_CURVE('',#2819,#2798,#1542,.T.);
#3447=EDGE_CURVE('',#2817,#2819,#1543,.T.);
#3448=EDGE_CURVE('',#2820,#2800,#1544,.T.);
#3449=EDGE_CURVE('',#2819,#2820,#1545,.T.);
#3450=EDGE_CURVE('',#2820,#2818,#1546,.T.);
#3451=EDGE_CURVE('',#2821,#2812,#1547,.T.);
#3452=EDGE_CURVE('',#2822,#2821,#1548,.T.);
#3453=EDGE_CURVE('',#2822,#2811,#1549,.T.);
#3454=EDGE_CURVE('',#2823,#2822,#1550,.T.);
#3455=EDGE_CURVE('',#2823,#2813,#1551,.T.);
#3456=EDGE_CURVE('',#2824,#2823,#1552,.T.);
#3457=EDGE_CURVE('',#2824,#2814,#1553,.T.);
#3458=EDGE_CURVE('',#2821,#2824,#1554,.T.);
#3459=EDGE_CURVE('',#2825,#2825,#2423,.T.);
#3460=EDGE_CURVE('',#2825,#2826,#2424,.T.);
#3461=EDGE_CURVE('',#2826,#2826,#2425,.T.);
#3462=EDGE_CURVE('',#2827,#2827,#2426,.T.);
#3463=EDGE_CURVE('',#2827,#2828,#2427,.T.);
#3464=EDGE_CURVE('',#2828,#2828,#2428,.T.);
#3465=EDGE_CURVE('',#2829,#2829,#2429,.T.);
#3466=EDGE_CURVE('',#2829,#2830,#2430,.T.);
#3467=EDGE_CURVE('',#2830,#2830,#2431,.T.);
#3468=EDGE_CURVE('',#2831,#2831,#2432,.T.);
#3469=EDGE_CURVE('',#2831,#2832,#2433,.T.);
#3470=EDGE_CURVE('',#2832,#2832,#2434,.T.);
#3471=EDGE_CURVE('',#2833,#2833,#2435,.T.);
#3472=EDGE_CURVE('',#2833,#2834,#2436,.T.);
#3473=EDGE_CURVE('',#2834,#2834,#2437,.T.);
#3474=EDGE_CURVE('',#2835,#2835,#2438,.T.);
#3475=EDGE_CURVE('',#2835,#2836,#2439,.T.);
#3476=EDGE_CURVE('',#2836,#2836,#2440,.T.);
#3477=EDGE_CURVE('',#2837,#2837,#2441,.T.);
#3478=EDGE_CURVE('',#2837,#2838,#2442,.T.);
#3479=EDGE_CURVE('',#2838,#2838,#2443,.T.);
#3480=EDGE_CURVE('',#2839,#2839,#2444,.T.);
#3481=EDGE_CURVE('',#2839,#2840,#2445,.T.);
#3482=EDGE_CURVE('',#2840,#2840,#2446,.T.);
#3483=EDGE_CURVE('',#2841,#2841,#2447,.T.);
#3484=EDGE_CURVE('',#2841,#2842,#2448,.T.);
#3485=EDGE_CURVE('',#2842,#2842,#2449,.T.);
#3486=EDGE_CURVE('',#2843,#2843,#2450,.T.);
#3487=EDGE_CURVE('',#2843,#2844,#2451,.T.);
#3488=EDGE_CURVE('',#2844,#2844,#2452,.T.);
#3489=EDGE_CURVE('',#2845,#2845,#2453,.T.);
#3490=EDGE_CURVE('',#2845,#2846,#2454,.T.);
#3491=EDGE_CURVE('',#2846,#2846,#2455,.T.);
#3492=EDGE_CURVE('',#2847,#2847,#2456,.T.);
#3493=EDGE_CURVE('',#2847,#2848,#2457,.T.);
#3494=EDGE_CURVE('',#2848,#2848,#2458,.T.);
#3495=EDGE_CURVE('',#2849,#2849,#2459,.T.);
#3496=EDGE_CURVE('',#2849,#2850,#2460,.T.);
#3497=EDGE_CURVE('',#2850,#2850,#2461,.T.);
#3498=EDGE_CURVE('',#2851,#2851,#2462,.T.);
#3499=EDGE_CURVE('',#2851,#2852,#2463,.T.);
#3500=EDGE_CURVE('',#2852,#2852,#2464,.T.);
#3501=EDGE_CURVE('',#2853,#2853,#2465,.T.);
#3502=EDGE_CURVE('',#2853,#2854,#2466,.T.);
#3503=EDGE_CURVE('',#2854,#2854,#2467,.T.);
#3504=EDGE_CURVE('',#2855,#2855,#2468,.T.);
#3505=EDGE_CURVE('',#2855,#2856,#2469,.T.);
#3506=EDGE_CURVE('',#2856,#2856,#2470,.T.);
#3507=EDGE_CURVE('',#2857,#2857,#2471,.T.);
#3508=EDGE_CURVE('',#2857,#2858,#2472,.T.);
#3509=EDGE_CURVE('',#2858,#2858,#2473,.T.);
#3510=EDGE_CURVE('',#2859,#2859,#2474,.T.);
#3511=EDGE_CURVE('',#2859,#2860,#2475,.T.);
#3512=EDGE_CURVE('',#2860,#2860,#2476,.T.);
#3513=EDGE_CURVE('',#2861,#2861,#2477,.T.);
#3514=EDGE_CURVE('',#2861,#2862,#2478,.T.);
#3515=EDGE_CURVE('',#2862,#2862,#2479,.T.);
#3516=EDGE_CURVE('',#2863,#2863,#2480,.T.);
#3517=EDGE_CURVE('',#2863,#2864,#2481,.T.);
#3518=EDGE_CURVE('',#2864,#2864,#2482,.T.);
#3519=EDGE_CURVE('',#2865,#2865,#2483,.T.);
#3520=EDGE_CURVE('',#2865,#2866,#2484,.T.);
#3521=EDGE_CURVE('',#2866,#2866,#2485,.T.);
#3522=EDGE_CURVE('',#2867,#2867,#2486,.T.);
#3523=EDGE_CURVE('',#2867,#2868,#2487,.T.);
#3524=EDGE_CURVE('',#2868,#2868,#2488,.T.);
#3525=EDGE_CURVE('',#2869,#2869,#2489,.T.);
#3526=EDGE_CURVE('',#2869,#2870,#2490,.T.);
#3527=EDGE_CURVE('',#2870,#2870,#2491,.T.);
#3528=EDGE_CURVE('',#2871,#2871,#2492,.T.);
#3529=EDGE_CURVE('',#2871,#2872,#2493,.T.);
#3530=EDGE_CURVE('',#2872,#2872,#2494,.T.);
#3531=EDGE_CURVE('',#2873,#2873,#2495,.T.);
#3532=EDGE_CURVE('',#2873,#2874,#2496,.T.);
#3533=EDGE_CURVE('',#2874,#2874,#2497,.T.);
#3534=EDGE_CURVE('',#2875,#2875,#2498,.T.);
#3535=EDGE_CURVE('',#2875,#2876,#2499,.T.);
#3536=EDGE_CURVE('',#2876,#2876,#2500,.T.);
#3537=EDGE_CURVE('',#2877,#2877,#2501,.T.);
#3538=EDGE_CURVE('',#2877,#2878,#2502,.T.);
#3539=EDGE_CURVE('',#2878,#2878,#2503,.T.);
#3540=EDGE_CURVE('',#2879,#2879,#2504,.T.);
#3541=EDGE_CURVE('',#2879,#2880,#2505,.T.);
#3542=EDGE_CURVE('',#2880,#2880,#2506,.T.);
#3543=EDGE_CURVE('',#2881,#2881,#2507,.T.);
#3544=EDGE_CURVE('',#2881,#2882,#2508,.T.);
#3545=EDGE_CURVE('',#2882,#2882,#2509,.T.);
#3546=EDGE_CURVE('',#2883,#2883,#2510,.T.);
#3547=EDGE_CURVE('',#2883,#2884,#2511,.T.);
#3548=EDGE_CURVE('',#2884,#2884,#2512,.T.);
#3549=EDGE_CURVE('',#2885,#2885,#2513,.T.);
#3550=EDGE_CURVE('',#2885,#2886,#2514,.T.);
#3551=EDGE_CURVE('',#2886,#2886,#2515,.T.);
#3552=EDGE_CURVE('',#2887,#2887,#2516,.T.);
#3553=EDGE_CURVE('',#2887,#2888,#2517,.T.);
#3554=EDGE_CURVE('',#2889,#2888,#2518,.T.);
#3555=EDGE_CURVE('',#2888,#2889,#2519,.T.);
#3556=EDGE_CURVE('',#2890,#2890,#2520,.T.);
#3557=EDGE_CURVE('',#2890,#2891,#2521,.T.);
#3558=EDGE_CURVE('',#2892,#2891,#2522,.T.);
#3559=EDGE_CURVE('',#2891,#2892,#2523,.T.);
#3560=EDGE_CURVE('',#2893,#2893,#2524,.T.);
#3561=EDGE_CURVE('',#2893,#2894,#2525,.T.);
#3562=EDGE_CURVE('',#2895,#2894,#2526,.T.);
#3563=EDGE_CURVE('',#2894,#2895,#2527,.T.);
#3564=EDGE_CURVE('',#2896,#2896,#2528,.T.);
#3565=EDGE_CURVE('',#2896,#2897,#2529,.T.);
#3566=EDGE_CURVE('',#2898,#2897,#2530,.T.);
#3567=EDGE_CURVE('',#2897,#2898,#2531,.T.);
#3568=EDGE_CURVE('',#2899,#2899,#2532,.T.);
#3569=EDGE_CURVE('',#2899,#2900,#2533,.T.);
#3570=EDGE_CURVE('',#2901,#2900,#2534,.T.);
#3571=EDGE_CURVE('',#2900,#2901,#2535,.T.);
#3572=EDGE_CURVE('',#2902,#2902,#2536,.T.);
#3573=EDGE_CURVE('',#2902,#2903,#2537,.T.);
#3574=EDGE_CURVE('',#2904,#2903,#2538,.T.);
#3575=EDGE_CURVE('',#2903,#2904,#2539,.T.);
#3576=EDGE_CURVE('',#2905,#2905,#2540,.T.);
#3577=EDGE_CURVE('',#2905,#2906,#2541,.T.);
#3578=EDGE_CURVE('',#2907,#2906,#2542,.T.);
#3579=EDGE_CURVE('',#2906,#2907,#2543,.T.);
#3580=EDGE_CURVE('',#2908,#2908,#2544,.T.);
#3581=EDGE_CURVE('',#2908,#2909,#2545,.T.);
#3582=EDGE_CURVE('',#2910,#2909,#2546,.T.);
#3583=EDGE_CURVE('',#2909,#2910,#2547,.T.);
#3584=EDGE_CURVE('',#2911,#2911,#2548,.T.);
#3585=EDGE_CURVE('',#2911,#2912,#2549,.T.);
#3586=EDGE_CURVE('',#2913,#2912,#2550,.T.);
#3587=EDGE_CURVE('',#2912,#2913,#2551,.T.);
#3588=EDGE_CURVE('',#2914,#2914,#2552,.T.);
#3589=EDGE_CURVE('',#2914,#2915,#2553,.T.);
#3590=EDGE_CURVE('',#2916,#2915,#2554,.T.);
#3591=EDGE_CURVE('',#2915,#2916,#2555,.T.);
#3592=EDGE_CURVE('',#2917,#2917,#2556,.T.);
#3593=EDGE_CURVE('',#2917,#2918,#2557,.T.);
#3594=EDGE_CURVE('',#2919,#2918,#2558,.T.);
#3595=EDGE_CURVE('',#2918,#2919,#2559,.T.);
#3596=EDGE_CURVE('',#2920,#2920,#2560,.T.);
#3597=EDGE_CURVE('',#2920,#2921,#2561,.T.);
#3598=EDGE_CURVE('',#2922,#2921,#2562,.T.);
#3599=EDGE_CURVE('',#2921,#2922,#2563,.T.);
#3600=EDGE_CURVE('',#2923,#2923,#2564,.T.);
#3601=EDGE_CURVE('',#2923,#2924,#2565,.T.);
#3602=EDGE_CURVE('',#2925,#2924,#2566,.T.);
#3603=EDGE_CURVE('',#2924,#2925,#2567,.T.);
#3604=EDGE_CURVE('',#2926,#2926,#2568,.T.);
#3605=EDGE_CURVE('',#2926,#2927,#2569,.T.);
#3606=EDGE_CURVE('',#2928,#2927,#2570,.T.);
#3607=EDGE_CURVE('',#2927,#2928,#2571,.T.);
#3608=EDGE_CURVE('',#2929,#2929,#2572,.T.);
#3609=EDGE_CURVE('',#2929,#2930,#2573,.T.);
#3610=EDGE_CURVE('',#2931,#2930,#2574,.T.);
#3611=EDGE_CURVE('',#2930,#2931,#2575,.T.);
#3612=EDGE_CURVE('',#2932,#2932,#2576,.T.);
#3613=EDGE_CURVE('',#2932,#2933,#2577,.T.);
#3614=EDGE_CURVE('',#2934,#2933,#2578,.T.);
#3615=EDGE_CURVE('',#2933,#2934,#2579,.T.);
#3616=EDGE_CURVE('',#2935,#2935,#2580,.T.);
#3617=EDGE_CURVE('',#2935,#2936,#2581,.T.);
#3618=EDGE_CURVE('',#2937,#2936,#2582,.T.);
#3619=EDGE_CURVE('',#2936,#2937,#2583,.T.);
#3620=EDGE_CURVE('',#2938,#2938,#2584,.T.);
#3621=EDGE_CURVE('',#2938,#2939,#2585,.T.);
#3622=EDGE_CURVE('',#2940,#2939,#2586,.T.);
#3623=EDGE_CURVE('',#2939,#2940,#2587,.T.);
#3624=EDGE_CURVE('',#2941,#2941,#2588,.T.);
#3625=EDGE_CURVE('',#2941,#2942,#2589,.T.);
#3626=EDGE_CURVE('',#2943,#2942,#2590,.T.);
#3627=EDGE_CURVE('',#2942,#2943,#2591,.T.);
#3628=EDGE_CURVE('',#2944,#2944,#2592,.T.);
#3629=EDGE_CURVE('',#2944,#2945,#2593,.T.);
#3630=EDGE_CURVE('',#2946,#2945,#2594,.T.);
#3631=EDGE_CURVE('',#2945,#2946,#2595,.T.);
#3632=EDGE_CURVE('',#2947,#2947,#2596,.T.);
#3633=EDGE_CURVE('',#2947,#2948,#2597,.T.);
#3634=EDGE_CURVE('',#2949,#2948,#2598,.T.);
#3635=EDGE_CURVE('',#2948,#2949,#2599,.T.);
#3636=EDGE_CURVE('',#2950,#2950,#2600,.T.);
#3637=EDGE_CURVE('',#2950,#2951,#2601,.T.);
#3638=EDGE_CURVE('',#2952,#2951,#2602,.T.);
#3639=EDGE_CURVE('',#2951,#2952,#2603,.T.);
#3640=EDGE_CURVE('',#2953,#2953,#2604,.T.);
#3641=EDGE_CURVE('',#2953,#2954,#2605,.T.);
#3642=EDGE_CURVE('',#2955,#2954,#2606,.T.);
#3643=EDGE_CURVE('',#2954,#2955,#2607,.T.);
#3644=EDGE_CURVE('',#2956,#2956,#2608,.T.);
#3645=EDGE_CURVE('',#2956,#2957,#2609,.T.);
#3646=EDGE_CURVE('',#2958,#2957,#2610,.T.);
#3647=EDGE_CURVE('',#2957,#2958,#2611,.T.);
#3648=EDGE_CURVE('',#2959,#2959,#2612,.T.);
#3649=EDGE_CURVE('',#2959,#2960,#2613,.T.);
#3650=EDGE_CURVE('',#2961,#2960,#2614,.T.);
#3651=EDGE_CURVE('',#2960,#2961,#2615,.T.);
#3652=EDGE_CURVE('',#2962,#2962,#2616,.T.);
#3653=EDGE_CURVE('',#2962,#2963,#2617,.T.);
#3654=EDGE_CURVE('',#2964,#2963,#2618,.T.);
#3655=EDGE_CURVE('',#2963,#2964,#2619,.T.);
#3656=EDGE_CURVE('',#2965,#2965,#2620,.T.);
#3657=EDGE_CURVE('',#2965,#2966,#2621,.T.);
#3658=EDGE_CURVE('',#2967,#2966,#2622,.T.);
#3659=EDGE_CURVE('',#2966,#2967,#2623,.T.);
#3660=EDGE_CURVE('',#2968,#2968,#2624,.T.);
#3661=EDGE_CURVE('',#2968,#2969,#2625,.T.);
#3662=EDGE_CURVE('',#2970,#2969,#2626,.T.);
#3663=EDGE_CURVE('',#2969,#2970,#2627,.T.);
#3664=EDGE_CURVE('',#2971,#2971,#2628,.T.);
#3665=EDGE_CURVE('',#2971,#2972,#2629,.T.);
#3666=EDGE_CURVE('',#2973,#2972,#2630,.T.);
#3667=EDGE_CURVE('',#2972,#2973,#2631,.T.);
#3668=EDGE_CURVE('',#2974,#2974,#2632,.T.);
#3669=EDGE_CURVE('',#2974,#2975,#2633,.T.);
#3670=EDGE_CURVE('',#2976,#2975,#2634,.T.);
#3671=EDGE_CURVE('',#2975,#2976,#2635,.T.);
#3672=EDGE_CURVE('',#2977,#2977,#2636,.T.);
#3673=EDGE_CURVE('',#2977,#2978,#2637,.T.);
#3674=EDGE_CURVE('',#2979,#2978,#2638,.T.);
#3675=EDGE_CURVE('',#2978,#2979,#2639,.T.);
#3676=EDGE_CURVE('',#2980,#2981,#2640,.T.);
#3677=EDGE_CURVE('',#2982,#2981,#46,.T.);
#3678=EDGE_CURVE('',#2982,#2826,#1555,.T.);
#3679=EDGE_CURVE('',#2980,#2982,#47,.T.);
#3680=EDGE_CURVE('',#2983,#2984,#2641,.T.);
#3681=EDGE_CURVE('',#2985,#2984,#48,.T.);
#3682=EDGE_CURVE('',#2985,#2828,#1556,.T.);
#3683=EDGE_CURVE('',#2983,#2985,#49,.T.);
#3684=EDGE_CURVE('',#2986,#2987,#2642,.T.);
#3685=EDGE_CURVE('',#2988,#2987,#50,.T.);
#3686=EDGE_CURVE('',#2988,#2830,#1557,.T.);
#3687=EDGE_CURVE('',#2986,#2988,#51,.T.);
#3688=EDGE_CURVE('',#2989,#2990,#2643,.T.);
#3689=EDGE_CURVE('',#2991,#2990,#52,.T.);
#3690=EDGE_CURVE('',#2991,#2832,#1558,.T.);
#3691=EDGE_CURVE('',#2989,#2991,#53,.T.);
#3692=EDGE_CURVE('',#2992,#2993,#2644,.T.);
#3693=EDGE_CURVE('',#2994,#2993,#54,.T.);
#3694=EDGE_CURVE('',#2994,#2834,#1559,.T.);
#3695=EDGE_CURVE('',#2992,#2994,#55,.T.);
#3696=EDGE_CURVE('',#2995,#2996,#2645,.T.);
#3697=EDGE_CURVE('',#2997,#2996,#56,.T.);
#3698=EDGE_CURVE('',#2997,#2836,#1560,.T.);
#3699=EDGE_CURVE('',#2995,#2997,#57,.T.);
#3700=EDGE_CURVE('',#2998,#2999,#2646,.T.);
#3701=EDGE_CURVE('',#3000,#2999,#58,.T.);
#3702=EDGE_CURVE('',#3000,#2838,#1561,.T.);
#3703=EDGE_CURVE('',#2998,#3000,#59,.T.);
#3704=EDGE_CURVE('',#3001,#3002,#2647,.T.);
#3705=EDGE_CURVE('',#3003,#3002,#60,.T.);
#3706=EDGE_CURVE('',#3003,#2840,#1562,.T.);
#3707=EDGE_CURVE('',#3001,#3003,#61,.T.);
#3708=EDGE_CURVE('',#3004,#3005,#2648,.T.);
#3709=EDGE_CURVE('',#3006,#3005,#62,.T.);
#3710=EDGE_CURVE('',#3006,#2842,#1563,.T.);
#3711=EDGE_CURVE('',#3004,#3006,#63,.T.);
#3712=EDGE_CURVE('',#3007,#3008,#2649,.T.);
#3713=EDGE_CURVE('',#3009,#3008,#64,.T.);
#3714=EDGE_CURVE('',#3009,#2844,#1564,.T.);
#3715=EDGE_CURVE('',#3007,#3009,#65,.T.);
#3716=EDGE_CURVE('',#3010,#3011,#2650,.T.);
#3717=EDGE_CURVE('',#3012,#3011,#66,.T.);
#3718=EDGE_CURVE('',#3012,#2846,#1565,.T.);
#3719=EDGE_CURVE('',#3010,#3012,#67,.T.);
#3720=EDGE_CURVE('',#3013,#3014,#2651,.T.);
#3721=EDGE_CURVE('',#3015,#3014,#68,.T.);
#3722=EDGE_CURVE('',#3015,#2848,#1566,.T.);
#3723=EDGE_CURVE('',#3013,#3015,#69,.T.);
#3724=EDGE_CURVE('',#3016,#3017,#2652,.T.);
#3725=EDGE_CURVE('',#3018,#3017,#70,.T.);
#3726=EDGE_CURVE('',#3018,#2850,#1567,.T.);
#3727=EDGE_CURVE('',#3016,#3018,#71,.T.);
#3728=EDGE_CURVE('',#3019,#3020,#2653,.T.);
#3729=EDGE_CURVE('',#3021,#3020,#72,.T.);
#3730=EDGE_CURVE('',#3021,#2852,#1568,.T.);
#3731=EDGE_CURVE('',#3019,#3021,#73,.T.);
#3732=EDGE_CURVE('',#3022,#3023,#2654,.T.);
#3733=EDGE_CURVE('',#3024,#3023,#74,.T.);
#3734=EDGE_CURVE('',#3024,#2854,#1569,.T.);
#3735=EDGE_CURVE('',#3022,#3024,#75,.T.);
#3736=EDGE_CURVE('',#3025,#3026,#2655,.T.);
#3737=EDGE_CURVE('',#3027,#3026,#76,.T.);
#3738=EDGE_CURVE('',#3027,#2856,#1570,.T.);
#3739=EDGE_CURVE('',#3025,#3027,#77,.T.);
#3740=EDGE_CURVE('',#3028,#3029,#2656,.T.);
#3741=EDGE_CURVE('',#3030,#3029,#78,.T.);
#3742=EDGE_CURVE('',#3030,#2858,#1571,.T.);
#3743=EDGE_CURVE('',#3028,#3030,#79,.T.);
#3744=EDGE_CURVE('',#3031,#3032,#2657,.T.);
#3745=EDGE_CURVE('',#3033,#3032,#80,.T.);
#3746=EDGE_CURVE('',#3033,#2860,#1572,.T.);
#3747=EDGE_CURVE('',#3031,#3033,#81,.T.);
#3748=EDGE_CURVE('',#3034,#3035,#2658,.T.);
#3749=EDGE_CURVE('',#3036,#3035,#82,.T.);
#3750=EDGE_CURVE('',#3036,#2862,#1573,.T.);
#3751=EDGE_CURVE('',#3034,#3036,#83,.T.);
#3752=EDGE_CURVE('',#3037,#3038,#2659,.T.);
#3753=EDGE_CURVE('',#3039,#3038,#84,.T.);
#3754=EDGE_CURVE('',#3039,#2864,#1574,.T.);
#3755=EDGE_CURVE('',#3037,#3039,#85,.T.);
#3756=EDGE_CURVE('',#3040,#3041,#2660,.T.);
#3757=EDGE_CURVE('',#3042,#3041,#86,.T.);
#3758=EDGE_CURVE('',#3042,#2866,#1575,.T.);
#3759=EDGE_CURVE('',#3040,#3042,#87,.T.);
#3760=EDGE_CURVE('',#3043,#3044,#2661,.T.);
#3761=EDGE_CURVE('',#3045,#3044,#88,.T.);
#3762=EDGE_CURVE('',#3045,#2868,#1576,.T.);
#3763=EDGE_CURVE('',#3043,#3045,#89,.T.);
#3764=EDGE_CURVE('',#3046,#3047,#2662,.T.);
#3765=EDGE_CURVE('',#3048,#3047,#90,.T.);
#3766=EDGE_CURVE('',#3048,#2870,#1577,.T.);
#3767=EDGE_CURVE('',#3046,#3048,#91,.T.);
#3768=EDGE_CURVE('',#3049,#3050,#2663,.T.);
#3769=EDGE_CURVE('',#3051,#3050,#92,.T.);
#3770=EDGE_CURVE('',#3051,#2872,#1578,.T.);
#3771=EDGE_CURVE('',#3049,#3051,#93,.T.);
#3772=EDGE_CURVE('',#3052,#3053,#2664,.T.);
#3773=EDGE_CURVE('',#3054,#3053,#94,.T.);
#3774=EDGE_CURVE('',#3054,#2874,#1579,.T.);
#3775=EDGE_CURVE('',#3052,#3054,#95,.T.);
#3776=EDGE_CURVE('',#3055,#3056,#2665,.T.);
#3777=EDGE_CURVE('',#3057,#3056,#96,.T.);
#3778=EDGE_CURVE('',#3057,#2876,#1580,.T.);
#3779=EDGE_CURVE('',#3055,#3057,#97,.T.);
#3780=EDGE_CURVE('',#3058,#3059,#2666,.T.);
#3781=EDGE_CURVE('',#3060,#3059,#98,.T.);
#3782=EDGE_CURVE('',#3060,#2878,#1581,.T.);
#3783=EDGE_CURVE('',#3058,#3060,#99,.T.);
#3784=EDGE_CURVE('',#3061,#3062,#2667,.T.);
#3785=EDGE_CURVE('',#3063,#3062,#100,.T.);
#3786=EDGE_CURVE('',#3063,#2880,#1582,.T.);
#3787=EDGE_CURVE('',#3061,#3063,#101,.T.);
#3788=EDGE_CURVE('',#3064,#3065,#2668,.T.);
#3789=EDGE_CURVE('',#3066,#3065,#102,.T.);
#3790=EDGE_CURVE('',#3066,#2882,#1583,.T.);
#3791=EDGE_CURVE('',#3064,#3066,#103,.T.);
#3792=EDGE_CURVE('',#3067,#3068,#2669,.T.);
#3793=EDGE_CURVE('',#3069,#3068,#104,.T.);
#3794=EDGE_CURVE('',#3069,#2884,#1584,.T.);
#3795=EDGE_CURVE('',#3067,#3069,#105,.T.);
#3796=EDGE_CURVE('',#3070,#3071,#2670,.T.);
#3797=EDGE_CURVE('',#3072,#3071,#106,.T.);
#3798=EDGE_CURVE('',#3072,#2886,#1585,.T.);
#3799=EDGE_CURVE('',#3070,#3072,#107,.T.);
#3800=EDGE_CURVE('',#3073,#3074,#108,.T.);
#3801=EDGE_CURVE('',#3075,#3074,#2671,.T.);
#3802=EDGE_CURVE('',#3075,#2889,#1586,.T.);
#3803=EDGE_CURVE('',#3073,#3075,#2672,.T.);
#3804=EDGE_CURVE('',#3076,#3077,#109,.T.);
#3805=EDGE_CURVE('',#3078,#3077,#2673,.T.);
#3806=EDGE_CURVE('',#3078,#2892,#1587,.T.);
#3807=EDGE_CURVE('',#3076,#3078,#2674,.T.);
#3808=EDGE_CURVE('',#3079,#3080,#110,.T.);
#3809=EDGE_CURVE('',#3081,#3080,#2675,.T.);
#3810=EDGE_CURVE('',#3081,#2895,#1588,.T.);
#3811=EDGE_CURVE('',#3079,#3081,#2676,.T.);
#3812=EDGE_CURVE('',#3082,#3083,#111,.T.);
#3813=EDGE_CURVE('',#3084,#3083,#2677,.T.);
#3814=EDGE_CURVE('',#3084,#2898,#1589,.T.);
#3815=EDGE_CURVE('',#3082,#3084,#2678,.T.);
#3816=EDGE_CURVE('',#3085,#3086,#112,.T.);
#3817=EDGE_CURVE('',#3087,#3086,#2679,.T.);
#3818=EDGE_CURVE('',#3087,#2901,#1590,.T.);
#3819=EDGE_CURVE('',#3085,#3087,#2680,.T.);
#3820=EDGE_CURVE('',#3088,#3089,#113,.T.);
#3821=EDGE_CURVE('',#3090,#3089,#2681,.T.);
#3822=EDGE_CURVE('',#3090,#2904,#1591,.T.);
#3823=EDGE_CURVE('',#3088,#3090,#2682,.T.);
#3824=EDGE_CURVE('',#3091,#3092,#114,.T.);
#3825=EDGE_CURVE('',#3093,#3092,#2683,.T.);
#3826=EDGE_CURVE('',#3093,#2907,#1592,.T.);
#3827=EDGE_CURVE('',#3091,#3093,#2684,.T.);
#3828=EDGE_CURVE('',#3094,#3095,#115,.T.);
#3829=EDGE_CURVE('',#3096,#3095,#2685,.T.);
#3830=EDGE_CURVE('',#3096,#2910,#1593,.T.);
#3831=EDGE_CURVE('',#3094,#3096,#2686,.T.);
#3832=EDGE_CURVE('',#3097,#3098,#116,.T.);
#3833=EDGE_CURVE('',#3099,#3098,#2687,.T.);
#3834=EDGE_CURVE('',#3099,#2913,#1594,.T.);
#3835=EDGE_CURVE('',#3097,#3099,#2688,.T.);
#3836=EDGE_CURVE('',#3100,#3101,#117,.T.);
#3837=EDGE_CURVE('',#3102,#3101,#2689,.T.);
#3838=EDGE_CURVE('',#3102,#2916,#1595,.T.);
#3839=EDGE_CURVE('',#3100,#3102,#2690,.T.);
#3840=EDGE_CURVE('',#3103,#3104,#118,.T.);
#3841=EDGE_CURVE('',#3105,#3104,#2691,.T.);
#3842=EDGE_CURVE('',#3105,#2919,#1596,.T.);
#3843=EDGE_CURVE('',#3103,#3105,#2692,.T.);
#3844=EDGE_CURVE('',#3106,#3107,#119,.T.);
#3845=EDGE_CURVE('',#3108,#3107,#2693,.T.);
#3846=EDGE_CURVE('',#3108,#2922,#1597,.T.);
#3847=EDGE_CURVE('',#3106,#3108,#2694,.T.);
#3848=EDGE_CURVE('',#3109,#3110,#120,.T.);
#3849=EDGE_CURVE('',#3111,#3110,#2695,.T.);
#3850=EDGE_CURVE('',#3111,#2925,#1598,.T.);
#3851=EDGE_CURVE('',#3109,#3111,#2696,.T.);
#3852=EDGE_CURVE('',#3112,#3113,#121,.T.);
#3853=EDGE_CURVE('',#3114,#3113,#2697,.T.);
#3854=EDGE_CURVE('',#3114,#2928,#1599,.T.);
#3855=EDGE_CURVE('',#3112,#3114,#2698,.T.);
#3856=EDGE_CURVE('',#3115,#3116,#122,.T.);
#3857=EDGE_CURVE('',#3117,#3116,#2699,.T.);
#3858=EDGE_CURVE('',#3117,#2931,#1600,.T.);
#3859=EDGE_CURVE('',#3115,#3117,#2700,.T.);
#3860=EDGE_CURVE('',#3118,#3119,#123,.T.);
#3861=EDGE_CURVE('',#3120,#3119,#2701,.T.);
#3862=EDGE_CURVE('',#3120,#2934,#1601,.T.);
#3863=EDGE_CURVE('',#3118,#3120,#2702,.T.);
#3864=EDGE_CURVE('',#3121,#3122,#124,.T.);
#3865=EDGE_CURVE('',#3123,#3122,#2703,.T.);
#3866=EDGE_CURVE('',#3123,#2937,#1602,.T.);
#3867=EDGE_CURVE('',#3121,#3123,#2704,.T.);
#3868=EDGE_CURVE('',#3124,#3125,#125,.T.);
#3869=EDGE_CURVE('',#3126,#3125,#2705,.T.);
#3870=EDGE_CURVE('',#3126,#2940,#1603,.T.);
#3871=EDGE_CURVE('',#3124,#3126,#2706,.T.);
#3872=EDGE_CURVE('',#3127,#3128,#126,.T.);
#3873=EDGE_CURVE('',#3129,#3128,#2707,.T.);
#3874=EDGE_CURVE('',#3129,#2943,#1604,.T.);
#3875=EDGE_CURVE('',#3127,#3129,#2708,.T.);
#3876=EDGE_CURVE('',#3130,#3131,#127,.T.);
#3877=EDGE_CURVE('',#3132,#3131,#2709,.T.);
#3878=EDGE_CURVE('',#3132,#2946,#1605,.T.);
#3879=EDGE_CURVE('',#3130,#3132,#2710,.T.);
#3880=EDGE_CURVE('',#3133,#3134,#128,.T.);
#3881=EDGE_CURVE('',#3135,#3134,#2711,.T.);
#3882=EDGE_CURVE('',#3135,#2949,#1606,.T.);
#3883=EDGE_CURVE('',#3133,#3135,#2712,.T.);
#3884=EDGE_CURVE('',#3136,#3137,#129,.T.);
#3885=EDGE_CURVE('',#3138,#3137,#2713,.T.);
#3886=EDGE_CURVE('',#3138,#2952,#1607,.T.);
#3887=EDGE_CURVE('',#3136,#3138,#2714,.T.);
#3888=EDGE_CURVE('',#3139,#3140,#130,.T.);
#3889=EDGE_CURVE('',#3141,#3140,#2715,.T.);
#3890=EDGE_CURVE('',#3141,#2955,#1608,.T.);
#3891=EDGE_CURVE('',#3139,#3141,#2716,.T.);
#3892=EDGE_CURVE('',#3142,#3143,#131,.T.);
#3893=EDGE_CURVE('',#3144,#3143,#2717,.T.);
#3894=EDGE_CURVE('',#3144,#2958,#1609,.T.);
#3895=EDGE_CURVE('',#3142,#3144,#2718,.T.);
#3896=EDGE_CURVE('',#3145,#3146,#132,.T.);
#3897=EDGE_CURVE('',#3147,#3146,#2719,.T.);
#3898=EDGE_CURVE('',#3147,#2961,#1610,.T.);
#3899=EDGE_CURVE('',#3145,#3147,#2720,.T.);
#3900=EDGE_CURVE('',#3148,#3149,#133,.T.);
#3901=EDGE_CURVE('',#3150,#3149,#2721,.T.);
#3902=EDGE_CURVE('',#3150,#2964,#1611,.T.);
#3903=EDGE_CURVE('',#3148,#3150,#2722,.T.);
#3904=EDGE_CURVE('',#3151,#3152,#134,.T.);
#3905=EDGE_CURVE('',#3153,#3152,#2723,.T.);
#3906=EDGE_CURVE('',#3153,#2967,#1612,.T.);
#3907=EDGE_CURVE('',#3151,#3153,#2724,.T.);
#3908=EDGE_CURVE('',#3154,#3155,#135,.T.);
#3909=EDGE_CURVE('',#3156,#3155,#2725,.T.);
#3910=EDGE_CURVE('',#3156,#2970,#1613,.T.);
#3911=EDGE_CURVE('',#3154,#3156,#2726,.T.);
#3912=EDGE_CURVE('',#3157,#3158,#136,.T.);
#3913=EDGE_CURVE('',#3159,#3158,#2727,.T.);
#3914=EDGE_CURVE('',#3159,#2973,#1614,.T.);
#3915=EDGE_CURVE('',#3157,#3159,#2728,.T.);
#3916=EDGE_CURVE('',#3160,#3161,#137,.T.);
#3917=EDGE_CURVE('',#3162,#3161,#2729,.T.);
#3918=EDGE_CURVE('',#3162,#2976,#1615,.T.);
#3919=EDGE_CURVE('',#3160,#3162,#2730,.T.);
#3920=EDGE_CURVE('',#3163,#3164,#138,.T.);
#3921=EDGE_CURVE('',#3165,#3164,#2731,.T.);
#3922=EDGE_CURVE('',#3165,#2979,#1616,.T.);
#3923=EDGE_CURVE('',#3163,#3165,#2732,.T.);
#3924=EDGE_CURVE('',#3166,#3167,#1617,.T.);
#3925=EDGE_CURVE('',#3167,#3168,#1618,.T.);
#3926=EDGE_CURVE('',#3168,#3169,#1619,.T.);
#3927=EDGE_CURVE('',#3169,#3166,#1620,.T.);
#3928=EDGE_CURVE('',#3170,#3171,#1621,.T.);
#3929=EDGE_CURVE('',#3172,#3170,#1622,.T.);
#3930=EDGE_CURVE('',#3173,#3172,#1623,.T.);
#3931=EDGE_CURVE('',#3171,#3173,#1624,.T.);
#3932=EDGE_CURVE('',#3067,#3068,#1625,.T.);
#3933=EDGE_CURVE('',#3061,#3062,#1626,.T.);
#3934=EDGE_CURVE('',#3055,#3056,#1627,.T.);
#3935=EDGE_CURVE('',#3049,#3050,#1628,.T.);
#3936=EDGE_CURVE('',#3043,#3044,#1629,.T.);
#3937=EDGE_CURVE('',#3037,#3038,#1630,.T.);
#3938=EDGE_CURVE('',#3031,#3032,#1631,.T.);
#3939=EDGE_CURVE('',#3025,#3026,#1632,.T.);
#3940=EDGE_CURVE('',#3020,#3019,#1633,.T.);
#3941=EDGE_CURVE('',#3014,#3013,#1634,.T.);
#3942=EDGE_CURVE('',#3008,#3007,#1635,.T.);
#3943=EDGE_CURVE('',#3002,#3001,#1636,.T.);
#3944=EDGE_CURVE('',#2996,#2995,#1637,.T.);
#3945=EDGE_CURVE('',#2990,#2989,#1638,.T.);
#3946=EDGE_CURVE('',#2984,#2983,#1639,.T.);
#3947=EDGE_CURVE('',#3174,#3175,#1640,.T.);
#3948=EDGE_CURVE('',#3176,#3174,#1641,.T.);
#3949=EDGE_CURVE('',#3177,#3176,#1642,.T.);
#3950=EDGE_CURVE('',#3175,#3177,#1643,.T.);
#3951=EDGE_CURVE('',#3178,#3179,#1644,.T.);
#3952=EDGE_CURVE('',#3180,#3178,#1645,.T.);
#3953=EDGE_CURVE('',#3181,#3180,#1646,.T.);
#3954=EDGE_CURVE('',#3179,#3181,#1647,.T.);
#3955=EDGE_CURVE('',#3182,#3183,#1648,.T.);
#3956=EDGE_CURVE('',#3184,#3182,#1649,.T.);
#3957=EDGE_CURVE('',#3185,#3184,#1650,.T.);
#3958=EDGE_CURVE('',#3183,#3185,#1651,.T.);
#3959=EDGE_CURVE('',#3186,#3187,#1652,.T.);
#3960=EDGE_CURVE('',#3188,#3186,#1653,.T.);
#3961=EDGE_CURVE('',#3189,#3188,#1654,.T.);
#3962=EDGE_CURVE('',#3187,#3189,#1655,.T.);
#3963=EDGE_CURVE('',#3190,#3191,#1656,.T.);
#3964=EDGE_CURVE('',#3192,#3190,#1657,.T.);
#3965=EDGE_CURVE('',#3193,#3192,#1658,.T.);
#3966=EDGE_CURVE('',#3191,#3193,#1659,.T.);
#3967=EDGE_CURVE('',#3194,#3195,#1660,.T.);
#3968=EDGE_CURVE('',#3196,#3194,#1661,.T.);
#3969=EDGE_CURVE('',#3197,#3196,#1662,.T.);
#3970=EDGE_CURVE('',#3195,#3197,#1663,.T.);
#3971=EDGE_CURVE('',#3198,#3199,#1664,.T.);
#3972=EDGE_CURVE('',#3200,#3198,#1665,.T.);
#3973=EDGE_CURVE('',#3201,#3200,#1666,.T.);
#3974=EDGE_CURVE('',#3199,#3201,#1667,.T.);
#3975=EDGE_CURVE('',#2981,#2980,#1668,.T.);
#3976=EDGE_CURVE('',#2987,#2986,#1669,.T.);
#3977=EDGE_CURVE('',#2993,#2992,#1670,.T.);
#3978=EDGE_CURVE('',#2999,#2998,#1671,.T.);
#3979=EDGE_CURVE('',#3005,#3004,#1672,.T.);
#3980=EDGE_CURVE('',#3011,#3010,#1673,.T.);
#3981=EDGE_CURVE('',#3017,#3016,#1674,.T.);
#3982=EDGE_CURVE('',#3023,#3022,#1675,.T.);
#3983=EDGE_CURVE('',#3028,#3029,#1676,.T.);
#3984=EDGE_CURVE('',#3034,#3035,#1677,.T.);
#3985=EDGE_CURVE('',#3040,#3041,#1678,.T.);
#3986=EDGE_CURVE('',#3046,#3047,#1679,.T.);
#3987=EDGE_CURVE('',#3052,#3053,#1680,.T.);
#3988=EDGE_CURVE('',#3058,#3059,#1681,.T.);
#3989=EDGE_CURVE('',#3064,#3065,#1682,.T.);
#3990=EDGE_CURVE('',#3070,#3071,#1683,.T.);
#3991=EDGE_CURVE('',#3073,#3074,#1684,.T.);
#3992=EDGE_CURVE('',#3076,#3077,#1685,.T.);
#3993=EDGE_CURVE('',#3079,#3080,#1686,.T.);
#3994=EDGE_CURVE('',#3082,#3083,#1687,.T.);
#3995=EDGE_CURVE('',#3085,#3086,#1688,.T.);
#3996=EDGE_CURVE('',#3088,#3089,#1689,.T.);
#3997=EDGE_CURVE('',#3091,#3092,#1690,.T.);
#3998=EDGE_CURVE('',#3094,#3095,#1691,.T.);
#3999=EDGE_CURVE('',#3097,#3098,#1692,.T.);
#4000=EDGE_CURVE('',#3100,#3101,#1693,.T.);
#4001=EDGE_CURVE('',#3103,#3104,#1694,.T.);
#4002=EDGE_CURVE('',#3106,#3107,#1695,.T.);
#4003=EDGE_CURVE('',#3109,#3110,#1696,.T.);
#4004=EDGE_CURVE('',#3112,#3113,#1697,.T.);
#4005=EDGE_CURVE('',#3115,#3116,#1698,.T.);
#4006=EDGE_CURVE('',#3119,#3118,#1699,.T.);
#4007=EDGE_CURVE('',#3122,#3121,#1700,.T.);
#4008=EDGE_CURVE('',#3125,#3124,#1701,.T.);
#4009=EDGE_CURVE('',#3128,#3127,#1702,.T.);
#4010=EDGE_CURVE('',#3131,#3130,#1703,.T.);
#4011=EDGE_CURVE('',#3134,#3133,#1704,.T.);
#4012=EDGE_CURVE('',#3137,#3136,#1705,.T.);
#4013=EDGE_CURVE('',#3140,#3139,#1706,.T.);
#4014=EDGE_CURVE('',#3143,#3142,#1707,.T.);
#4015=EDGE_CURVE('',#3146,#3145,#1708,.T.);
#4016=EDGE_CURVE('',#3149,#3148,#1709,.T.);
#4017=EDGE_CURVE('',#3152,#3151,#1710,.T.);
#4018=EDGE_CURVE('',#3155,#3154,#1711,.T.);
#4019=EDGE_CURVE('',#3158,#3157,#1712,.T.);
#4020=EDGE_CURVE('',#3161,#3160,#1713,.T.);
#4021=EDGE_CURVE('',#3164,#3163,#1714,.T.);
#4022=EDGE_CURVE('',#3202,#3203,#1715,.T.);
#4023=EDGE_CURVE('',#3203,#3204,#1716,.T.);
#4024=EDGE_CURVE('',#3204,#3205,#1717,.T.);
#4025=EDGE_CURVE('',#3205,#3202,#1718,.T.);
#4026=EDGE_CURVE('',#3206,#3207,#1719,.T.);
#4027=EDGE_CURVE('',#3208,#3206,#1720,.T.);
#4028=EDGE_CURVE('',#3209,#3208,#1721,.T.);
#4029=EDGE_CURVE('',#3207,#3209,#1722,.T.);
#4030=EDGE_CURVE('',#3210,#3211,#28,.T.);
#4031=EDGE_CURVE('',#3211,#3212,#1723,.T.);
#4032=EDGE_CURVE('',#3212,#3213,#1724,.T.);
#4033=EDGE_CURVE('',#3213,#3214,#29,.T.);
#4034=EDGE_CURVE('',#3214,#3215,#30,.T.);
#4035=EDGE_CURVE('',#3215,#3216,#31,.T.);
#4036=EDGE_CURVE('',#3216,#3217,#1725,.T.);
#4037=EDGE_CURVE('',#3217,#3218,#32,.T.);
#4038=EDGE_CURVE('',#3218,#3219,#33,.T.);
#4039=EDGE_CURVE('',#3219,#3220,#1726,.T.);
#4040=EDGE_CURVE('',#3220,#3210,#34,.T.);
#4041=EDGE_CURVE('',#3203,#3171,#1727,.T.);
#4042=EDGE_CURVE('',#3202,#3170,#1728,.T.);
#4043=EDGE_CURVE('',#3204,#3173,#1729,.T.);
#4044=EDGE_CURVE('',#3205,#3172,#1730,.T.);
#4045=EDGE_CURVE('',#3221,#3207,#1731,.T.);
#4046=EDGE_CURVE('',#3222,#3221,#1732,.T.);
#4047=EDGE_CURVE('',#3222,#3206,#1733,.T.);
#4048=EDGE_CURVE('',#3223,#3222,#1734,.T.);
#4049=EDGE_CURVE('',#3223,#3208,#1735,.T.);
#4050=EDGE_CURVE('',#3224,#3223,#1736,.T.);
#4051=EDGE_CURVE('',#3224,#3209,#1737,.T.);
#4052=EDGE_CURVE('',#3221,#3224,#1738,.T.);
#4053=EDGE_CURVE('',#3225,#3211,#1739,.T.);
#4054=EDGE_CURVE('',#3225,#3226,#1740,.T.);
#4055=EDGE_CURVE('',#3226,#3212,#1741,.T.);
#4056=EDGE_CURVE('',#3226,#3227,#1742,.T.);
#4057=EDGE_CURVE('',#3227,#3213,#1743,.T.);
#4058=EDGE_CURVE('',#3227,#3228,#35,.T.);
#4059=EDGE_CURVE('',#3228,#3214,#1744,.T.);
#4060=EDGE_CURVE('',#3228,#3229,#36,.T.);
#4061=EDGE_CURVE('',#3229,#3215,#1745,.T.);
#4062=EDGE_CURVE('',#3229,#3230,#37,.T.);
#4063=EDGE_CURVE('',#3230,#3216,#1746,.T.);
#4064=EDGE_CURVE('',#3230,#3231,#1747,.T.);
#4065=EDGE_CURVE('',#3231,#3217,#1748,.T.);
#4066=EDGE_CURVE('',#3231,#3232,#38,.T.);
#4067=EDGE_CURVE('',#3232,#3218,#1749,.T.);
#4068=EDGE_CURVE('',#3232,#3233,#39,.T.);
#4069=EDGE_CURVE('',#3233,#3219,#1750,.T.);
#4070=EDGE_CURVE('',#3233,#3234,#1751,.T.);
#4071=EDGE_CURVE('',#3234,#3220,#1752,.T.);
#4072=EDGE_CURVE('',#3234,#3235,#40,.T.);
#4073=EDGE_CURVE('',#3235,#3210,#1753,.T.);
#4074=EDGE_CURVE('',#3235,#3225,#41,.T.);
#4075=EDGE_CURVE('',#3236,#3166,#1754,.T.);
#4076=EDGE_CURVE('',#3236,#3237,#1755,.T.);
#4077=EDGE_CURVE('',#3237,#3167,#1756,.T.);
#4078=EDGE_CURVE('',#3238,#3169,#1757,.T.);
#4079=EDGE_CURVE('',#3238,#3236,#1758,.T.);
#4080=EDGE_CURVE('',#3239,#3168,#1759,.T.);
#4081=EDGE_CURVE('',#3239,#3238,#1760,.T.);
#4082=EDGE_CURVE('',#3237,#3239,#1761,.T.);
#4083=EDGE_CURVE('',#3240,#3174,#1762,.T.);
#4084=EDGE_CURVE('',#3241,#3240,#1763,.T.);
#4085=EDGE_CURVE('',#3241,#3176,#1764,.T.);
#4086=EDGE_CURVE('',#3242,#3175,#1765,.T.);
#4087=EDGE_CURVE('',#3240,#3242,#1766,.T.);
#4088=EDGE_CURVE('',#3243,#3177,#1767,.T.);
#4089=EDGE_CURVE('',#3242,#3243,#1768,.T.);
#4090=EDGE_CURVE('',#3243,#3241,#1769,.T.);
#4091=EDGE_CURVE('',#3244,#3198,#1770,.T.);
#4092=EDGE_CURVE('',#3245,#3244,#1771,.T.);
#4093=EDGE_CURVE('',#3245,#3200,#1772,.T.);
#4094=EDGE_CURVE('',#3246,#3199,#1773,.T.);
#4095=EDGE_CURVE('',#3244,#3246,#1774,.T.);
#4096=EDGE_CURVE('',#3247,#3201,#1775,.T.);
#4097=EDGE_CURVE('',#3246,#3247,#1776,.T.);
#4098=EDGE_CURVE('',#3247,#3245,#1777,.T.);
#4099=EDGE_CURVE('',#3248,#3178,#1778,.T.);
#4100=EDGE_CURVE('',#3249,#3248,#1779,.T.);
#4101=EDGE_CURVE('',#3249,#3180,#1780,.T.);
#4102=EDGE_CURVE('',#3250,#3179,#1781,.T.);
#4103=EDGE_CURVE('',#3248,#3250,#1782,.T.);
#4104=EDGE_CURVE('',#3251,#3181,#1783,.T.);
#4105=EDGE_CURVE('',#3250,#3251,#1784,.T.);
#4106=EDGE_CURVE('',#3251,#3249,#1785,.T.);
#4107=EDGE_CURVE('',#3252,#3194,#1786,.T.);
#4108=EDGE_CURVE('',#3253,#3252,#1787,.T.);
#4109=EDGE_CURVE('',#3253,#3196,#1788,.T.);
#4110=EDGE_CURVE('',#3254,#3195,#1789,.T.);
#4111=EDGE_CURVE('',#3252,#3254,#1790,.T.);
#4112=EDGE_CURVE('',#3255,#3197,#1791,.T.);
#4113=EDGE_CURVE('',#3254,#3255,#1792,.T.);
#4114=EDGE_CURVE('',#3255,#3253,#1793,.T.);
#4115=EDGE_CURVE('',#3256,#3182,#1794,.T.);
#4116=EDGE_CURVE('',#3257,#3256,#1795,.T.);
#4117=EDGE_CURVE('',#3257,#3184,#1796,.T.);
#4118=EDGE_CURVE('',#3258,#3183,#1797,.T.);
#4119=EDGE_CURVE('',#3256,#3258,#1798,.T.);
#4120=EDGE_CURVE('',#3259,#3185,#1799,.T.);
#4121=EDGE_CURVE('',#3258,#3259,#1800,.T.);
#4122=EDGE_CURVE('',#3259,#3257,#1801,.T.);
#4123=EDGE_CURVE('',#3260,#3190,#1802,.T.);
#4124=EDGE_CURVE('',#3261,#3260,#1803,.T.);
#4125=EDGE_CURVE('',#3261,#3192,#1804,.T.);
#4126=EDGE_CURVE('',#3262,#3191,#1805,.T.);
#4127=EDGE_CURVE('',#3260,#3262,#1806,.T.);
#4128=EDGE_CURVE('',#3263,#3193,#1807,.T.);
#4129=EDGE_CURVE('',#3262,#3263,#1808,.T.);
#4130=EDGE_CURVE('',#3263,#3261,#1809,.T.);
#4131=EDGE_CURVE('',#3264,#3186,#1810,.T.);
#4132=EDGE_CURVE('',#3265,#3264,#1811,.T.);
#4133=EDGE_CURVE('',#3265,#3188,#1812,.T.);
#4134=EDGE_CURVE('',#3266,#3187,#1813,.T.);
#4135=EDGE_CURVE('',#3264,#3266,#1814,.T.);
#4136=EDGE_CURVE('',#3267,#3189,#1815,.T.);
#4137=EDGE_CURVE('',#3266,#3267,#1816,.T.);
#4138=EDGE_CURVE('',#3267,#3265,#1817,.T.);
#4139=EDGE_CURVE('',#3268,#3269,#2733,.T.);
#4140=EDGE_CURVE('',#3269,#3268,#2734,.T.);
#4141=EDGE_CURVE('',#3269,#3270,#1818,.T.);
#4142=EDGE_CURVE('',#3270,#3270,#2735,.T.);
#4143=EDGE_CURVE('',#3271,#3271,#2736,.T.);
#4144=EDGE_CURVE('',#3271,#3272,#1819,.T.);
#4145=EDGE_CURVE('',#3272,#3272,#2737,.T.);
#4146=EDGE_CURVE('',#3268,#3273,#1820,.T.);
#4147=EDGE_CURVE('',#3273,#3273,#2738,.T.);
#4148=EDGE_CURVE('',#3274,#3275,#2739,.T.);
#4149=EDGE_CURVE('',#3275,#3276,#1821,.T.);
#4150=EDGE_CURVE('',#3277,#3276,#2740,.T.);
#4151=EDGE_CURVE('',#3274,#3277,#1822,.T.);
#4152=EDGE_CURVE('',#3278,#3279,#2741,.T.);
#4153=EDGE_CURVE('',#3279,#3280,#1823,.T.);
#4154=EDGE_CURVE('',#3281,#3280,#2742,.T.);
#4155=EDGE_CURVE('',#3278,#3281,#1824,.T.);
#4156=EDGE_CURVE('',#3282,#3283,#1825,.T.);
#4157=EDGE_CURVE('',#3283,#3284,#1826,.T.);
#4158=EDGE_CURVE('',#3284,#3285,#1827,.T.);
#4159=EDGE_CURVE('',#3285,#3282,#1828,.T.);
#4160=EDGE_CURVE('',#3286,#3287,#1829,.T.);
#4161=EDGE_CURVE('',#3288,#3286,#1830,.T.);
#4162=EDGE_CURVE('',#3289,#3288,#1831,.T.);
#4163=EDGE_CURVE('',#3287,#3289,#1832,.T.);
#4164=EDGE_CURVE('',#3290,#3291,#1833,.T.);
#4165=EDGE_CURVE('',#3291,#3292,#1834,.T.);
#4166=EDGE_CURVE('',#3292,#3293,#1835,.T.);
#4167=EDGE_CURVE('',#3293,#3290,#1836,.T.);
#4168=EDGE_CURVE('',#3282,#3287,#1837,.T.);
#4169=EDGE_CURVE('',#3285,#3286,#1838,.T.);
#4170=EDGE_CURVE('',#3283,#3289,#1839,.T.);
#4171=EDGE_CURVE('',#3284,#3288,#1840,.T.);
#4172=EDGE_CURVE('',#3294,#3290,#1841,.T.);
#4173=EDGE_CURVE('',#3294,#3295,#1842,.T.);
#4174=EDGE_CURVE('',#3295,#3291,#1843,.T.);
#4175=EDGE_CURVE('',#3295,#3296,#1844,.T.);
#4176=EDGE_CURVE('',#3296,#3292,#1845,.T.);
#4177=EDGE_CURVE('',#3296,#3297,#1846,.T.);
#4178=EDGE_CURVE('',#3297,#3293,#1847,.T.);
#4179=EDGE_CURVE('',#3297,#3294,#1848,.T.);
#4180=EDGE_CURVE('',#3280,#3277,#1849,.T.);
#4181=EDGE_CURVE('',#3276,#3298,#1850,.T.);
#4182=EDGE_CURVE('',#3298,#3299,#2743,.T.);
#4183=EDGE_CURVE('',#3299,#3300,#1851,.T.);
#4184=EDGE_CURVE('',#3300,#3301,#2744,.T.);
#4185=EDGE_CURVE('',#3301,#3281,#1852,.T.);
#4186=EDGE_CURVE('',#3279,#3274,#1853,.T.);
#4187=EDGE_CURVE('',#3275,#3302,#1854,.T.);
#4188=EDGE_CURVE('',#3302,#3298,#1855,.T.);
#4189=EDGE_CURVE('',#3302,#3303,#2745,.T.);
#4190=EDGE_CURVE('',#3303,#3299,#1856,.T.);
#4191=EDGE_CURVE('',#3303,#3304,#1857,.T.);
#4192=EDGE_CURVE('',#3304,#3300,#1858,.T.);
#4193=EDGE_CURVE('',#3304,#3305,#2746,.T.);
#4194=EDGE_CURVE('',#3305,#3301,#1859,.T.);
#4195=EDGE_CURVE('',#3305,#3278,#1860,.T.);
#4196=EDGE_CURVE('',#3306,#3307,#1861,.T.);
#4197=EDGE_CURVE('',#3308,#3306,#2747,.T.);
#4198=EDGE_CURVE('',#3309,#3308,#1862,.T.);
#4199=EDGE_CURVE('',#3310,#3309,#2748,.T.);
#4200=EDGE_CURVE('',#3311,#3310,#1863,.T.);
#4201=EDGE_CURVE('',#3312,#3311,#2749,.T.);
#4202=EDGE_CURVE('',#3313,#3312,#1864,.T.);
#4203=EDGE_CURVE('',#3307,#3313,#2750,.T.);
#4204=EDGE_CURVE('',#3314,#3315,#2751,.T.);
#4205=EDGE_CURVE('',#3315,#3316,#1865,.T.);
#4206=EDGE_CURVE('',#3316,#3317,#2752,.T.);
#4207=EDGE_CURVE('',#3317,#3318,#1866,.T.);
#4208=EDGE_CURVE('',#3318,#3319,#2753,.T.);
#4209=EDGE_CURVE('',#3319,#3320,#1867,.T.);
#4210=EDGE_CURVE('',#3320,#3321,#2754,.T.);
#4211=EDGE_CURVE('',#3321,#3314,#1868,.T.);
#4212=EDGE_CURVE('',#3308,#3314,#1869,.T.);
#4213=EDGE_CURVE('',#3306,#3315,#1870,.T.);
#4214=EDGE_CURVE('',#3307,#3316,#1871,.T.);
#4215=EDGE_CURVE('',#3313,#3317,#1872,.T.);
#4216=EDGE_CURVE('',#3312,#3318,#1873,.T.);
#4217=EDGE_CURVE('',#3311,#3319,#1874,.T.);
#4218=EDGE_CURVE('',#3310,#3320,#1875,.T.);
#4219=EDGE_CURVE('',#3309,#3321,#1876,.T.);
#4220=EDGE_CURVE('',#3322,#3323,#1877,.T.);
#4221=EDGE_CURVE('',#3324,#3323,#1878,.T.);
#4222=EDGE_CURVE('',#3325,#3324,#1879,.T.);
#4223=EDGE_CURVE('',#3325,#3322,#1880,.T.);
#4224=EDGE_CURVE('',#3323,#3326,#1881,.T.);
#4225=EDGE_CURVE('',#3327,#3326,#1882,.T.);
#4226=EDGE_CURVE('',#3324,#3327,#1883,.T.);
#4227=EDGE_CURVE('',#3326,#3328,#1884,.T.);
#4228=EDGE_CURVE('',#3329,#3328,#1885,.T.);
#4229=EDGE_CURVE('',#3327,#3329,#1886,.T.);
#4230=EDGE_CURVE('',#3328,#3322,#1887,.T.);
#4231=EDGE_CURVE('',#3329,#3325,#1888,.T.);
#4232=EDGE_CURVE('',#3330,#3330,#2755,.T.);
#4233=EDGE_CURVE('',#3330,#3331,#1889,.T.);
#4234=EDGE_CURVE('',#3331,#3331,#2756,.T.);
#4235=EDGE_CURVE('',#3332,#3332,#2757,.T.);
#4236=EDGE_CURVE('',#3332,#3333,#1890,.T.);
#4237=EDGE_CURVE('',#3333,#3333,#2758,.T.);
#4238=EDGE_CURVE('',#3334,#3334,#2759,.T.);
#4239=EDGE_CURVE('',#3334,#3335,#1891,.T.);
#4240=EDGE_CURVE('',#3335,#3335,#2760,.T.);
#4241=EDGE_CURVE('',#3336,#3336,#2761,.T.);
#4242=EDGE_CURVE('',#3336,#3337,#1892,.T.);
#4243=EDGE_CURVE('',#3337,#3337,#2762,.T.);
#4244=EDGE_CURVE('',#3338,#3339,#1893,.T.);
#4245=EDGE_CURVE('',#3340,#3339,#2763,.T.);
#4246=EDGE_CURVE('',#3341,#3340,#1894,.T.);
#4247=EDGE_CURVE('',#3342,#3341,#2764,.T.);
#4248=EDGE_CURVE('',#3342,#3343,#1895,.T.);
#4249=EDGE_CURVE('',#3344,#3343,#2765,.T.);
#4250=EDGE_CURVE('',#3345,#3344,#1896,.T.);
#4251=EDGE_CURVE('',#3345,#3346,#1897,.T.);
#4252=EDGE_CURVE('',#3346,#3346,#2766,.T.);
#4253=EDGE_CURVE('',#3347,#3345,#2767,.T.);
#4254=EDGE_CURVE('',#3347,#3348,#1898,.T.);
#4255=EDGE_CURVE('',#3349,#3348,#2768,.T.);
#4256=EDGE_CURVE('',#3350,#3349,#1899,.T.);
#4257=EDGE_CURVE('',#3338,#3350,#2769,.T.);
#4258=EDGE_CURVE('',#3339,#3351,#1900,.T.);
#4259=EDGE_CURVE('',#3351,#3352,#2770,.T.);
#4260=EDGE_CURVE('',#3349,#3352,#1901,.T.);
#4261=EDGE_CURVE('',#3348,#3353,#1902,.T.);
#4262=EDGE_CURVE('',#3353,#3354,#2771,.T.);
#4263=EDGE_CURVE('',#3344,#3354,#1903,.T.);
#4264=EDGE_CURVE('',#3343,#3355,#1904,.T.);
#4265=EDGE_CURVE('',#3355,#3356,#2772,.T.);
#4266=EDGE_CURVE('',#3340,#3356,#1905,.T.);
#4267=EDGE_CURVE('',#3353,#3347,#1906,.T.);
#4268=EDGE_CURVE('',#3354,#3345,#1907,.T.);
#4269=EDGE_CURVE('',#3355,#3342,#1908,.T.);
#4270=EDGE_CURVE('',#3356,#3341,#1909,.T.);
#4271=EDGE_CURVE('',#3351,#3338,#1910,.T.);
#4272=EDGE_CURVE('',#3352,#3350,#1911,.T.);
#4273=EDGE_CURVE('',#3357,#3358,#1912,.T.);
#4274=EDGE_CURVE('',#3358,#3359,#1913,.T.);
#4275=EDGE_CURVE('',#3359,#3360,#1914,.T.);
#4276=EDGE_CURVE('',#3360,#3357,#1915,.T.);
#4277=EDGE_CURVE('',#3361,#3362,#1916,.T.);
#4278=EDGE_CURVE('',#3363,#3361,#1917,.T.);
#4279=EDGE_CURVE('',#3364,#3363,#1918,.T.);
#4280=EDGE_CURVE('',#3362,#3364,#1919,.T.);
#4281=EDGE_CURVE('',#3361,#3357,#42,.T.);
#4282=EDGE_CURVE('',#3363,#3360,#43,.T.);
#4283=EDGE_CURVE('',#3364,#3359,#44,.T.);
#4284=EDGE_CURVE('',#3362,#3358,#45,.T.);
#4285=EDGE_CURVE('',#3365,#3366,#2773,.T.);
#4286=EDGE_CURVE('',#3367,#3365,#1920,.T.);
#4287=EDGE_CURVE('',#3367,#3368,#2774,.T.);
#4288=EDGE_CURVE('',#3368,#3366,#1921,.T.);
#4289=EDGE_CURVE('',#3369,#3365,#1922,.T.);
#4290=EDGE_CURVE('',#3370,#3369,#1923,.T.);
#4291=EDGE_CURVE('',#3370,#3367,#1924,.T.);
#4292=EDGE_CURVE('',#3371,#3369,#2775,.T.);
#4293=EDGE_CURVE('',#3372,#3371,#1925,.T.);
#4294=EDGE_CURVE('',#3372,#3370,#2776,.T.);
#4295=EDGE_CURVE('',#3373,#3371,#1926,.T.);
#4296=EDGE_CURVE('',#3374,#3373,#1927,.T.);
#4297=EDGE_CURVE('',#3374,#3372,#1928,.T.);
#4298=EDGE_CURVE('',#3375,#3373,#2777,.T.);
#4299=EDGE_CURVE('',#3376,#3375,#1929,.T.);
#4300=EDGE_CURVE('',#3376,#3374,#2778,.T.);
#4301=EDGE_CURVE('',#3377,#3375,#1930,.T.);
#4302=EDGE_CURVE('',#3378,#3377,#1931,.T.);
#4303=EDGE_CURVE('',#3378,#3376,#1932,.T.);
#4304=EDGE_CURVE('',#3379,#3377,#2779,.T.);
#4305=EDGE_CURVE('',#3380,#3379,#1933,.T.);
#4306=EDGE_CURVE('',#3380,#3378,#2780,.T.);
#4307=EDGE_CURVE('',#3366,#3379,#1934,.T.);
#4308=EDGE_CURVE('',#3368,#3380,#1935,.T.);
#4309=EDGE_CURVE('',#3381,#3382,#1936,.T.);
#4310=EDGE_CURVE('',#3381,#3383,#1937,.T.);
#4311=EDGE_CURVE('',#3383,#3384,#1938,.T.);
#4312=EDGE_CURVE('',#3382,#3384,#1939,.T.);
#4313=EDGE_CURVE('',#3384,#3385,#1940,.T.);
#4314=EDGE_CURVE('',#3386,#3385,#1941,.T.);
#4315=EDGE_CURVE('',#3382,#3386,#1942,.T.);
#4316=EDGE_CURVE('',#3385,#3387,#1943,.T.);
#4317=EDGE_CURVE('',#3388,#3387,#1944,.T.);
#4318=EDGE_CURVE('',#3386,#3388,#1945,.T.);
#4319=EDGE_CURVE('',#3387,#3383,#1946,.T.);
#4320=EDGE_CURVE('',#3388,#3381,#1947,.T.);
#4321=EDGE_CURVE('',#3389,#3389,#2781,.T.);
#4322=EDGE_CURVE('',#3390,#3391,#1948,.T.);
#4323=EDGE_CURVE('',#3390,#3392,#1949,.T.);
#4324=EDGE_CURVE('',#3393,#3392,#1950,.T.);
#4325=EDGE_CURVE('',#3391,#3393,#1951,.T.);
#4326=EDGE_CURVE('',#3394,#3390,#2782,.T.);
#4327=EDGE_CURVE('',#3394,#3395,#1952,.T.);
#4328=EDGE_CURVE('',#3392,#3395,#1953,.T.);
#4329=EDGE_CURVE('',#3391,#3396,#2783,.T.);
#4330=EDGE_CURVE('',#3397,#3393,#1954,.T.);
#4331=EDGE_CURVE('',#3396,#3397,#1955,.T.);
#4332=EDGE_CURVE('',#3396,#3394,#1956,.T.);
#4333=EDGE_CURVE('',#3395,#3397,#1957,.T.);
#4334=EDGE_CURVE('',#3398,#3398,#2784,.T.);
#4335=EDGE_CURVE('',#3398,#3389,#1958,.T.);
#4336=ORIENTED_EDGE('',*,*,#3399,.F.);
#4337=ORIENTED_EDGE('',*,*,#3400,.T.);
#4338=ORIENTED_EDGE('',*,*,#3401,.T.);
#4339=ORIENTED_EDGE('',*,*,#3400,.F.);
#4340=ORIENTED_EDGE('',*,*,#3402,.F.);
#4341=ORIENTED_EDGE('',*,*,#3403,.T.);
#4342=ORIENTED_EDGE('',*,*,#3404,.T.);
#4343=ORIENTED_EDGE('',*,*,#3403,.F.);
#4344=ORIENTED_EDGE('',*,*,#3405,.F.);
#4345=ORIENTED_EDGE('',*,*,#3406,.T.);
#4346=ORIENTED_EDGE('',*,*,#3407,.T.);
#4347=ORIENTED_EDGE('',*,*,#3406,.F.);
#4348=ORIENTED_EDGE('',*,*,#3408,.F.);
#4349=ORIENTED_EDGE('',*,*,#3409,.T.);
#4350=ORIENTED_EDGE('',*,*,#3410,.T.);
#4351=ORIENTED_EDGE('',*,*,#3409,.F.);
#4352=ORIENTED_EDGE('',*,*,#3411,.T.);
#4353=ORIENTED_EDGE('',*,*,#3412,.T.);
#4354=ORIENTED_EDGE('',*,*,#3413,.T.);
#4355=ORIENTED_EDGE('',*,*,#3414,.T.);
#4356=ORIENTED_EDGE('',*,*,#3410,.F.);
#4357=ORIENTED_EDGE('',*,*,#3407,.F.);
#4358=ORIENTED_EDGE('',*,*,#3404,.F.);
#4359=ORIENTED_EDGE('',*,*,#3401,.F.);
#4360=ORIENTED_EDGE('',*,*,#3415,.F.);
#4361=ORIENTED_EDGE('',*,*,#3416,.F.);
#4362=ORIENTED_EDGE('',*,*,#3417,.F.);
#4363=ORIENTED_EDGE('',*,*,#3418,.F.);
#4364=ORIENTED_EDGE('',*,*,#3419,.F.);
#4365=ORIENTED_EDGE('',*,*,#3420,.F.);
#4366=ORIENTED_EDGE('',*,*,#3421,.F.);
#4367=ORIENTED_EDGE('',*,*,#3422,.F.);
#4368=ORIENTED_EDGE('',*,*,#3423,.F.);
#4369=ORIENTED_EDGE('',*,*,#3424,.F.);
#4370=ORIENTED_EDGE('',*,*,#3425,.F.);
#4371=ORIENTED_EDGE('',*,*,#3426,.F.);
#4372=ORIENTED_EDGE('',*,*,#3408,.T.);
#4373=ORIENTED_EDGE('',*,*,#3405,.T.);
#4374=ORIENTED_EDGE('',*,*,#3402,.T.);
#4375=ORIENTED_EDGE('',*,*,#3399,.T.);
#4376=ORIENTED_EDGE('',*,*,#3411,.F.);
#4377=ORIENTED_EDGE('',*,*,#3427,.F.);
#4378=ORIENTED_EDGE('',*,*,#3421,.T.);
#4379=ORIENTED_EDGE('',*,*,#3428,.T.);
#4380=ORIENTED_EDGE('',*,*,#3414,.F.);
#4381=ORIENTED_EDGE('',*,*,#3429,.F.);
#4382=ORIENTED_EDGE('',*,*,#3422,.T.);
#4383=ORIENTED_EDGE('',*,*,#3427,.T.);
#4384=ORIENTED_EDGE('',*,*,#3413,.F.);
#4385=ORIENTED_EDGE('',*,*,#3430,.F.);
#4386=ORIENTED_EDGE('',*,*,#3423,.T.);
#4387=ORIENTED_EDGE('',*,*,#3429,.T.);
#4388=ORIENTED_EDGE('',*,*,#3412,.F.);
#4389=ORIENTED_EDGE('',*,*,#3428,.F.);
#4390=ORIENTED_EDGE('',*,*,#3420,.T.);
#4391=ORIENTED_EDGE('',*,*,#3431,.F.);
#4392=ORIENTED_EDGE('',*,*,#3432,.F.);
#4393=ORIENTED_EDGE('',*,*,#3433,.T.);
#4394=ORIENTED_EDGE('',*,*,#3424,.T.);
#4395=ORIENTED_EDGE('',*,*,#3430,.T.);
#4396=ORIENTED_EDGE('',*,*,#3434,.F.);
#4397=ORIENTED_EDGE('',*,*,#3435,.F.);
#4398=ORIENTED_EDGE('',*,*,#3436,.F.);
#4399=ORIENTED_EDGE('',*,*,#3437,.F.);
#4400=ORIENTED_EDGE('',*,*,#3419,.T.);
#4401=ORIENTED_EDGE('',*,*,#3438,.F.);
#4402=ORIENTED_EDGE('',*,*,#3439,.F.);
#4403=ORIENTED_EDGE('',*,*,#3431,.T.);
#4404=ORIENTED_EDGE('',*,*,#3426,.T.);
#4405=ORIENTED_EDGE('',*,*,#3440,.F.);
#4406=ORIENTED_EDGE('',*,*,#3441,.F.);
#4407=ORIENTED_EDGE('',*,*,#3438,.T.);
#4408=ORIENTED_EDGE('',*,*,#3425,.T.);
#4409=ORIENTED_EDGE('',*,*,#3433,.F.);
#4410=ORIENTED_EDGE('',*,*,#3442,.F.);
#4411=ORIENTED_EDGE('',*,*,#3440,.T.);
#4412=ORIENTED_EDGE('',*,*,#3439,.T.);
#4413=ORIENTED_EDGE('',*,*,#3441,.T.);
#4414=ORIENTED_EDGE('',*,*,#3442,.T.);
#4415=ORIENTED_EDGE('',*,*,#3432,.T.);
#4416=ORIENTED_EDGE('',*,*,#3416,.T.);
#4417=ORIENTED_EDGE('',*,*,#3443,.F.);
#4418=ORIENTED_EDGE('',*,*,#3444,.F.);
#4419=ORIENTED_EDGE('',*,*,#3445,.T.);
#4420=ORIENTED_EDGE('',*,*,#3415,.T.);
#4421=ORIENTED_EDGE('',*,*,#3446,.F.);
#4422=ORIENTED_EDGE('',*,*,#3447,.F.);
#4423=ORIENTED_EDGE('',*,*,#3443,.T.);
#4424=ORIENTED_EDGE('',*,*,#3418,.T.);
#4425=ORIENTED_EDGE('',*,*,#3448,.F.);
#4426=ORIENTED_EDGE('',*,*,#3449,.F.);
#4427=ORIENTED_EDGE('',*,*,#3446,.T.);
#4428=ORIENTED_EDGE('',*,*,#3417,.T.);
#4429=ORIENTED_EDGE('',*,*,#3445,.F.);
#4430=ORIENTED_EDGE('',*,*,#3450,.F.);
#4431=ORIENTED_EDGE('',*,*,#3448,.T.);
#4432=ORIENTED_EDGE('',*,*,#3444,.T.);
#4433=ORIENTED_EDGE('',*,*,#3447,.T.);
#4434=ORIENTED_EDGE('',*,*,#3449,.T.);
#4435=ORIENTED_EDGE('',*,*,#3450,.T.);
#4436=ORIENTED_EDGE('',*,*,#3434,.T.);
#4437=ORIENTED_EDGE('',*,*,#3451,.F.);
#4438=ORIENTED_EDGE('',*,*,#3452,.F.);
#4439=ORIENTED_EDGE('',*,*,#3453,.T.);
#4440=ORIENTED_EDGE('',*,*,#3435,.T.);
#4441=ORIENTED_EDGE('',*,*,#3453,.F.);
#4442=ORIENTED_EDGE('',*,*,#3454,.F.);
#4443=ORIENTED_EDGE('',*,*,#3455,.T.);
#4444=ORIENTED_EDGE('',*,*,#3436,.T.);
#4445=ORIENTED_EDGE('',*,*,#3455,.F.);
#4446=ORIENTED_EDGE('',*,*,#3456,.F.);
#4447=ORIENTED_EDGE('',*,*,#3457,.T.);
#4448=ORIENTED_EDGE('',*,*,#3437,.T.);
#4449=ORIENTED_EDGE('',*,*,#3457,.F.);
#4450=ORIENTED_EDGE('',*,*,#3458,.F.);
#4451=ORIENTED_EDGE('',*,*,#3451,.T.);
#4452=ORIENTED_EDGE('',*,*,#3452,.T.);
#4453=ORIENTED_EDGE('',*,*,#3458,.T.);
#4454=ORIENTED_EDGE('',*,*,#3456,.T.);
#4455=ORIENTED_EDGE('',*,*,#3454,.T.);
#4456=ORIENTED_EDGE('',*,*,#3459,.T.);
#4457=ORIENTED_EDGE('',*,*,#3460,.T.);
#4458=ORIENTED_EDGE('',*,*,#3461,.T.);
#4459=ORIENTED_EDGE('',*,*,#3460,.F.);
#4460=ORIENTED_EDGE('',*,*,#3462,.T.);
#4461=ORIENTED_EDGE('',*,*,#3463,.T.);
#4462=ORIENTED_EDGE('',*,*,#3464,.T.);
#4463=ORIENTED_EDGE('',*,*,#3463,.F.);
#4464=ORIENTED_EDGE('',*,*,#3465,.T.);
#4465=ORIENTED_EDGE('',*,*,#3466,.T.);
#4466=ORIENTED_EDGE('',*,*,#3467,.T.);
#4467=ORIENTED_EDGE('',*,*,#3466,.F.);
#4468=ORIENTED_EDGE('',*,*,#3468,.T.);
#4469=ORIENTED_EDGE('',*,*,#3469,.T.);
#4470=ORIENTED_EDGE('',*,*,#3470,.T.);
#4471=ORIENTED_EDGE('',*,*,#3469,.F.);
#4472=ORIENTED_EDGE('',*,*,#3471,.T.);
#4473=ORIENTED_EDGE('',*,*,#3472,.T.);
#4474=ORIENTED_EDGE('',*,*,#3473,.T.);
#4475=ORIENTED_EDGE('',*,*,#3472,.F.);
#4476=ORIENTED_EDGE('',*,*,#3474,.T.);
#4477=ORIENTED_EDGE('',*,*,#3475,.T.);
#4478=ORIENTED_EDGE('',*,*,#3476,.T.);
#4479=ORIENTED_EDGE('',*,*,#3475,.F.);
#4480=ORIENTED_EDGE('',*,*,#3477,.T.);
#4481=ORIENTED_EDGE('',*,*,#3478,.T.);
#4482=ORIENTED_EDGE('',*,*,#3479,.T.);
#4483=ORIENTED_EDGE('',*,*,#3478,.F.);
#4484=ORIENTED_EDGE('',*,*,#3480,.T.);
#4485=ORIENTED_EDGE('',*,*,#3481,.T.);
#4486=ORIENTED_EDGE('',*,*,#3482,.T.);
#4487=ORIENTED_EDGE('',*,*,#3481,.F.);
#4488=ORIENTED_EDGE('',*,*,#3483,.T.);
#4489=ORIENTED_EDGE('',*,*,#3484,.T.);
#4490=ORIENTED_EDGE('',*,*,#3485,.T.);
#4491=ORIENTED_EDGE('',*,*,#3484,.F.);
#4492=ORIENTED_EDGE('',*,*,#3486,.T.);
#4493=ORIENTED_EDGE('',*,*,#3487,.T.);
#4494=ORIENTED_EDGE('',*,*,#3488,.T.);
#4495=ORIENTED_EDGE('',*,*,#3487,.F.);
#4496=ORIENTED_EDGE('',*,*,#3489,.T.);
#4497=ORIENTED_EDGE('',*,*,#3490,.T.);
#4498=ORIENTED_EDGE('',*,*,#3491,.T.);
#4499=ORIENTED_EDGE('',*,*,#3490,.F.);
#4500=ORIENTED_EDGE('',*,*,#3492,.T.);
#4501=ORIENTED_EDGE('',*,*,#3493,.T.);
#4502=ORIENTED_EDGE('',*,*,#3494,.T.);
#4503=ORIENTED_EDGE('',*,*,#3493,.F.);
#4504=ORIENTED_EDGE('',*,*,#3495,.T.);
#4505=ORIENTED_EDGE('',*,*,#3496,.T.);
#4506=ORIENTED_EDGE('',*,*,#3497,.T.);
#4507=ORIENTED_EDGE('',*,*,#3496,.F.);
#4508=ORIENTED_EDGE('',*,*,#3498,.T.);
#4509=ORIENTED_EDGE('',*,*,#3499,.T.);
#4510=ORIENTED_EDGE('',*,*,#3500,.T.);
#4511=ORIENTED_EDGE('',*,*,#3499,.F.);
#4512=ORIENTED_EDGE('',*,*,#3501,.T.);
#4513=ORIENTED_EDGE('',*,*,#3502,.T.);
#4514=ORIENTED_EDGE('',*,*,#3503,.T.);
#4515=ORIENTED_EDGE('',*,*,#3502,.F.);
#4516=ORIENTED_EDGE('',*,*,#3504,.T.);
#4517=ORIENTED_EDGE('',*,*,#3505,.T.);
#4518=ORIENTED_EDGE('',*,*,#3506,.T.);
#4519=ORIENTED_EDGE('',*,*,#3505,.F.);
#4520=ORIENTED_EDGE('',*,*,#3507,.T.);
#4521=ORIENTED_EDGE('',*,*,#3508,.T.);
#4522=ORIENTED_EDGE('',*,*,#3509,.T.);
#4523=ORIENTED_EDGE('',*,*,#3508,.F.);
#4524=ORIENTED_EDGE('',*,*,#3510,.T.);
#4525=ORIENTED_EDGE('',*,*,#3511,.T.);
#4526=ORIENTED_EDGE('',*,*,#3512,.T.);
#4527=ORIENTED_EDGE('',*,*,#3511,.F.);
#4528=ORIENTED_EDGE('',*,*,#3513,.T.);
#4529=ORIENTED_EDGE('',*,*,#3514,.T.);
#4530=ORIENTED_EDGE('',*,*,#3515,.T.);
#4531=ORIENTED_EDGE('',*,*,#3514,.F.);
#4532=ORIENTED_EDGE('',*,*,#3516,.T.);
#4533=ORIENTED_EDGE('',*,*,#3517,.T.);
#4534=ORIENTED_EDGE('',*,*,#3518,.T.);
#4535=ORIENTED_EDGE('',*,*,#3517,.F.);
#4536=ORIENTED_EDGE('',*,*,#3519,.T.);
#4537=ORIENTED_EDGE('',*,*,#3520,.T.);
#4538=ORIENTED_EDGE('',*,*,#3521,.T.);
#4539=ORIENTED_EDGE('',*,*,#3520,.F.);
#4540=ORIENTED_EDGE('',*,*,#3522,.T.);
#4541=ORIENTED_EDGE('',*,*,#3523,.T.);
#4542=ORIENTED_EDGE('',*,*,#3524,.T.);
#4543=ORIENTED_EDGE('',*,*,#3523,.F.);
#4544=ORIENTED_EDGE('',*,*,#3525,.T.);
#4545=ORIENTED_EDGE('',*,*,#3526,.T.);
#4546=ORIENTED_EDGE('',*,*,#3527,.T.);
#4547=ORIENTED_EDGE('',*,*,#3526,.F.);
#4548=ORIENTED_EDGE('',*,*,#3528,.T.);
#4549=ORIENTED_EDGE('',*,*,#3529,.T.);
#4550=ORIENTED_EDGE('',*,*,#3530,.T.);
#4551=ORIENTED_EDGE('',*,*,#3529,.F.);
#4552=ORIENTED_EDGE('',*,*,#3531,.T.);
#4553=ORIENTED_EDGE('',*,*,#3532,.T.);
#4554=ORIENTED_EDGE('',*,*,#3533,.T.);
#4555=ORIENTED_EDGE('',*,*,#3532,.F.);
#4556=ORIENTED_EDGE('',*,*,#3534,.T.);
#4557=ORIENTED_EDGE('',*,*,#3535,.T.);
#4558=ORIENTED_EDGE('',*,*,#3536,.T.);
#4559=ORIENTED_EDGE('',*,*,#3535,.F.);
#4560=ORIENTED_EDGE('',*,*,#3537,.T.);
#4561=ORIENTED_EDGE('',*,*,#3538,.T.);
#4562=ORIENTED_EDGE('',*,*,#3539,.T.);
#4563=ORIENTED_EDGE('',*,*,#3538,.F.);
#4564=ORIENTED_EDGE('',*,*,#3540,.T.);
#4565=ORIENTED_EDGE('',*,*,#3541,.T.);
#4566=ORIENTED_EDGE('',*,*,#3542,.T.);
#4567=ORIENTED_EDGE('',*,*,#3541,.F.);
#4568=ORIENTED_EDGE('',*,*,#3543,.T.);
#4569=ORIENTED_EDGE('',*,*,#3544,.T.);
#4570=ORIENTED_EDGE('',*,*,#3545,.T.);
#4571=ORIENTED_EDGE('',*,*,#3544,.F.);
#4572=ORIENTED_EDGE('',*,*,#3546,.T.);
#4573=ORIENTED_EDGE('',*,*,#3547,.T.);
#4574=ORIENTED_EDGE('',*,*,#3548,.T.);
#4575=ORIENTED_EDGE('',*,*,#3547,.F.);
#4576=ORIENTED_EDGE('',*,*,#3549,.T.);
#4577=ORIENTED_EDGE('',*,*,#3550,.T.);
#4578=ORIENTED_EDGE('',*,*,#3551,.T.);
#4579=ORIENTED_EDGE('',*,*,#3550,.F.);
#4580=ORIENTED_EDGE('',*,*,#3552,.T.);
#4581=ORIENTED_EDGE('',*,*,#3553,.T.);
#4582=ORIENTED_EDGE('',*,*,#3554,.F.);
#4583=ORIENTED_EDGE('',*,*,#3555,.F.);
#4584=ORIENTED_EDGE('',*,*,#3553,.F.);
#4585=ORIENTED_EDGE('',*,*,#3556,.T.);
#4586=ORIENTED_EDGE('',*,*,#3557,.T.);
#4587=ORIENTED_EDGE('',*,*,#3558,.F.);
#4588=ORIENTED_EDGE('',*,*,#3559,.F.);
#4589=ORIENTED_EDGE('',*,*,#3557,.F.);
#4590=ORIENTED_EDGE('',*,*,#3560,.T.);
#4591=ORIENTED_EDGE('',*,*,#3561,.T.);
#4592=ORIENTED_EDGE('',*,*,#3562,.F.);
#4593=ORIENTED_EDGE('',*,*,#3563,.F.);
#4594=ORIENTED_EDGE('',*,*,#3561,.F.);
#4595=ORIENTED_EDGE('',*,*,#3564,.T.);
#4596=ORIENTED_EDGE('',*,*,#3565,.T.);
#4597=ORIENTED_EDGE('',*,*,#3566,.F.);
#4598=ORIENTED_EDGE('',*,*,#3567,.F.);
#4599=ORIENTED_EDGE('',*,*,#3565,.F.);
#4600=ORIENTED_EDGE('',*,*,#3568,.T.);
#4601=ORIENTED_EDGE('',*,*,#3569,.T.);
#4602=ORIENTED_EDGE('',*,*,#3570,.F.);
#4603=ORIENTED_EDGE('',*,*,#3571,.F.);
#4604=ORIENTED_EDGE('',*,*,#3569,.F.);
#4605=ORIENTED_EDGE('',*,*,#3572,.T.);
#4606=ORIENTED_EDGE('',*,*,#3573,.T.);
#4607=ORIENTED_EDGE('',*,*,#3574,.F.);
#4608=ORIENTED_EDGE('',*,*,#3575,.F.);
#4609=ORIENTED_EDGE('',*,*,#3573,.F.);
#4610=ORIENTED_EDGE('',*,*,#3576,.T.);
#4611=ORIENTED_EDGE('',*,*,#3577,.T.);
#4612=ORIENTED_EDGE('',*,*,#3578,.F.);
#4613=ORIENTED_EDGE('',*,*,#3579,.F.);
#4614=ORIENTED_EDGE('',*,*,#3577,.F.);
#4615=ORIENTED_EDGE('',*,*,#3580,.T.);
#4616=ORIENTED_EDGE('',*,*,#3581,.T.);
#4617=ORIENTED_EDGE('',*,*,#3582,.F.);
#4618=ORIENTED_EDGE('',*,*,#3583,.F.);
#4619=ORIENTED_EDGE('',*,*,#3581,.F.);
#4620=ORIENTED_EDGE('',*,*,#3584,.T.);
#4621=ORIENTED_EDGE('',*,*,#3585,.T.);
#4622=ORIENTED_EDGE('',*,*,#3586,.F.);
#4623=ORIENTED_EDGE('',*,*,#3587,.F.);
#4624=ORIENTED_EDGE('',*,*,#3585,.F.);
#4625=ORIENTED_EDGE('',*,*,#3588,.T.);
#4626=ORIENTED_EDGE('',*,*,#3589,.T.);
#4627=ORIENTED_EDGE('',*,*,#3590,.F.);
#4628=ORIENTED_EDGE('',*,*,#3591,.F.);
#4629=ORIENTED_EDGE('',*,*,#3589,.F.);
#4630=ORIENTED_EDGE('',*,*,#3592,.T.);
#4631=ORIENTED_EDGE('',*,*,#3593,.T.);
#4632=ORIENTED_EDGE('',*,*,#3594,.F.);
#4633=ORIENTED_EDGE('',*,*,#3595,.F.);
#4634=ORIENTED_EDGE('',*,*,#3593,.F.);
#4635=ORIENTED_EDGE('',*,*,#3596,.T.);
#4636=ORIENTED_EDGE('',*,*,#3597,.T.);
#4637=ORIENTED_EDGE('',*,*,#3598,.F.);
#4638=ORIENTED_EDGE('',*,*,#3599,.F.);
#4639=ORIENTED_EDGE('',*,*,#3597,.F.);
#4640=ORIENTED_EDGE('',*,*,#3600,.T.);
#4641=ORIENTED_EDGE('',*,*,#3601,.T.);
#4642=ORIENTED_EDGE('',*,*,#3602,.F.);
#4643=ORIENTED_EDGE('',*,*,#3603,.F.);
#4644=ORIENTED_EDGE('',*,*,#3601,.F.);
#4645=ORIENTED_EDGE('',*,*,#3604,.T.);
#4646=ORIENTED_EDGE('',*,*,#3605,.T.);
#4647=ORIENTED_EDGE('',*,*,#3606,.F.);
#4648=ORIENTED_EDGE('',*,*,#3607,.F.);
#4649=ORIENTED_EDGE('',*,*,#3605,.F.);
#4650=ORIENTED_EDGE('',*,*,#3608,.T.);
#4651=ORIENTED_EDGE('',*,*,#3609,.T.);
#4652=ORIENTED_EDGE('',*,*,#3610,.F.);
#4653=ORIENTED_EDGE('',*,*,#3611,.F.);
#4654=ORIENTED_EDGE('',*,*,#3609,.F.);
#4655=ORIENTED_EDGE('',*,*,#3612,.T.);
#4656=ORIENTED_EDGE('',*,*,#3613,.T.);
#4657=ORIENTED_EDGE('',*,*,#3614,.F.);
#4658=ORIENTED_EDGE('',*,*,#3615,.F.);
#4659=ORIENTED_EDGE('',*,*,#3613,.F.);
#4660=ORIENTED_EDGE('',*,*,#3616,.T.);
#4661=ORIENTED_EDGE('',*,*,#3617,.T.);
#4662=ORIENTED_EDGE('',*,*,#3618,.F.);
#4663=ORIENTED_EDGE('',*,*,#3619,.F.);
#4664=ORIENTED_EDGE('',*,*,#3617,.F.);
#4665=ORIENTED_EDGE('',*,*,#3620,.T.);
#4666=ORIENTED_EDGE('',*,*,#3621,.T.);
#4667=ORIENTED_EDGE('',*,*,#3622,.F.);
#4668=ORIENTED_EDGE('',*,*,#3623,.F.);
#4669=ORIENTED_EDGE('',*,*,#3621,.F.);
#4670=ORIENTED_EDGE('',*,*,#3624,.T.);
#4671=ORIENTED_EDGE('',*,*,#3625,.T.);
#4672=ORIENTED_EDGE('',*,*,#3626,.F.);
#4673=ORIENTED_EDGE('',*,*,#3627,.F.);
#4674=ORIENTED_EDGE('',*,*,#3625,.F.);
#4675=ORIENTED_EDGE('',*,*,#3628,.T.);
#4676=ORIENTED_EDGE('',*,*,#3629,.T.);
#4677=ORIENTED_EDGE('',*,*,#3630,.F.);
#4678=ORIENTED_EDGE('',*,*,#3631,.F.);
#4679=ORIENTED_EDGE('',*,*,#3629,.F.);
#4680=ORIENTED_EDGE('',*,*,#3632,.T.);
#4681=ORIENTED_EDGE('',*,*,#3633,.T.);
#4682=ORIENTED_EDGE('',*,*,#3634,.F.);
#4683=ORIENTED_EDGE('',*,*,#3635,.F.);
#4684=ORIENTED_EDGE('',*,*,#3633,.F.);
#4685=ORIENTED_EDGE('',*,*,#3636,.T.);
#4686=ORIENTED_EDGE('',*,*,#3637,.T.);
#4687=ORIENTED_EDGE('',*,*,#3638,.F.);
#4688=ORIENTED_EDGE('',*,*,#3639,.F.);
#4689=ORIENTED_EDGE('',*,*,#3637,.F.);
#4690=ORIENTED_EDGE('',*,*,#3640,.T.);
#4691=ORIENTED_EDGE('',*,*,#3641,.T.);
#4692=ORIENTED_EDGE('',*,*,#3642,.F.);
#4693=ORIENTED_EDGE('',*,*,#3643,.F.);
#4694=ORIENTED_EDGE('',*,*,#3641,.F.);
#4695=ORIENTED_EDGE('',*,*,#3644,.T.);
#4696=ORIENTED_EDGE('',*,*,#3645,.T.);
#4697=ORIENTED_EDGE('',*,*,#3646,.F.);
#4698=ORIENTED_EDGE('',*,*,#3647,.F.);
#4699=ORIENTED_EDGE('',*,*,#3645,.F.);
#4700=ORIENTED_EDGE('',*,*,#3648,.T.);
#4701=ORIENTED_EDGE('',*,*,#3649,.T.);
#4702=ORIENTED_EDGE('',*,*,#3650,.F.);
#4703=ORIENTED_EDGE('',*,*,#3651,.F.);
#4704=ORIENTED_EDGE('',*,*,#3649,.F.);
#4705=ORIENTED_EDGE('',*,*,#3652,.T.);
#4706=ORIENTED_EDGE('',*,*,#3653,.T.);
#4707=ORIENTED_EDGE('',*,*,#3654,.F.);
#4708=ORIENTED_EDGE('',*,*,#3655,.F.);
#4709=ORIENTED_EDGE('',*,*,#3653,.F.);
#4710=ORIENTED_EDGE('',*,*,#3656,.T.);
#4711=ORIENTED_EDGE('',*,*,#3657,.T.);
#4712=ORIENTED_EDGE('',*,*,#3658,.F.);
#4713=ORIENTED_EDGE('',*,*,#3659,.F.);
#4714=ORIENTED_EDGE('',*,*,#3657,.F.);
#4715=ORIENTED_EDGE('',*,*,#3660,.T.);
#4716=ORIENTED_EDGE('',*,*,#3661,.T.);
#4717=ORIENTED_EDGE('',*,*,#3662,.F.);
#4718=ORIENTED_EDGE('',*,*,#3663,.F.);
#4719=ORIENTED_EDGE('',*,*,#3661,.F.);
#4720=ORIENTED_EDGE('',*,*,#3664,.T.);
#4721=ORIENTED_EDGE('',*,*,#3665,.T.);
#4722=ORIENTED_EDGE('',*,*,#3666,.F.);
#4723=ORIENTED_EDGE('',*,*,#3667,.F.);
#4724=ORIENTED_EDGE('',*,*,#3665,.F.);
#4725=ORIENTED_EDGE('',*,*,#3668,.T.);
#4726=ORIENTED_EDGE('',*,*,#3669,.T.);
#4727=ORIENTED_EDGE('',*,*,#3670,.F.);
#4728=ORIENTED_EDGE('',*,*,#3671,.F.);
#4729=ORIENTED_EDGE('',*,*,#3669,.F.);
#4730=ORIENTED_EDGE('',*,*,#3672,.T.);
#4731=ORIENTED_EDGE('',*,*,#3673,.T.);
#4732=ORIENTED_EDGE('',*,*,#3674,.F.);
#4733=ORIENTED_EDGE('',*,*,#3675,.F.);
#4734=ORIENTED_EDGE('',*,*,#3673,.F.);
#4735=ORIENTED_EDGE('',*,*,#3676,.T.);
#4736=ORIENTED_EDGE('',*,*,#3677,.F.);
#4737=ORIENTED_EDGE('',*,*,#3678,.T.);
#4738=ORIENTED_EDGE('',*,*,#3461,.F.);
#4739=ORIENTED_EDGE('',*,*,#3678,.F.);
#4740=ORIENTED_EDGE('',*,*,#3679,.F.);
#4741=ORIENTED_EDGE('',*,*,#3680,.T.);
#4742=ORIENTED_EDGE('',*,*,#3681,.F.);
#4743=ORIENTED_EDGE('',*,*,#3682,.T.);
#4744=ORIENTED_EDGE('',*,*,#3464,.F.);
#4745=ORIENTED_EDGE('',*,*,#3682,.F.);
#4746=ORIENTED_EDGE('',*,*,#3683,.F.);
#4747=ORIENTED_EDGE('',*,*,#3684,.T.);
#4748=ORIENTED_EDGE('',*,*,#3685,.F.);
#4749=ORIENTED_EDGE('',*,*,#3686,.T.);
#4750=ORIENTED_EDGE('',*,*,#3467,.F.);
#4751=ORIENTED_EDGE('',*,*,#3686,.F.);
#4752=ORIENTED_EDGE('',*,*,#3687,.F.);
#4753=ORIENTED_EDGE('',*,*,#3688,.T.);
#4754=ORIENTED_EDGE('',*,*,#3689,.F.);
#4755=ORIENTED_EDGE('',*,*,#3690,.T.);
#4756=ORIENTED_EDGE('',*,*,#3470,.F.);
#4757=ORIENTED_EDGE('',*,*,#3690,.F.);
#4758=ORIENTED_EDGE('',*,*,#3691,.F.);
#4759=ORIENTED_EDGE('',*,*,#3692,.T.);
#4760=ORIENTED_EDGE('',*,*,#3693,.F.);
#4761=ORIENTED_EDGE('',*,*,#3694,.T.);
#4762=ORIENTED_EDGE('',*,*,#3473,.F.);
#4763=ORIENTED_EDGE('',*,*,#3694,.F.);
#4764=ORIENTED_EDGE('',*,*,#3695,.F.);
#4765=ORIENTED_EDGE('',*,*,#3696,.T.);
#4766=ORIENTED_EDGE('',*,*,#3697,.F.);
#4767=ORIENTED_EDGE('',*,*,#3698,.T.);
#4768=ORIENTED_EDGE('',*,*,#3476,.F.);
#4769=ORIENTED_EDGE('',*,*,#3698,.F.);
#4770=ORIENTED_EDGE('',*,*,#3699,.F.);
#4771=ORIENTED_EDGE('',*,*,#3700,.T.);
#4772=ORIENTED_EDGE('',*,*,#3701,.F.);
#4773=ORIENTED_EDGE('',*,*,#3702,.T.);
#4774=ORIENTED_EDGE('',*,*,#3479,.F.);
#4775=ORIENTED_EDGE('',*,*,#3702,.F.);
#4776=ORIENTED_EDGE('',*,*,#3703,.F.);
#4777=ORIENTED_EDGE('',*,*,#3704,.T.);
#4778=ORIENTED_EDGE('',*,*,#3705,.F.);
#4779=ORIENTED_EDGE('',*,*,#3706,.T.);
#4780=ORIENTED_EDGE('',*,*,#3482,.F.);
#4781=ORIENTED_EDGE('',*,*,#3706,.F.);
#4782=ORIENTED_EDGE('',*,*,#3707,.F.);
#4783=ORIENTED_EDGE('',*,*,#3708,.T.);
#4784=ORIENTED_EDGE('',*,*,#3709,.F.);
#4785=ORIENTED_EDGE('',*,*,#3710,.T.);
#4786=ORIENTED_EDGE('',*,*,#3485,.F.);
#4787=ORIENTED_EDGE('',*,*,#3710,.F.);
#4788=ORIENTED_EDGE('',*,*,#3711,.F.);
#4789=ORIENTED_EDGE('',*,*,#3712,.T.);
#4790=ORIENTED_EDGE('',*,*,#3713,.F.);
#4791=ORIENTED_EDGE('',*,*,#3714,.T.);
#4792=ORIENTED_EDGE('',*,*,#3488,.F.);
#4793=ORIENTED_EDGE('',*,*,#3714,.F.);
#4794=ORIENTED_EDGE('',*,*,#3715,.F.);
#4795=ORIENTED_EDGE('',*,*,#3716,.T.);
#4796=ORIENTED_EDGE('',*,*,#3717,.F.);
#4797=ORIENTED_EDGE('',*,*,#3718,.T.);
#4798=ORIENTED_EDGE('',*,*,#3491,.F.);
#4799=ORIENTED_EDGE('',*,*,#3718,.F.);
#4800=ORIENTED_EDGE('',*,*,#3719,.F.);
#4801=ORIENTED_EDGE('',*,*,#3720,.T.);
#4802=ORIENTED_EDGE('',*,*,#3721,.F.);
#4803=ORIENTED_EDGE('',*,*,#3722,.T.);
#4804=ORIENTED_EDGE('',*,*,#3494,.F.);
#4805=ORIENTED_EDGE('',*,*,#3722,.F.);
#4806=ORIENTED_EDGE('',*,*,#3723,.F.);
#4807=ORIENTED_EDGE('',*,*,#3724,.T.);
#4808=ORIENTED_EDGE('',*,*,#3725,.F.);
#4809=ORIENTED_EDGE('',*,*,#3726,.T.);
#4810=ORIENTED_EDGE('',*,*,#3497,.F.);
#4811=ORIENTED_EDGE('',*,*,#3726,.F.);
#4812=ORIENTED_EDGE('',*,*,#3727,.F.);
#4813=ORIENTED_EDGE('',*,*,#3728,.T.);
#4814=ORIENTED_EDGE('',*,*,#3729,.F.);
#4815=ORIENTED_EDGE('',*,*,#3730,.T.);
#4816=ORIENTED_EDGE('',*,*,#3500,.F.);
#4817=ORIENTED_EDGE('',*,*,#3730,.F.);
#4818=ORIENTED_EDGE('',*,*,#3731,.F.);
#4819=ORIENTED_EDGE('',*,*,#3732,.T.);
#4820=ORIENTED_EDGE('',*,*,#3733,.F.);
#4821=ORIENTED_EDGE('',*,*,#3734,.T.);
#4822=ORIENTED_EDGE('',*,*,#3503,.F.);
#4823=ORIENTED_EDGE('',*,*,#3734,.F.);
#4824=ORIENTED_EDGE('',*,*,#3735,.F.);
#4825=ORIENTED_EDGE('',*,*,#3736,.T.);
#4826=ORIENTED_EDGE('',*,*,#3737,.F.);
#4827=ORIENTED_EDGE('',*,*,#3738,.T.);
#4828=ORIENTED_EDGE('',*,*,#3506,.F.);
#4829=ORIENTED_EDGE('',*,*,#3738,.F.);
#4830=ORIENTED_EDGE('',*,*,#3739,.F.);
#4831=ORIENTED_EDGE('',*,*,#3740,.T.);
#4832=ORIENTED_EDGE('',*,*,#3741,.F.);
#4833=ORIENTED_EDGE('',*,*,#3742,.T.);
#4834=ORIENTED_EDGE('',*,*,#3509,.F.);
#4835=ORIENTED_EDGE('',*,*,#3742,.F.);
#4836=ORIENTED_EDGE('',*,*,#3743,.F.);
#4837=ORIENTED_EDGE('',*,*,#3744,.T.);
#4838=ORIENTED_EDGE('',*,*,#3745,.F.);
#4839=ORIENTED_EDGE('',*,*,#3746,.T.);
#4840=ORIENTED_EDGE('',*,*,#3512,.F.);
#4841=ORIENTED_EDGE('',*,*,#3746,.F.);
#4842=ORIENTED_EDGE('',*,*,#3747,.F.);
#4843=ORIENTED_EDGE('',*,*,#3748,.T.);
#4844=ORIENTED_EDGE('',*,*,#3749,.F.);
#4845=ORIENTED_EDGE('',*,*,#3750,.T.);
#4846=ORIENTED_EDGE('',*,*,#3515,.F.);
#4847=ORIENTED_EDGE('',*,*,#3750,.F.);
#4848=ORIENTED_EDGE('',*,*,#3751,.F.);
#4849=ORIENTED_EDGE('',*,*,#3752,.T.);
#4850=ORIENTED_EDGE('',*,*,#3753,.F.);
#4851=ORIENTED_EDGE('',*,*,#3754,.T.);
#4852=ORIENTED_EDGE('',*,*,#3518,.F.);
#4853=ORIENTED_EDGE('',*,*,#3754,.F.);
#4854=ORIENTED_EDGE('',*,*,#3755,.F.);
#4855=ORIENTED_EDGE('',*,*,#3756,.T.);
#4856=ORIENTED_EDGE('',*,*,#3757,.F.);
#4857=ORIENTED_EDGE('',*,*,#3758,.T.);
#4858=ORIENTED_EDGE('',*,*,#3521,.F.);
#4859=ORIENTED_EDGE('',*,*,#3758,.F.);
#4860=ORIENTED_EDGE('',*,*,#3759,.F.);
#4861=ORIENTED_EDGE('',*,*,#3760,.T.);
#4862=ORIENTED_EDGE('',*,*,#3761,.F.);
#4863=ORIENTED_EDGE('',*,*,#3762,.T.);
#4864=ORIENTED_EDGE('',*,*,#3524,.F.);
#4865=ORIENTED_EDGE('',*,*,#3762,.F.);
#4866=ORIENTED_EDGE('',*,*,#3763,.F.);
#4867=ORIENTED_EDGE('',*,*,#3764,.T.);
#4868=ORIENTED_EDGE('',*,*,#3765,.F.);
#4869=ORIENTED_EDGE('',*,*,#3766,.T.);
#4870=ORIENTED_EDGE('',*,*,#3527,.F.);
#4871=ORIENTED_EDGE('',*,*,#3766,.F.);
#4872=ORIENTED_EDGE('',*,*,#3767,.F.);
#4873=ORIENTED_EDGE('',*,*,#3768,.T.);
#4874=ORIENTED_EDGE('',*,*,#3769,.F.);
#4875=ORIENTED_EDGE('',*,*,#3770,.T.);
#4876=ORIENTED_EDGE('',*,*,#3530,.F.);
#4877=ORIENTED_EDGE('',*,*,#3770,.F.);
#4878=ORIENTED_EDGE('',*,*,#3771,.F.);
#4879=ORIENTED_EDGE('',*,*,#3772,.T.);
#4880=ORIENTED_EDGE('',*,*,#3773,.F.);
#4881=ORIENTED_EDGE('',*,*,#3774,.T.);
#4882=ORIENTED_EDGE('',*,*,#3533,.F.);
#4883=ORIENTED_EDGE('',*,*,#3774,.F.);
#4884=ORIENTED_EDGE('',*,*,#3775,.F.);
#4885=ORIENTED_EDGE('',*,*,#3776,.T.);
#4886=ORIENTED_EDGE('',*,*,#3777,.F.);
#4887=ORIENTED_EDGE('',*,*,#3778,.T.);
#4888=ORIENTED_EDGE('',*,*,#3536,.F.);
#4889=ORIENTED_EDGE('',*,*,#3778,.F.);
#4890=ORIENTED_EDGE('',*,*,#3779,.F.);
#4891=ORIENTED_EDGE('',*,*,#3780,.T.);
#4892=ORIENTED_EDGE('',*,*,#3781,.F.);
#4893=ORIENTED_EDGE('',*,*,#3782,.T.);
#4894=ORIENTED_EDGE('',*,*,#3539,.F.);
#4895=ORIENTED_EDGE('',*,*,#3782,.F.);
#4896=ORIENTED_EDGE('',*,*,#3783,.F.);
#4897=ORIENTED_EDGE('',*,*,#3784,.T.);
#4898=ORIENTED_EDGE('',*,*,#3785,.F.);
#4899=ORIENTED_EDGE('',*,*,#3786,.T.);
#4900=ORIENTED_EDGE('',*,*,#3542,.F.);
#4901=ORIENTED_EDGE('',*,*,#3786,.F.);
#4902=ORIENTED_EDGE('',*,*,#3787,.F.);
#4903=ORIENTED_EDGE('',*,*,#3788,.T.);
#4904=ORIENTED_EDGE('',*,*,#3789,.F.);
#4905=ORIENTED_EDGE('',*,*,#3790,.T.);
#4906=ORIENTED_EDGE('',*,*,#3545,.F.);
#4907=ORIENTED_EDGE('',*,*,#3790,.F.);
#4908=ORIENTED_EDGE('',*,*,#3791,.F.);
#4909=ORIENTED_EDGE('',*,*,#3792,.T.);
#4910=ORIENTED_EDGE('',*,*,#3793,.F.);
#4911=ORIENTED_EDGE('',*,*,#3794,.T.);
#4912=ORIENTED_EDGE('',*,*,#3548,.F.);
#4913=ORIENTED_EDGE('',*,*,#3794,.F.);
#4914=ORIENTED_EDGE('',*,*,#3795,.F.);
#4915=ORIENTED_EDGE('',*,*,#3796,.T.);
#4916=ORIENTED_EDGE('',*,*,#3797,.F.);
#4917=ORIENTED_EDGE('',*,*,#3798,.T.);
#4918=ORIENTED_EDGE('',*,*,#3551,.F.);
#4919=ORIENTED_EDGE('',*,*,#3798,.F.);
#4920=ORIENTED_EDGE('',*,*,#3799,.F.);
#4921=ORIENTED_EDGE('',*,*,#3800,.T.);
#4922=ORIENTED_EDGE('',*,*,#3801,.F.);
#4923=ORIENTED_EDGE('',*,*,#3802,.T.);
#4924=ORIENTED_EDGE('',*,*,#3554,.T.);
#4925=ORIENTED_EDGE('',*,*,#3555,.T.);
#4926=ORIENTED_EDGE('',*,*,#3802,.F.);
#4927=ORIENTED_EDGE('',*,*,#3803,.F.);
#4928=ORIENTED_EDGE('',*,*,#3804,.T.);
#4929=ORIENTED_EDGE('',*,*,#3805,.F.);
#4930=ORIENTED_EDGE('',*,*,#3806,.T.);
#4931=ORIENTED_EDGE('',*,*,#3558,.T.);
#4932=ORIENTED_EDGE('',*,*,#3559,.T.);
#4933=ORIENTED_EDGE('',*,*,#3806,.F.);
#4934=ORIENTED_EDGE('',*,*,#3807,.F.);
#4935=ORIENTED_EDGE('',*,*,#3808,.T.);
#4936=ORIENTED_EDGE('',*,*,#3809,.F.);
#4937=ORIENTED_EDGE('',*,*,#3810,.T.);
#4938=ORIENTED_EDGE('',*,*,#3562,.T.);
#4939=ORIENTED_EDGE('',*,*,#3563,.T.);
#4940=ORIENTED_EDGE('',*,*,#3810,.F.);
#4941=ORIENTED_EDGE('',*,*,#3811,.F.);
#4942=ORIENTED_EDGE('',*,*,#3812,.T.);
#4943=ORIENTED_EDGE('',*,*,#3813,.F.);
#4944=ORIENTED_EDGE('',*,*,#3814,.T.);
#4945=ORIENTED_EDGE('',*,*,#3566,.T.);
#4946=ORIENTED_EDGE('',*,*,#3567,.T.);
#4947=ORIENTED_EDGE('',*,*,#3814,.F.);
#4948=ORIENTED_EDGE('',*,*,#3815,.F.);
#4949=ORIENTED_EDGE('',*,*,#3816,.T.);
#4950=ORIENTED_EDGE('',*,*,#3817,.F.);
#4951=ORIENTED_EDGE('',*,*,#3818,.T.);
#4952=ORIENTED_EDGE('',*,*,#3570,.T.);
#4953=ORIENTED_EDGE('',*,*,#3571,.T.);
#4954=ORIENTED_EDGE('',*,*,#3818,.F.);
#4955=ORIENTED_EDGE('',*,*,#3819,.F.);
#4956=ORIENTED_EDGE('',*,*,#3820,.T.);
#4957=ORIENTED_EDGE('',*,*,#3821,.F.);
#4958=ORIENTED_EDGE('',*,*,#3822,.T.);
#4959=ORIENTED_EDGE('',*,*,#3574,.T.);
#4960=ORIENTED_EDGE('',*,*,#3575,.T.);
#4961=ORIENTED_EDGE('',*,*,#3822,.F.);
#4962=ORIENTED_EDGE('',*,*,#3823,.F.);
#4963=ORIENTED_EDGE('',*,*,#3824,.T.);
#4964=ORIENTED_EDGE('',*,*,#3825,.F.);
#4965=ORIENTED_EDGE('',*,*,#3826,.T.);
#4966=ORIENTED_EDGE('',*,*,#3578,.T.);
#4967=ORIENTED_EDGE('',*,*,#3579,.T.);
#4968=ORIENTED_EDGE('',*,*,#3826,.F.);
#4969=ORIENTED_EDGE('',*,*,#3827,.F.);
#4970=ORIENTED_EDGE('',*,*,#3828,.T.);
#4971=ORIENTED_EDGE('',*,*,#3829,.F.);
#4972=ORIENTED_EDGE('',*,*,#3830,.T.);
#4973=ORIENTED_EDGE('',*,*,#3582,.T.);
#4974=ORIENTED_EDGE('',*,*,#3583,.T.);
#4975=ORIENTED_EDGE('',*,*,#3830,.F.);
#4976=ORIENTED_EDGE('',*,*,#3831,.F.);
#4977=ORIENTED_EDGE('',*,*,#3832,.T.);
#4978=ORIENTED_EDGE('',*,*,#3833,.F.);
#4979=ORIENTED_EDGE('',*,*,#3834,.T.);
#4980=ORIENTED_EDGE('',*,*,#3586,.T.);
#4981=ORIENTED_EDGE('',*,*,#3587,.T.);
#4982=ORIENTED_EDGE('',*,*,#3834,.F.);
#4983=ORIENTED_EDGE('',*,*,#3835,.F.);
#4984=ORIENTED_EDGE('',*,*,#3836,.T.);
#4985=ORIENTED_EDGE('',*,*,#3837,.F.);
#4986=ORIENTED_EDGE('',*,*,#3838,.T.);
#4987=ORIENTED_EDGE('',*,*,#3590,.T.);
#4988=ORIENTED_EDGE('',*,*,#3591,.T.);
#4989=ORIENTED_EDGE('',*,*,#3838,.F.);
#4990=ORIENTED_EDGE('',*,*,#3839,.F.);
#4991=ORIENTED_EDGE('',*,*,#3840,.T.);
#4992=ORIENTED_EDGE('',*,*,#3841,.F.);
#4993=ORIENTED_EDGE('',*,*,#3842,.T.);
#4994=ORIENTED_EDGE('',*,*,#3594,.T.);
#4995=ORIENTED_EDGE('',*,*,#3595,.T.);
#4996=ORIENTED_EDGE('',*,*,#3842,.F.);
#4997=ORIENTED_EDGE('',*,*,#3843,.F.);
#4998=ORIENTED_EDGE('',*,*,#3844,.T.);
#4999=ORIENTED_EDGE('',*,*,#3845,.F.);
#5000=ORIENTED_EDGE('',*,*,#3846,.T.);
#5001=ORIENTED_EDGE('',*,*,#3598,.T.);
#5002=ORIENTED_EDGE('',*,*,#3599,.T.);
#5003=ORIENTED_EDGE('',*,*,#3846,.F.);
#5004=ORIENTED_EDGE('',*,*,#3847,.F.);
#5005=ORIENTED_EDGE('',*,*,#3848,.T.);
#5006=ORIENTED_EDGE('',*,*,#3849,.F.);
#5007=ORIENTED_EDGE('',*,*,#3850,.T.);
#5008=ORIENTED_EDGE('',*,*,#3602,.T.);
#5009=ORIENTED_EDGE('',*,*,#3603,.T.);
#5010=ORIENTED_EDGE('',*,*,#3850,.F.);
#5011=ORIENTED_EDGE('',*,*,#3851,.F.);
#5012=ORIENTED_EDGE('',*,*,#3852,.T.);
#5013=ORIENTED_EDGE('',*,*,#3853,.F.);
#5014=ORIENTED_EDGE('',*,*,#3854,.T.);
#5015=ORIENTED_EDGE('',*,*,#3606,.T.);
#5016=ORIENTED_EDGE('',*,*,#3607,.T.);
#5017=ORIENTED_EDGE('',*,*,#3854,.F.);
#5018=ORIENTED_EDGE('',*,*,#3855,.F.);
#5019=ORIENTED_EDGE('',*,*,#3856,.T.);
#5020=ORIENTED_EDGE('',*,*,#3857,.F.);
#5021=ORIENTED_EDGE('',*,*,#3858,.T.);
#5022=ORIENTED_EDGE('',*,*,#3610,.T.);
#5023=ORIENTED_EDGE('',*,*,#3611,.T.);
#5024=ORIENTED_EDGE('',*,*,#3858,.F.);
#5025=ORIENTED_EDGE('',*,*,#3859,.F.);
#5026=ORIENTED_EDGE('',*,*,#3860,.T.);
#5027=ORIENTED_EDGE('',*,*,#3861,.F.);
#5028=ORIENTED_EDGE('',*,*,#3862,.T.);
#5029=ORIENTED_EDGE('',*,*,#3614,.T.);
#5030=ORIENTED_EDGE('',*,*,#3615,.T.);
#5031=ORIENTED_EDGE('',*,*,#3862,.F.);
#5032=ORIENTED_EDGE('',*,*,#3863,.F.);
#5033=ORIENTED_EDGE('',*,*,#3864,.T.);
#5034=ORIENTED_EDGE('',*,*,#3865,.F.);
#5035=ORIENTED_EDGE('',*,*,#3866,.T.);
#5036=ORIENTED_EDGE('',*,*,#3618,.T.);
#5037=ORIENTED_EDGE('',*,*,#3619,.T.);
#5038=ORIENTED_EDGE('',*,*,#3866,.F.);
#5039=ORIENTED_EDGE('',*,*,#3867,.F.);
#5040=ORIENTED_EDGE('',*,*,#3868,.T.);
#5041=ORIENTED_EDGE('',*,*,#3869,.F.);
#5042=ORIENTED_EDGE('',*,*,#3870,.T.);
#5043=ORIENTED_EDGE('',*,*,#3622,.T.);
#5044=ORIENTED_EDGE('',*,*,#3623,.T.);
#5045=ORIENTED_EDGE('',*,*,#3870,.F.);
#5046=ORIENTED_EDGE('',*,*,#3871,.F.);
#5047=ORIENTED_EDGE('',*,*,#3872,.T.);
#5048=ORIENTED_EDGE('',*,*,#3873,.F.);
#5049=ORIENTED_EDGE('',*,*,#3874,.T.);
#5050=ORIENTED_EDGE('',*,*,#3626,.T.);
#5051=ORIENTED_EDGE('',*,*,#3627,.T.);
#5052=ORIENTED_EDGE('',*,*,#3874,.F.);
#5053=ORIENTED_EDGE('',*,*,#3875,.F.);
#5054=ORIENTED_EDGE('',*,*,#3876,.T.);
#5055=ORIENTED_EDGE('',*,*,#3877,.F.);
#5056=ORIENTED_EDGE('',*,*,#3878,.T.);
#5057=ORIENTED_EDGE('',*,*,#3630,.T.);
#5058=ORIENTED_EDGE('',*,*,#3631,.T.);
#5059=ORIENTED_EDGE('',*,*,#3878,.F.);
#5060=ORIENTED_EDGE('',*,*,#3879,.F.);
#5061=ORIENTED_EDGE('',*,*,#3880,.T.);
#5062=ORIENTED_EDGE('',*,*,#3881,.F.);
#5063=ORIENTED_EDGE('',*,*,#3882,.T.);
#5064=ORIENTED_EDGE('',*,*,#3634,.T.);
#5065=ORIENTED_EDGE('',*,*,#3635,.T.);
#5066=ORIENTED_EDGE('',*,*,#3882,.F.);
#5067=ORIENTED_EDGE('',*,*,#3883,.F.);
#5068=ORIENTED_EDGE('',*,*,#3884,.T.);
#5069=ORIENTED_EDGE('',*,*,#3885,.F.);
#5070=ORIENTED_EDGE('',*,*,#3886,.T.);
#5071=ORIENTED_EDGE('',*,*,#3638,.T.);
#5072=ORIENTED_EDGE('',*,*,#3639,.T.);
#5073=ORIENTED_EDGE('',*,*,#3886,.F.);
#5074=ORIENTED_EDGE('',*,*,#3887,.F.);
#5075=ORIENTED_EDGE('',*,*,#3888,.T.);
#5076=ORIENTED_EDGE('',*,*,#3889,.F.);
#5077=ORIENTED_EDGE('',*,*,#3890,.T.);
#5078=ORIENTED_EDGE('',*,*,#3642,.T.);
#5079=ORIENTED_EDGE('',*,*,#3643,.T.);
#5080=ORIENTED_EDGE('',*,*,#3890,.F.);
#5081=ORIENTED_EDGE('',*,*,#3891,.F.);
#5082=ORIENTED_EDGE('',*,*,#3892,.T.);
#5083=ORIENTED_EDGE('',*,*,#3893,.F.);
#5084=ORIENTED_EDGE('',*,*,#3894,.T.);
#5085=ORIENTED_EDGE('',*,*,#3646,.T.);
#5086=ORIENTED_EDGE('',*,*,#3647,.T.);
#5087=ORIENTED_EDGE('',*,*,#3894,.F.);
#5088=ORIENTED_EDGE('',*,*,#3895,.F.);
#5089=ORIENTED_EDGE('',*,*,#3896,.T.);
#5090=ORIENTED_EDGE('',*,*,#3897,.F.);
#5091=ORIENTED_EDGE('',*,*,#3898,.T.);
#5092=ORIENTED_EDGE('',*,*,#3650,.T.);
#5093=ORIENTED_EDGE('',*,*,#3651,.T.);
#5094=ORIENTED_EDGE('',*,*,#3898,.F.);
#5095=ORIENTED_EDGE('',*,*,#3899,.F.);
#5096=ORIENTED_EDGE('',*,*,#3900,.T.);
#5097=ORIENTED_EDGE('',*,*,#3901,.F.);
#5098=ORIENTED_EDGE('',*,*,#3902,.T.);
#5099=ORIENTED_EDGE('',*,*,#3654,.T.);
#5100=ORIENTED_EDGE('',*,*,#3655,.T.);
#5101=ORIENTED_EDGE('',*,*,#3902,.F.);
#5102=ORIENTED_EDGE('',*,*,#3903,.F.);
#5103=ORIENTED_EDGE('',*,*,#3904,.T.);
#5104=ORIENTED_EDGE('',*,*,#3905,.F.);
#5105=ORIENTED_EDGE('',*,*,#3906,.T.);
#5106=ORIENTED_EDGE('',*,*,#3658,.T.);
#5107=ORIENTED_EDGE('',*,*,#3659,.T.);
#5108=ORIENTED_EDGE('',*,*,#3906,.F.);
#5109=ORIENTED_EDGE('',*,*,#3907,.F.);
#5110=ORIENTED_EDGE('',*,*,#3908,.T.);
#5111=ORIENTED_EDGE('',*,*,#3909,.F.);
#5112=ORIENTED_EDGE('',*,*,#3910,.T.);
#5113=ORIENTED_EDGE('',*,*,#3662,.T.);
#5114=ORIENTED_EDGE('',*,*,#3663,.T.);
#5115=ORIENTED_EDGE('',*,*,#3910,.F.);
#5116=ORIENTED_EDGE('',*,*,#3911,.F.);
#5117=ORIENTED_EDGE('',*,*,#3912,.T.);
#5118=ORIENTED_EDGE('',*,*,#3913,.F.);
#5119=ORIENTED_EDGE('',*,*,#3914,.T.);
#5120=ORIENTED_EDGE('',*,*,#3666,.T.);
#5121=ORIENTED_EDGE('',*,*,#3667,.T.);
#5122=ORIENTED_EDGE('',*,*,#3914,.F.);
#5123=ORIENTED_EDGE('',*,*,#3915,.F.);
#5124=ORIENTED_EDGE('',*,*,#3916,.T.);
#5125=ORIENTED_EDGE('',*,*,#3917,.F.);
#5126=ORIENTED_EDGE('',*,*,#3918,.T.);
#5127=ORIENTED_EDGE('',*,*,#3670,.T.);
#5128=ORIENTED_EDGE('',*,*,#3671,.T.);
#5129=ORIENTED_EDGE('',*,*,#3918,.F.);
#5130=ORIENTED_EDGE('',*,*,#3919,.F.);
#5131=ORIENTED_EDGE('',*,*,#3920,.T.);
#5132=ORIENTED_EDGE('',*,*,#3921,.F.);
#5133=ORIENTED_EDGE('',*,*,#3922,.T.);
#5134=ORIENTED_EDGE('',*,*,#3674,.T.);
#5135=ORIENTED_EDGE('',*,*,#3675,.T.);
#5136=ORIENTED_EDGE('',*,*,#3922,.F.);
#5137=ORIENTED_EDGE('',*,*,#3923,.F.);
#5138=ORIENTED_EDGE('',*,*,#3924,.T.);
#5139=ORIENTED_EDGE('',*,*,#3925,.T.);
#5140=ORIENTED_EDGE('',*,*,#3926,.T.);
#5141=ORIENTED_EDGE('',*,*,#3927,.T.);
#5142=ORIENTED_EDGE('',*,*,#3928,.F.);
#5143=ORIENTED_EDGE('',*,*,#3929,.F.);
#5144=ORIENTED_EDGE('',*,*,#3930,.F.);
#5145=ORIENTED_EDGE('',*,*,#3931,.F.);
#5146=ORIENTED_EDGE('',*,*,#3932,.F.);
#5147=ORIENTED_EDGE('',*,*,#3795,.T.);
#5148=ORIENTED_EDGE('',*,*,#3793,.T.);
#5149=ORIENTED_EDGE('',*,*,#3933,.F.);
#5150=ORIENTED_EDGE('',*,*,#3787,.T.);
#5151=ORIENTED_EDGE('',*,*,#3785,.T.);
#5152=ORIENTED_EDGE('',*,*,#3934,.F.);
#5153=ORIENTED_EDGE('',*,*,#3779,.T.);
#5154=ORIENTED_EDGE('',*,*,#3777,.T.);
#5155=ORIENTED_EDGE('',*,*,#3935,.F.);
#5156=ORIENTED_EDGE('',*,*,#3771,.T.);
#5157=ORIENTED_EDGE('',*,*,#3769,.T.);
#5158=ORIENTED_EDGE('',*,*,#3936,.F.);
#5159=ORIENTED_EDGE('',*,*,#3763,.T.);
#5160=ORIENTED_EDGE('',*,*,#3761,.T.);
#5161=ORIENTED_EDGE('',*,*,#3937,.F.);
#5162=ORIENTED_EDGE('',*,*,#3755,.T.);
#5163=ORIENTED_EDGE('',*,*,#3753,.T.);
#5164=ORIENTED_EDGE('',*,*,#3938,.F.);
#5165=ORIENTED_EDGE('',*,*,#3747,.T.);
#5166=ORIENTED_EDGE('',*,*,#3745,.T.);
#5167=ORIENTED_EDGE('',*,*,#3939,.F.);
#5168=ORIENTED_EDGE('',*,*,#3739,.T.);
#5169=ORIENTED_EDGE('',*,*,#3737,.T.);
#5170=ORIENTED_EDGE('',*,*,#3940,.T.);
#5171=ORIENTED_EDGE('',*,*,#3731,.T.);
#5172=ORIENTED_EDGE('',*,*,#3729,.T.);
#5173=ORIENTED_EDGE('',*,*,#3941,.T.);
#5174=ORIENTED_EDGE('',*,*,#3723,.T.);
#5175=ORIENTED_EDGE('',*,*,#3721,.T.);
#5176=ORIENTED_EDGE('',*,*,#3942,.T.);
#5177=ORIENTED_EDGE('',*,*,#3715,.T.);
#5178=ORIENTED_EDGE('',*,*,#3713,.T.);
#5179=ORIENTED_EDGE('',*,*,#3943,.T.);
#5180=ORIENTED_EDGE('',*,*,#3707,.T.);
#5181=ORIENTED_EDGE('',*,*,#3705,.T.);
#5182=ORIENTED_EDGE('',*,*,#3944,.T.);
#5183=ORIENTED_EDGE('',*,*,#3699,.T.);
#5184=ORIENTED_EDGE('',*,*,#3697,.T.);
#5185=ORIENTED_EDGE('',*,*,#3945,.T.);
#5186=ORIENTED_EDGE('',*,*,#3691,.T.);
#5187=ORIENTED_EDGE('',*,*,#3689,.T.);
#5188=ORIENTED_EDGE('',*,*,#3946,.T.);
#5189=ORIENTED_EDGE('',*,*,#3683,.T.);
#5190=ORIENTED_EDGE('',*,*,#3681,.T.);
#5191=ORIENTED_EDGE('',*,*,#3947,.F.);
#5192=ORIENTED_EDGE('',*,*,#3948,.F.);
#5193=ORIENTED_EDGE('',*,*,#3949,.F.);
#5194=ORIENTED_EDGE('',*,*,#3950,.F.);
#5195=ORIENTED_EDGE('',*,*,#3951,.F.);
#5196=ORIENTED_EDGE('',*,*,#3952,.F.);
#5197=ORIENTED_EDGE('',*,*,#3953,.F.);
#5198=ORIENTED_EDGE('',*,*,#3954,.F.);
#5199=ORIENTED_EDGE('',*,*,#3955,.F.);
#5200=ORIENTED_EDGE('',*,*,#3956,.F.);
#5201=ORIENTED_EDGE('',*,*,#3957,.F.);
#5202=ORIENTED_EDGE('',*,*,#3958,.F.);
#5203=ORIENTED_EDGE('',*,*,#3959,.F.);
#5204=ORIENTED_EDGE('',*,*,#3960,.F.);
#5205=ORIENTED_EDGE('',*,*,#3961,.F.);
#5206=ORIENTED_EDGE('',*,*,#3962,.F.);
#5207=ORIENTED_EDGE('',*,*,#3963,.F.);
#5208=ORIENTED_EDGE('',*,*,#3964,.F.);
#5209=ORIENTED_EDGE('',*,*,#3965,.F.);
#5210=ORIENTED_EDGE('',*,*,#3966,.F.);
#5211=ORIENTED_EDGE('',*,*,#3967,.F.);
#5212=ORIENTED_EDGE('',*,*,#3968,.F.);
#5213=ORIENTED_EDGE('',*,*,#3969,.F.);
#5214=ORIENTED_EDGE('',*,*,#3970,.F.);
#5215=ORIENTED_EDGE('',*,*,#3971,.F.);
#5216=ORIENTED_EDGE('',*,*,#3972,.F.);
#5217=ORIENTED_EDGE('',*,*,#3973,.F.);
#5218=ORIENTED_EDGE('',*,*,#3974,.F.);
#5219=ORIENTED_EDGE('',*,*,#3975,.T.);
#5220=ORIENTED_EDGE('',*,*,#3679,.T.);
#5221=ORIENTED_EDGE('',*,*,#3677,.T.);
#5222=ORIENTED_EDGE('',*,*,#3976,.T.);
#5223=ORIENTED_EDGE('',*,*,#3687,.T.);
#5224=ORIENTED_EDGE('',*,*,#3685,.T.);
#5225=ORIENTED_EDGE('',*,*,#3977,.T.);
#5226=ORIENTED_EDGE('',*,*,#3695,.T.);
#5227=ORIENTED_EDGE('',*,*,#3693,.T.);
#5228=ORIENTED_EDGE('',*,*,#3978,.T.);
#5229=ORIENTED_EDGE('',*,*,#3703,.T.);
#5230=ORIENTED_EDGE('',*,*,#3701,.T.);
#5231=ORIENTED_EDGE('',*,*,#3979,.T.);
#5232=ORIENTED_EDGE('',*,*,#3711,.T.);
#5233=ORIENTED_EDGE('',*,*,#3709,.T.);
#5234=ORIENTED_EDGE('',*,*,#3980,.T.);
#5235=ORIENTED_EDGE('',*,*,#3719,.T.);
#5236=ORIENTED_EDGE('',*,*,#3717,.T.);
#5237=ORIENTED_EDGE('',*,*,#3981,.T.);
#5238=ORIENTED_EDGE('',*,*,#3727,.T.);
#5239=ORIENTED_EDGE('',*,*,#3725,.T.);
#5240=ORIENTED_EDGE('',*,*,#3982,.T.);
#5241=ORIENTED_EDGE('',*,*,#3735,.T.);
#5242=ORIENTED_EDGE('',*,*,#3733,.T.);
#5243=ORIENTED_EDGE('',*,*,#3983,.F.);
#5244=ORIENTED_EDGE('',*,*,#3743,.T.);
#5245=ORIENTED_EDGE('',*,*,#3741,.T.);
#5246=ORIENTED_EDGE('',*,*,#3984,.F.);
#5247=ORIENTED_EDGE('',*,*,#3751,.T.);
#5248=ORIENTED_EDGE('',*,*,#3749,.T.);
#5249=ORIENTED_EDGE('',*,*,#3985,.F.);
#5250=ORIENTED_EDGE('',*,*,#3759,.T.);
#5251=ORIENTED_EDGE('',*,*,#3757,.T.);
#5252=ORIENTED_EDGE('',*,*,#3986,.F.);
#5253=ORIENTED_EDGE('',*,*,#3767,.T.);
#5254=ORIENTED_EDGE('',*,*,#3765,.T.);
#5255=ORIENTED_EDGE('',*,*,#3987,.F.);
#5256=ORIENTED_EDGE('',*,*,#3775,.T.);
#5257=ORIENTED_EDGE('',*,*,#3773,.T.);
#5258=ORIENTED_EDGE('',*,*,#3988,.F.);
#5259=ORIENTED_EDGE('',*,*,#3783,.T.);
#5260=ORIENTED_EDGE('',*,*,#3781,.T.);
#5261=ORIENTED_EDGE('',*,*,#3989,.F.);
#5262=ORIENTED_EDGE('',*,*,#3791,.T.);
#5263=ORIENTED_EDGE('',*,*,#3789,.T.);
#5264=ORIENTED_EDGE('',*,*,#3990,.F.);
#5265=ORIENTED_EDGE('',*,*,#3799,.T.);
#5266=ORIENTED_EDGE('',*,*,#3797,.T.);
#5267=ORIENTED_EDGE('',*,*,#3800,.F.);
#5268=ORIENTED_EDGE('',*,*,#3991,.T.);
#5269=ORIENTED_EDGE('',*,*,#3804,.F.);
#5270=ORIENTED_EDGE('',*,*,#3992,.T.);
#5271=ORIENTED_EDGE('',*,*,#3808,.F.);
#5272=ORIENTED_EDGE('',*,*,#3993,.T.);
#5273=ORIENTED_EDGE('',*,*,#3812,.F.);
#5274=ORIENTED_EDGE('',*,*,#3994,.T.);
#5275=ORIENTED_EDGE('',*,*,#3816,.F.);
#5276=ORIENTED_EDGE('',*,*,#3995,.T.);
#5277=ORIENTED_EDGE('',*,*,#3820,.F.);
#5278=ORIENTED_EDGE('',*,*,#3996,.T.);
#5279=ORIENTED_EDGE('',*,*,#3824,.F.);
#5280=ORIENTED_EDGE('',*,*,#3997,.T.);
#5281=ORIENTED_EDGE('',*,*,#3828,.F.);
#5282=ORIENTED_EDGE('',*,*,#3998,.T.);
#5283=ORIENTED_EDGE('',*,*,#3832,.F.);
#5284=ORIENTED_EDGE('',*,*,#3999,.T.);
#5285=ORIENTED_EDGE('',*,*,#3836,.F.);
#5286=ORIENTED_EDGE('',*,*,#4000,.T.);
#5287=ORIENTED_EDGE('',*,*,#3840,.F.);
#5288=ORIENTED_EDGE('',*,*,#4001,.T.);
#5289=ORIENTED_EDGE('',*,*,#3844,.F.);
#5290=ORIENTED_EDGE('',*,*,#4002,.T.);
#5291=ORIENTED_EDGE('',*,*,#3848,.F.);
#5292=ORIENTED_EDGE('',*,*,#4003,.T.);
#5293=ORIENTED_EDGE('',*,*,#3852,.F.);
#5294=ORIENTED_EDGE('',*,*,#4004,.T.);
#5295=ORIENTED_EDGE('',*,*,#3856,.F.);
#5296=ORIENTED_EDGE('',*,*,#4005,.T.);
#5297=ORIENTED_EDGE('',*,*,#3860,.F.);
#5298=ORIENTED_EDGE('',*,*,#4006,.F.);
#5299=ORIENTED_EDGE('',*,*,#3864,.F.);
#5300=ORIENTED_EDGE('',*,*,#4007,.F.);
#5301=ORIENTED_EDGE('',*,*,#3868,.F.);
#5302=ORIENTED_EDGE('',*,*,#4008,.F.);
#5303=ORIENTED_EDGE('',*,*,#3872,.F.);
#5304=ORIENTED_EDGE('',*,*,#4009,.F.);
#5305=ORIENTED_EDGE('',*,*,#3876,.F.);
#5306=ORIENTED_EDGE('',*,*,#4010,.F.);
#5307=ORIENTED_EDGE('',*,*,#3880,.F.);
#5308=ORIENTED_EDGE('',*,*,#4011,.F.);
#5309=ORIENTED_EDGE('',*,*,#3884,.F.);
#5310=ORIENTED_EDGE('',*,*,#4012,.F.);
#5311=ORIENTED_EDGE('',*,*,#3888,.F.);
#5312=ORIENTED_EDGE('',*,*,#4013,.F.);
#5313=ORIENTED_EDGE('',*,*,#3892,.F.);
#5314=ORIENTED_EDGE('',*,*,#4014,.F.);
#5315=ORIENTED_EDGE('',*,*,#3896,.F.);
#5316=ORIENTED_EDGE('',*,*,#4015,.F.);
#5317=ORIENTED_EDGE('',*,*,#3900,.F.);
#5318=ORIENTED_EDGE('',*,*,#4016,.F.);
#5319=ORIENTED_EDGE('',*,*,#3904,.F.);
#5320=ORIENTED_EDGE('',*,*,#4017,.F.);
#5321=ORIENTED_EDGE('',*,*,#3908,.F.);
#5322=ORIENTED_EDGE('',*,*,#4018,.F.);
#5323=ORIENTED_EDGE('',*,*,#3912,.F.);
#5324=ORIENTED_EDGE('',*,*,#4019,.F.);
#5325=ORIENTED_EDGE('',*,*,#3916,.F.);
#5326=ORIENTED_EDGE('',*,*,#4020,.F.);
#5327=ORIENTED_EDGE('',*,*,#3920,.F.);
#5328=ORIENTED_EDGE('',*,*,#4021,.F.);
#5329=ORIENTED_EDGE('',*,*,#4022,.T.);
#5330=ORIENTED_EDGE('',*,*,#4023,.T.);
#5331=ORIENTED_EDGE('',*,*,#4024,.T.);
#5332=ORIENTED_EDGE('',*,*,#4025,.T.);
#5333=ORIENTED_EDGE('',*,*,#4026,.F.);
#5334=ORIENTED_EDGE('',*,*,#4027,.F.);
#5335=ORIENTED_EDGE('',*,*,#4028,.F.);
#5336=ORIENTED_EDGE('',*,*,#4029,.F.);
#5337=ORIENTED_EDGE('',*,*,#4030,.T.);
#5338=ORIENTED_EDGE('',*,*,#4031,.T.);
#5339=ORIENTED_EDGE('',*,*,#4032,.T.);
#5340=ORIENTED_EDGE('',*,*,#4033,.T.);
#5341=ORIENTED_EDGE('',*,*,#4034,.T.);
#5342=ORIENTED_EDGE('',*,*,#4035,.T.);
#5343=ORIENTED_EDGE('',*,*,#4036,.T.);
#5344=ORIENTED_EDGE('',*,*,#4037,.T.);
#5345=ORIENTED_EDGE('',*,*,#4038,.T.);
#5346=ORIENTED_EDGE('',*,*,#4039,.T.);
#5347=ORIENTED_EDGE('',*,*,#4040,.T.);
#5348=ORIENTED_EDGE('',*,*,#3459,.F.);
#5349=ORIENTED_EDGE('',*,*,#3462,.F.);
#5350=ORIENTED_EDGE('',*,*,#3465,.F.);
#5351=ORIENTED_EDGE('',*,*,#3468,.F.);
#5352=ORIENTED_EDGE('',*,*,#3471,.F.);
#5353=ORIENTED_EDGE('',*,*,#3474,.F.);
#5354=ORIENTED_EDGE('',*,*,#3477,.F.);
#5355=ORIENTED_EDGE('',*,*,#3480,.F.);
#5356=ORIENTED_EDGE('',*,*,#3483,.F.);
#5357=ORIENTED_EDGE('',*,*,#3486,.F.);
#5358=ORIENTED_EDGE('',*,*,#3489,.F.);
#5359=ORIENTED_EDGE('',*,*,#3492,.F.);
#5360=ORIENTED_EDGE('',*,*,#3495,.F.);
#5361=ORIENTED_EDGE('',*,*,#3498,.F.);
#5362=ORIENTED_EDGE('',*,*,#3501,.F.);
#5363=ORIENTED_EDGE('',*,*,#3504,.F.);
#5364=ORIENTED_EDGE('',*,*,#3507,.F.);
#5365=ORIENTED_EDGE('',*,*,#3510,.F.);
#5366=ORIENTED_EDGE('',*,*,#3513,.F.);
#5367=ORIENTED_EDGE('',*,*,#3516,.F.);
#5368=ORIENTED_EDGE('',*,*,#3519,.F.);
#5369=ORIENTED_EDGE('',*,*,#3522,.F.);
#5370=ORIENTED_EDGE('',*,*,#3525,.F.);
#5371=ORIENTED_EDGE('',*,*,#3528,.F.);
#5372=ORIENTED_EDGE('',*,*,#3531,.F.);
#5373=ORIENTED_EDGE('',*,*,#3534,.F.);
#5374=ORIENTED_EDGE('',*,*,#3537,.F.);
#5375=ORIENTED_EDGE('',*,*,#3540,.F.);
#5376=ORIENTED_EDGE('',*,*,#3543,.F.);
#5377=ORIENTED_EDGE('',*,*,#3546,.F.);
#5378=ORIENTED_EDGE('',*,*,#3549,.F.);
#5379=ORIENTED_EDGE('',*,*,#3552,.F.);
#5380=ORIENTED_EDGE('',*,*,#3556,.F.);
#5381=ORIENTED_EDGE('',*,*,#3560,.F.);
#5382=ORIENTED_EDGE('',*,*,#3564,.F.);
#5383=ORIENTED_EDGE('',*,*,#3568,.F.);
#5384=ORIENTED_EDGE('',*,*,#3572,.F.);
#5385=ORIENTED_EDGE('',*,*,#3576,.F.);
#5386=ORIENTED_EDGE('',*,*,#3580,.F.);
#5387=ORIENTED_EDGE('',*,*,#3584,.F.);
#5388=ORIENTED_EDGE('',*,*,#3588,.F.);
#5389=ORIENTED_EDGE('',*,*,#3592,.F.);
#5390=ORIENTED_EDGE('',*,*,#3596,.F.);
#5391=ORIENTED_EDGE('',*,*,#3600,.F.);
#5392=ORIENTED_EDGE('',*,*,#3604,.F.);
#5393=ORIENTED_EDGE('',*,*,#3608,.F.);
#5394=ORIENTED_EDGE('',*,*,#3612,.F.);
#5395=ORIENTED_EDGE('',*,*,#3616,.F.);
#5396=ORIENTED_EDGE('',*,*,#3620,.F.);
#5397=ORIENTED_EDGE('',*,*,#3624,.F.);
#5398=ORIENTED_EDGE('',*,*,#3628,.F.);
#5399=ORIENTED_EDGE('',*,*,#3632,.F.);
#5400=ORIENTED_EDGE('',*,*,#3636,.F.);
#5401=ORIENTED_EDGE('',*,*,#3640,.F.);
#5402=ORIENTED_EDGE('',*,*,#3644,.F.);
#5403=ORIENTED_EDGE('',*,*,#3648,.F.);
#5404=ORIENTED_EDGE('',*,*,#3652,.F.);
#5405=ORIENTED_EDGE('',*,*,#3656,.F.);
#5406=ORIENTED_EDGE('',*,*,#3660,.F.);
#5407=ORIENTED_EDGE('',*,*,#3664,.F.);
#5408=ORIENTED_EDGE('',*,*,#3668,.F.);
#5409=ORIENTED_EDGE('',*,*,#3672,.F.);
#5410=ORIENTED_EDGE('',*,*,#3928,.T.);
#5411=ORIENTED_EDGE('',*,*,#4041,.F.);
#5412=ORIENTED_EDGE('',*,*,#4022,.F.);
#5413=ORIENTED_EDGE('',*,*,#4042,.T.);
#5414=ORIENTED_EDGE('',*,*,#3931,.T.);
#5415=ORIENTED_EDGE('',*,*,#4043,.F.);
#5416=ORIENTED_EDGE('',*,*,#4023,.F.);
#5417=ORIENTED_EDGE('',*,*,#4041,.T.);
#5418=ORIENTED_EDGE('',*,*,#3930,.T.);
#5419=ORIENTED_EDGE('',*,*,#4044,.F.);
#5420=ORIENTED_EDGE('',*,*,#4024,.F.);
#5421=ORIENTED_EDGE('',*,*,#4043,.T.);
#5422=ORIENTED_EDGE('',*,*,#3929,.T.);
#5423=ORIENTED_EDGE('',*,*,#4042,.F.);
#5424=ORIENTED_EDGE('',*,*,#4025,.F.);
#5425=ORIENTED_EDGE('',*,*,#4044,.T.);
#5426=ORIENTED_EDGE('',*,*,#4026,.T.);
#5427=ORIENTED_EDGE('',*,*,#4045,.F.);
#5428=ORIENTED_EDGE('',*,*,#4046,.F.);
#5429=ORIENTED_EDGE('',*,*,#4047,.T.);
#5430=ORIENTED_EDGE('',*,*,#4027,.T.);
#5431=ORIENTED_EDGE('',*,*,#4047,.F.);
#5432=ORIENTED_EDGE('',*,*,#4048,.F.);
#5433=ORIENTED_EDGE('',*,*,#4049,.T.);
#5434=ORIENTED_EDGE('',*,*,#4028,.T.);
#5435=ORIENTED_EDGE('',*,*,#4049,.F.);
#5436=ORIENTED_EDGE('',*,*,#4050,.F.);
#5437=ORIENTED_EDGE('',*,*,#4051,.T.);
#5438=ORIENTED_EDGE('',*,*,#4029,.T.);
#5439=ORIENTED_EDGE('',*,*,#4051,.F.);
#5440=ORIENTED_EDGE('',*,*,#4052,.F.);
#5441=ORIENTED_EDGE('',*,*,#4045,.T.);
#5442=ORIENTED_EDGE('',*,*,#4046,.T.);
#5443=ORIENTED_EDGE('',*,*,#4052,.T.);
#5444=ORIENTED_EDGE('',*,*,#4050,.T.);
#5445=ORIENTED_EDGE('',*,*,#4048,.T.);
#5446=ORIENTED_EDGE('',*,*,#4031,.F.);
#5447=ORIENTED_EDGE('',*,*,#4053,.F.);
#5448=ORIENTED_EDGE('',*,*,#4054,.T.);
#5449=ORIENTED_EDGE('',*,*,#4055,.T.);
#5450=ORIENTED_EDGE('',*,*,#4032,.F.);
#5451=ORIENTED_EDGE('',*,*,#4055,.F.);
#5452=ORIENTED_EDGE('',*,*,#4056,.T.);
#5453=ORIENTED_EDGE('',*,*,#4057,.T.);
#5454=ORIENTED_EDGE('',*,*,#4033,.F.);
#5455=ORIENTED_EDGE('',*,*,#4057,.F.);
#5456=ORIENTED_EDGE('',*,*,#4058,.T.);
#5457=ORIENTED_EDGE('',*,*,#4059,.T.);
#5458=ORIENTED_EDGE('',*,*,#4034,.F.);
#5459=ORIENTED_EDGE('',*,*,#4059,.F.);
#5460=ORIENTED_EDGE('',*,*,#4060,.T.);
#5461=ORIENTED_EDGE('',*,*,#4061,.T.);
#5462=ORIENTED_EDGE('',*,*,#4035,.F.);
#5463=ORIENTED_EDGE('',*,*,#4061,.F.);
#5464=ORIENTED_EDGE('',*,*,#4062,.T.);
#5465=ORIENTED_EDGE('',*,*,#4063,.T.);
#5466=ORIENTED_EDGE('',*,*,#4036,.F.);
#5467=ORIENTED_EDGE('',*,*,#4063,.F.);
#5468=ORIENTED_EDGE('',*,*,#4064,.T.);
#5469=ORIENTED_EDGE('',*,*,#4065,.T.);
#5470=ORIENTED_EDGE('',*,*,#4037,.F.);
#5471=ORIENTED_EDGE('',*,*,#4065,.F.);
#5472=ORIENTED_EDGE('',*,*,#4066,.T.);
#5473=ORIENTED_EDGE('',*,*,#4067,.T.);
#5474=ORIENTED_EDGE('',*,*,#4038,.F.);
#5475=ORIENTED_EDGE('',*,*,#4067,.F.);
#5476=ORIENTED_EDGE('',*,*,#4068,.T.);
#5477=ORIENTED_EDGE('',*,*,#4069,.T.);
#5478=ORIENTED_EDGE('',*,*,#4039,.F.);
#5479=ORIENTED_EDGE('',*,*,#4069,.F.);
#5480=ORIENTED_EDGE('',*,*,#4070,.T.);
#5481=ORIENTED_EDGE('',*,*,#4071,.T.);
#5482=ORIENTED_EDGE('',*,*,#4040,.F.);
#5483=ORIENTED_EDGE('',*,*,#4071,.F.);
#5484=ORIENTED_EDGE('',*,*,#4072,.T.);
#5485=ORIENTED_EDGE('',*,*,#4073,.T.);
#5486=ORIENTED_EDGE('',*,*,#4030,.F.);
#5487=ORIENTED_EDGE('',*,*,#4073,.F.);
#5488=ORIENTED_EDGE('',*,*,#4074,.T.);
#5489=ORIENTED_EDGE('',*,*,#4053,.T.);
#5490=ORIENTED_EDGE('',*,*,#4054,.F.);
#5491=ORIENTED_EDGE('',*,*,#4074,.F.);
#5492=ORIENTED_EDGE('',*,*,#4072,.F.);
#5493=ORIENTED_EDGE('',*,*,#4070,.F.);
#5494=ORIENTED_EDGE('',*,*,#4068,.F.);
#5495=ORIENTED_EDGE('',*,*,#4066,.F.);
#5496=ORIENTED_EDGE('',*,*,#4064,.F.);
#5497=ORIENTED_EDGE('',*,*,#4062,.F.);
#5498=ORIENTED_EDGE('',*,*,#4060,.F.);
#5499=ORIENTED_EDGE('',*,*,#4058,.F.);
#5500=ORIENTED_EDGE('',*,*,#4056,.F.);
#5501=ORIENTED_EDGE('',*,*,#3924,.F.);
#5502=ORIENTED_EDGE('',*,*,#4075,.F.);
#5503=ORIENTED_EDGE('',*,*,#4076,.T.);
#5504=ORIENTED_EDGE('',*,*,#4077,.T.);
#5505=ORIENTED_EDGE('',*,*,#3927,.F.);
#5506=ORIENTED_EDGE('',*,*,#4078,.F.);
#5507=ORIENTED_EDGE('',*,*,#4079,.T.);
#5508=ORIENTED_EDGE('',*,*,#4075,.T.);
#5509=ORIENTED_EDGE('',*,*,#3926,.F.);
#5510=ORIENTED_EDGE('',*,*,#4080,.F.);
#5511=ORIENTED_EDGE('',*,*,#4081,.T.);
#5512=ORIENTED_EDGE('',*,*,#4078,.T.);
#5513=ORIENTED_EDGE('',*,*,#3925,.F.);
#5514=ORIENTED_EDGE('',*,*,#4077,.F.);
#5515=ORIENTED_EDGE('',*,*,#4082,.T.);
#5516=ORIENTED_EDGE('',*,*,#4080,.T.);
#5517=ORIENTED_EDGE('',*,*,#4076,.F.);
#5518=ORIENTED_EDGE('',*,*,#4079,.F.);
#5519=ORIENTED_EDGE('',*,*,#4081,.F.);
#5520=ORIENTED_EDGE('',*,*,#4082,.F.);
#5521=ORIENTED_EDGE('',*,*,#3923,.T.);
#5522=ORIENTED_EDGE('',*,*,#3921,.T.);
#5523=ORIENTED_EDGE('',*,*,#4021,.T.);
#5524=ORIENTED_EDGE('',*,*,#3919,.T.);
#5525=ORIENTED_EDGE('',*,*,#3917,.T.);
#5526=ORIENTED_EDGE('',*,*,#4020,.T.);
#5527=ORIENTED_EDGE('',*,*,#3915,.T.);
#5528=ORIENTED_EDGE('',*,*,#3913,.T.);
#5529=ORIENTED_EDGE('',*,*,#4019,.T.);
#5530=ORIENTED_EDGE('',*,*,#3911,.T.);
#5531=ORIENTED_EDGE('',*,*,#3909,.T.);
#5532=ORIENTED_EDGE('',*,*,#4018,.T.);
#5533=ORIENTED_EDGE('',*,*,#3907,.T.);
#5534=ORIENTED_EDGE('',*,*,#3905,.T.);
#5535=ORIENTED_EDGE('',*,*,#4017,.T.);
#5536=ORIENTED_EDGE('',*,*,#3903,.T.);
#5537=ORIENTED_EDGE('',*,*,#3901,.T.);
#5538=ORIENTED_EDGE('',*,*,#4016,.T.);
#5539=ORIENTED_EDGE('',*,*,#3899,.T.);
#5540=ORIENTED_EDGE('',*,*,#3897,.T.);
#5541=ORIENTED_EDGE('',*,*,#4015,.T.);
#5542=ORIENTED_EDGE('',*,*,#3895,.T.);
#5543=ORIENTED_EDGE('',*,*,#3893,.T.);
#5544=ORIENTED_EDGE('',*,*,#4014,.T.);
#5545=ORIENTED_EDGE('',*,*,#3891,.T.);
#5546=ORIENTED_EDGE('',*,*,#3889,.T.);
#5547=ORIENTED_EDGE('',*,*,#4013,.T.);
#5548=ORIENTED_EDGE('',*,*,#3887,.T.);
#5549=ORIENTED_EDGE('',*,*,#3885,.T.);
#5550=ORIENTED_EDGE('',*,*,#4012,.T.);
#5551=ORIENTED_EDGE('',*,*,#3883,.T.);
#5552=ORIENTED_EDGE('',*,*,#3881,.T.);
#5553=ORIENTED_EDGE('',*,*,#4011,.T.);
#5554=ORIENTED_EDGE('',*,*,#3879,.T.);
#5555=ORIENTED_EDGE('',*,*,#3877,.T.);
#5556=ORIENTED_EDGE('',*,*,#4010,.T.);
#5557=ORIENTED_EDGE('',*,*,#3875,.T.);
#5558=ORIENTED_EDGE('',*,*,#3873,.T.);
#5559=ORIENTED_EDGE('',*,*,#4009,.T.);
#5560=ORIENTED_EDGE('',*,*,#3871,.T.);
#5561=ORIENTED_EDGE('',*,*,#3869,.T.);
#5562=ORIENTED_EDGE('',*,*,#4008,.T.);
#5563=ORIENTED_EDGE('',*,*,#3867,.T.);
#5564=ORIENTED_EDGE('',*,*,#3865,.T.);
#5565=ORIENTED_EDGE('',*,*,#4007,.T.);
#5566=ORIENTED_EDGE('',*,*,#3863,.T.);
#5567=ORIENTED_EDGE('',*,*,#3861,.T.);
#5568=ORIENTED_EDGE('',*,*,#4006,.T.);
#5569=ORIENTED_EDGE('',*,*,#4005,.F.);
#5570=ORIENTED_EDGE('',*,*,#3859,.T.);
#5571=ORIENTED_EDGE('',*,*,#3857,.T.);
#5572=ORIENTED_EDGE('',*,*,#4004,.F.);
#5573=ORIENTED_EDGE('',*,*,#3855,.T.);
#5574=ORIENTED_EDGE('',*,*,#3853,.T.);
#5575=ORIENTED_EDGE('',*,*,#4003,.F.);
#5576=ORIENTED_EDGE('',*,*,#3851,.T.);
#5577=ORIENTED_EDGE('',*,*,#3849,.T.);
#5578=ORIENTED_EDGE('',*,*,#4002,.F.);
#5579=ORIENTED_EDGE('',*,*,#3847,.T.);
#5580=ORIENTED_EDGE('',*,*,#3845,.T.);
#5581=ORIENTED_EDGE('',*,*,#4001,.F.);
#5582=ORIENTED_EDGE('',*,*,#3843,.T.);
#5583=ORIENTED_EDGE('',*,*,#3841,.T.);
#5584=ORIENTED_EDGE('',*,*,#4000,.F.);
#5585=ORIENTED_EDGE('',*,*,#3839,.T.);
#5586=ORIENTED_EDGE('',*,*,#3837,.T.);
#5587=ORIENTED_EDGE('',*,*,#3999,.F.);
#5588=ORIENTED_EDGE('',*,*,#3835,.T.);
#5589=ORIENTED_EDGE('',*,*,#3833,.T.);
#5590=ORIENTED_EDGE('',*,*,#3998,.F.);
#5591=ORIENTED_EDGE('',*,*,#3831,.T.);
#5592=ORIENTED_EDGE('',*,*,#3829,.T.);
#5593=ORIENTED_EDGE('',*,*,#3997,.F.);
#5594=ORIENTED_EDGE('',*,*,#3827,.T.);
#5595=ORIENTED_EDGE('',*,*,#3825,.T.);
#5596=ORIENTED_EDGE('',*,*,#3996,.F.);
#5597=ORIENTED_EDGE('',*,*,#3823,.T.);
#5598=ORIENTED_EDGE('',*,*,#3821,.T.);
#5599=ORIENTED_EDGE('',*,*,#3995,.F.);
#5600=ORIENTED_EDGE('',*,*,#3819,.T.);
#5601=ORIENTED_EDGE('',*,*,#3817,.T.);
#5602=ORIENTED_EDGE('',*,*,#3994,.F.);
#5603=ORIENTED_EDGE('',*,*,#3815,.T.);
#5604=ORIENTED_EDGE('',*,*,#3813,.T.);
#5605=ORIENTED_EDGE('',*,*,#3993,.F.);
#5606=ORIENTED_EDGE('',*,*,#3811,.T.);
#5607=ORIENTED_EDGE('',*,*,#3809,.T.);
#5608=ORIENTED_EDGE('',*,*,#3992,.F.);
#5609=ORIENTED_EDGE('',*,*,#3807,.T.);
#5610=ORIENTED_EDGE('',*,*,#3805,.T.);
#5611=ORIENTED_EDGE('',*,*,#3991,.F.);
#5612=ORIENTED_EDGE('',*,*,#3803,.T.);
#5613=ORIENTED_EDGE('',*,*,#3801,.T.);
#5614=ORIENTED_EDGE('',*,*,#3796,.F.);
#5615=ORIENTED_EDGE('',*,*,#3990,.T.);
#5616=ORIENTED_EDGE('',*,*,#3792,.F.);
#5617=ORIENTED_EDGE('',*,*,#3932,.T.);
#5618=ORIENTED_EDGE('',*,*,#3788,.F.);
#5619=ORIENTED_EDGE('',*,*,#3989,.T.);
#5620=ORIENTED_EDGE('',*,*,#3784,.F.);
#5621=ORIENTED_EDGE('',*,*,#3933,.T.);
#5622=ORIENTED_EDGE('',*,*,#3780,.F.);
#5623=ORIENTED_EDGE('',*,*,#3988,.T.);
#5624=ORIENTED_EDGE('',*,*,#3776,.F.);
#5625=ORIENTED_EDGE('',*,*,#3934,.T.);
#5626=ORIENTED_EDGE('',*,*,#3772,.F.);
#5627=ORIENTED_EDGE('',*,*,#3987,.T.);
#5628=ORIENTED_EDGE('',*,*,#3768,.F.);
#5629=ORIENTED_EDGE('',*,*,#3935,.T.);
#5630=ORIENTED_EDGE('',*,*,#3764,.F.);
#5631=ORIENTED_EDGE('',*,*,#3986,.T.);
#5632=ORIENTED_EDGE('',*,*,#3760,.F.);
#5633=ORIENTED_EDGE('',*,*,#3936,.T.);
#5634=ORIENTED_EDGE('',*,*,#3756,.F.);
#5635=ORIENTED_EDGE('',*,*,#3985,.T.);
#5636=ORIENTED_EDGE('',*,*,#3752,.F.);
#5637=ORIENTED_EDGE('',*,*,#3937,.T.);
#5638=ORIENTED_EDGE('',*,*,#3748,.F.);
#5639=ORIENTED_EDGE('',*,*,#3984,.T.);
#5640=ORIENTED_EDGE('',*,*,#3744,.F.);
#5641=ORIENTED_EDGE('',*,*,#3938,.T.);
#5642=ORIENTED_EDGE('',*,*,#3740,.F.);
#5643=ORIENTED_EDGE('',*,*,#3983,.T.);
#5644=ORIENTED_EDGE('',*,*,#3736,.F.);
#5645=ORIENTED_EDGE('',*,*,#3939,.T.);
#5646=ORIENTED_EDGE('',*,*,#3982,.F.);
#5647=ORIENTED_EDGE('',*,*,#3732,.F.);
#5648=ORIENTED_EDGE('',*,*,#3940,.F.);
#5649=ORIENTED_EDGE('',*,*,#3728,.F.);
#5650=ORIENTED_EDGE('',*,*,#3981,.F.);
#5651=ORIENTED_EDGE('',*,*,#3724,.F.);
#5652=ORIENTED_EDGE('',*,*,#3941,.F.);
#5653=ORIENTED_EDGE('',*,*,#3720,.F.);
#5654=ORIENTED_EDGE('',*,*,#3980,.F.);
#5655=ORIENTED_EDGE('',*,*,#3716,.F.);
#5656=ORIENTED_EDGE('',*,*,#3942,.F.);
#5657=ORIENTED_EDGE('',*,*,#3712,.F.);
#5658=ORIENTED_EDGE('',*,*,#3979,.F.);
#5659=ORIENTED_EDGE('',*,*,#3708,.F.);
#5660=ORIENTED_EDGE('',*,*,#3943,.F.);
#5661=ORIENTED_EDGE('',*,*,#3704,.F.);
#5662=ORIENTED_EDGE('',*,*,#3978,.F.);
#5663=ORIENTED_EDGE('',*,*,#3700,.F.);
#5664=ORIENTED_EDGE('',*,*,#3944,.F.);
#5665=ORIENTED_EDGE('',*,*,#3696,.F.);
#5666=ORIENTED_EDGE('',*,*,#3977,.F.);
#5667=ORIENTED_EDGE('',*,*,#3692,.F.);
#5668=ORIENTED_EDGE('',*,*,#3945,.F.);
#5669=ORIENTED_EDGE('',*,*,#3688,.F.);
#5670=ORIENTED_EDGE('',*,*,#3976,.F.);
#5671=ORIENTED_EDGE('',*,*,#3684,.F.);
#5672=ORIENTED_EDGE('',*,*,#3946,.F.);
#5673=ORIENTED_EDGE('',*,*,#3680,.F.);
#5674=ORIENTED_EDGE('',*,*,#3975,.F.);
#5675=ORIENTED_EDGE('',*,*,#3676,.F.);
#5676=ORIENTED_EDGE('',*,*,#3948,.T.);
#5677=ORIENTED_EDGE('',*,*,#4083,.F.);
#5678=ORIENTED_EDGE('',*,*,#4084,.F.);
#5679=ORIENTED_EDGE('',*,*,#4085,.T.);
#5680=ORIENTED_EDGE('',*,*,#3947,.T.);
#5681=ORIENTED_EDGE('',*,*,#4086,.F.);
#5682=ORIENTED_EDGE('',*,*,#4087,.F.);
#5683=ORIENTED_EDGE('',*,*,#4083,.T.);
#5684=ORIENTED_EDGE('',*,*,#3950,.T.);
#5685=ORIENTED_EDGE('',*,*,#4088,.F.);
#5686=ORIENTED_EDGE('',*,*,#4089,.F.);
#5687=ORIENTED_EDGE('',*,*,#4086,.T.);
#5688=ORIENTED_EDGE('',*,*,#3949,.T.);
#5689=ORIENTED_EDGE('',*,*,#4085,.F.);
#5690=ORIENTED_EDGE('',*,*,#4090,.F.);
#5691=ORIENTED_EDGE('',*,*,#4088,.T.);
#5692=ORIENTED_EDGE('',*,*,#4084,.T.);
#5693=ORIENTED_EDGE('',*,*,#4087,.T.);
#5694=ORIENTED_EDGE('',*,*,#4089,.T.);
#5695=ORIENTED_EDGE('',*,*,#4090,.T.);
#5696=ORIENTED_EDGE('',*,*,#3972,.T.);
#5697=ORIENTED_EDGE('',*,*,#4091,.F.);
#5698=ORIENTED_EDGE('',*,*,#4092,.F.);
#5699=ORIENTED_EDGE('',*,*,#4093,.T.);
#5700=ORIENTED_EDGE('',*,*,#3971,.T.);
#5701=ORIENTED_EDGE('',*,*,#4094,.F.);
#5702=ORIENTED_EDGE('',*,*,#4095,.F.);
#5703=ORIENTED_EDGE('',*,*,#4091,.T.);
#5704=ORIENTED_EDGE('',*,*,#3974,.T.);
#5705=ORIENTED_EDGE('',*,*,#4096,.F.);
#5706=ORIENTED_EDGE('',*,*,#4097,.F.);
#5707=ORIENTED_EDGE('',*,*,#4094,.T.);
#5708=ORIENTED_EDGE('',*,*,#3973,.T.);
#5709=ORIENTED_EDGE('',*,*,#4093,.F.);
#5710=ORIENTED_EDGE('',*,*,#4098,.F.);
#5711=ORIENTED_EDGE('',*,*,#4096,.T.);
#5712=ORIENTED_EDGE('',*,*,#4092,.T.);
#5713=ORIENTED_EDGE('',*,*,#4095,.T.);
#5714=ORIENTED_EDGE('',*,*,#4097,.T.);
#5715=ORIENTED_EDGE('',*,*,#4098,.T.);
#5716=ORIENTED_EDGE('',*,*,#3952,.T.);
#5717=ORIENTED_EDGE('',*,*,#4099,.F.);
#5718=ORIENTED_EDGE('',*,*,#4100,.F.);
#5719=ORIENTED_EDGE('',*,*,#4101,.T.);
#5720=ORIENTED_EDGE('',*,*,#3951,.T.);
#5721=ORIENTED_EDGE('',*,*,#4102,.F.);
#5722=ORIENTED_EDGE('',*,*,#4103,.F.);
#5723=ORIENTED_EDGE('',*,*,#4099,.T.);
#5724=ORIENTED_EDGE('',*,*,#3954,.T.);
#5725=ORIENTED_EDGE('',*,*,#4104,.F.);
#5726=ORIENTED_EDGE('',*,*,#4105,.F.);
#5727=ORIENTED_EDGE('',*,*,#4102,.T.);
#5728=ORIENTED_EDGE('',*,*,#3953,.T.);
#5729=ORIENTED_EDGE('',*,*,#4101,.F.);
#5730=ORIENTED_EDGE('',*,*,#4106,.F.);
#5731=ORIENTED_EDGE('',*,*,#4104,.T.);
#5732=ORIENTED_EDGE('',*,*,#4100,.T.);
#5733=ORIENTED_EDGE('',*,*,#4103,.T.);
#5734=ORIENTED_EDGE('',*,*,#4105,.T.);
#5735=ORIENTED_EDGE('',*,*,#4106,.T.);
#5736=ORIENTED_EDGE('',*,*,#3968,.T.);
#5737=ORIENTED_EDGE('',*,*,#4107,.F.);
#5738=ORIENTED_EDGE('',*,*,#4108,.F.);
#5739=ORIENTED_EDGE('',*,*,#4109,.T.);
#5740=ORIENTED_EDGE('',*,*,#3967,.T.);
#5741=ORIENTED_EDGE('',*,*,#4110,.F.);
#5742=ORIENTED_EDGE('',*,*,#4111,.F.);
#5743=ORIENTED_EDGE('',*,*,#4107,.T.);
#5744=ORIENTED_EDGE('',*,*,#3970,.T.);
#5745=ORIENTED_EDGE('',*,*,#4112,.F.);
#5746=ORIENTED_EDGE('',*,*,#4113,.F.);
#5747=ORIENTED_EDGE('',*,*,#4110,.T.);
#5748=ORIENTED_EDGE('',*,*,#3969,.T.);
#5749=ORIENTED_EDGE('',*,*,#4109,.F.);
#5750=ORIENTED_EDGE('',*,*,#4114,.F.);
#5751=ORIENTED_EDGE('',*,*,#4112,.T.);
#5752=ORIENTED_EDGE('',*,*,#4108,.T.);
#5753=ORIENTED_EDGE('',*,*,#4111,.T.);
#5754=ORIENTED_EDGE('',*,*,#4113,.T.);
#5755=ORIENTED_EDGE('',*,*,#4114,.T.);
#5756=ORIENTED_EDGE('',*,*,#3956,.T.);
#5757=ORIENTED_EDGE('',*,*,#4115,.F.);
#5758=ORIENTED_EDGE('',*,*,#4116,.F.);
#5759=ORIENTED_EDGE('',*,*,#4117,.T.);
#5760=ORIENTED_EDGE('',*,*,#3955,.T.);
#5761=ORIENTED_EDGE('',*,*,#4118,.F.);
#5762=ORIENTED_EDGE('',*,*,#4119,.F.);
#5763=ORIENTED_EDGE('',*,*,#4115,.T.);
#5764=ORIENTED_EDGE('',*,*,#3958,.T.);
#5765=ORIENTED_EDGE('',*,*,#4120,.F.);
#5766=ORIENTED_EDGE('',*,*,#4121,.F.);
#5767=ORIENTED_EDGE('',*,*,#4118,.T.);
#5768=ORIENTED_EDGE('',*,*,#3957,.T.);
#5769=ORIENTED_EDGE('',*,*,#4117,.F.);
#5770=ORIENTED_EDGE('',*,*,#4122,.F.);
#5771=ORIENTED_EDGE('',*,*,#4120,.T.);
#5772=ORIENTED_EDGE('',*,*,#4116,.T.);
#5773=ORIENTED_EDGE('',*,*,#4119,.T.);
#5774=ORIENTED_EDGE('',*,*,#4121,.T.);
#5775=ORIENTED_EDGE('',*,*,#4122,.T.);
#5776=ORIENTED_EDGE('',*,*,#3964,.T.);
#5777=ORIENTED_EDGE('',*,*,#4123,.F.);
#5778=ORIENTED_EDGE('',*,*,#4124,.F.);
#5779=ORIENTED_EDGE('',*,*,#4125,.T.);
#5780=ORIENTED_EDGE('',*,*,#3963,.T.);
#5781=ORIENTED_EDGE('',*,*,#4126,.F.);
#5782=ORIENTED_EDGE('',*,*,#4127,.F.);
#5783=ORIENTED_EDGE('',*,*,#4123,.T.);
#5784=ORIENTED_EDGE('',*,*,#3966,.T.);
#5785=ORIENTED_EDGE('',*,*,#4128,.F.);
#5786=ORIENTED_EDGE('',*,*,#4129,.F.);
#5787=ORIENTED_EDGE('',*,*,#4126,.T.);
#5788=ORIENTED_EDGE('',*,*,#3965,.T.);
#5789=ORIENTED_EDGE('',*,*,#4125,.F.);
#5790=ORIENTED_EDGE('',*,*,#4130,.F.);
#5791=ORIENTED_EDGE('',*,*,#4128,.T.);
#5792=ORIENTED_EDGE('',*,*,#4124,.T.);
#5793=ORIENTED_EDGE('',*,*,#4127,.T.);
#5794=ORIENTED_EDGE('',*,*,#4129,.T.);
#5795=ORIENTED_EDGE('',*,*,#4130,.T.);
#5796=ORIENTED_EDGE('',*,*,#3960,.T.);
#5797=ORIENTED_EDGE('',*,*,#4131,.F.);
#5798=ORIENTED_EDGE('',*,*,#4132,.F.);
#5799=ORIENTED_EDGE('',*,*,#4133,.T.);
#5800=ORIENTED_EDGE('',*,*,#3959,.T.);
#5801=ORIENTED_EDGE('',*,*,#4134,.F.);
#5802=ORIENTED_EDGE('',*,*,#4135,.F.);
#5803=ORIENTED_EDGE('',*,*,#4131,.T.);
#5804=ORIENTED_EDGE('',*,*,#3962,.T.);
#5805=ORIENTED_EDGE('',*,*,#4136,.F.);
#5806=ORIENTED_EDGE('',*,*,#4137,.F.);
#5807=ORIENTED_EDGE('',*,*,#4134,.T.);
#5808=ORIENTED_EDGE('',*,*,#3961,.T.);
#5809=ORIENTED_EDGE('',*,*,#4133,.F.);
#5810=ORIENTED_EDGE('',*,*,#4138,.F.);
#5811=ORIENTED_EDGE('',*,*,#4136,.T.);
#5812=ORIENTED_EDGE('',*,*,#4132,.T.);
#5813=ORIENTED_EDGE('',*,*,#4135,.T.);
#5814=ORIENTED_EDGE('',*,*,#4137,.T.);
#5815=ORIENTED_EDGE('',*,*,#4138,.T.);
#5816=ORIENTED_EDGE('',*,*,#4139,.F.);
#5817=ORIENTED_EDGE('',*,*,#4140,.F.);
#5818=ORIENTED_EDGE('',*,*,#4141,.T.);
#5819=ORIENTED_EDGE('',*,*,#4142,.F.);
#5820=ORIENTED_EDGE('',*,*,#4141,.F.);
#5821=ORIENTED_EDGE('',*,*,#4143,.T.);
#5822=ORIENTED_EDGE('',*,*,#4144,.T.);
#5823=ORIENTED_EDGE('',*,*,#4145,.F.);
#5824=ORIENTED_EDGE('',*,*,#4144,.F.);
#5825=ORIENTED_EDGE('',*,*,#4139,.T.);
#5826=ORIENTED_EDGE('',*,*,#4140,.T.);
#5827=ORIENTED_EDGE('',*,*,#4146,.T.);
#5828=ORIENTED_EDGE('',*,*,#4147,.T.);
#5829=ORIENTED_EDGE('',*,*,#4146,.F.);
#5830=ORIENTED_EDGE('',*,*,#4148,.T.);
#5831=ORIENTED_EDGE('',*,*,#4149,.T.);
#5832=ORIENTED_EDGE('',*,*,#4150,.F.);
#5833=ORIENTED_EDGE('',*,*,#4151,.F.);
#5834=ORIENTED_EDGE('',*,*,#4152,.T.);
#5835=ORIENTED_EDGE('',*,*,#4153,.T.);
#5836=ORIENTED_EDGE('',*,*,#4154,.F.);
#5837=ORIENTED_EDGE('',*,*,#4155,.F.);
#5838=ORIENTED_EDGE('',*,*,#4156,.T.);
#5839=ORIENTED_EDGE('',*,*,#4157,.T.);
#5840=ORIENTED_EDGE('',*,*,#4158,.T.);
#5841=ORIENTED_EDGE('',*,*,#4159,.T.);
#5842=ORIENTED_EDGE('',*,*,#4143,.F.);
#5843=ORIENTED_EDGE('',*,*,#4160,.F.);
#5844=ORIENTED_EDGE('',*,*,#4161,.F.);
#5845=ORIENTED_EDGE('',*,*,#4162,.F.);
#5846=ORIENTED_EDGE('',*,*,#4163,.F.);
#5847=ORIENTED_EDGE('',*,*,#4164,.T.);
#5848=ORIENTED_EDGE('',*,*,#4165,.T.);
#5849=ORIENTED_EDGE('',*,*,#4166,.T.);
#5850=ORIENTED_EDGE('',*,*,#4167,.T.);
#5851=ORIENTED_EDGE('',*,*,#4160,.T.);
#5852=ORIENTED_EDGE('',*,*,#4168,.F.);
#5853=ORIENTED_EDGE('',*,*,#4159,.F.);
#5854=ORIENTED_EDGE('',*,*,#4169,.T.);
#5855=ORIENTED_EDGE('',*,*,#4163,.T.);
#5856=ORIENTED_EDGE('',*,*,#4170,.F.);
#5857=ORIENTED_EDGE('',*,*,#4156,.F.);
#5858=ORIENTED_EDGE('',*,*,#4168,.T.);
#5859=ORIENTED_EDGE('',*,*,#4162,.T.);
#5860=ORIENTED_EDGE('',*,*,#4171,.F.);
#5861=ORIENTED_EDGE('',*,*,#4157,.F.);
#5862=ORIENTED_EDGE('',*,*,#4170,.T.);
#5863=ORIENTED_EDGE('',*,*,#4161,.T.);
#5864=ORIENTED_EDGE('',*,*,#4169,.F.);
#5865=ORIENTED_EDGE('',*,*,#4158,.F.);
#5866=ORIENTED_EDGE('',*,*,#4171,.T.);
#5867=ORIENTED_EDGE('',*,*,#4164,.F.);
#5868=ORIENTED_EDGE('',*,*,#4172,.F.);
#5869=ORIENTED_EDGE('',*,*,#4173,.T.);
#5870=ORIENTED_EDGE('',*,*,#4174,.T.);
#5871=ORIENTED_EDGE('',*,*,#4165,.F.);
#5872=ORIENTED_EDGE('',*,*,#4174,.F.);
#5873=ORIENTED_EDGE('',*,*,#4175,.T.);
#5874=ORIENTED_EDGE('',*,*,#4176,.T.);
#5875=ORIENTED_EDGE('',*,*,#4166,.F.);
#5876=ORIENTED_EDGE('',*,*,#4176,.F.);
#5877=ORIENTED_EDGE('',*,*,#4177,.T.);
#5878=ORIENTED_EDGE('',*,*,#4178,.T.);
#5879=ORIENTED_EDGE('',*,*,#4167,.F.);
#5880=ORIENTED_EDGE('',*,*,#4178,.F.);
#5881=ORIENTED_EDGE('',*,*,#4179,.T.);
#5882=ORIENTED_EDGE('',*,*,#4172,.T.);
#5883=ORIENTED_EDGE('',*,*,#4173,.F.);
#5884=ORIENTED_EDGE('',*,*,#4179,.F.);
#5885=ORIENTED_EDGE('',*,*,#4177,.F.);
#5886=ORIENTED_EDGE('',*,*,#4175,.F.);
#5887=ORIENTED_EDGE('',*,*,#4154,.T.);
#5888=ORIENTED_EDGE('',*,*,#4180,.T.);
#5889=ORIENTED_EDGE('',*,*,#4150,.T.);
#5890=ORIENTED_EDGE('',*,*,#4181,.T.);
#5891=ORIENTED_EDGE('',*,*,#4182,.T.);
#5892=ORIENTED_EDGE('',*,*,#4183,.T.);
#5893=ORIENTED_EDGE('',*,*,#4184,.T.);
#5894=ORIENTED_EDGE('',*,*,#4185,.T.);
#5895=ORIENTED_EDGE('',*,*,#4180,.F.);
#5896=ORIENTED_EDGE('',*,*,#4153,.F.);
#5897=ORIENTED_EDGE('',*,*,#4186,.T.);
#5898=ORIENTED_EDGE('',*,*,#4151,.T.);
#5899=ORIENTED_EDGE('',*,*,#4181,.F.);
#5900=ORIENTED_EDGE('',*,*,#4149,.F.);
#5901=ORIENTED_EDGE('',*,*,#4187,.T.);
#5902=ORIENTED_EDGE('',*,*,#4188,.T.);
#5903=ORIENTED_EDGE('',*,*,#4182,.F.);
#5904=ORIENTED_EDGE('',*,*,#4188,.F.);
#5905=ORIENTED_EDGE('',*,*,#4189,.T.);
#5906=ORIENTED_EDGE('',*,*,#4190,.T.);
#5907=ORIENTED_EDGE('',*,*,#4183,.F.);
#5908=ORIENTED_EDGE('',*,*,#4190,.F.);
#5909=ORIENTED_EDGE('',*,*,#4191,.T.);
#5910=ORIENTED_EDGE('',*,*,#4192,.T.);
#5911=ORIENTED_EDGE('',*,*,#4184,.F.);
#5912=ORIENTED_EDGE('',*,*,#4192,.F.);
#5913=ORIENTED_EDGE('',*,*,#4193,.T.);
#5914=ORIENTED_EDGE('',*,*,#4194,.T.);
#5915=ORIENTED_EDGE('',*,*,#4185,.F.);
#5916=ORIENTED_EDGE('',*,*,#4194,.F.);
#5917=ORIENTED_EDGE('',*,*,#4195,.T.);
#5918=ORIENTED_EDGE('',*,*,#4155,.T.);
#5919=ORIENTED_EDGE('',*,*,#4147,.F.);
#5920=ORIENTED_EDGE('',*,*,#4196,.F.);
#5921=ORIENTED_EDGE('',*,*,#4197,.F.);
#5922=ORIENTED_EDGE('',*,*,#4198,.F.);
#5923=ORIENTED_EDGE('',*,*,#4199,.F.);
#5924=ORIENTED_EDGE('',*,*,#4200,.F.);
#5925=ORIENTED_EDGE('',*,*,#4201,.F.);
#5926=ORIENTED_EDGE('',*,*,#4202,.F.);
#5927=ORIENTED_EDGE('',*,*,#4203,.F.);
#5928=ORIENTED_EDGE('',*,*,#4152,.F.);
#5929=ORIENTED_EDGE('',*,*,#4195,.F.);
#5930=ORIENTED_EDGE('',*,*,#4193,.F.);
#5931=ORIENTED_EDGE('',*,*,#4191,.F.);
#5932=ORIENTED_EDGE('',*,*,#4189,.F.);
#5933=ORIENTED_EDGE('',*,*,#4187,.F.);
#5934=ORIENTED_EDGE('',*,*,#4148,.F.);
#5935=ORIENTED_EDGE('',*,*,#4186,.F.);
#5936=ORIENTED_EDGE('',*,*,#4204,.T.);
#5937=ORIENTED_EDGE('',*,*,#4205,.T.);
#5938=ORIENTED_EDGE('',*,*,#4206,.T.);
#5939=ORIENTED_EDGE('',*,*,#4207,.T.);
#5940=ORIENTED_EDGE('',*,*,#4208,.T.);
#5941=ORIENTED_EDGE('',*,*,#4209,.T.);
#5942=ORIENTED_EDGE('',*,*,#4210,.T.);
#5943=ORIENTED_EDGE('',*,*,#4211,.T.);
#5944=ORIENTED_EDGE('',*,*,#4204,.F.);
#5945=ORIENTED_EDGE('',*,*,#4212,.F.);
#5946=ORIENTED_EDGE('',*,*,#4197,.T.);
#5947=ORIENTED_EDGE('',*,*,#4213,.T.);
#5948=ORIENTED_EDGE('',*,*,#4205,.F.);
#5949=ORIENTED_EDGE('',*,*,#4213,.F.);
#5950=ORIENTED_EDGE('',*,*,#4196,.T.);
#5951=ORIENTED_EDGE('',*,*,#4214,.T.);
#5952=ORIENTED_EDGE('',*,*,#4206,.F.);
#5953=ORIENTED_EDGE('',*,*,#4214,.F.);
#5954=ORIENTED_EDGE('',*,*,#4203,.T.);
#5955=ORIENTED_EDGE('',*,*,#4215,.T.);
#5956=ORIENTED_EDGE('',*,*,#4207,.F.);
#5957=ORIENTED_EDGE('',*,*,#4215,.F.);
#5958=ORIENTED_EDGE('',*,*,#4202,.T.);
#5959=ORIENTED_EDGE('',*,*,#4216,.T.);
#5960=ORIENTED_EDGE('',*,*,#4208,.F.);
#5961=ORIENTED_EDGE('',*,*,#4216,.F.);
#5962=ORIENTED_EDGE('',*,*,#4201,.T.);
#5963=ORIENTED_EDGE('',*,*,#4217,.T.);
#5964=ORIENTED_EDGE('',*,*,#4209,.F.);
#5965=ORIENTED_EDGE('',*,*,#4217,.F.);
#5966=ORIENTED_EDGE('',*,*,#4200,.T.);
#5967=ORIENTED_EDGE('',*,*,#4218,.T.);
#5968=ORIENTED_EDGE('',*,*,#4210,.F.);
#5969=ORIENTED_EDGE('',*,*,#4218,.F.);
#5970=ORIENTED_EDGE('',*,*,#4199,.T.);
#5971=ORIENTED_EDGE('',*,*,#4219,.T.);
#5972=ORIENTED_EDGE('',*,*,#4211,.F.);
#5973=ORIENTED_EDGE('',*,*,#4219,.F.);
#5974=ORIENTED_EDGE('',*,*,#4198,.T.);
#5975=ORIENTED_EDGE('',*,*,#4212,.T.);
#5976=ORIENTED_EDGE('',*,*,#4145,.T.);
#5977=ORIENTED_EDGE('',*,*,#4142,.T.);
#5978=ORIENTED_EDGE('',*,*,#4220,.T.);
#5979=ORIENTED_EDGE('',*,*,#4221,.F.);
#5980=ORIENTED_EDGE('',*,*,#4222,.F.);
#5981=ORIENTED_EDGE('',*,*,#4223,.T.);
#5982=ORIENTED_EDGE('',*,*,#4224,.T.);
#5983=ORIENTED_EDGE('',*,*,#4225,.F.);
#5984=ORIENTED_EDGE('',*,*,#4226,.F.);
#5985=ORIENTED_EDGE('',*,*,#4221,.T.);
#5986=ORIENTED_EDGE('',*,*,#4227,.T.);
#5987=ORIENTED_EDGE('',*,*,#4228,.F.);
#5988=ORIENTED_EDGE('',*,*,#4229,.F.);
#5989=ORIENTED_EDGE('',*,*,#4225,.T.);
#5990=ORIENTED_EDGE('',*,*,#4230,.T.);
#5991=ORIENTED_EDGE('',*,*,#4223,.F.);
#5992=ORIENTED_EDGE('',*,*,#4231,.F.);
#5993=ORIENTED_EDGE('',*,*,#4228,.T.);
#5994=ORIENTED_EDGE('',*,*,#4222,.T.);
#5995=ORIENTED_EDGE('',*,*,#4226,.T.);
#5996=ORIENTED_EDGE('',*,*,#4229,.T.);
#5997=ORIENTED_EDGE('',*,*,#4231,.T.);
#5998=ORIENTED_EDGE('',*,*,#4220,.F.);
#5999=ORIENTED_EDGE('',*,*,#4230,.F.);
#6000=ORIENTED_EDGE('',*,*,#4227,.F.);
#6001=ORIENTED_EDGE('',*,*,#4224,.F.);
#6002=ORIENTED_EDGE('',*,*,#4232,.F.);
#6003=ORIENTED_EDGE('',*,*,#4233,.T.);
#6004=ORIENTED_EDGE('',*,*,#4234,.T.);
#6005=ORIENTED_EDGE('',*,*,#4233,.F.);
#6006=ORIENTED_EDGE('',*,*,#4232,.T.);
#6007=ORIENTED_EDGE('',*,*,#4235,.F.);
#6008=ORIENTED_EDGE('',*,*,#4236,.T.);
#6009=ORIENTED_EDGE('',*,*,#4237,.T.);
#6010=ORIENTED_EDGE('',*,*,#4236,.F.);
#6011=ORIENTED_EDGE('',*,*,#4238,.F.);
#6012=ORIENTED_EDGE('',*,*,#4238,.T.);
#6013=ORIENTED_EDGE('',*,*,#4239,.T.);
#6014=ORIENTED_EDGE('',*,*,#4240,.F.);
#6015=ORIENTED_EDGE('',*,*,#4239,.F.);
#6016=ORIENTED_EDGE('',*,*,#4241,.T.);
#6017=ORIENTED_EDGE('',*,*,#4242,.T.);
#6018=ORIENTED_EDGE('',*,*,#4243,.T.);
#6019=ORIENTED_EDGE('',*,*,#4242,.F.);
#6020=ORIENTED_EDGE('',*,*,#4244,.T.);
#6021=ORIENTED_EDGE('',*,*,#4245,.F.);
#6022=ORIENTED_EDGE('',*,*,#4246,.F.);
#6023=ORIENTED_EDGE('',*,*,#4247,.F.);
#6024=ORIENTED_EDGE('',*,*,#4248,.T.);
#6025=ORIENTED_EDGE('',*,*,#4249,.F.);
#6026=ORIENTED_EDGE('',*,*,#4250,.F.);
#6027=ORIENTED_EDGE('',*,*,#4251,.T.);
#6028=ORIENTED_EDGE('',*,*,#4252,.F.);
#6029=ORIENTED_EDGE('',*,*,#4251,.F.);
#6030=ORIENTED_EDGE('',*,*,#4253,.F.);
#6031=ORIENTED_EDGE('',*,*,#4254,.T.);
#6032=ORIENTED_EDGE('',*,*,#4255,.F.);
#6033=ORIENTED_EDGE('',*,*,#4256,.F.);
#6034=ORIENTED_EDGE('',*,*,#4257,.F.);
#6035=ORIENTED_EDGE('',*,*,#4258,.T.);
#6036=ORIENTED_EDGE('',*,*,#4259,.T.);
#6037=ORIENTED_EDGE('',*,*,#4260,.F.);
#6038=ORIENTED_EDGE('',*,*,#4255,.T.);
#6039=ORIENTED_EDGE('',*,*,#4261,.T.);
#6040=ORIENTED_EDGE('',*,*,#4262,.T.);
#6041=ORIENTED_EDGE('',*,*,#4263,.F.);
#6042=ORIENTED_EDGE('',*,*,#4249,.T.);
#6043=ORIENTED_EDGE('',*,*,#4264,.T.);
#6044=ORIENTED_EDGE('',*,*,#4265,.T.);
#6045=ORIENTED_EDGE('',*,*,#4266,.F.);
#6046=ORIENTED_EDGE('',*,*,#4245,.T.);
#6047=ORIENTED_EDGE('',*,*,#4234,.F.);
#6048=ORIENTED_EDGE('',*,*,#4243,.F.);
#6049=ORIENTED_EDGE('',*,*,#4240,.T.);
#6050=ORIENTED_EDGE('',*,*,#4235,.T.);
#6051=ORIENTED_EDGE('',*,*,#4241,.F.);
#6052=ORIENTED_EDGE('',*,*,#4237,.F.);
#6053=ORIENTED_EDGE('',*,*,#4252,.T.);
#6054=ORIENTED_EDGE('',*,*,#4267,.T.);
#6055=ORIENTED_EDGE('',*,*,#4253,.T.);
#6056=ORIENTED_EDGE('',*,*,#4268,.F.);
#6057=ORIENTED_EDGE('',*,*,#4262,.F.);
#6058=ORIENTED_EDGE('',*,*,#4261,.F.);
#6059=ORIENTED_EDGE('',*,*,#4254,.F.);
#6060=ORIENTED_EDGE('',*,*,#4267,.F.);
#6061=ORIENTED_EDGE('',*,*,#4263,.T.);
#6062=ORIENTED_EDGE('',*,*,#4268,.T.);
#6063=ORIENTED_EDGE('',*,*,#4250,.T.);
#6064=ORIENTED_EDGE('',*,*,#4269,.T.);
#6065=ORIENTED_EDGE('',*,*,#4247,.T.);
#6066=ORIENTED_EDGE('',*,*,#4270,.F.);
#6067=ORIENTED_EDGE('',*,*,#4265,.F.);
#6068=ORIENTED_EDGE('',*,*,#4264,.F.);
#6069=ORIENTED_EDGE('',*,*,#4248,.F.);
#6070=ORIENTED_EDGE('',*,*,#4269,.F.);
#6071=ORIENTED_EDGE('',*,*,#4266,.T.);
#6072=ORIENTED_EDGE('',*,*,#4270,.T.);
#6073=ORIENTED_EDGE('',*,*,#4246,.T.);
#6074=ORIENTED_EDGE('',*,*,#4271,.T.);
#6075=ORIENTED_EDGE('',*,*,#4257,.T.);
#6076=ORIENTED_EDGE('',*,*,#4272,.F.);
#6077=ORIENTED_EDGE('',*,*,#4259,.F.);
#6078=ORIENTED_EDGE('',*,*,#4258,.F.);
#6079=ORIENTED_EDGE('',*,*,#4244,.F.);
#6080=ORIENTED_EDGE('',*,*,#4271,.F.);
#6081=ORIENTED_EDGE('',*,*,#4260,.T.);
#6082=ORIENTED_EDGE('',*,*,#4272,.T.);
#6083=ORIENTED_EDGE('',*,*,#4256,.T.);
#6084=ORIENTED_EDGE('',*,*,#4273,.T.);
#6085=ORIENTED_EDGE('',*,*,#4274,.T.);
#6086=ORIENTED_EDGE('',*,*,#4275,.T.);
#6087=ORIENTED_EDGE('',*,*,#4276,.T.);
#6088=ORIENTED_EDGE('',*,*,#4277,.F.);
#6089=ORIENTED_EDGE('',*,*,#4278,.F.);
#6090=ORIENTED_EDGE('',*,*,#4279,.F.);
#6091=ORIENTED_EDGE('',*,*,#4280,.F.);
#6092=ORIENTED_EDGE('',*,*,#4278,.T.);
#6093=ORIENTED_EDGE('',*,*,#4281,.T.);
#6094=ORIENTED_EDGE('',*,*,#4276,.F.);
#6095=ORIENTED_EDGE('',*,*,#4282,.F.);
#6096=ORIENTED_EDGE('',*,*,#4279,.T.);
#6097=ORIENTED_EDGE('',*,*,#4282,.T.);
#6098=ORIENTED_EDGE('',*,*,#4275,.F.);
#6099=ORIENTED_EDGE('',*,*,#4283,.F.);
#6100=ORIENTED_EDGE('',*,*,#4280,.T.);
#6101=ORIENTED_EDGE('',*,*,#4283,.T.);
#6102=ORIENTED_EDGE('',*,*,#4274,.F.);
#6103=ORIENTED_EDGE('',*,*,#4284,.F.);
#6104=ORIENTED_EDGE('',*,*,#4277,.T.);
#6105=ORIENTED_EDGE('',*,*,#4284,.T.);
#6106=ORIENTED_EDGE('',*,*,#4273,.F.);
#6107=ORIENTED_EDGE('',*,*,#4281,.F.);
#6108=ORIENTED_EDGE('',*,*,#4285,.F.);
#6109=ORIENTED_EDGE('',*,*,#4286,.F.);
#6110=ORIENTED_EDGE('',*,*,#4287,.T.);
#6111=ORIENTED_EDGE('',*,*,#4288,.T.);
#6112=ORIENTED_EDGE('',*,*,#4289,.F.);
#6113=ORIENTED_EDGE('',*,*,#4290,.F.);
#6114=ORIENTED_EDGE('',*,*,#4291,.T.);
#6115=ORIENTED_EDGE('',*,*,#4286,.T.);
#6116=ORIENTED_EDGE('',*,*,#4292,.F.);
#6117=ORIENTED_EDGE('',*,*,#4293,.F.);
#6118=ORIENTED_EDGE('',*,*,#4294,.T.);
#6119=ORIENTED_EDGE('',*,*,#4290,.T.);
#6120=ORIENTED_EDGE('',*,*,#4295,.F.);
#6121=ORIENTED_EDGE('',*,*,#4296,.F.);
#6122=ORIENTED_EDGE('',*,*,#4297,.T.);
#6123=ORIENTED_EDGE('',*,*,#4293,.T.);
#6124=ORIENTED_EDGE('',*,*,#4298,.F.);
#6125=ORIENTED_EDGE('',*,*,#4299,.F.);
#6126=ORIENTED_EDGE('',*,*,#4300,.T.);
#6127=ORIENTED_EDGE('',*,*,#4296,.T.);
#6128=ORIENTED_EDGE('',*,*,#4301,.F.);
#6129=ORIENTED_EDGE('',*,*,#4302,.F.);
#6130=ORIENTED_EDGE('',*,*,#4303,.T.);
#6131=ORIENTED_EDGE('',*,*,#4299,.T.);
#6132=ORIENTED_EDGE('',*,*,#4304,.F.);
#6133=ORIENTED_EDGE('',*,*,#4305,.F.);
#6134=ORIENTED_EDGE('',*,*,#4306,.T.);
#6135=ORIENTED_EDGE('',*,*,#4302,.T.);
#6136=ORIENTED_EDGE('',*,*,#4307,.F.);
#6137=ORIENTED_EDGE('',*,*,#4288,.F.);
#6138=ORIENTED_EDGE('',*,*,#4308,.T.);
#6139=ORIENTED_EDGE('',*,*,#4305,.T.);
#6140=ORIENTED_EDGE('',*,*,#4287,.F.);
#6141=ORIENTED_EDGE('',*,*,#4291,.F.);
#6142=ORIENTED_EDGE('',*,*,#4294,.F.);
#6143=ORIENTED_EDGE('',*,*,#4297,.F.);
#6144=ORIENTED_EDGE('',*,*,#4300,.F.);
#6145=ORIENTED_EDGE('',*,*,#4303,.F.);
#6146=ORIENTED_EDGE('',*,*,#4306,.F.);
#6147=ORIENTED_EDGE('',*,*,#4308,.F.);
#6148=ORIENTED_EDGE('',*,*,#4285,.T.);
#6149=ORIENTED_EDGE('',*,*,#4307,.T.);
#6150=ORIENTED_EDGE('',*,*,#4304,.T.);
#6151=ORIENTED_EDGE('',*,*,#4301,.T.);
#6152=ORIENTED_EDGE('',*,*,#4298,.T.);
#6153=ORIENTED_EDGE('',*,*,#4295,.T.);
#6154=ORIENTED_EDGE('',*,*,#4292,.T.);
#6155=ORIENTED_EDGE('',*,*,#4289,.T.);
#6156=ORIENTED_EDGE('',*,*,#4309,.F.);
#6157=ORIENTED_EDGE('',*,*,#4310,.T.);
#6158=ORIENTED_EDGE('',*,*,#4311,.T.);
#6159=ORIENTED_EDGE('',*,*,#4312,.F.);
#6160=ORIENTED_EDGE('',*,*,#4313,.T.);
#6161=ORIENTED_EDGE('',*,*,#4314,.F.);
#6162=ORIENTED_EDGE('',*,*,#4315,.F.);
#6163=ORIENTED_EDGE('',*,*,#4312,.T.);
#6164=ORIENTED_EDGE('',*,*,#4316,.T.);
#6165=ORIENTED_EDGE('',*,*,#4317,.F.);
#6166=ORIENTED_EDGE('',*,*,#4318,.F.);
#6167=ORIENTED_EDGE('',*,*,#4314,.T.);
#6168=ORIENTED_EDGE('',*,*,#4319,.T.);
#6169=ORIENTED_EDGE('',*,*,#4310,.F.);
#6170=ORIENTED_EDGE('',*,*,#4320,.F.);
#6171=ORIENTED_EDGE('',*,*,#4317,.T.);
#6172=ORIENTED_EDGE('',*,*,#4315,.T.);
#6173=ORIENTED_EDGE('',*,*,#4318,.T.);
#6174=ORIENTED_EDGE('',*,*,#4320,.T.);
#6175=ORIENTED_EDGE('',*,*,#4309,.T.);
#6176=ORIENTED_EDGE('',*,*,#4313,.F.);
#6177=ORIENTED_EDGE('',*,*,#4311,.F.);
#6178=ORIENTED_EDGE('',*,*,#4319,.F.);
#6179=ORIENTED_EDGE('',*,*,#4316,.F.);
#6180=ORIENTED_EDGE('',*,*,#4321,.F.);
#6181=ORIENTED_EDGE('',*,*,#4322,.F.);
#6182=ORIENTED_EDGE('',*,*,#4323,.T.);
#6183=ORIENTED_EDGE('',*,*,#4324,.F.);
#6184=ORIENTED_EDGE('',*,*,#4325,.F.);
#6185=ORIENTED_EDGE('',*,*,#4326,.F.);
#6186=ORIENTED_EDGE('',*,*,#4327,.T.);
#6187=ORIENTED_EDGE('',*,*,#4328,.F.);
#6188=ORIENTED_EDGE('',*,*,#4323,.F.);
#6189=ORIENTED_EDGE('',*,*,#4329,.F.);
#6190=ORIENTED_EDGE('',*,*,#4325,.T.);
#6191=ORIENTED_EDGE('',*,*,#4330,.F.);
#6192=ORIENTED_EDGE('',*,*,#4331,.F.);
#6193=ORIENTED_EDGE('',*,*,#4332,.F.);
#6194=ORIENTED_EDGE('',*,*,#4331,.T.);
#6195=ORIENTED_EDGE('',*,*,#4333,.F.);
#6196=ORIENTED_EDGE('',*,*,#4327,.F.);
#6197=ORIENTED_EDGE('',*,*,#4333,.T.);
#6198=ORIENTED_EDGE('',*,*,#4330,.T.);
#6199=ORIENTED_EDGE('',*,*,#4324,.T.);
#6200=ORIENTED_EDGE('',*,*,#4328,.T.);
#6201=ORIENTED_EDGE('',*,*,#4334,.F.);
#6202=ORIENTED_EDGE('',*,*,#4335,.T.);
#6203=ORIENTED_EDGE('',*,*,#4321,.T.);
#6204=ORIENTED_EDGE('',*,*,#4335,.F.);
#6205=ORIENTED_EDGE('',*,*,#4326,.T.);
#6206=ORIENTED_EDGE('',*,*,#4322,.T.);
#6207=ORIENTED_EDGE('',*,*,#4329,.T.);
#6208=ORIENTED_EDGE('',*,*,#4332,.T.);
#6209=ORIENTED_EDGE('',*,*,#4334,.T.);
#6210=CYLINDRICAL_SURFACE('',#6791,1.05);
#6211=CYLINDRICAL_SURFACE('',#6794,1.05);
#6212=CYLINDRICAL_SURFACE('',#6797,1.05);
#6213=CYLINDRICAL_SURFACE('',#6800,1.05);
#6214=CYLINDRICAL_SURFACE('',#7106,0.0300000000000001);
#6215=CYLINDRICAL_SURFACE('',#7110,0.0300000000000001);
#6216=CYLINDRICAL_SURFACE('',#7114,0.0300000000000001);
#6217=CYLINDRICAL_SURFACE('',#7118,0.0300000000000001);
#6218=CYLINDRICAL_SURFACE('',#7122,0.0300000000000001);
#6219=CYLINDRICAL_SURFACE('',#7126,0.0299999999999997);
#6220=CYLINDRICAL_SURFACE('',#7130,0.0299999999999997);
#6221=CYLINDRICAL_SURFACE('',#7134,0.0299999999999997);
#6222=CYLINDRICAL_SURFACE('',#7138,0.0299999999999997);
#6223=CYLINDRICAL_SURFACE('',#7142,0.0299999999999997);
#6224=CYLINDRICAL_SURFACE('',#7146,0.0299999999999997);
#6225=CYLINDRICAL_SURFACE('',#7150,0.0299999999999997);
#6226=CYLINDRICAL_SURFACE('',#7154,0.0299999999999997);
#6227=CYLINDRICAL_SURFACE('',#7158,0.0299999999999997);
#6228=CYLINDRICAL_SURFACE('',#7162,0.0299999999999997);
#6229=CYLINDRICAL_SURFACE('',#7166,0.0299999999999997);
#6230=CYLINDRICAL_SURFACE('',#7170,0.0299999999999997);
#6231=CYLINDRICAL_SURFACE('',#7174,0.0299999999999997);
#6232=CYLINDRICAL_SURFACE('',#7178,0.0299999999999997);
#6233=CYLINDRICAL_SURFACE('',#7182,0.0299999999999997);
#6234=CYLINDRICAL_SURFACE('',#7186,0.0299999999999997);
#6235=CYLINDRICAL_SURFACE('',#7190,0.0299999999999997);
#6236=CYLINDRICAL_SURFACE('',#7194,0.0299999999999997);
#6237=CYLINDRICAL_SURFACE('',#7198,0.0299999999999997);
#6238=CYLINDRICAL_SURFACE('',#7202,0.0299999999999997);
#6239=CYLINDRICAL_SURFACE('',#7206,0.0300000000000001);
#6240=CYLINDRICAL_SURFACE('',#7210,0.0300000000000001);
#6241=CYLINDRICAL_SURFACE('',#7214,0.0300000000000001);
#6242=CYLINDRICAL_SURFACE('',#7218,0.0300000000000001);
#6243=CYLINDRICAL_SURFACE('',#7222,0.0300000000000001);
#6244=CYLINDRICAL_SURFACE('',#7226,0.0300000000000001);
#6245=CYLINDRICAL_SURFACE('',#7230,0.0300000000000001);
#6246=CYLINDRICAL_SURFACE('',#7234,0.0300000000000001);
#6247=CYLINDRICAL_SURFACE('',#7238,0.0300000000000001);
#6248=CYLINDRICAL_SURFACE('',#7242,0.0300000000000001);
#6249=CYLINDRICAL_SURFACE('',#7246,0.0300000000000001);
#6250=CYLINDRICAL_SURFACE('',#7250,0.0299999999999997);
#6251=CYLINDRICAL_SURFACE('',#7254,0.0299999999999997);
#6252=CYLINDRICAL_SURFACE('',#7258,0.0299999999999997);
#6253=CYLINDRICAL_SURFACE('',#7262,0.0299999999999997);
#6254=CYLINDRICAL_SURFACE('',#7266,0.0299999999999997);
#6255=CYLINDRICAL_SURFACE('',#7270,0.0299999999999997);
#6256=CYLINDRICAL_SURFACE('',#7274,0.0299999999999997);
#6257=CYLINDRICAL_SURFACE('',#7278,0.0299999999999997);
#6258=CYLINDRICAL_SURFACE('',#7282,0.0299999999999997);
#6259=CYLINDRICAL_SURFACE('',#7286,0.0299999999999997);
#6260=CYLINDRICAL_SURFACE('',#7290,0.0299999999999997);
#6261=CYLINDRICAL_SURFACE('',#7294,0.0299999999999997);
#6262=CYLINDRICAL_SURFACE('',#7298,0.0299999999999997);
#6263=CYLINDRICAL_SURFACE('',#7302,0.0299999999999997);
#6264=CYLINDRICAL_SURFACE('',#7306,0.0299999999999997);
#6265=CYLINDRICAL_SURFACE('',#7310,0.0299999999999997);
#6266=CYLINDRICAL_SURFACE('',#7314,0.0299999999999997);
#6267=CYLINDRICAL_SURFACE('',#7318,0.0299999999999997);
#6268=CYLINDRICAL_SURFACE('',#7322,0.0299999999999997);
#6269=CYLINDRICAL_SURFACE('',#7326,0.0299999999999997);
#6270=CYLINDRICAL_SURFACE('',#7330,0.0300000000000001);
#6271=CYLINDRICAL_SURFACE('',#7334,0.0300000000000001);
#6272=CYLINDRICAL_SURFACE('',#7338,0.0300000000000001);
#6273=CYLINDRICAL_SURFACE('',#7342,0.0300000000000001);
#6274=CYLINDRICAL_SURFACE('',#7346,0.0300000000000001);
#6275=CYLINDRICAL_SURFACE('',#7350,0.0300000000000001);
#6276=CYLINDRICAL_SURFACE('',#7479,3.8);
#6277=CYLINDRICAL_SURFACE('',#7482,2.8);
#6278=CYLINDRICAL_SURFACE('',#7484,0.35);
#6279=CYLINDRICAL_SURFACE('',#7487,0.35);
#6280=CYLINDRICAL_SURFACE('',#7505,0.35);
#6281=CYLINDRICAL_SURFACE('',#7508,0.35);
#6282=CYLINDRICAL_SURFACE('',#7521,0.6);
#6283=CYLINDRICAL_SURFACE('',#7523,0.600000000000001);
#6284=CYLINDRICAL_SURFACE('',#7525,0.6);
#6285=CYLINDRICAL_SURFACE('',#7527,0.6);
#6286=CYLINDRICAL_SURFACE('',#7545,3.);
#6287=CYLINDRICAL_SURFACE('',#7552,2.75);
#6288=CYLINDRICAL_SURFACE('',#7555,2.75);
#6289=CYLINDRICAL_SURFACE('',#7584,0.5);
#6290=CYLINDRICAL_SURFACE('',#7588,0.5);
#6291=CYLINDRICAL_SURFACE('',#7592,0.5);
#6292=CYLINDRICAL_SURFACE('',#7596,0.5);
#6293=CYLINDRICAL_SURFACE('',#7623,15.);
#6294=STYLED_ITEM('',(#12136),#6351);
#6295=STYLED_ITEM('',(#12136),#6352);
#6296=STYLED_ITEM('',(#12136),#6353);
#6297=STYLED_ITEM('',(#12136),#6354);
#6298=STYLED_ITEM('',(#12137),#6355);
#6299=STYLED_ITEM('',(#12137),#6356);
#6300=STYLED_ITEM('',(#12136),#6357);
#6301=STYLED_ITEM('',(#12136),#6358);
#6302=STYLED_ITEM('',(#12136),#6359);
#6303=STYLED_ITEM('',(#12136),#6360);
#6304=STYLED_ITEM('',(#12138),#6361);
#6305=STYLED_ITEM('',(#12137),#6362);
#6306=STYLED_ITEM('',(#12138),#6363);
#6307=STYLED_ITEM('',(#12137),#6364);
#6308=STYLED_ITEM('',(#12139),#6365);
#6309=STYLED_ITEM('',(#12139),#6366);
#6310=STYLED_ITEM('',(#12139),#6367);
#6311=STYLED_ITEM('',(#12139),#6368);
#6312=STYLED_ITEM('',(#12139),#6369);
#6313=STYLED_ITEM('',(#12140),#6370);
#6314=STYLED_ITEM('',(#12140),#6371);
#6315=STYLED_ITEM('',(#12140),#6372);
#6316=STYLED_ITEM('',(#12140),#6373);
#6317=STYLED_ITEM('',(#12140),#6374);
#6318=STYLED_ITEM('',(#12135),#263);
#6319=STYLED_ITEM('',(#12142),#6500);
#6320=STYLED_ITEM('',(#12142),#6501);
#6321=STYLED_ITEM('',(#12142),#6502);
#6322=STYLED_ITEM('',(#12142),#6503);
#6323=STYLED_ITEM('',(#12142),#6504);
#6324=STYLED_ITEM('',(#12143),#6509);
#6325=STYLED_ITEM('',(#12141),#264);
#6326=STYLED_ITEM('',(#12145),#6624);
#6327=STYLED_ITEM('',(#12140),#6625);
#6328=STYLED_ITEM('',(#12135),#6626);
#6329=STYLED_ITEM('',(#12140),#6629);
#6330=STYLED_ITEM('',(#12140),#6630);
#6331=STYLED_ITEM('',(#12140),#6631);
#6332=STYLED_ITEM('',(#12140),#6632);
#6333=STYLED_ITEM('',(#12140),#6633);
#6334=STYLED_ITEM('',(#12140),#6634);
#6335=STYLED_ITEM('',(#12140),#6635);
#6336=STYLED_ITEM('',(#12140),#6636);
#6337=STYLED_ITEM('',(#12140),#6637);
#6338=STYLED_ITEM('',(#12140),#6638);
#6339=STYLED_ITEM('',(#12140),#6656);
#6340=STYLED_ITEM('',(#12144),#265);
#6341=STYLED_ITEM('',(#12146),#6661);
#6342=STYLED_ITEM('',(#12137),#266);
#6343=STYLED_ITEM('',(#12137),#6664);
#6344=STYLED_ITEM('',(#12147),#6666);
#6345=STYLED_ITEM('',(#12145),#267);
#6346=STYLED_ITEM('',(#12137),#6685);
#6347=STYLED_ITEM('',(#12148),#268);
#6348=STYLED_ITEM('',(#12137),#6697);
#6349=STYLED_ITEM('',(#12148),#269);
#6350=STYLED_ITEM('',(#12134),#270);
#6351=ADVANCED_FACE('',(#625),#6210,.F.);
#6352=ADVANCED_FACE('',(#626),#6211,.F.);
#6353=ADVANCED_FACE('',(#627),#6212,.F.);
#6354=ADVANCED_FACE('',(#628),#6213,.F.);
#6355=ADVANCED_FACE('',(#629,#271,#272,#273,#274,#275),#427,.T.);
#6356=ADVANCED_FACE('',(#630,#276,#277,#278,#279),#428,.F.);
#6357=ADVANCED_FACE('',(#631),#429,.T.);
#6358=ADVANCED_FACE('',(#632),#430,.T.);
#6359=ADVANCED_FACE('',(#633),#431,.T.);
#6360=ADVANCED_FACE('',(#634,#280),#432,.T.);
#6361=ADVANCED_FACE('',(#635),#433,.F.);
#6362=ADVANCED_FACE('',(#636),#434,.F.);
#6363=ADVANCED_FACE('',(#637),#435,.F.);
#6364=ADVANCED_FACE('',(#638),#436,.T.);
#6365=ADVANCED_FACE('',(#639),#437,.F.);
#6366=ADVANCED_FACE('',(#640),#438,.F.);
#6367=ADVANCED_FACE('',(#641),#439,.F.);
#6368=ADVANCED_FACE('',(#642),#440,.F.);
#6369=ADVANCED_FACE('',(#643),#441,.T.);
#6370=ADVANCED_FACE('',(#644),#442,.F.);
#6371=ADVANCED_FACE('',(#645),#443,.F.);
#6372=ADVANCED_FACE('',(#646),#444,.F.);
#6373=ADVANCED_FACE('',(#647),#445,.F.);
#6374=ADVANCED_FACE('',(#648),#446,.T.);
#6375=ADVANCED_FACE('',(#649),#139,.T.);
#6376=ADVANCED_FACE('',(#650),#140,.T.);
#6377=ADVANCED_FACE('',(#651),#141,.T.);
#6378=ADVANCED_FACE('',(#652),#142,.T.);
#6379=ADVANCED_FACE('',(#653),#143,.T.);
#6380=ADVANCED_FACE('',(#654),#144,.T.);
#6381=ADVANCED_FACE('',(#655),#145,.T.);
#6382=ADVANCED_FACE('',(#656),#146,.T.);
#6383=ADVANCED_FACE('',(#657),#147,.T.);
#6384=ADVANCED_FACE('',(#658),#148,.T.);
#6385=ADVANCED_FACE('',(#659),#149,.T.);
#6386=ADVANCED_FACE('',(#660),#150,.T.);
#6387=ADVANCED_FACE('',(#661),#151,.T.);
#6388=ADVANCED_FACE('',(#662),#152,.T.);
#6389=ADVANCED_FACE('',(#663),#153,.T.);
#6390=ADVANCED_FACE('',(#664),#154,.T.);
#6391=ADVANCED_FACE('',(#665),#155,.T.);
#6392=ADVANCED_FACE('',(#666),#156,.T.);
#6393=ADVANCED_FACE('',(#667),#157,.T.);
#6394=ADVANCED_FACE('',(#668),#158,.T.);
#6395=ADVANCED_FACE('',(#669),#159,.T.);
#6396=ADVANCED_FACE('',(#670),#160,.T.);
#6397=ADVANCED_FACE('',(#671),#161,.T.);
#6398=ADVANCED_FACE('',(#672),#162,.T.);
#6399=ADVANCED_FACE('',(#673),#163,.T.);
#6400=ADVANCED_FACE('',(#674),#164,.T.);
#6401=ADVANCED_FACE('',(#675),#165,.T.);
#6402=ADVANCED_FACE('',(#676),#166,.T.);
#6403=ADVANCED_FACE('',(#677),#167,.T.);
#6404=ADVANCED_FACE('',(#678),#168,.T.);
#6405=ADVANCED_FACE('',(#679),#169,.T.);
#6406=ADVANCED_FACE('',(#680),#170,.T.);
#6407=ADVANCED_FACE('',(#681),#171,.T.);
#6408=ADVANCED_FACE('',(#682),#172,.T.);
#6409=ADVANCED_FACE('',(#683),#173,.T.);
#6410=ADVANCED_FACE('',(#684),#174,.T.);
#6411=ADVANCED_FACE('',(#685),#175,.T.);
#6412=ADVANCED_FACE('',(#686),#176,.T.);
#6413=ADVANCED_FACE('',(#687),#177,.T.);
#6414=ADVANCED_FACE('',(#688),#178,.T.);
#6415=ADVANCED_FACE('',(#689),#179,.T.);
#6416=ADVANCED_FACE('',(#690),#180,.T.);
#6417=ADVANCED_FACE('',(#691),#181,.T.);
#6418=ADVANCED_FACE('',(#692),#182,.T.);
#6419=ADVANCED_FACE('',(#693),#183,.T.);
#6420=ADVANCED_FACE('',(#694),#184,.T.);
#6421=ADVANCED_FACE('',(#695),#185,.T.);
#6422=ADVANCED_FACE('',(#696),#186,.T.);
#6423=ADVANCED_FACE('',(#697),#187,.T.);
#6424=ADVANCED_FACE('',(#698),#188,.T.);
#6425=ADVANCED_FACE('',(#699),#189,.T.);
#6426=ADVANCED_FACE('',(#700),#190,.T.);
#6427=ADVANCED_FACE('',(#701),#191,.T.);
#6428=ADVANCED_FACE('',(#702),#192,.T.);
#6429=ADVANCED_FACE('',(#703),#193,.T.);
#6430=ADVANCED_FACE('',(#704),#194,.T.);
#6431=ADVANCED_FACE('',(#705),#195,.T.);
#6432=ADVANCED_FACE('',(#706),#196,.T.);
#6433=ADVANCED_FACE('',(#707),#197,.T.);
#6434=ADVANCED_FACE('',(#708),#198,.T.);
#6435=ADVANCED_FACE('',(#709),#199,.T.);
#6436=ADVANCED_FACE('',(#710),#200,.T.);
#6437=ADVANCED_FACE('',(#711),#6214,.T.);
#6438=ADVANCED_FACE('',(#712),#6215,.T.);
#6439=ADVANCED_FACE('',(#713),#6216,.T.);
#6440=ADVANCED_FACE('',(#714),#6217,.T.);
#6441=ADVANCED_FACE('',(#715),#6218,.T.);
#6442=ADVANCED_FACE('',(#716),#6219,.T.);
#6443=ADVANCED_FACE('',(#717),#6220,.T.);
#6444=ADVANCED_FACE('',(#718),#6221,.T.);
#6445=ADVANCED_FACE('',(#719),#6222,.T.);
#6446=ADVANCED_FACE('',(#720),#6223,.T.);
#6447=ADVANCED_FACE('',(#721),#6224,.T.);
#6448=ADVANCED_FACE('',(#722),#6225,.T.);
#6449=ADVANCED_FACE('',(#723),#6226,.T.);
#6450=ADVANCED_FACE('',(#724),#6227,.T.);
#6451=ADVANCED_FACE('',(#725),#6228,.T.);
#6452=ADVANCED_FACE('',(#726),#6229,.T.);
#6453=ADVANCED_FACE('',(#727),#6230,.T.);
#6454=ADVANCED_FACE('',(#728),#6231,.T.);
#6455=ADVANCED_FACE('',(#729),#6232,.T.);
#6456=ADVANCED_FACE('',(#730),#6233,.T.);
#6457=ADVANCED_FACE('',(#731),#6234,.T.);
#6458=ADVANCED_FACE('',(#732),#6235,.T.);
#6459=ADVANCED_FACE('',(#733),#6236,.T.);
#6460=ADVANCED_FACE('',(#734),#6237,.T.);
#6461=ADVANCED_FACE('',(#735),#6238,.T.);
#6462=ADVANCED_FACE('',(#736),#6239,.T.);
#6463=ADVANCED_FACE('',(#737),#6240,.T.);
#6464=ADVANCED_FACE('',(#738),#6241,.T.);
#6465=ADVANCED_FACE('',(#739),#6242,.T.);
#6466=ADVANCED_FACE('',(#740),#6243,.T.);
#6467=ADVANCED_FACE('',(#741),#6244,.T.);
#6468=ADVANCED_FACE('',(#742),#6245,.T.);
#6469=ADVANCED_FACE('',(#743),#6246,.T.);
#6470=ADVANCED_FACE('',(#744),#6247,.T.);
#6471=ADVANCED_FACE('',(#745),#6248,.T.);
#6472=ADVANCED_FACE('',(#746),#6249,.T.);
#6473=ADVANCED_FACE('',(#747),#6250,.T.);
#6474=ADVANCED_FACE('',(#748),#6251,.T.);
#6475=ADVANCED_FACE('',(#749),#6252,.T.);
#6476=ADVANCED_FACE('',(#750),#6253,.T.);
#6477=ADVANCED_FACE('',(#751),#6254,.T.);
#6478=ADVANCED_FACE('',(#752),#6255,.T.);
#6479=ADVANCED_FACE('',(#753),#6256,.T.);
#6480=ADVANCED_FACE('',(#754),#6257,.T.);
#6481=ADVANCED_FACE('',(#755),#6258,.T.);
#6482=ADVANCED_FACE('',(#756),#6259,.T.);
#6483=ADVANCED_FACE('',(#757),#6260,.T.);
#6484=ADVANCED_FACE('',(#758),#6261,.T.);
#6485=ADVANCED_FACE('',(#759),#6262,.T.);
#6486=ADVANCED_FACE('',(#760),#6263,.T.);
#6487=ADVANCED_FACE('',(#761),#6264,.T.);
#6488=ADVANCED_FACE('',(#762),#6265,.T.);
#6489=ADVANCED_FACE('',(#763),#6266,.T.);
#6490=ADVANCED_FACE('',(#764),#6267,.T.);
#6491=ADVANCED_FACE('',(#765),#6268,.T.);
#6492=ADVANCED_FACE('',(#766),#6269,.T.);
#6493=ADVANCED_FACE('',(#767),#6270,.T.);
#6494=ADVANCED_FACE('',(#768),#6271,.T.);
#6495=ADVANCED_FACE('',(#769),#6272,.T.);
#6496=ADVANCED_FACE('',(#770),#6273,.T.);
#6497=ADVANCED_FACE('',(#771),#6274,.T.);
#6498=ADVANCED_FACE('',(#772),#6275,.T.);
#6499=ADVANCED_FACE('',(#773,#281,#282,#283,#284,#285,#286,#287,#288,#289,
#290,#291,#292,#293,#294,#295,#296,#297,#298,#299,#300,#301,#302,#303,#304,
#305,#306,#307,#308,#309,#310,#311,#312,#313,#314,#315,#316,#317,#318,#319,
#320,#321,#322,#323,#324,#325,#326,#327,#328,#329,#330,#331,#332,#333,#334,
#335,#336,#337,#338,#339,#340,#341,#342,#343,#344,#345,#346,#347,#348,#349,
#350),#447,.T.);
#6500=ADVANCED_FACE('',(#774,#351,#352,#353,#354,#355,#356,#357,#358,#359,
#360,#361,#362,#363,#364,#365,#366,#367,#368,#369,#370,#371,#372,#373,#374,
#375,#376,#377,#378,#379,#380,#381,#382,#383,#384,#385,#386,#387,#388,#389,
#390,#391,#392,#393,#394,#395,#396,#397,#398,#399,#400,#401,#402,#403,#404,
#405,#406,#407,#408,#409,#410,#411,#412,#413,#414),#448,.T.);
#6501=ADVANCED_FACE('',(#775),#449,.F.);
#6502=ADVANCED_FACE('',(#776),#450,.F.);
#6503=ADVANCED_FACE('',(#777),#451,.F.);
#6504=ADVANCED_FACE('',(#778),#452,.F.);
#6505=ADVANCED_FACE('',(#779),#453,.F.);
#6506=ADVANCED_FACE('',(#780),#454,.F.);
#6507=ADVANCED_FACE('',(#781),#455,.F.);
#6508=ADVANCED_FACE('',(#782),#456,.F.);
#6509=ADVANCED_FACE('',(#783),#457,.T.);
#6510=ADVANCED_FACE('',(#784),#458,.T.);
#6511=ADVANCED_FACE('',(#785),#459,.T.);
#6512=ADVANCED_FACE('',(#786),#19,.T.);
#6513=ADVANCED_FACE('',(#787),#20,.T.);
#6514=ADVANCED_FACE('',(#788),#21,.T.);
#6515=ADVANCED_FACE('',(#789),#460,.T.);
#6516=ADVANCED_FACE('',(#790),#22,.T.);
#6517=ADVANCED_FACE('',(#791),#23,.T.);
#6518=ADVANCED_FACE('',(#792),#461,.T.);
#6519=ADVANCED_FACE('',(#793),#24,.T.);
#6520=ADVANCED_FACE('',(#794),#25,.T.);
#6521=ADVANCED_FACE('',(#795),#462,.T.);
#6522=ADVANCED_FACE('',(#796),#463,.T.);
#6523=ADVANCED_FACE('',(#797),#464,.T.);
#6524=ADVANCED_FACE('',(#798),#465,.T.);
#6525=ADVANCED_FACE('',(#799),#466,.T.);
#6526=ADVANCED_FACE('',(#800),#467,.F.);
#6527=ADVANCED_FACE('',(#801),#468,.T.);
#6528=ADVANCED_FACE('',(#802),#469,.T.);
#6529=ADVANCED_FACE('',(#803),#470,.T.);
#6530=ADVANCED_FACE('',(#804),#471,.T.);
#6531=ADVANCED_FACE('',(#805),#472,.T.);
#6532=ADVANCED_FACE('',(#806),#473,.T.);
#6533=ADVANCED_FACE('',(#807),#474,.T.);
#6534=ADVANCED_FACE('',(#808),#475,.T.);
#6535=ADVANCED_FACE('',(#809),#476,.T.);
#6536=ADVANCED_FACE('',(#810),#477,.T.);
#6537=ADVANCED_FACE('',(#811),#478,.T.);
#6538=ADVANCED_FACE('',(#812),#479,.T.);
#6539=ADVANCED_FACE('',(#813),#480,.T.);
#6540=ADVANCED_FACE('',(#814),#481,.T.);
#6541=ADVANCED_FACE('',(#815),#482,.T.);
#6542=ADVANCED_FACE('',(#816),#483,.T.);
#6543=ADVANCED_FACE('',(#817),#484,.F.);
#6544=ADVANCED_FACE('',(#818),#485,.F.);
#6545=ADVANCED_FACE('',(#819),#486,.F.);
#6546=ADVANCED_FACE('',(#820),#487,.F.);
#6547=ADVANCED_FACE('',(#821),#488,.F.);
#6548=ADVANCED_FACE('',(#822),#489,.F.);
#6549=ADVANCED_FACE('',(#823),#490,.F.);
#6550=ADVANCED_FACE('',(#824),#491,.F.);
#6551=ADVANCED_FACE('',(#825),#492,.F.);
#6552=ADVANCED_FACE('',(#826),#493,.F.);
#6553=ADVANCED_FACE('',(#827),#494,.F.);
#6554=ADVANCED_FACE('',(#828),#495,.F.);
#6555=ADVANCED_FACE('',(#829),#496,.F.);
#6556=ADVANCED_FACE('',(#830),#497,.F.);
#6557=ADVANCED_FACE('',(#831),#498,.F.);
#6558=ADVANCED_FACE('',(#832),#499,.T.);
#6559=ADVANCED_FACE('',(#833),#500,.T.);
#6560=ADVANCED_FACE('',(#834),#501,.T.);
#6561=ADVANCED_FACE('',(#835),#502,.T.);
#6562=ADVANCED_FACE('',(#836),#503,.T.);
#6563=ADVANCED_FACE('',(#837),#504,.T.);
#6564=ADVANCED_FACE('',(#838),#505,.T.);
#6565=ADVANCED_FACE('',(#839),#506,.T.);
#6566=ADVANCED_FACE('',(#840),#507,.T.);
#6567=ADVANCED_FACE('',(#841),#508,.T.);
#6568=ADVANCED_FACE('',(#842),#509,.T.);
#6569=ADVANCED_FACE('',(#843),#510,.T.);
#6570=ADVANCED_FACE('',(#844),#511,.T.);
#6571=ADVANCED_FACE('',(#845),#512,.T.);
#6572=ADVANCED_FACE('',(#846),#513,.T.);
#6573=ADVANCED_FACE('',(#847),#514,.T.);
#6574=ADVANCED_FACE('',(#848),#515,.F.);
#6575=ADVANCED_FACE('',(#849),#516,.F.);
#6576=ADVANCED_FACE('',(#850),#517,.F.);
#6577=ADVANCED_FACE('',(#851),#518,.F.);
#6578=ADVANCED_FACE('',(#852),#519,.F.);
#6579=ADVANCED_FACE('',(#853),#520,.F.);
#6580=ADVANCED_FACE('',(#854),#521,.F.);
#6581=ADVANCED_FACE('',(#855),#522,.F.);
#6582=ADVANCED_FACE('',(#856),#523,.F.);
#6583=ADVANCED_FACE('',(#857),#524,.F.);
#6584=ADVANCED_FACE('',(#858),#525,.F.);
#6585=ADVANCED_FACE('',(#859),#526,.F.);
#6586=ADVANCED_FACE('',(#860),#527,.F.);
#6587=ADVANCED_FACE('',(#861),#528,.F.);
#6588=ADVANCED_FACE('',(#862),#529,.F.);
#6589=ADVANCED_FACE('',(#863),#530,.F.);
#6590=ADVANCED_FACE('',(#864),#531,.F.);
#6591=ADVANCED_FACE('',(#865),#532,.F.);
#6592=ADVANCED_FACE('',(#866),#533,.F.);
#6593=ADVANCED_FACE('',(#867),#534,.T.);
#6594=ADVANCED_FACE('',(#868),#535,.F.);
#6595=ADVANCED_FACE('',(#869),#536,.F.);
#6596=ADVANCED_FACE('',(#870),#537,.F.);
#6597=ADVANCED_FACE('',(#871),#538,.F.);
#6598=ADVANCED_FACE('',(#872),#539,.T.);
#6599=ADVANCED_FACE('',(#873),#540,.F.);
#6600=ADVANCED_FACE('',(#874),#541,.F.);
#6601=ADVANCED_FACE('',(#875),#542,.F.);
#6602=ADVANCED_FACE('',(#876),#543,.F.);
#6603=ADVANCED_FACE('',(#877),#544,.F.);
#6604=ADVANCED_FACE('',(#878),#545,.F.);
#6605=ADVANCED_FACE('',(#879),#546,.F.);
#6606=ADVANCED_FACE('',(#880),#547,.F.);
#6607=ADVANCED_FACE('',(#881),#548,.F.);
#6608=ADVANCED_FACE('',(#882),#549,.T.);
#6609=ADVANCED_FACE('',(#883),#550,.F.);
#6610=ADVANCED_FACE('',(#884),#551,.F.);
#6611=ADVANCED_FACE('',(#885),#552,.F.);
#6612=ADVANCED_FACE('',(#886),#553,.F.);
#6613=ADVANCED_FACE('',(#887),#554,.F.);
#6614=ADVANCED_FACE('',(#888),#555,.F.);
#6615=ADVANCED_FACE('',(#889),#556,.F.);
#6616=ADVANCED_FACE('',(#890),#557,.F.);
#6617=ADVANCED_FACE('',(#891),#558,.F.);
#6618=ADVANCED_FACE('',(#892),#559,.T.);
#6619=ADVANCED_FACE('',(#893),#560,.F.);
#6620=ADVANCED_FACE('',(#894),#561,.F.);
#6621=ADVANCED_FACE('',(#895),#562,.F.);
#6622=ADVANCED_FACE('',(#896),#563,.F.);
#6623=ADVANCED_FACE('',(#897),#564,.T.);
#6624=ADVANCED_FACE('',(#898),#13,.F.);
#6625=ADVANCED_FACE('',(#899),#6276,.T.);
#6626=ADVANCED_FACE('',(#900),#6277,.F.);
#6627=ADVANCED_FACE('',(#901),#6278,.F.);
#6628=ADVANCED_FACE('',(#902),#6279,.F.);
#6629=ADVANCED_FACE('',(#903,#415),#565,.T.);
#6630=ADVANCED_FACE('',(#904,#416),#566,.F.);
#6631=ADVANCED_FACE('',(#905),#567,.F.);
#6632=ADVANCED_FACE('',(#906),#568,.F.);
#6633=ADVANCED_FACE('',(#907),#569,.F.);
#6634=ADVANCED_FACE('',(#908),#570,.F.);
#6635=ADVANCED_FACE('',(#909),#571,.T.);
#6636=ADVANCED_FACE('',(#910),#572,.T.);
#6637=ADVANCED_FACE('',(#911),#573,.T.);
#6638=ADVANCED_FACE('',(#912),#574,.T.);
#6639=ADVANCED_FACE('',(#913,#417),#575,.F.);
#6640=ADVANCED_FACE('',(#914),#576,.T.);
#6641=ADVANCED_FACE('',(#915),#577,.T.);
#6642=ADVANCED_FACE('',(#916),#6280,.F.);
#6643=ADVANCED_FACE('',(#917),#578,.T.);
#6644=ADVANCED_FACE('',(#918),#6281,.F.);
#6645=ADVANCED_FACE('',(#919),#579,.T.);
#6646=ADVANCED_FACE('',(#920,#418),#580,.T.);
#6647=ADVANCED_FACE('',(#921,#419),#581,.F.);
#6648=ADVANCED_FACE('',(#922),#6282,.F.);
#6649=ADVANCED_FACE('',(#923),#582,.T.);
#6650=ADVANCED_FACE('',(#924),#6283,.F.);
#6651=ADVANCED_FACE('',(#925),#583,.T.);
#6652=ADVANCED_FACE('',(#926),#6284,.F.);
#6653=ADVANCED_FACE('',(#927),#584,.T.);
#6654=ADVANCED_FACE('',(#928),#6285,.F.);
#6655=ADVANCED_FACE('',(#929),#585,.T.);
#6656=ADVANCED_FACE('',(#930,#420),#586,.T.);
#6657=ADVANCED_FACE('',(#931),#587,.F.);
#6658=ADVANCED_FACE('',(#932),#588,.F.);
#6659=ADVANCED_FACE('',(#933),#589,.F.);
#6660=ADVANCED_FACE('',(#934),#590,.F.);
#6661=ADVANCED_FACE('',(#935),#591,.T.);
#6662=ADVANCED_FACE('',(#936),#592,.F.);
#6663=ADVANCED_FACE('',(#937),#14,.F.);
#6664=ADVANCED_FACE('',(#938),#11,.T.);
#6665=ADVANCED_FACE('',(#939),#6286,.T.);
#6666=ADVANCED_FACE('',(#940),#12,.T.);
#6667=ADVANCED_FACE('',(#941),#15,.F.);
#6668=ADVANCED_FACE('',(#942),#6287,.T.);
#6669=ADVANCED_FACE('',(#943),#6288,.T.);
#6670=ADVANCED_FACE('',(#944,#421),#593,.F.);
#6671=ADVANCED_FACE('',(#945,#422),#594,.F.);
#6672=ADVANCED_FACE('',(#946,#423),#595,.T.);
#6673=ADVANCED_FACE('',(#947,#424),#596,.T.);
#6674=ADVANCED_FACE('',(#948),#16,.T.);
#6675=ADVANCED_FACE('',(#949),#597,.T.);
#6676=ADVANCED_FACE('',(#950),#598,.F.);
#6677=ADVANCED_FACE('',(#951),#17,.T.);
#6678=ADVANCED_FACE('',(#952),#599,.T.);
#6679=ADVANCED_FACE('',(#953),#600,.F.);
#6680=ADVANCED_FACE('',(#954),#18,.T.);
#6681=ADVANCED_FACE('',(#955),#601,.T.);
#6682=ADVANCED_FACE('',(#956),#602,.F.);
#6683=ADVANCED_FACE('',(#957),#603,.T.);
#6684=ADVANCED_FACE('',(#958),#604,.F.);
#6685=ADVANCED_FACE('',(#959),#26,.F.);
#6686=ADVANCED_FACE('',(#960),#605,.T.);
#6687=ADVANCED_FACE('',(#961),#27,.F.);
#6688=ADVANCED_FACE('',(#962),#606,.T.);
#6689=ADVANCED_FACE('',(#963),#6289,.T.);
#6690=ADVANCED_FACE('',(#964),#607,.T.);
#6691=ADVANCED_FACE('',(#965),#6290,.T.);
#6692=ADVANCED_FACE('',(#966),#608,.T.);
#6693=ADVANCED_FACE('',(#967),#6291,.T.);
#6694=ADVANCED_FACE('',(#968),#609,.T.);
#6695=ADVANCED_FACE('',(#969),#6292,.T.);
#6696=ADVANCED_FACE('',(#970),#610,.T.);
#6697=ADVANCED_FACE('',(#971),#611,.F.);
#6698=ADVANCED_FACE('',(#972,#425),#612,.T.);
#6699=ADVANCED_FACE('',(#973),#613,.F.);
#6700=ADVANCED_FACE('',(#974),#614,.F.);
#6701=ADVANCED_FACE('',(#975),#615,.F.);
#6702=ADVANCED_FACE('',(#976),#616,.T.);
#6703=ADVANCED_FACE('',(#977),#617,.F.);
#6704=ADVANCED_FACE('',(#978),#618,.T.);
#6705=ADVANCED_FACE('',(#979),#619,.T.);
#6706=ADVANCED_FACE('',(#980),#620,.T.);
#6707=ADVANCED_FACE('',(#981),#621,.T.);
#6708=ADVANCED_FACE('',(#982),#622,.T.);
#6709=ADVANCED_FACE('',(#983),#623,.T.);
#6710=ADVANCED_FACE('',(#984,#426),#6293,.T.);
#6711=ADVANCED_FACE('',(#985),#624,.T.);
#6712=CLOSED_SHELL('',(#6351,#6352,#6353,#6354,#6355,#6356,#6357,#6358,
#6359,#6360,#6361,#6362,#6363,#6364,#6365,#6366,#6367,#6368,#6369,#6370,
#6371,#6372,#6373,#6374));
#6713=CLOSED_SHELL('',(#6375,#6376,#6377,#6378,#6379,#6380,#6381,#6382,
#6383,#6384,#6385,#6386,#6387,#6388,#6389,#6390,#6391,#6392,#6393,#6394,
#6395,#6396,#6397,#6398,#6399,#6400,#6401,#6402,#6403,#6404,#6405,#6406,
#6407,#6408,#6409,#6410,#6411,#6412,#6413,#6414,#6415,#6416,#6417,#6418,
#6419,#6420,#6421,#6422,#6423,#6424,#6425,#6426,#6427,#6428,#6429,#6430,
#6431,#6432,#6433,#6434,#6435,#6436,#6437,#6438,#6439,#6440,#6441,#6442,
#6443,#6444,#6445,#6446,#6447,#6448,#6449,#6450,#6451,#6452,#6453,#6454,
#6455,#6456,#6457,#6458,#6459,#6460,#6461,#6462,#6463,#6464,#6465,#6466,
#6467,#6468,#6469,#6470,#6471,#6472,#6473,#6474,#6475,#6476,#6477,#6478,
#6479,#6480,#6481,#6482,#6483,#6484,#6485,#6486,#6487,#6488,#6489,#6490,
#6491,#6492,#6493,#6494,#6495,#6496,#6497,#6498,#6499,#6500,#6501,#6502,
#6503,#6504,#6505,#6506,#6507,#6508,#6509,#6510,#6511,#6512,#6513,#6514,
#6515,#6516,#6517,#6518,#6519,#6520,#6521,#6522,#6523,#6524,#6525,#6526,
#6527,#6528,#6529,#6530,#6531,#6532,#6533,#6534,#6535,#6536,#6537,#6538,
#6539,#6540,#6541,#6542,#6543,#6544,#6545,#6546,#6547,#6548,#6549,#6550,
#6551,#6552,#6553,#6554,#6555,#6556,#6557,#6558,#6559,#6560,#6561,#6562,
#6563,#6564,#6565,#6566,#6567,#6568,#6569,#6570,#6571,#6572,#6573,#6574,
#6575,#6576,#6577,#6578,#6579,#6580,#6581,#6582,#6583,#6584,#6585,#6586,
#6587,#6588,#6589,#6590,#6591,#6592,#6593,#6594,#6595,#6596,#6597,#6598,
#6599,#6600,#6601,#6602,#6603,#6604,#6605,#6606,#6607,#6608,#6609,#6610,
#6611,#6612,#6613,#6614,#6615,#6616,#6617,#6618,#6619,#6620,#6621,#6622,
#6623));
#6714=CLOSED_SHELL('',(#6624,#6625,#6626,#6627,#6628,#6629,#6630,#6631,
#6632,#6633,#6634,#6635,#6636,#6637,#6638,#6639,#6640,#6641,#6642,#6643,
#6644,#6645,#6646,#6647,#6648,#6649,#6650,#6651,#6652,#6653,#6654,#6655,
#6656));
#6715=CLOSED_SHELL('',(#6657,#6658,#6659,#6660,#6661,#6662));
#6716=CLOSED_SHELL('',(#6663,#6664,#6665,#6666,#6667,#6668,#6669,#6670,
#6671,#6672,#6673,#6674,#6675,#6676,#6677,#6678,#6679,#6680,#6681,#6682));
#6717=CLOSED_SHELL('',(#6683,#6684,#6685,#6686,#6687,#6688));
#6718=CLOSED_SHELL('',(#6689,#6690,#6691,#6692,#6693,#6694,#6695,#6696,
#6697,#6698,#6699,#6700,#6701,#6702,#6703));
#6719=CLOSED_SHELL('',(#6704,#6705,#6706,#6707,#6708,#6709,#6710,#6711));
#6720=DERIVED_UNIT_ELEMENT(#6732,1.);
#6721=DERIVED_UNIT_ELEMENT(#12024,-3.);
#6722=DERIVED_UNIT_ELEMENT(#6732,1.);
#6723=DERIVED_UNIT_ELEMENT(#12024,-3.);
#6724=DERIVED_UNIT_ELEMENT(#6732,1.);
#6725=DERIVED_UNIT_ELEMENT(#12024,-3.);
#6726=DERIVED_UNIT_ELEMENT(#6732,1.);
#6727=DERIVED_UNIT_ELEMENT(#12024,-3.);
#6728=DERIVED_UNIT_ELEMENT(#6732,1.);
#6729=DERIVED_UNIT_ELEMENT(#12024,-3.);
#6730=DERIVED_UNIT_ELEMENT(#6732,1.);
#6731=DERIVED_UNIT_ELEMENT(#12024,-3.);
#6732=(
MASS_UNIT()
NAMED_UNIT(*)
SI_UNIT(.KILO.,.GRAM.)
);
#6733=DERIVED_UNIT((#6720,#6721));
#6734=DERIVED_UNIT((#6722,#6723));
#6735=DERIVED_UNIT((#6724,#6725));
#6736=DERIVED_UNIT((#6726,#6727));
#6737=DERIVED_UNIT((#6728,#6729));
#6738=DERIVED_UNIT((#6730,#6731));
#6739=MEASURE_REPRESENTATION_ITEM('density measure',
POSITIVE_RATIO_MEASURE(7850.),#6733);
#6740=MEASURE_REPRESENTATION_ITEM('density measure',
POSITIVE_RATIO_MEASURE(7850.),#6734);
#6741=MEASURE_REPRESENTATION_ITEM('density measure',
POSITIVE_RATIO_MEASURE(7850.),#6735);
#6742=MEASURE_REPRESENTATION_ITEM('density measure',
POSITIVE_RATIO_MEASURE(7850.),#6736);
#6743=MEASURE_REPRESENTATION_ITEM('density measure',
POSITIVE_RATIO_MEASURE(7850.),#6737);
#6744=MEASURE_REPRESENTATION_ITEM('density measure',
POSITIVE_RATIO_MEASURE(7850.),#6738);
#6745=PROPERTY_DEFINITION_REPRESENTATION(#6775,#6757);
#6746=PROPERTY_DEFINITION_REPRESENTATION(#6776,#6758);
#6747=PROPERTY_DEFINITION_REPRESENTATION(#6777,#6759);
#6748=PROPERTY_DEFINITION_REPRESENTATION(#6778,#6760);
#6749=PROPERTY_DEFINITION_REPRESENTATION(#6779,#6761);
#6750=PROPERTY_DEFINITION_REPRESENTATION(#6780,#6762);
#6751=PROPERTY_DEFINITION_REPRESENTATION(#6781,#6763);
#6752=PROPERTY_DEFINITION_REPRESENTATION(#6782,#6764);
#6753=PROPERTY_DEFINITION_REPRESENTATION(#6783,#6765);
#6754=PROPERTY_DEFINITION_REPRESENTATION(#6784,#6766);
#6755=PROPERTY_DEFINITION_REPRESENTATION(#6785,#6767);
#6756=PROPERTY_DEFINITION_REPRESENTATION(#6786,#6768);
#6757=REPRESENTATION('material name',(#6769),#12012);
#6758=REPRESENTATION('density',(#6739),#12012);
#6759=REPRESENTATION('material name',(#6770),#12015);
#6760=REPRESENTATION('density',(#6740),#12015);
#6761=REPRESENTATION('material name',(#6771),#12017);
#6762=REPRESENTATION('density',(#6741),#12017);
#6763=REPRESENTATION('material name',(#6772),#12019);
#6764=REPRESENTATION('density',(#6742),#12019);
#6765=REPRESENTATION('material name',(#6773),#12020);
#6766=REPRESENTATION('density',(#6743),#12020);
#6767=REPRESENTATION('material name',(#6774),#12021);
#6768=REPRESENTATION('density',(#6744),#12021);
#6769=DESCRIPTIVE_REPRESENTATION_ITEM('Steel','Steel');
#6770=DESCRIPTIVE_REPRESENTATION_ITEM('Steel','Steel');
#6771=DESCRIPTIVE_REPRESENTATION_ITEM('Steel','Steel');
#6772=DESCRIPTIVE_REPRESENTATION_ITEM('Steel','Steel');
#6773=DESCRIPTIVE_REPRESENTATION_ITEM('Steel','Steel');
#6774=DESCRIPTIVE_REPRESENTATION_ITEM('Steel','Steel');
#6775=PROPERTY_DEFINITION('material property','material name',#12082);
#6776=PROPERTY_DEFINITION('material property','density of part',#12082);
#6777=PROPERTY_DEFINITION('material property','material name',#12085);
#6778=PROPERTY_DEFINITION('material property','density of part',#12085);
#6779=PROPERTY_DEFINITION('material property','material name',#12087);
#6780=PROPERTY_DEFINITION('material property','density of part',#12087);
#6781=PROPERTY_DEFINITION('material property','material name',#12089);
#6782=PROPERTY_DEFINITION('material property','density of part',#12089);
#6783=PROPERTY_DEFINITION('material property','material name',#12090);
#6784=PROPERTY_DEFINITION('material property','density of part',#12090);
#6785=PROPERTY_DEFINITION('material property','material name',#12091);
#6786=PROPERTY_DEFINITION('material property','density of part',#12091);
#6787=AXIS2_PLACEMENT_3D('',#9763,#7627,#7628);
#6788=AXIS2_PLACEMENT_3D('',#9764,#7629,#7630);
#6789=AXIS2_PLACEMENT_3D('',#9765,#7631,#7632);
#6790=AXIS2_PLACEMENT_3D('',#9766,#7633,#7634);
#6791=AXIS2_PLACEMENT_3D('',#9767,#7635,#7636);
#6792=AXIS2_PLACEMENT_3D('',#9769,#7637,#7638);
#6793=AXIS2_PLACEMENT_3D('',#9772,#7640,#7641);
#6794=AXIS2_PLACEMENT_3D('',#9773,#7642,#7643);
#6795=AXIS2_PLACEMENT_3D('',#9775,#7644,#7645);
#6796=AXIS2_PLACEMENT_3D('',#9778,#7647,#7648);
#6797=AXIS2_PLACEMENT_3D('',#9779,#7649,#7650);
#6798=AXIS2_PLACEMENT_3D('',#9781,#7651,#7652);
#6799=AXIS2_PLACEMENT_3D('',#9784,#7654,#7655);
#6800=AXIS2_PLACEMENT_3D('',#9785,#7656,#7657);
#6801=AXIS2_PLACEMENT_3D('',#9787,#7658,#7659);
#6802=AXIS2_PLACEMENT_3D('',#9790,#7661,#7662);
#6803=AXIS2_PLACEMENT_3D('',#9791,#7663,#7664);
#6804=AXIS2_PLACEMENT_3D('',#9808,#7673,#7674);
#6805=AXIS2_PLACEMENT_3D('',#9825,#7683,#7684);
#6806=AXIS2_PLACEMENT_3D('',#9828,#7687,#7688);
#6807=AXIS2_PLACEMENT_3D('',#9830,#7690,#7691);
#6808=AXIS2_PLACEMENT_3D('',#9832,#7693,#7694);
#6809=AXIS2_PLACEMENT_3D('',#9846,#7702,#7703);
#6810=AXIS2_PLACEMENT_3D('',#9850,#7706,#7707);
#6811=AXIS2_PLACEMENT_3D('',#9854,#7710,#7711);
#6812=AXIS2_PLACEMENT_3D('',#9856,#7713,#7714);
#6813=AXIS2_PLACEMENT_3D('',#9857,#7715,#7716);
#6814=AXIS2_PLACEMENT_3D('',#9863,#7720,#7721);
#6815=AXIS2_PLACEMENT_3D('',#9867,#7724,#7725);
#6816=AXIS2_PLACEMENT_3D('',#9871,#7728,#7729);
#6817=AXIS2_PLACEMENT_3D('',#9873,#7731,#7732);
#6818=AXIS2_PLACEMENT_3D('',#9874,#7733,#7734);
#6819=AXIS2_PLACEMENT_3D('',#9880,#7738,#7739);
#6820=AXIS2_PLACEMENT_3D('',#9884,#7742,#7743);
#6821=AXIS2_PLACEMENT_3D('',#9888,#7746,#7747);
#6822=AXIS2_PLACEMENT_3D('',#9890,#7749,#7750);
#6823=AXIS2_PLACEMENT_3D('',#9891,#7751,#7752);
#6824=AXIS2_PLACEMENT_3D('',#9892,#7753,#7754);
#6825=AXIS2_PLACEMENT_3D('',#9893,#7755,#7756);
#6826=AXIS2_PLACEMENT_3D('',#9894,#7757,#7758);
#6827=AXIS2_PLACEMENT_3D('',#9895,#7759,#7760);
#6828=AXIS2_PLACEMENT_3D('',#9897,#7761,#7762);
#6829=AXIS2_PLACEMENT_3D('',#9899,#7763,#7764);
#6830=AXIS2_PLACEMENT_3D('',#9900,#7765,#7766);
#6831=AXIS2_PLACEMENT_3D('',#9901,#7767,#7768);
#6832=AXIS2_PLACEMENT_3D('',#9903,#7769,#7770);
#6833=AXIS2_PLACEMENT_3D('',#9905,#7771,#7772);
#6834=AXIS2_PLACEMENT_3D('',#9906,#7773,#7774);
#6835=AXIS2_PLACEMENT_3D('',#9907,#7775,#7776);
#6836=AXIS2_PLACEMENT_3D('',#9909,#7777,#7778);
#6837=AXIS2_PLACEMENT_3D('',#9911,#7779,#7780);
#6838=AXIS2_PLACEMENT_3D('',#9912,#7781,#7782);
#6839=AXIS2_PLACEMENT_3D('',#9913,#7783,#7784);
#6840=AXIS2_PLACEMENT_3D('',#9915,#7785,#7786);
#6841=AXIS2_PLACEMENT_3D('',#9917,#7787,#7788);
#6842=AXIS2_PLACEMENT_3D('',#9918,#7789,#7790);
#6843=AXIS2_PLACEMENT_3D('',#9919,#7791,#7792);
#6844=AXIS2_PLACEMENT_3D('',#9921,#7793,#7794);
#6845=AXIS2_PLACEMENT_3D('',#9923,#7795,#7796);
#6846=AXIS2_PLACEMENT_3D('',#9924,#7797,#7798);
#6847=AXIS2_PLACEMENT_3D('',#9925,#7799,#7800);
#6848=AXIS2_PLACEMENT_3D('',#9927,#7801,#7802);
#6849=AXIS2_PLACEMENT_3D('',#9929,#7803,#7804);
#6850=AXIS2_PLACEMENT_3D('',#9930,#7805,#7806);
#6851=AXIS2_PLACEMENT_3D('',#9931,#7807,#7808);
#6852=AXIS2_PLACEMENT_3D('',#9933,#7809,#7810);
#6853=AXIS2_PLACEMENT_3D('',#9935,#7811,#7812);
#6854=AXIS2_PLACEMENT_3D('',#9936,#7813,#7814);
#6855=AXIS2_PLACEMENT_3D('',#9937,#7815,#7816);
#6856=AXIS2_PLACEMENT_3D('',#9939,#7817,#7818);
#6857=AXIS2_PLACEMENT_3D('',#9941,#7819,#7820);
#6858=AXIS2_PLACEMENT_3D('',#9942,#7821,#7822);
#6859=AXIS2_PLACEMENT_3D('',#9943,#7823,#7824);
#6860=AXIS2_PLACEMENT_3D('',#9945,#7825,#7826);
#6861=AXIS2_PLACEMENT_3D('',#9947,#7827,#7828);
#6862=AXIS2_PLACEMENT_3D('',#9948,#7829,#7830);
#6863=AXIS2_PLACEMENT_3D('',#9949,#7831,#7832);
#6864=AXIS2_PLACEMENT_3D('',#9951,#7833,#7834);
#6865=AXIS2_PLACEMENT_3D('',#9953,#7835,#7836);
#6866=AXIS2_PLACEMENT_3D('',#9954,#7837,#7838);
#6867=AXIS2_PLACEMENT_3D('',#9955,#7839,#7840);
#6868=AXIS2_PLACEMENT_3D('',#9957,#7841,#7842);
#6869=AXIS2_PLACEMENT_3D('',#9959,#7843,#7844);
#6870=AXIS2_PLACEMENT_3D('',#9960,#7845,#7846);
#6871=AXIS2_PLACEMENT_3D('',#9961,#7847,#7848);
#6872=AXIS2_PLACEMENT_3D('',#9963,#7849,#7850);
#6873=AXIS2_PLACEMENT_3D('',#9965,#7851,#7852);
#6874=AXIS2_PLACEMENT_3D('',#9966,#7853,#7854);
#6875=AXIS2_PLACEMENT_3D('',#9967,#7855,#7856);
#6876=AXIS2_PLACEMENT_3D('',#9969,#7857,#7858);
#6877=AXIS2_PLACEMENT_3D('',#9971,#7859,#7860);
#6878=AXIS2_PLACEMENT_3D('',#9972,#7861,#7862);
#6879=AXIS2_PLACEMENT_3D('',#9973,#7863,#7864);
#6880=AXIS2_PLACEMENT_3D('',#9975,#7865,#7866);
#6881=AXIS2_PLACEMENT_3D('',#9977,#7867,#7868);
#6882=AXIS2_PLACEMENT_3D('',#9978,#7869,#7870);
#6883=AXIS2_PLACEMENT_3D('',#9979,#7871,#7872);
#6884=AXIS2_PLACEMENT_3D('',#9981,#7873,#7874);
#6885=AXIS2_PLACEMENT_3D('',#9983,#7875,#7876);
#6886=AXIS2_PLACEMENT_3D('',#9984,#7877,#7878);
#6887=AXIS2_PLACEMENT_3D('',#9985,#7879,#7880);
#6888=AXIS2_PLACEMENT_3D('',#9987,#7881,#7882);
#6889=AXIS2_PLACEMENT_3D('',#9989,#7883,#7884);
#6890=AXIS2_PLACEMENT_3D('',#9990,#7885,#7886);
#6891=AXIS2_PLACEMENT_3D('',#9991,#7887,#7888);
#6892=AXIS2_PLACEMENT_3D('',#9993,#7889,#7890);
#6893=AXIS2_PLACEMENT_3D('',#9995,#7891,#7892);
#6894=AXIS2_PLACEMENT_3D('',#9996,#7893,#7894);
#6895=AXIS2_PLACEMENT_3D('',#9997,#7895,#7896);
#6896=AXIS2_PLACEMENT_3D('',#9999,#7897,#7898);
#6897=AXIS2_PLACEMENT_3D('',#10001,#7899,#7900);
#6898=AXIS2_PLACEMENT_3D('',#10002,#7901,#7902);
#6899=AXIS2_PLACEMENT_3D('',#10003,#7903,#7904);
#6900=AXIS2_PLACEMENT_3D('',#10005,#7905,#7906);
#6901=AXIS2_PLACEMENT_3D('',#10007,#7907,#7908);
#6902=AXIS2_PLACEMENT_3D('',#10008,#7909,#7910);
#6903=AXIS2_PLACEMENT_3D('',#10009,#7911,#7912);
#6904=AXIS2_PLACEMENT_3D('',#10011,#7913,#7914);
#6905=AXIS2_PLACEMENT_3D('',#10013,#7915,#7916);
#6906=AXIS2_PLACEMENT_3D('',#10014,#7917,#7918);
#6907=AXIS2_PLACEMENT_3D('',#10015,#7919,#7920);
#6908=AXIS2_PLACEMENT_3D('',#10017,#7921,#7922);
#6909=AXIS2_PLACEMENT_3D('',#10019,#7923,#7924);
#6910=AXIS2_PLACEMENT_3D('',#10020,#7925,#7926);
#6911=AXIS2_PLACEMENT_3D('',#10021,#7927,#7928);
#6912=AXIS2_PLACEMENT_3D('',#10023,#7929,#7930);
#6913=AXIS2_PLACEMENT_3D('',#10025,#7931,#7932);
#6914=AXIS2_PLACEMENT_3D('',#10026,#7933,#7934);
#6915=AXIS2_PLACEMENT_3D('',#10027,#7935,#7936);
#6916=AXIS2_PLACEMENT_3D('',#10029,#7937,#7938);
#6917=AXIS2_PLACEMENT_3D('',#10031,#7939,#7940);
#6918=AXIS2_PLACEMENT_3D('',#10032,#7941,#7942);
#6919=AXIS2_PLACEMENT_3D('',#10033,#7943,#7944);
#6920=AXIS2_PLACEMENT_3D('',#10035,#7945,#7946);
#6921=AXIS2_PLACEMENT_3D('',#10037,#7947,#7948);
#6922=AXIS2_PLACEMENT_3D('',#10038,#7949,#7950);
#6923=AXIS2_PLACEMENT_3D('',#10039,#7951,#7952);
#6924=AXIS2_PLACEMENT_3D('',#10041,#7953,#7954);
#6925=AXIS2_PLACEMENT_3D('',#10043,#7955,#7956);
#6926=AXIS2_PLACEMENT_3D('',#10044,#7957,#7958);
#6927=AXIS2_PLACEMENT_3D('',#10045,#7959,#7960);
#6928=AXIS2_PLACEMENT_3D('',#10047,#7961,#7962);
#6929=AXIS2_PLACEMENT_3D('',#10049,#7963,#7964);
#6930=AXIS2_PLACEMENT_3D('',#10050,#7965,#7966);
#6931=AXIS2_PLACEMENT_3D('',#10051,#7967,#7968);
#6932=AXIS2_PLACEMENT_3D('',#10053,#7969,#7970);
#6933=AXIS2_PLACEMENT_3D('',#10055,#7971,#7972);
#6934=AXIS2_PLACEMENT_3D('',#10056,#7973,#7974);
#6935=AXIS2_PLACEMENT_3D('',#10057,#7975,#7976);
#6936=AXIS2_PLACEMENT_3D('',#10059,#7977,#7978);
#6937=AXIS2_PLACEMENT_3D('',#10061,#7979,#7980);
#6938=AXIS2_PLACEMENT_3D('',#10062,#7981,#7982);
#6939=AXIS2_PLACEMENT_3D('',#10063,#7983,#7984);
#6940=AXIS2_PLACEMENT_3D('',#10065,#7985,#7986);
#6941=AXIS2_PLACEMENT_3D('',#10067,#7987,#7988);
#6942=AXIS2_PLACEMENT_3D('',#10068,#7989,#7990);
#6943=AXIS2_PLACEMENT_3D('',#10069,#7991,#7992);
#6944=AXIS2_PLACEMENT_3D('',#10071,#7993,#7994);
#6945=AXIS2_PLACEMENT_3D('',#10073,#7995,#7996);
#6946=AXIS2_PLACEMENT_3D('',#10074,#7997,#7998);
#6947=AXIS2_PLACEMENT_3D('',#10075,#7999,#8000);
#6948=AXIS2_PLACEMENT_3D('',#10077,#8001,#8002);
#6949=AXIS2_PLACEMENT_3D('',#10079,#8003,#8004);
#6950=AXIS2_PLACEMENT_3D('',#10080,#8005,#8006);
#6951=AXIS2_PLACEMENT_3D('',#10081,#8007,#8008);
#6952=AXIS2_PLACEMENT_3D('',#10083,#8009,#8010);
#6953=AXIS2_PLACEMENT_3D('',#10085,#8011,#8012);
#6954=AXIS2_PLACEMENT_3D('',#10087,#8013,#8014);
#6955=AXIS2_PLACEMENT_3D('',#10088,#8015,#8016);
#6956=AXIS2_PLACEMENT_3D('',#10089,#8017,#8018);
#6957=AXIS2_PLACEMENT_3D('',#10091,#8019,#8020);
#6958=AXIS2_PLACEMENT_3D('',#10093,#8021,#8022);
#6959=AXIS2_PLACEMENT_3D('',#10095,#8023,#8024);
#6960=AXIS2_PLACEMENT_3D('',#10096,#8025,#8026);
#6961=AXIS2_PLACEMENT_3D('',#10097,#8027,#8028);
#6962=AXIS2_PLACEMENT_3D('',#10099,#8029,#8030);
#6963=AXIS2_PLACEMENT_3D('',#10101,#8031,#8032);
#6964=AXIS2_PLACEMENT_3D('',#10103,#8033,#8034);
#6965=AXIS2_PLACEMENT_3D('',#10104,#8035,#8036);
#6966=AXIS2_PLACEMENT_3D('',#10105,#8037,#8038);
#6967=AXIS2_PLACEMENT_3D('',#10107,#8039,#8040);
#6968=AXIS2_PLACEMENT_3D('',#10109,#8041,#8042);
#6969=AXIS2_PLACEMENT_3D('',#10111,#8043,#8044);
#6970=AXIS2_PLACEMENT_3D('',#10112,#8045,#8046);
#6971=AXIS2_PLACEMENT_3D('',#10113,#8047,#8048);
#6972=AXIS2_PLACEMENT_3D('',#10115,#8049,#8050);
#6973=AXIS2_PLACEMENT_3D('',#10117,#8051,#8052);
#6974=AXIS2_PLACEMENT_3D('',#10119,#8053,#8054);
#6975=AXIS2_PLACEMENT_3D('',#10120,#8055,#8056);
#6976=AXIS2_PLACEMENT_3D('',#10121,#8057,#8058);
#6977=AXIS2_PLACEMENT_3D('',#10123,#8059,#8060);
#6978=AXIS2_PLACEMENT_3D('',#10125,#8061,#8062);
#6979=AXIS2_PLACEMENT_3D('',#10127,#8063,#8064);
#6980=AXIS2_PLACEMENT_3D('',#10128,#8065,#8066);
#6981=AXIS2_PLACEMENT_3D('',#10129,#8067,#8068);
#6982=AXIS2_PLACEMENT_3D('',#10131,#8069,#8070);
#6983=AXIS2_PLACEMENT_3D('',#10133,#8071,#8072);
#6984=AXIS2_PLACEMENT_3D('',#10135,#8073,#8074);
#6985=AXIS2_PLACEMENT_3D('',#10136,#8075,#8076);
#6986=AXIS2_PLACEMENT_3D('',#10137,#8077,#8078);
#6987=AXIS2_PLACEMENT_3D('',#10139,#8079,#8080);
#6988=AXIS2_PLACEMENT_3D('',#10141,#8081,#8082);
#6989=AXIS2_PLACEMENT_3D('',#10143,#8083,#8084);
#6990=AXIS2_PLACEMENT_3D('',#10144,#8085,#8086);
#6991=AXIS2_PLACEMENT_3D('',#10145,#8087,#8088);
#6992=AXIS2_PLACEMENT_3D('',#10147,#8089,#8090);
#6993=AXIS2_PLACEMENT_3D('',#10149,#8091,#8092);
#6994=AXIS2_PLACEMENT_3D('',#10151,#8093,#8094);
#6995=AXIS2_PLACEMENT_3D('',#10152,#8095,#8096);
#6996=AXIS2_PLACEMENT_3D('',#10153,#8097,#8098);
#6997=AXIS2_PLACEMENT_3D('',#10155,#8099,#8100);
#6998=AXIS2_PLACEMENT_3D('',#10157,#8101,#8102);
#6999=AXIS2_PLACEMENT_3D('',#10159,#8103,#8104);
#7000=AXIS2_PLACEMENT_3D('',#10160,#8105,#8106);
#7001=AXIS2_PLACEMENT_3D('',#10161,#8107,#8108);
#7002=AXIS2_PLACEMENT_3D('',#10163,#8109,#8110);
#7003=AXIS2_PLACEMENT_3D('',#10165,#8111,#8112);
#7004=AXIS2_PLACEMENT_3D('',#10167,#8113,#8114);
#7005=AXIS2_PLACEMENT_3D('',#10168,#8115,#8116);
#7006=AXIS2_PLACEMENT_3D('',#10169,#8117,#8118);
#7007=AXIS2_PLACEMENT_3D('',#10171,#8119,#8120);
#7008=AXIS2_PLACEMENT_3D('',#10173,#8121,#8122);
#7009=AXIS2_PLACEMENT_3D('',#10175,#8123,#8124);
#7010=AXIS2_PLACEMENT_3D('',#10176,#8125,#8126);
#7011=AXIS2_PLACEMENT_3D('',#10177,#8127,#8128);
#7012=AXIS2_PLACEMENT_3D('',#10179,#8129,#8130);
#7013=AXIS2_PLACEMENT_3D('',#10181,#8131,#8132);
#7014=AXIS2_PLACEMENT_3D('',#10183,#8133,#8134);
#7015=AXIS2_PLACEMENT_3D('',#10184,#8135,#8136);
#7016=AXIS2_PLACEMENT_3D('',#10185,#8137,#8138);
#7017=AXIS2_PLACEMENT_3D('',#10187,#8139,#8140);
#7018=AXIS2_PLACEMENT_3D('',#10189,#8141,#8142);
#7019=AXIS2_PLACEMENT_3D('',#10191,#8143,#8144);
#7020=AXIS2_PLACEMENT_3D('',#10192,#8145,#8146);
#7021=AXIS2_PLACEMENT_3D('',#10193,#8147,#8148);
#7022=AXIS2_PLACEMENT_3D('',#10195,#8149,#8150);
#7023=AXIS2_PLACEMENT_3D('',#10197,#8151,#8152);
#7024=AXIS2_PLACEMENT_3D('',#10199,#8153,#8154);
#7025=AXIS2_PLACEMENT_3D('',#10200,#8155,#8156);
#7026=AXIS2_PLACEMENT_3D('',#10201,#8157,#8158);
#7027=AXIS2_PLACEMENT_3D('',#10203,#8159,#8160);
#7028=AXIS2_PLACEMENT_3D('',#10205,#8161,#8162);
#7029=AXIS2_PLACEMENT_3D('',#10207,#8163,#8164);
#7030=AXIS2_PLACEMENT_3D('',#10208,#8165,#8166);
#7031=AXIS2_PLACEMENT_3D('',#10209,#8167,#8168);
#7032=AXIS2_PLACEMENT_3D('',#10211,#8169,#8170);
#7033=AXIS2_PLACEMENT_3D('',#10213,#8171,#8172);
#7034=AXIS2_PLACEMENT_3D('',#10215,#8173,#8174);
#7035=AXIS2_PLACEMENT_3D('',#10216,#8175,#8176);
#7036=AXIS2_PLACEMENT_3D('',#10217,#8177,#8178);
#7037=AXIS2_PLACEMENT_3D('',#10219,#8179,#8180);
#7038=AXIS2_PLACEMENT_3D('',#10221,#8181,#8182);
#7039=AXIS2_PLACEMENT_3D('',#10223,#8183,#8184);
#7040=AXIS2_PLACEMENT_3D('',#10224,#8185,#8186);
#7041=AXIS2_PLACEMENT_3D('',#10225,#8187,#8188);
#7042=AXIS2_PLACEMENT_3D('',#10227,#8189,#8190);
#7043=AXIS2_PLACEMENT_3D('',#10229,#8191,#8192);
#7044=AXIS2_PLACEMENT_3D('',#10231,#8193,#8194);
#7045=AXIS2_PLACEMENT_3D('',#10232,#8195,#8196);
#7046=AXIS2_PLACEMENT_3D('',#10233,#8197,#8198);
#7047=AXIS2_PLACEMENT_3D('',#10235,#8199,#8200);
#7048=AXIS2_PLACEMENT_3D('',#10237,#8201,#8202);
#7049=AXIS2_PLACEMENT_3D('',#10239,#8203,#8204);
#7050=AXIS2_PLACEMENT_3D('',#10240,#8205,#8206);
#7051=AXIS2_PLACEMENT_3D('',#10241,#8207,#8208);
#7052=AXIS2_PLACEMENT_3D('',#10243,#8209,#8210);
#7053=AXIS2_PLACEMENT_3D('',#10245,#8211,#8212);
#7054=AXIS2_PLACEMENT_3D('',#10247,#8213,#8214);
#7055=AXIS2_PLACEMENT_3D('',#10248,#8215,#8216);
#7056=AXIS2_PLACEMENT_3D('',#10249,#8217,#8218);
#7057=AXIS2_PLACEMENT_3D('',#10251,#8219,#8220);
#7058=AXIS2_PLACEMENT_3D('',#10253,#8221,#8222);
#7059=AXIS2_PLACEMENT_3D('',#10255,#8223,#8224);
#7060=AXIS2_PLACEMENT_3D('',#10256,#8225,#8226);
#7061=AXIS2_PLACEMENT_3D('',#10257,#8227,#8228);
#7062=AXIS2_PLACEMENT_3D('',#10259,#8229,#8230);
#7063=AXIS2_PLACEMENT_3D('',#10261,#8231,#8232);
#7064=AXIS2_PLACEMENT_3D('',#10263,#8233,#8234);
#7065=AXIS2_PLACEMENT_3D('',#10264,#8235,#8236);
#7066=AXIS2_PLACEMENT_3D('',#10265,#8237,#8238);
#7067=AXIS2_PLACEMENT_3D('',#10267,#8239,#8240);
#7068=AXIS2_PLACEMENT_3D('',#10269,#8241,#8242);
#7069=AXIS2_PLACEMENT_3D('',#10271,#8243,#8244);
#7070=AXIS2_PLACEMENT_3D('',#10272,#8245,#8246);
#7071=AXIS2_PLACEMENT_3D('',#10273,#8247,#8248);
#7072=AXIS2_PLACEMENT_3D('',#10275,#8249,#8250);
#7073=AXIS2_PLACEMENT_3D('',#10277,#8251,#8252);
#7074=AXIS2_PLACEMENT_3D('',#10279,#8253,#8254);
#7075=AXIS2_PLACEMENT_3D('',#10280,#8255,#8256);
#7076=AXIS2_PLACEMENT_3D('',#10281,#8257,#8258);
#7077=AXIS2_PLACEMENT_3D('',#10283,#8259,#8260);
#7078=AXIS2_PLACEMENT_3D('',#10285,#8261,#8262);
#7079=AXIS2_PLACEMENT_3D('',#10287,#8263,#8264);
#7080=AXIS2_PLACEMENT_3D('',#10288,#8265,#8266);
#7081=AXIS2_PLACEMENT_3D('',#10289,#8267,#8268);
#7082=AXIS2_PLACEMENT_3D('',#10291,#8269,#8270);
#7083=AXIS2_PLACEMENT_3D('',#10293,#8271,#8272);
#7084=AXIS2_PLACEMENT_3D('',#10295,#8273,#8274);
#7085=AXIS2_PLACEMENT_3D('',#10296,#8275,#8276);
#7086=AXIS2_PLACEMENT_3D('',#10297,#8277,#8278);
#7087=AXIS2_PLACEMENT_3D('',#10299,#8279,#8280);
#7088=AXIS2_PLACEMENT_3D('',#10301,#8281,#8282);
#7089=AXIS2_PLACEMENT_3D('',#10303,#8283,#8284);
#7090=AXIS2_PLACEMENT_3D('',#10304,#8285,#8286);
#7091=AXIS2_PLACEMENT_3D('',#10305,#8287,#8288);
#7092=AXIS2_PLACEMENT_3D('',#10307,#8289,#8290);
#7093=AXIS2_PLACEMENT_3D('',#10309,#8291,#8292);
#7094=AXIS2_PLACEMENT_3D('',#10311,#8293,#8294);
#7095=AXIS2_PLACEMENT_3D('',#10312,#8295,#8296);
#7096=AXIS2_PLACEMENT_3D('',#10313,#8297,#8298);
#7097=AXIS2_PLACEMENT_3D('',#10315,#8299,#8300);
#7098=AXIS2_PLACEMENT_3D('',#10317,#8301,#8302);
#7099=AXIS2_PLACEMENT_3D('',#10319,#8303,#8304);
#7100=AXIS2_PLACEMENT_3D('',#10320,#8305,#8306);
#7101=AXIS2_PLACEMENT_3D('',#10321,#8307,#8308);
#7102=AXIS2_PLACEMENT_3D('',#10323,#8309,#8310);
#7103=AXIS2_PLACEMENT_3D('',#10325,#8311,#8312);
#7104=AXIS2_PLACEMENT_3D('',#10327,#8313,#8314);
#7105=AXIS2_PLACEMENT_3D('',#10328,#8315,#8316);
#7106=AXIS2_PLACEMENT_3D('',#10329,#8317,#8318);
#7107=AXIS2_PLACEMENT_3D('',#10332,#8319,#8320);
#7108=AXIS2_PLACEMENT_3D('',#10334,#8321,#8322);
#7109=AXIS2_PLACEMENT_3D('',#10336,#8324,#8325);
#7110=AXIS2_PLACEMENT_3D('',#10337,#8326,#8327);
#7111=AXIS2_PLACEMENT_3D('',#10340,#8328,#8329);
#7112=AXIS2_PLACEMENT_3D('',#10342,#8330,#8331);
#7113=AXIS2_PLACEMENT_3D('',#10344,#8333,#8334);
#7114=AXIS2_PLACEMENT_3D('',#10345,#8335,#8336);
#7115=AXIS2_PLACEMENT_3D('',#10348,#8337,#8338);
#7116=AXIS2_PLACEMENT_3D('',#10350,#8339,#8340);
#7117=AXIS2_PLACEMENT_3D('',#10352,#8342,#8343);
#7118=AXIS2_PLACEMENT_3D('',#10353,#8344,#8345);
#7119=AXIS2_PLACEMENT_3D('',#10356,#8346,#8347);
#7120=AXIS2_PLACEMENT_3D('',#10358,#8348,#8349);
#7121=AXIS2_PLACEMENT_3D('',#10360,#8351,#8352);
#7122=AXIS2_PLACEMENT_3D('',#10361,#8353,#8354);
#7123=AXIS2_PLACEMENT_3D('',#10364,#8355,#8356);
#7124=AXIS2_PLACEMENT_3D('',#10366,#8357,#8358);
#7125=AXIS2_PLACEMENT_3D('',#10368,#8360,#8361);
#7126=AXIS2_PLACEMENT_3D('',#10369,#8362,#8363);
#7127=AXIS2_PLACEMENT_3D('',#10372,#8364,#8365);
#7128=AXIS2_PLACEMENT_3D('',#10374,#8366,#8367);
#7129=AXIS2_PLACEMENT_3D('',#10376,#8369,#8370);
#7130=AXIS2_PLACEMENT_3D('',#10377,#8371,#8372);
#7131=AXIS2_PLACEMENT_3D('',#10380,#8373,#8374);
#7132=AXIS2_PLACEMENT_3D('',#10382,#8375,#8376);
#7133=AXIS2_PLACEMENT_3D('',#10384,#8378,#8379);
#7134=AXIS2_PLACEMENT_3D('',#10385,#8380,#8381);
#7135=AXIS2_PLACEMENT_3D('',#10388,#8382,#8383);
#7136=AXIS2_PLACEMENT_3D('',#10390,#8384,#8385);
#7137=AXIS2_PLACEMENT_3D('',#10392,#8387,#8388);
#7138=AXIS2_PLACEMENT_3D('',#10393,#8389,#8390);
#7139=AXIS2_PLACEMENT_3D('',#10396,#8391,#8392);
#7140=AXIS2_PLACEMENT_3D('',#10398,#8393,#8394);
#7141=AXIS2_PLACEMENT_3D('',#10400,#8396,#8397);
#7142=AXIS2_PLACEMENT_3D('',#10401,#8398,#8399);
#7143=AXIS2_PLACEMENT_3D('',#10404,#8400,#8401);
#7144=AXIS2_PLACEMENT_3D('',#10406,#8402,#8403);
#7145=AXIS2_PLACEMENT_3D('',#10408,#8405,#8406);
#7146=AXIS2_PLACEMENT_3D('',#10409,#8407,#8408);
#7147=AXIS2_PLACEMENT_3D('',#10412,#8409,#8410);
#7148=AXIS2_PLACEMENT_3D('',#10414,#8411,#8412);
#7149=AXIS2_PLACEMENT_3D('',#10416,#8414,#8415);
#7150=AXIS2_PLACEMENT_3D('',#10417,#8416,#8417);
#7151=AXIS2_PLACEMENT_3D('',#10420,#8418,#8419);
#7152=AXIS2_PLACEMENT_3D('',#10422,#8420,#8421);
#7153=AXIS2_PLACEMENT_3D('',#10424,#8423,#8424);
#7154=AXIS2_PLACEMENT_3D('',#10425,#8425,#8426);
#7155=AXIS2_PLACEMENT_3D('',#10428,#8427,#8428);
#7156=AXIS2_PLACEMENT_3D('',#10430,#8429,#8430);
#7157=AXIS2_PLACEMENT_3D('',#10432,#8432,#8433);
#7158=AXIS2_PLACEMENT_3D('',#10433,#8434,#8435);
#7159=AXIS2_PLACEMENT_3D('',#10436,#8436,#8437);
#7160=AXIS2_PLACEMENT_3D('',#10438,#8438,#8439);
#7161=AXIS2_PLACEMENT_3D('',#10440,#8441,#8442);
#7162=AXIS2_PLACEMENT_3D('',#10441,#8443,#8444);
#7163=AXIS2_PLACEMENT_3D('',#10444,#8445,#8446);
#7164=AXIS2_PLACEMENT_3D('',#10446,#8447,#8448);
#7165=AXIS2_PLACEMENT_3D('',#10448,#8450,#8451);
#7166=AXIS2_PLACEMENT_3D('',#10449,#8452,#8453);
#7167=AXIS2_PLACEMENT_3D('',#10452,#8454,#8455);
#7168=AXIS2_PLACEMENT_3D('',#10454,#8456,#8457);
#7169=AXIS2_PLACEMENT_3D('',#10456,#8459,#8460);
#7170=AXIS2_PLACEMENT_3D('',#10457,#8461,#8462);
#7171=AXIS2_PLACEMENT_3D('',#10460,#8463,#8464);
#7172=AXIS2_PLACEMENT_3D('',#10462,#8465,#8466);
#7173=AXIS2_PLACEMENT_3D('',#10464,#8468,#8469);
#7174=AXIS2_PLACEMENT_3D('',#10465,#8470,#8471);
#7175=AXIS2_PLACEMENT_3D('',#10468,#8472,#8473);
#7176=AXIS2_PLACEMENT_3D('',#10470,#8474,#8475);
#7177=AXIS2_PLACEMENT_3D('',#10472,#8477,#8478);
#7178=AXIS2_PLACEMENT_3D('',#10473,#8479,#8480);
#7179=AXIS2_PLACEMENT_3D('',#10476,#8481,#8482);
#7180=AXIS2_PLACEMENT_3D('',#10478,#8483,#8484);
#7181=AXIS2_PLACEMENT_3D('',#10480,#8486,#8487);
#7182=AXIS2_PLACEMENT_3D('',#10481,#8488,#8489);
#7183=AXIS2_PLACEMENT_3D('',#10484,#8490,#8491);
#7184=AXIS2_PLACEMENT_3D('',#10486,#8492,#8493);
#7185=AXIS2_PLACEMENT_3D('',#10488,#8495,#8496);
#7186=AXIS2_PLACEMENT_3D('',#10489,#8497,#8498);
#7187=AXIS2_PLACEMENT_3D('',#10492,#8499,#8500);
#7188=AXIS2_PLACEMENT_3D('',#10494,#8501,#8502);
#7189=AXIS2_PLACEMENT_3D('',#10496,#8504,#8505);
#7190=AXIS2_PLACEMENT_3D('',#10497,#8506,#8507);
#7191=AXIS2_PLACEMENT_3D('',#10500,#8508,#8509);
#7192=AXIS2_PLACEMENT_3D('',#10502,#8510,#8511);
#7193=AXIS2_PLACEMENT_3D('',#10504,#8513,#8514);
#7194=AXIS2_PLACEMENT_3D('',#10505,#8515,#8516);
#7195=AXIS2_PLACEMENT_3D('',#10508,#8517,#8518);
#7196=AXIS2_PLACEMENT_3D('',#10510,#8519,#8520);
#7197=AXIS2_PLACEMENT_3D('',#10512,#8522,#8523);
#7198=AXIS2_PLACEMENT_3D('',#10513,#8524,#8525);
#7199=AXIS2_PLACEMENT_3D('',#10516,#8526,#8527);
#7200=AXIS2_PLACEMENT_3D('',#10518,#8528,#8529);
#7201=AXIS2_PLACEMENT_3D('',#10520,#8531,#8532);
#7202=AXIS2_PLACEMENT_3D('',#10521,#8533,#8534);
#7203=AXIS2_PLACEMENT_3D('',#10524,#8535,#8536);
#7204=AXIS2_PLACEMENT_3D('',#10526,#8537,#8538);
#7205=AXIS2_PLACEMENT_3D('',#10528,#8540,#8541);
#7206=AXIS2_PLACEMENT_3D('',#10529,#8542,#8543);
#7207=AXIS2_PLACEMENT_3D('',#10532,#8544,#8545);
#7208=AXIS2_PLACEMENT_3D('',#10534,#8546,#8547);
#7209=AXIS2_PLACEMENT_3D('',#10536,#8549,#8550);
#7210=AXIS2_PLACEMENT_3D('',#10537,#8551,#8552);
#7211=AXIS2_PLACEMENT_3D('',#10540,#8553,#8554);
#7212=AXIS2_PLACEMENT_3D('',#10542,#8555,#8556);
#7213=AXIS2_PLACEMENT_3D('',#10544,#8558,#8559);
#7214=AXIS2_PLACEMENT_3D('',#10545,#8560,#8561);
#7215=AXIS2_PLACEMENT_3D('',#10548,#8562,#8563);
#7216=AXIS2_PLACEMENT_3D('',#10550,#8564,#8565);
#7217=AXIS2_PLACEMENT_3D('',#10552,#8567,#8568);
#7218=AXIS2_PLACEMENT_3D('',#10553,#8569,#8570);
#7219=AXIS2_PLACEMENT_3D('',#10556,#8571,#8572);
#7220=AXIS2_PLACEMENT_3D('',#10558,#8573,#8574);
#7221=AXIS2_PLACEMENT_3D('',#10560,#8576,#8577);
#7222=AXIS2_PLACEMENT_3D('',#10561,#8578,#8579);
#7223=AXIS2_PLACEMENT_3D('',#10564,#8580,#8581);
#7224=AXIS2_PLACEMENT_3D('',#10566,#8582,#8583);
#7225=AXIS2_PLACEMENT_3D('',#10568,#8585,#8586);
#7226=AXIS2_PLACEMENT_3D('',#10569,#8587,#8588);
#7227=AXIS2_PLACEMENT_3D('',#10572,#8589,#8590);
#7228=AXIS2_PLACEMENT_3D('',#10574,#8591,#8592);
#7229=AXIS2_PLACEMENT_3D('',#10576,#8594,#8595);
#7230=AXIS2_PLACEMENT_3D('',#10577,#8596,#8597);
#7231=AXIS2_PLACEMENT_3D('',#10580,#8598,#8599);
#7232=AXIS2_PLACEMENT_3D('',#10582,#8600,#8601);
#7233=AXIS2_PLACEMENT_3D('',#10584,#8603,#8604);
#7234=AXIS2_PLACEMENT_3D('',#10585,#8605,#8606);
#7235=AXIS2_PLACEMENT_3D('',#10588,#8607,#8608);
#7236=AXIS2_PLACEMENT_3D('',#10590,#8609,#8610);
#7237=AXIS2_PLACEMENT_3D('',#10592,#8612,#8613);
#7238=AXIS2_PLACEMENT_3D('',#10593,#8614,#8615);
#7239=AXIS2_PLACEMENT_3D('',#10596,#8616,#8617);
#7240=AXIS2_PLACEMENT_3D('',#10598,#8618,#8619);
#7241=AXIS2_PLACEMENT_3D('',#10600,#8621,#8622);
#7242=AXIS2_PLACEMENT_3D('',#10601,#8623,#8624);
#7243=AXIS2_PLACEMENT_3D('',#10604,#8625,#8626);
#7244=AXIS2_PLACEMENT_3D('',#10606,#8627,#8628);
#7245=AXIS2_PLACEMENT_3D('',#10608,#8630,#8631);
#7246=AXIS2_PLACEMENT_3D('',#10609,#8632,#8633);
#7247=AXIS2_PLACEMENT_3D('',#10612,#8634,#8635);
#7248=AXIS2_PLACEMENT_3D('',#10614,#8636,#8637);
#7249=AXIS2_PLACEMENT_3D('',#10616,#8639,#8640);
#7250=AXIS2_PLACEMENT_3D('',#10617,#8641,#8642);
#7251=AXIS2_PLACEMENT_3D('',#10620,#8643,#8644);
#7252=AXIS2_PLACEMENT_3D('',#10622,#8645,#8646);
#7253=AXIS2_PLACEMENT_3D('',#10624,#8648,#8649);
#7254=AXIS2_PLACEMENT_3D('',#10625,#8650,#8651);
#7255=AXIS2_PLACEMENT_3D('',#10628,#8652,#8653);
#7256=AXIS2_PLACEMENT_3D('',#10630,#8654,#8655);
#7257=AXIS2_PLACEMENT_3D('',#10632,#8657,#8658);
#7258=AXIS2_PLACEMENT_3D('',#10633,#8659,#8660);
#7259=AXIS2_PLACEMENT_3D('',#10636,#8661,#8662);
#7260=AXIS2_PLACEMENT_3D('',#10638,#8663,#8664);
#7261=AXIS2_PLACEMENT_3D('',#10640,#8666,#8667);
#7262=AXIS2_PLACEMENT_3D('',#10641,#8668,#8669);
#7263=AXIS2_PLACEMENT_3D('',#10644,#8670,#8671);
#7264=AXIS2_PLACEMENT_3D('',#10646,#8672,#8673);
#7265=AXIS2_PLACEMENT_3D('',#10648,#8675,#8676);
#7266=AXIS2_PLACEMENT_3D('',#10649,#8677,#8678);
#7267=AXIS2_PLACEMENT_3D('',#10652,#8679,#8680);
#7268=AXIS2_PLACEMENT_3D('',#10654,#8681,#8682);
#7269=AXIS2_PLACEMENT_3D('',#10656,#8684,#8685);
#7270=AXIS2_PLACEMENT_3D('',#10657,#8686,#8687);
#7271=AXIS2_PLACEMENT_3D('',#10660,#8688,#8689);
#7272=AXIS2_PLACEMENT_3D('',#10662,#8690,#8691);
#7273=AXIS2_PLACEMENT_3D('',#10664,#8693,#8694);
#7274=AXIS2_PLACEMENT_3D('',#10665,#8695,#8696);
#7275=AXIS2_PLACEMENT_3D('',#10668,#8697,#8698);
#7276=AXIS2_PLACEMENT_3D('',#10670,#8699,#8700);
#7277=AXIS2_PLACEMENT_3D('',#10672,#8702,#8703);
#7278=AXIS2_PLACEMENT_3D('',#10673,#8704,#8705);
#7279=AXIS2_PLACEMENT_3D('',#10676,#8706,#8707);
#7280=AXIS2_PLACEMENT_3D('',#10678,#8708,#8709);
#7281=AXIS2_PLACEMENT_3D('',#10680,#8711,#8712);
#7282=AXIS2_PLACEMENT_3D('',#10681,#8713,#8714);
#7283=AXIS2_PLACEMENT_3D('',#10684,#8715,#8716);
#7284=AXIS2_PLACEMENT_3D('',#10686,#8717,#8718);
#7285=AXIS2_PLACEMENT_3D('',#10688,#8720,#8721);
#7286=AXIS2_PLACEMENT_3D('',#10689,#8722,#8723);
#7287=AXIS2_PLACEMENT_3D('',#10692,#8724,#8725);
#7288=AXIS2_PLACEMENT_3D('',#10694,#8726,#8727);
#7289=AXIS2_PLACEMENT_3D('',#10696,#8729,#8730);
#7290=AXIS2_PLACEMENT_3D('',#10697,#8731,#8732);
#7291=AXIS2_PLACEMENT_3D('',#10700,#8733,#8734);
#7292=AXIS2_PLACEMENT_3D('',#10702,#8735,#8736);
#7293=AXIS2_PLACEMENT_3D('',#10704,#8738,#8739);
#7294=AXIS2_PLACEMENT_3D('',#10705,#8740,#8741);
#7295=AXIS2_PLACEMENT_3D('',#10708,#8742,#8743);
#7296=AXIS2_PLACEMENT_3D('',#10710,#8744,#8745);
#7297=AXIS2_PLACEMENT_3D('',#10712,#8747,#8748);
#7298=AXIS2_PLACEMENT_3D('',#10713,#8749,#8750);
#7299=AXIS2_PLACEMENT_3D('',#10716,#8751,#8752);
#7300=AXIS2_PLACEMENT_3D('',#10718,#8753,#8754);
#7301=AXIS2_PLACEMENT_3D('',#10720,#8756,#8757);
#7302=AXIS2_PLACEMENT_3D('',#10721,#8758,#8759);
#7303=AXIS2_PLACEMENT_3D('',#10724,#8760,#8761);
#7304=AXIS2_PLACEMENT_3D('',#10726,#8762,#8763);
#7305=AXIS2_PLACEMENT_3D('',#10728,#8765,#8766);
#7306=AXIS2_PLACEMENT_3D('',#10729,#8767,#8768);
#7307=AXIS2_PLACEMENT_3D('',#10732,#8769,#8770);
#7308=AXIS2_PLACEMENT_3D('',#10734,#8771,#8772);
#7309=AXIS2_PLACEMENT_3D('',#10736,#8774,#8775);
#7310=AXIS2_PLACEMENT_3D('',#10737,#8776,#8777);
#7311=AXIS2_PLACEMENT_3D('',#10740,#8778,#8779);
#7312=AXIS2_PLACEMENT_3D('',#10742,#8780,#8781);
#7313=AXIS2_PLACEMENT_3D('',#10744,#8783,#8784);
#7314=AXIS2_PLACEMENT_3D('',#10745,#8785,#8786);
#7315=AXIS2_PLACEMENT_3D('',#10748,#8787,#8788);
#7316=AXIS2_PLACEMENT_3D('',#10750,#8789,#8790);
#7317=AXIS2_PLACEMENT_3D('',#10752,#8792,#8793);
#7318=AXIS2_PLACEMENT_3D('',#10753,#8794,#8795);
#7319=AXIS2_PLACEMENT_3D('',#10756,#8796,#8797);
#7320=AXIS2_PLACEMENT_3D('',#10758,#8798,#8799);
#7321=AXIS2_PLACEMENT_3D('',#10760,#8801,#8802);
#7322=AXIS2_PLACEMENT_3D('',#10761,#8803,#8804);
#7323=AXIS2_PLACEMENT_3D('',#10764,#8805,#8806);
#7324=AXIS2_PLACEMENT_3D('',#10766,#8807,#8808);
#7325=AXIS2_PLACEMENT_3D('',#10768,#8810,#8811);
#7326=AXIS2_PLACEMENT_3D('',#10769,#8812,#8813);
#7327=AXIS2_PLACEMENT_3D('',#10772,#8814,#8815);
#7328=AXIS2_PLACEMENT_3D('',#10774,#8816,#8817);
#7329=AXIS2_PLACEMENT_3D('',#10776,#8819,#8820);
#7330=AXIS2_PLACEMENT_3D('',#10777,#8821,#8822);
#7331=AXIS2_PLACEMENT_3D('',#10780,#8823,#8824);
#7332=AXIS2_PLACEMENT_3D('',#10782,#8825,#8826);
#7333=AXIS2_PLACEMENT_3D('',#10784,#8828,#8829);
#7334=AXIS2_PLACEMENT_3D('',#10785,#8830,#8831);
#7335=AXIS2_PLACEMENT_3D('',#10788,#8832,#8833);
#7336=AXIS2_PLACEMENT_3D('',#10790,#8834,#8835);
#7337=AXIS2_PLACEMENT_3D('',#10792,#8837,#8838);
#7338=AXIS2_PLACEMENT_3D('',#10793,#8839,#8840);
#7339=AXIS2_PLACEMENT_3D('',#10796,#8841,#8842);
#7340=AXIS2_PLACEMENT_3D('',#10798,#8843,#8844);
#7341=AXIS2_PLACEMENT_3D('',#10800,#8846,#8847);
#7342=AXIS2_PLACEMENT_3D('',#10801,#8848,#8849);
#7343=AXIS2_PLACEMENT_3D('',#10804,#8850,#8851);
#7344=AXIS2_PLACEMENT_3D('',#10806,#8852,#8853);
#7345=AXIS2_PLACEMENT_3D('',#10808,#8855,#8856);
#7346=AXIS2_PLACEMENT_3D('',#10809,#8857,#8858);
#7347=AXIS2_PLACEMENT_3D('',#10812,#8859,#8860);
#7348=AXIS2_PLACEMENT_3D('',#10814,#8861,#8862);
#7349=AXIS2_PLACEMENT_3D('',#10816,#8864,#8865);
#7350=AXIS2_PLACEMENT_3D('',#10817,#8866,#8867);
#7351=AXIS2_PLACEMENT_3D('',#10820,#8868,#8869);
#7352=AXIS2_PLACEMENT_3D('',#10822,#8870,#8871);
#7353=AXIS2_PLACEMENT_3D('',#10824,#8873,#8874);
#7354=AXIS2_PLACEMENT_3D('',#10825,#8875,#8876);
#7355=AXIS2_PLACEMENT_3D('',#10960,#8975,#8976);
#7356=AXIS2_PLACEMENT_3D('',#11057,#8989,#8990);
#7357=AXIS2_PLACEMENT_3D('',#11060,#8993,#8994);
#7358=AXIS2_PLACEMENT_3D('',#11062,#8996,#8997);
#7359=AXIS2_PLACEMENT_3D('',#11064,#8999,#9000);
#7360=AXIS2_PLACEMENT_3D('',#11065,#9001,#9002);
#7361=AXIS2_PLACEMENT_3D('',#11071,#9006,#9007);
#7362=AXIS2_PLACEMENT_3D('',#11075,#9010,#9011);
#7363=AXIS2_PLACEMENT_3D('',#11079,#9014,#9015);
#7364=AXIS2_PLACEMENT_3D('',#11081,#9017,#9018);
#7365=AXIS2_PLACEMENT_3D('',#11082,#9019,#9020);
#7366=AXIS2_PLACEMENT_3D('',#11088,#9024,#9025);
#7367=AXIS2_PLACEMENT_3D('',#11173,#9031,#9032);
#7368=AXIS2_PLACEMENT_3D('',#11235,#9037,#9038);
#7369=AXIS2_PLACEMENT_3D('',#11307,#9042,#9043);
#7370=AXIS2_PLACEMENT_3D('',#11308,#9044,#9045);
#7371=AXIS2_PLACEMENT_3D('',#11314,#9049,#9050);
#7372=AXIS2_PLACEMENT_3D('',#11318,#9053,#9054);
#7373=AXIS2_PLACEMENT_3D('',#11322,#9057,#9058);
#7374=AXIS2_PLACEMENT_3D('',#11324,#9060,#9061);
#7375=AXIS2_PLACEMENT_3D('',#11325,#9062,#9063);
#7376=AXIS2_PLACEMENT_3D('',#11326,#9064,#9065);
#7377=AXIS2_PLACEMENT_3D('',#11327,#9066,#9067);
#7378=AXIS2_PLACEMENT_3D('',#11328,#9068,#9069);
#7379=AXIS2_PLACEMENT_3D('',#11329,#9070,#9071);
#7380=AXIS2_PLACEMENT_3D('',#11330,#9072,#9073);
#7381=AXIS2_PLACEMENT_3D('',#11331,#9074,#9075);
#7382=AXIS2_PLACEMENT_3D('',#11332,#9076,#9077);
#7383=AXIS2_PLACEMENT_3D('',#11333,#9078,#9079);
#7384=AXIS2_PLACEMENT_3D('',#11334,#9080,#9081);
#7385=AXIS2_PLACEMENT_3D('',#11335,#9082,#9083);
#7386=AXIS2_PLACEMENT_3D('',#11336,#9084,#9085);
#7387=AXIS2_PLACEMENT_3D('',#11337,#9086,#9087);
#7388=AXIS2_PLACEMENT_3D('',#11338,#9088,#9089);
#7389=AXIS2_PLACEMENT_3D('',#11339,#9090,#9091);
#7390=AXIS2_PLACEMENT_3D('',#11340,#9092,#9093);
#7391=AXIS2_PLACEMENT_3D('',#11341,#9094,#9095);
#7392=AXIS2_PLACEMENT_3D('',#11342,#9096,#9097);
#7393=AXIS2_PLACEMENT_3D('',#11343,#9098,#9099);
#7394=AXIS2_PLACEMENT_3D('',#11344,#9100,#9101);
#7395=AXIS2_PLACEMENT_3D('',#11345,#9102,#9103);
#7396=AXIS2_PLACEMENT_3D('',#11346,#9104,#9105);
#7397=AXIS2_PLACEMENT_3D('',#11347,#9106,#9107);
#7398=AXIS2_PLACEMENT_3D('',#11348,#9108,#9109);
#7399=AXIS2_PLACEMENT_3D('',#11349,#9110,#9111);
#7400=AXIS2_PLACEMENT_3D('',#11350,#9112,#9113);
#7401=AXIS2_PLACEMENT_3D('',#11351,#9114,#9115);
#7402=AXIS2_PLACEMENT_3D('',#11352,#9116,#9117);
#7403=AXIS2_PLACEMENT_3D('',#11353,#9118,#9119);
#7404=AXIS2_PLACEMENT_3D('',#11354,#9120,#9121);
#7405=AXIS2_PLACEMENT_3D('',#11355,#9122,#9123);
#7406=AXIS2_PLACEMENT_3D('',#11356,#9124,#9125);
#7407=AXIS2_PLACEMENT_3D('',#11357,#9126,#9127);
#7408=AXIS2_PLACEMENT_3D('',#11358,#9128,#9129);
#7409=AXIS2_PLACEMENT_3D('',#11359,#9130,#9131);
#7410=AXIS2_PLACEMENT_3D('',#11360,#9132,#9133);
#7411=AXIS2_PLACEMENT_3D('',#11361,#9134,#9135);
#7412=AXIS2_PLACEMENT_3D('',#11362,#9136,#9137);
#7413=AXIS2_PLACEMENT_3D('',#11363,#9138,#9139);
#7414=AXIS2_PLACEMENT_3D('',#11364,#9140,#9141);
#7415=AXIS2_PLACEMENT_3D('',#11365,#9142,#9143);
#7416=AXIS2_PLACEMENT_3D('',#11366,#9144,#9145);
#7417=AXIS2_PLACEMENT_3D('',#11367,#9146,#9147);
#7418=AXIS2_PLACEMENT_3D('',#11368,#9148,#9149);
#7419=AXIS2_PLACEMENT_3D('',#11369,#9150,#9151);
#7420=AXIS2_PLACEMENT_3D('',#11370,#9152,#9153);
#7421=AXIS2_PLACEMENT_3D('',#11371,#9154,#9155);
#7422=AXIS2_PLACEMENT_3D('',#11372,#9156,#9157);
#7423=AXIS2_PLACEMENT_3D('',#11373,#9158,#9159);
#7424=AXIS2_PLACEMENT_3D('',#11374,#9160,#9161);
#7425=AXIS2_PLACEMENT_3D('',#11375,#9162,#9163);
#7426=AXIS2_PLACEMENT_3D('',#11376,#9164,#9165);
#7427=AXIS2_PLACEMENT_3D('',#11377,#9166,#9167);
#7428=AXIS2_PLACEMENT_3D('',#11378,#9168,#9169);
#7429=AXIS2_PLACEMENT_3D('',#11379,#9170,#9171);
#7430=AXIS2_PLACEMENT_3D('',#11380,#9172,#9173);
#7431=AXIS2_PLACEMENT_3D('',#11381,#9174,#9175);
#7432=AXIS2_PLACEMENT_3D('',#11382,#9176,#9177);
#7433=AXIS2_PLACEMENT_3D('',#11383,#9178,#9179);
#7434=AXIS2_PLACEMENT_3D('',#11384,#9180,#9181);
#7435=AXIS2_PLACEMENT_3D('',#11385,#9182,#9183);
#7436=AXIS2_PLACEMENT_3D('',#11386,#9184,#9185);
#7437=AXIS2_PLACEMENT_3D('',#11387,#9186,#9187);
#7438=AXIS2_PLACEMENT_3D('',#11393,#9191,#9192);
#7439=AXIS2_PLACEMENT_3D('',#11397,#9195,#9196);
#7440=AXIS2_PLACEMENT_3D('',#11401,#9199,#9200);
#7441=AXIS2_PLACEMENT_3D('',#11403,#9202,#9203);
#7442=AXIS2_PLACEMENT_3D('',#11404,#9204,#9205);
#7443=AXIS2_PLACEMENT_3D('',#11410,#9209,#9210);
#7444=AXIS2_PLACEMENT_3D('',#11414,#9213,#9214);
#7445=AXIS2_PLACEMENT_3D('',#11418,#9217,#9218);
#7446=AXIS2_PLACEMENT_3D('',#11420,#9220,#9221);
#7447=AXIS2_PLACEMENT_3D('',#11421,#9222,#9223);
#7448=AXIS2_PLACEMENT_3D('',#11427,#9227,#9228);
#7449=AXIS2_PLACEMENT_3D('',#11431,#9231,#9232);
#7450=AXIS2_PLACEMENT_3D('',#11435,#9235,#9236);
#7451=AXIS2_PLACEMENT_3D('',#11437,#9238,#9239);
#7452=AXIS2_PLACEMENT_3D('',#11438,#9240,#9241);
#7453=AXIS2_PLACEMENT_3D('',#11444,#9245,#9246);
#7454=AXIS2_PLACEMENT_3D('',#11448,#9249,#9250);
#7455=AXIS2_PLACEMENT_3D('',#11452,#9253,#9254);
#7456=AXIS2_PLACEMENT_3D('',#11454,#9256,#9257);
#7457=AXIS2_PLACEMENT_3D('',#11455,#9258,#9259);
#7458=AXIS2_PLACEMENT_3D('',#11461,#9263,#9264);
#7459=AXIS2_PLACEMENT_3D('',#11465,#9267,#9268);
#7460=AXIS2_PLACEMENT_3D('',#11469,#9271,#9272);
#7461=AXIS2_PLACEMENT_3D('',#11471,#9274,#9275);
#7462=AXIS2_PLACEMENT_3D('',#11472,#9276,#9277);
#7463=AXIS2_PLACEMENT_3D('',#11478,#9281,#9282);
#7464=AXIS2_PLACEMENT_3D('',#11482,#9285,#9286);
#7465=AXIS2_PLACEMENT_3D('',#11486,#9289,#9290);
#7466=AXIS2_PLACEMENT_3D('',#11488,#9292,#9293);
#7467=AXIS2_PLACEMENT_3D('',#11489,#9294,#9295);
#7468=AXIS2_PLACEMENT_3D('',#11495,#9299,#9300);
#7469=AXIS2_PLACEMENT_3D('',#11499,#9303,#9304);
#7470=AXIS2_PLACEMENT_3D('',#11503,#9307,#9308);
#7471=AXIS2_PLACEMENT_3D('',#11505,#9310,#9311);
#7472=AXIS2_PLACEMENT_3D('',#11506,#9312,#9313);
#7473=AXIS2_PLACEMENT_3D('',#11507,#9314,#9315);
#7474=AXIS2_PLACEMENT_3D('',#11508,#9316,#9317);
#7475=AXIS2_PLACEMENT_3D('',#11509,#9318,#9319);
#7476=AXIS2_PLACEMENT_3D('',#11512,#9320,#9321);
#7477=AXIS2_PLACEMENT_3D('',#11513,#9322,#9323);
#7478=AXIS2_PLACEMENT_3D('',#11516,#9325,#9326);
#7479=AXIS2_PLACEMENT_3D('',#11517,#9327,#9328);
#7480=AXIS2_PLACEMENT_3D('',#11519,#9329,#9330);
#7481=AXIS2_PLACEMENT_3D('',#11522,#9332,#9333);
#7482=AXIS2_PLACEMENT_3D('',#11523,#9334,#9335);
#7483=AXIS2_PLACEMENT_3D('',#11526,#9337,#9338);
#7484=AXIS2_PLACEMENT_3D('',#11527,#9339,#9340);
#7485=AXIS2_PLACEMENT_3D('',#11530,#9341,#9342);
#7486=AXIS2_PLACEMENT_3D('',#11534,#9344,#9345);
#7487=AXIS2_PLACEMENT_3D('',#11536,#9347,#9348);
#7488=AXIS2_PLACEMENT_3D('',#11539,#9349,#9350);
#7489=AXIS2_PLACEMENT_3D('',#11543,#9352,#9353);
#7490=AXIS2_PLACEMENT_3D('',#11545,#9355,#9356);
#7491=AXIS2_PLACEMENT_3D('',#11554,#9361,#9362);
#7492=AXIS2_PLACEMENT_3D('',#11571,#9371,#9372);
#7493=AXIS2_PLACEMENT_3D('',#11574,#9375,#9376);
#7494=AXIS2_PLACEMENT_3D('',#11576,#9378,#9379);
#7495=AXIS2_PLACEMENT_3D('',#11578,#9381,#9382);
#7496=AXIS2_PLACEMENT_3D('',#11579,#9383,#9384);
#7497=AXIS2_PLACEMENT_3D('',#11585,#9388,#9389);
#7498=AXIS2_PLACEMENT_3D('',#11589,#9392,#9393);
#7499=AXIS2_PLACEMENT_3D('',#11593,#9396,#9397);
#7500=AXIS2_PLACEMENT_3D('',#11595,#9399,#9400);
#7501=AXIS2_PLACEMENT_3D('',#11600,#9403,#9404);
#7502=AXIS2_PLACEMENT_3D('',#11604,#9406,#9407);
#7503=AXIS2_PLACEMENT_3D('',#11606,#9409,#9410);
#7504=AXIS2_PLACEMENT_3D('',#11608,#9412,#9413);
#7505=AXIS2_PLACEMENT_3D('',#11612,#9416,#9417);
#7506=AXIS2_PLACEMENT_3D('',#11614,#9418,#9419);
#7507=AXIS2_PLACEMENT_3D('',#11616,#9421,#9422);
#7508=AXIS2_PLACEMENT_3D('',#11620,#9425,#9426);
#7509=AXIS2_PLACEMENT_3D('',#11622,#9427,#9428);
#7510=AXIS2_PLACEMENT_3D('',#11624,#9430,#9431);
#7511=AXIS2_PLACEMENT_3D('',#11626,#9433,#9434);
#7512=AXIS2_PLACEMENT_3D('',#11631,#9436,#9437);
#7513=AXIS2_PLACEMENT_3D('',#11635,#9439,#9440);
#7514=AXIS2_PLACEMENT_3D('',#11639,#9442,#9443);
#7515=AXIS2_PLACEMENT_3D('',#11642,#9445,#9446);
#7516=AXIS2_PLACEMENT_3D('',#11643,#9447,#9448);
#7517=AXIS2_PLACEMENT_3D('',#11646,#9449,#9450);
#7518=AXIS2_PLACEMENT_3D('',#11650,#9452,#9453);
#7519=AXIS2_PLACEMENT_3D('',#11654,#9455,#9456);
#7520=AXIS2_PLACEMENT_3D('',#11658,#9458,#9459);
#7521=AXIS2_PLACEMENT_3D('',#11660,#9461,#9462);
#7522=AXIS2_PLACEMENT_3D('',#11663,#9465,#9466);
#7523=AXIS2_PLACEMENT_3D('',#11665,#9468,#9469);
#7524=AXIS2_PLACEMENT_3D('',#11667,#9471,#9472);
#7525=AXIS2_PLACEMENT_3D('',#11669,#9474,#9475);
#7526=AXIS2_PLACEMENT_3D('',#11671,#9477,#9478);
#7527=AXIS2_PLACEMENT_3D('',#11673,#9480,#9481);
#7528=AXIS2_PLACEMENT_3D('',#11675,#9483,#9484);
#7529=AXIS2_PLACEMENT_3D('',#11676,#9485,#9486);
#7530=AXIS2_PLACEMENT_3D('',#11677,#9487,#9488);
#7531=AXIS2_PLACEMENT_3D('',#11678,#9489,#9490);
#7532=AXIS2_PLACEMENT_3D('',#11679,#9491,#9492);
#7533=AXIS2_PLACEMENT_3D('',#11680,#9493,#9494);
#7534=AXIS2_PLACEMENT_3D('',#11689,#9499,#9500);
#7535=AXIS2_PLACEMENT_3D('',#11695,#9504,#9505);
#7536=AXIS2_PLACEMENT_3D('',#11701,#9509,#9510);
#7537=AXIS2_PLACEMENT_3D('',#11704,#9513,#9514);
#7538=AXIS2_PLACEMENT_3D('',#11705,#9515,#9516);
#7539=AXIS2_PLACEMENT_3D('',#11706,#9517,#9518);
#7540=AXIS2_PLACEMENT_3D('',#11707,#9519,#9520);
#7541=AXIS2_PLACEMENT_3D('',#11708,#9521,#9522);
#7542=AXIS2_PLACEMENT_3D('',#11710,#9523,#9524);
#7543=AXIS2_PLACEMENT_3D('',#11713,#9526,#9527);
#7544=AXIS2_PLACEMENT_3D('',#11714,#9528,#9529);
#7545=AXIS2_PLACEMENT_3D('',#11715,#9530,#9531);
#7546=AXIS2_PLACEMENT_3D('',#11717,#9532,#9533);
#7547=AXIS2_PLACEMENT_3D('',#11720,#9535,#9536);
#7548=AXIS2_PLACEMENT_3D('',#11721,#9537,#9538);
#7549=AXIS2_PLACEMENT_3D('',#11723,#9539,#9540);
#7550=AXIS2_PLACEMENT_3D('',#11724,#9541,#9542);
#7551=AXIS2_PLACEMENT_3D('',#11727,#9544,#9545);
#7552=AXIS2_PLACEMENT_3D('',#11728,#9546,#9547);
#7553=AXIS2_PLACEMENT_3D('',#11730,#9548,#9549);
#7554=AXIS2_PLACEMENT_3D('',#11733,#9551,#9552);
#7555=AXIS2_PLACEMENT_3D('',#11734,#9553,#9554);
#7556=AXIS2_PLACEMENT_3D('',#11739,#9556,#9557);
#7557=AXIS2_PLACEMENT_3D('',#11743,#9559,#9560);
#7558=AXIS2_PLACEMENT_3D('',#11747,#9562,#9563);
#7559=AXIS2_PLACEMENT_3D('',#11752,#9566,#9567);
#7560=AXIS2_PLACEMENT_3D('',#11754,#9568,#9569);
#7561=AXIS2_PLACEMENT_3D('',#11758,#9571,#9572);
#7562=AXIS2_PLACEMENT_3D('',#11761,#9574,#9575);
#7563=AXIS2_PLACEMENT_3D('',#11762,#9576,#9577);
#7564=AXIS2_PLACEMENT_3D('',#11766,#9579,#9580);
#7565=AXIS2_PLACEMENT_3D('',#11771,#9583,#9584);
#7566=AXIS2_PLACEMENT_3D('',#11776,#9587,#9588);
#7567=AXIS2_PLACEMENT_3D('',#11778,#9590,#9591);
#7568=AXIS2_PLACEMENT_3D('',#11779,#9592,#9593);
#7569=AXIS2_PLACEMENT_3D('',#11780,#9594,#9595);
#7570=AXIS2_PLACEMENT_3D('',#11781,#9596,#9597);
#7571=AXIS2_PLACEMENT_3D('',#11784,#9600,#9601);
#7572=AXIS2_PLACEMENT_3D('',#11785,#9602,#9603);
#7573=AXIS2_PLACEMENT_3D('',#11786,#9604,#9605);
#7574=AXIS2_PLACEMENT_3D('',#11789,#9608,#9609);
#7575=AXIS2_PLACEMENT_3D('',#11790,#9610,#9611);
#7576=AXIS2_PLACEMENT_3D('',#11791,#9612,#9613);
#7577=AXIS2_PLACEMENT_3D('',#11794,#9616,#9617);
#7578=AXIS2_PLACEMENT_3D('',#11795,#9618,#9619);
#7579=AXIS2_PLACEMENT_3D('',#11796,#9620,#9621);
#7580=AXIS2_PLACEMENT_3D('',#11797,#9622,#9623);
#7581=AXIS2_PLACEMENT_3D('',#11806,#9628,#9629);
#7582=AXIS2_PLACEMENT_3D('',#11841,#9634,#9635);
#7583=AXIS2_PLACEMENT_3D('',#11878,#9636,#9637);
#7584=AXIS2_PLACEMENT_3D('',#11879,#9638,#9639);
#7585=AXIS2_PLACEMENT_3D('',#11882,#9640,#9641);
#7586=AXIS2_PLACEMENT_3D('',#11886,#9643,#9644);
#7587=AXIS2_PLACEMENT_3D('',#11888,#9646,#9647);
#7588=AXIS2_PLACEMENT_3D('',#11894,#9651,#9652);
#7589=AXIS2_PLACEMENT_3D('',#11896,#9653,#9654);
#7590=AXIS2_PLACEMENT_3D('',#11899,#9656,#9657);
#7591=AXIS2_PLACEMENT_3D('',#11900,#9658,#9659);
#7592=AXIS2_PLACEMENT_3D('',#11906,#9663,#9664);
#7593=AXIS2_PLACEMENT_3D('',#11908,#9665,#9666);
#7594=AXIS2_PLACEMENT_3D('',#11911,#9668,#9669);
#7595=AXIS2_PLACEMENT_3D('',#11912,#9670,#9671);
#7596=AXIS2_PLACEMENT_3D('',#11918,#9675,#9676);
#7597=AXIS2_PLACEMENT_3D('',#11920,#9677,#9678);
#7598=AXIS2_PLACEMENT_3D('',#11923,#9680,#9681);
#7599=AXIS2_PLACEMENT_3D('',#11924,#9682,#9683);
#7600=AXIS2_PLACEMENT_3D('',#11927,#9686,#9687);
#7601=AXIS2_PLACEMENT_3D('',#11928,#9688,#9689);
#7602=AXIS2_PLACEMENT_3D('',#11937,#9694,#9695);
#7603=AXIS2_PLACEMENT_3D('',#11943,#9699,#9700);
#7604=AXIS2_PLACEMENT_3D('',#11949,#9704,#9705);
#7605=AXIS2_PLACEMENT_3D('',#11952,#9708,#9709);
#7606=AXIS2_PLACEMENT_3D('',#11953,#9710,#9711);
#7607=AXIS2_PLACEMENT_3D('',#11954,#9712,#9713);
#7608=AXIS2_PLACEMENT_3D('',#11955,#9714,#9715);
#7609=AXIS2_PLACEMENT_3D('',#11956,#9716,#9717);
#7610=AXIS2_PLACEMENT_3D('',#11957,#9718,#9719);
#7611=AXIS2_PLACEMENT_3D('',#11958,#9720,#9721);
#7612=AXIS2_PLACEMENT_3D('',#11959,#9722,#9723);
#7613=AXIS2_PLACEMENT_3D('',#11960,#9724,#9725);
#7614=AXIS2_PLACEMENT_3D('',#11961,#9726,#9727);
#7615=AXIS2_PLACEMENT_3D('',#11963,#9728,#9729);
#7616=AXIS2_PLACEMENT_3D('',#11964,#9730,#9731);
#7617=AXIS2_PLACEMENT_3D('',#11973,#9736,#9737);
#7618=AXIS2_PLACEMENT_3D('',#11975,#9738,#9739);
#7619=AXIS2_PLACEMENT_3D('',#11979,#9742,#9743);
#7620=AXIS2_PLACEMENT_3D('',#11981,#9744,#9745);
#7621=AXIS2_PLACEMENT_3D('',#11985,#9748,#9749);
#7622=AXIS2_PLACEMENT_3D('',#11988,#9752,#9753);
#7623=AXIS2_PLACEMENT_3D('',#11989,#9754,#9755);
#7624=AXIS2_PLACEMENT_3D('',#11991,#9756,#9757);
#7625=AXIS2_PLACEMENT_3D('',#11993,#9759,#9760);
#7626=AXIS2_PLACEMENT_3D('',#11994,#9761,#9762);
#7627=DIRECTION('axis',(0.,0.,1.));
#7628=DIRECTION('refdir',(1.,0.,0.));
#7629=DIRECTION('axis',(0.,0.,1.));
#7630=DIRECTION('refdir',(1.,0.,0.));
#7631=DIRECTION('axis',(0.,0.,1.));
#7632=DIRECTION('refdir',(1.,0.,0.));
#7633=DIRECTION('axis',(0.,0.,1.));
#7634=DIRECTION('refdir',(1.,0.,0.));
#7635=DIRECTION('center_axis',(0.,1.,0.));
#7636=DIRECTION('ref_axis',(0.,0.,1.));
#7637=DIRECTION('center_axis',(0.,1.,0.));
#7638=DIRECTION('ref_axis',(0.,0.,-1.));
#7639=DIRECTION('',(0.,1.,0.));
#7640=DIRECTION('center_axis',(0.,1.,0.));
#7641=DIRECTION('ref_axis',(0.,0.,-1.));
#7642=DIRECTION('center_axis',(0.,1.,0.));
#7643=DIRECTION('ref_axis',(0.,0.,1.));
#7644=DIRECTION('center_axis',(0.,1.,0.));
#7645=DIRECTION('ref_axis',(0.,0.,-1.));
#7646=DIRECTION('',(0.,1.,0.));
#7647=DIRECTION('center_axis',(0.,1.,0.));
#7648=DIRECTION('ref_axis',(0.,0.,-1.));
#7649=DIRECTION('center_axis',(0.,1.,0.));
#7650=DIRECTION('ref_axis',(0.,0.,1.));
#7651=DIRECTION('center_axis',(0.,1.,0.));
#7652=DIRECTION('ref_axis',(0.,0.,1.));
#7653=DIRECTION('',(0.,1.,0.));
#7654=DIRECTION('center_axis',(0.,1.,0.));
#7655=DIRECTION('ref_axis',(0.,0.,1.));
#7656=DIRECTION('center_axis',(0.,1.,0.));
#7657=DIRECTION('ref_axis',(0.,0.,1.));
#7658=DIRECTION('center_axis',(0.,1.,0.));
#7659=DIRECTION('ref_axis',(0.,0.,1.));
#7660=DIRECTION('',(0.,1.,0.));
#7661=DIRECTION('center_axis',(0.,1.,0.));
#7662=DIRECTION('ref_axis',(0.,0.,1.));
#7663=DIRECTION('center_axis',(0.,1.,0.));
#7664=DIRECTION('ref_axis',(0.,0.,1.));
#7665=DIRECTION('',(-5.78241158658936E-16,0.,1.));
#7666=DIRECTION('',(1.,0.,-1.38777878078144E-16));
#7667=DIRECTION('',(-7.2280144832367E-17,0.,-1.));
#7668=DIRECTION('',(-1.,0.,-2.08166817117217E-16));
#7669=DIRECTION('',(-1.,0.,0.));
#7670=DIRECTION('',(2.16840434497101E-15,0.,-1.));
#7671=DIRECTION('',(1.,0.,1.42190448850558E-15));
#7672=DIRECTION('',(0.,0.,1.));
#7673=DIRECTION('center_axis',(0.,1.,0.));
#7674=DIRECTION('ref_axis',(0.,0.,1.));
#7675=DIRECTION('',(0.,0.,-1.));
#7676=DIRECTION('',(1.,0.,-1.38777878078144E-16));
#7677=DIRECTION('',(-5.78241158658936E-16,0.,1.));
#7678=DIRECTION('',(-1.,0.,-2.08166817117217E-16));
#7679=DIRECTION('',(-7.2280144832367E-17,0.,-1.));
#7680=DIRECTION('',(1.,0.,-1.38777878078144E-16));
#7681=DIRECTION('',(0.,0.,1.));
#7682=DIRECTION('',(1.,0.,1.25100250671404E-16));
#7683=DIRECTION('center_axis',(-1.,0.,-5.78241158658936E-16));
#7684=DIRECTION('ref_axis',(-5.78241158658936E-16,0.,1.));
#7685=DIRECTION('',(0.,1.,0.));
#7686=DIRECTION('',(0.,1.,0.));
#7687=DIRECTION('center_axis',(2.08166817117217E-16,0.,-1.));
#7688=DIRECTION('ref_axis',(-1.,0.,-2.08166817117217E-16));
#7689=DIRECTION('',(0.,1.,0.));
#7690=DIRECTION('center_axis',(1.,0.,-7.2280144832367E-17));
#7691=DIRECTION('ref_axis',(-7.2280144832367E-17,0.,-1.));
#7692=DIRECTION('',(0.,1.,0.));
#7693=DIRECTION('center_axis',(1.38777878078144E-16,0.,1.));
#7694=DIRECTION('ref_axis',(1.,0.,-1.38777878078144E-16));
#7695=DIRECTION('',(0.,1.,0.));
#7696=DIRECTION('',(-1.,0.,0.));
#7697=DIRECTION('',(0.,1.,0.));
#7698=DIRECTION('',(0.,-1.,0.));
#7699=DIRECTION('',(-1.,0.,0.));
#7700=DIRECTION('',(0.,1.,0.));
#7701=DIRECTION('',(1.,0.,0.));
#7702=DIRECTION('center_axis',(1.,0.,0.));
#7703=DIRECTION('ref_axis',(0.,0.,-1.));
#7704=DIRECTION('',(0.,1.,0.));
#7705=DIRECTION('',(0.,0.,-1.));
#7706=DIRECTION('center_axis',(-1.25100250671404E-16,0.,1.));
#7707=DIRECTION('ref_axis',(1.,0.,1.25100250671404E-16));
#7708=DIRECTION('',(0.,1.,0.));
#7709=DIRECTION('',(1.,0.,1.25100250671404E-16));
#7710=DIRECTION('center_axis',(-1.,0.,0.));
#7711=DIRECTION('ref_axis',(0.,0.,1.));
#7712=DIRECTION('',(0.,0.,1.));
#7713=DIRECTION('center_axis',(0.,-1.,0.));
#7714=DIRECTION('ref_axis',(0.,0.,-1.));
#7715=DIRECTION('center_axis',(-1.,0.,-2.16840434497101E-15));
#7716=DIRECTION('ref_axis',(-2.16840434497101E-15,0.,1.));
#7717=DIRECTION('',(0.,-1.,0.));
#7718=DIRECTION('',(2.16840434497101E-15,0.,-1.));
#7719=DIRECTION('',(0.,-1.,0.));
#7720=DIRECTION('center_axis',(0.,0.,1.));
#7721=DIRECTION('ref_axis',(1.,0.,0.));
#7722=DIRECTION('',(0.,-1.,0.));
#7723=DIRECTION('',(-1.,0.,0.));
#7724=DIRECTION('center_axis',(1.,0.,0.));
#7725=DIRECTION('ref_axis',(0.,0.,-1.));
#7726=DIRECTION('',(0.,-1.,0.));
#7727=DIRECTION('',(0.,0.,1.));
#7728=DIRECTION('center_axis',(1.42190448850558E-15,0.,-1.));
#7729=DIRECTION('ref_axis',(-1.,0.,-1.42190448850558E-15));
#7730=DIRECTION('',(1.,0.,1.42190448850558E-15));
#7731=DIRECTION('center_axis',(0.,1.,0.));
#7732=DIRECTION('ref_axis',(0.,0.,1.));
#7733=DIRECTION('center_axis',(-1.,0.,0.));
#7734=DIRECTION('ref_axis',(0.,0.,1.));
#7735=DIRECTION('',(0.,0.,1.));
#7736=DIRECTION('',(0.,-1.,0.));
#7737=DIRECTION('',(0.,0.,1.));
#7738=DIRECTION('center_axis',(0.,1.,0.));
#7739=DIRECTION('ref_axis',(0.,0.,1.));
#7740=DIRECTION('',(-1.,0.,0.));
#7741=DIRECTION('',(0.,0.,1.));
#7742=DIRECTION('center_axis',(1.,0.,0.));
#7743=DIRECTION('ref_axis',(0.,0.,-1.));
#7744=DIRECTION('',(0.,1.,0.));
#7745=DIRECTION('',(0.,0.,1.));
#7746=DIRECTION('center_axis',(0.,-1.,0.));
#7747=DIRECTION('ref_axis',(0.,0.,-1.));
#7748=DIRECTION('',(1.,0.,0.));
#7749=DIRECTION('center_axis',(0.,0.,1.));
#7750=DIRECTION('ref_axis',(1.,0.,0.));
#7751=DIRECTION('',(0.,0.,1.));
#7752=DIRECTION('',(1.,0.,0.));
#7753=DIRECTION('axis',(0.,0.,1.));
#7754=DIRECTION('refdir',(1.,0.,0.));
#7755=DIRECTION('axis',(0.,0.,1.));
#7756=DIRECTION('refdir',(1.,0.,0.));
#7757=DIRECTION('axis',(0.,0.,1.));
#7758=DIRECTION('refdir',(1.,0.,0.));
#7759=DIRECTION('center_axis',(1.,0.,0.));
#7760=DIRECTION('ref_axis',(0.,0.,-1.));
#7761=DIRECTION('center_axis',(0.,1.,0.));
#7762=DIRECTION('ref_axis',(0.,0.,1.));
#7763=DIRECTION('center_axis',(-1.,0.,0.));
#7764=DIRECTION('ref_axis',(0.,0.,-1.));
#7765=DIRECTION('center_axis',(0.,0.815453523909268,0.578822555144456));
#7766=DIRECTION('ref_axis',(0.,0.578822555144456,-0.815453523909268));
#7767=DIRECTION('center_axis',(1.,0.,0.));
#7768=DIRECTION('ref_axis',(0.,0.,-1.));
#7769=DIRECTION('center_axis',(0.,1.,0.));
#7770=DIRECTION('ref_axis',(0.,0.,1.));
#7771=DIRECTION('center_axis',(-1.,0.,0.));
#7772=DIRECTION('ref_axis',(0.,0.,-1.));
#7773=DIRECTION('center_axis',(0.,0.815453523909268,0.578822555144456));
#7774=DIRECTION('ref_axis',(0.,0.578822555144456,-0.815453523909268));
#7775=DIRECTION('center_axis',(1.,0.,0.));
#7776=DIRECTION('ref_axis',(0.,0.,-1.));
#7777=DIRECTION('center_axis',(0.,1.,0.));
#7778=DIRECTION('ref_axis',(0.,0.,1.));
#7779=DIRECTION('center_axis',(-1.,0.,0.));
#7780=DIRECTION('ref_axis',(0.,0.,-1.));
#7781=DIRECTION('center_axis',(0.,0.815453523909268,0.578822555144456));
#7782=DIRECTION('ref_axis',(0.,0.578822555144456,-0.815453523909268));
#7783=DIRECTION('center_axis',(1.,0.,0.));
#7784=DIRECTION('ref_axis',(0.,0.,-1.));
#7785=DIRECTION('center_axis',(0.,1.,0.));
#7786=DIRECTION('ref_axis',(0.,0.,1.));
#7787=DIRECTION('center_axis',(-1.,0.,0.));
#7788=DIRECTION('ref_axis',(0.,0.,-1.));
#7789=DIRECTION('center_axis',(0.,0.815453523909268,0.578822555144456));
#7790=DIRECTION('ref_axis',(0.,0.578822555144456,-0.815453523909268));
#7791=DIRECTION('center_axis',(1.,0.,0.));
#7792=DIRECTION('ref_axis',(0.,0.,-1.));
#7793=DIRECTION('center_axis',(0.,1.,0.));
#7794=DIRECTION('ref_axis',(0.,0.,1.));
#7795=DIRECTION('center_axis',(-1.,0.,0.));
#7796=DIRECTION('ref_axis',(0.,0.,-1.));
#7797=DIRECTION('center_axis',(0.,0.815453523909268,0.578822555144456));
#7798=DIRECTION('ref_axis',(0.,0.578822555144456,-0.815453523909268));
#7799=DIRECTION('center_axis',(1.,0.,0.));
#7800=DIRECTION('ref_axis',(0.,0.,-1.));
#7801=DIRECTION('center_axis',(0.,1.,0.));
#7802=DIRECTION('ref_axis',(0.,0.,1.));
#7803=DIRECTION('center_axis',(-1.,0.,0.));
#7804=DIRECTION('ref_axis',(0.,0.,-1.));
#7805=DIRECTION('center_axis',(0.,0.815453523909268,0.578822555144456));
#7806=DIRECTION('ref_axis',(0.,0.578822555144456,-0.815453523909268));
#7807=DIRECTION('center_axis',(1.,0.,0.));
#7808=DIRECTION('ref_axis',(0.,0.,-1.));
#7809=DIRECTION('center_axis',(0.,1.,0.));
#7810=DIRECTION('ref_axis',(0.,0.,1.));
#7811=DIRECTION('center_axis',(-1.,0.,0.));
#7812=DIRECTION('ref_axis',(0.,0.,-1.));
#7813=DIRECTION('center_axis',(0.,0.815453523909268,0.578822555144456));
#7814=DIRECTION('ref_axis',(0.,0.578822555144456,-0.815453523909268));
#7815=DIRECTION('center_axis',(1.,0.,0.));
#7816=DIRECTION('ref_axis',(0.,0.,-1.));
#7817=DIRECTION('center_axis',(0.,1.,0.));
#7818=DIRECTION('ref_axis',(0.,0.,1.));
#7819=DIRECTION('center_axis',(-1.,0.,0.));
#7820=DIRECTION('ref_axis',(0.,0.,-1.));
#7821=DIRECTION('center_axis',(0.,0.815453523909268,0.578822555144456));
#7822=DIRECTION('ref_axis',(0.,0.578822555144456,-0.815453523909268));
#7823=DIRECTION('center_axis',(1.,0.,0.));
#7824=DIRECTION('ref_axis',(0.,0.,-1.));
#7825=DIRECTION('center_axis',(0.,1.,0.));
#7826=DIRECTION('ref_axis',(0.,0.,1.));
#7827=DIRECTION('center_axis',(-1.,0.,0.));
#7828=DIRECTION('ref_axis',(0.,0.,-1.));
#7829=DIRECTION('center_axis',(0.,0.815453523909268,0.578822555144456));
#7830=DIRECTION('ref_axis',(0.,0.578822555144456,-0.815453523909268));
#7831=DIRECTION('center_axis',(1.,0.,0.));
#7832=DIRECTION('ref_axis',(0.,0.,-1.));
#7833=DIRECTION('center_axis',(0.,1.,0.));
#7834=DIRECTION('ref_axis',(0.,0.,1.));
#7835=DIRECTION('center_axis',(-1.,0.,0.));
#7836=DIRECTION('ref_axis',(0.,0.,-1.));
#7837=DIRECTION('center_axis',(0.,0.815453523909268,0.578822555144456));
#7838=DIRECTION('ref_axis',(0.,0.578822555144456,-0.815453523909268));
#7839=DIRECTION('center_axis',(1.,0.,0.));
#7840=DIRECTION('ref_axis',(0.,0.,-1.));
#7841=DIRECTION('center_axis',(0.,1.,0.));
#7842=DIRECTION('ref_axis',(0.,0.,1.));
#7843=DIRECTION('center_axis',(-1.,0.,0.));
#7844=DIRECTION('ref_axis',(0.,0.,-1.));
#7845=DIRECTION('center_axis',(0.,0.815453523909268,0.578822555144456));
#7846=DIRECTION('ref_axis',(0.,0.578822555144456,-0.815453523909268));
#7847=DIRECTION('center_axis',(1.,0.,0.));
#7848=DIRECTION('ref_axis',(0.,0.,-1.));
#7849=DIRECTION('center_axis',(0.,1.,0.));
#7850=DIRECTION('ref_axis',(0.,0.,1.));
#7851=DIRECTION('center_axis',(-1.,0.,0.));
#7852=DIRECTION('ref_axis',(0.,0.,-1.));
#7853=DIRECTION('center_axis',(0.,0.815453523909268,0.578822555144456));
#7854=DIRECTION('ref_axis',(0.,0.578822555144456,-0.815453523909268));
#7855=DIRECTION('center_axis',(1.,0.,0.));
#7856=DIRECTION('ref_axis',(0.,0.,-1.));
#7857=DIRECTION('center_axis',(0.,1.,0.));
#7858=DIRECTION('ref_axis',(0.,0.,1.));
#7859=DIRECTION('center_axis',(-1.,0.,0.));
#7860=DIRECTION('ref_axis',(0.,0.,-1.));
#7861=DIRECTION('center_axis',(0.,0.815453523909268,0.578822555144456));
#7862=DIRECTION('ref_axis',(0.,0.578822555144456,-0.815453523909268));
#7863=DIRECTION('center_axis',(1.,0.,0.));
#7864=DIRECTION('ref_axis',(0.,0.,-1.));
#7865=DIRECTION('center_axis',(0.,1.,0.));
#7866=DIRECTION('ref_axis',(0.,0.,1.));
#7867=DIRECTION('center_axis',(-1.,0.,0.));
#7868=DIRECTION('ref_axis',(0.,0.,-1.));
#7869=DIRECTION('center_axis',(0.,0.815453523909268,0.578822555144456));
#7870=DIRECTION('ref_axis',(0.,0.578822555144456,-0.815453523909268));
#7871=DIRECTION('center_axis',(1.,0.,0.));
#7872=DIRECTION('ref_axis',(0.,0.,-1.));
#7873=DIRECTION('center_axis',(0.,1.,0.));
#7874=DIRECTION('ref_axis',(0.,0.,1.));
#7875=DIRECTION('center_axis',(-1.,0.,0.));
#7876=DIRECTION('ref_axis',(0.,0.,-1.));
#7877=DIRECTION('center_axis',(0.,0.815453523909268,0.578822555144456));
#7878=DIRECTION('ref_axis',(0.,0.578822555144456,-0.815453523909268));
#7879=DIRECTION('center_axis',(1.,0.,0.));
#7880=DIRECTION('ref_axis',(0.,0.,-1.));
#7881=DIRECTION('center_axis',(0.,1.,0.));
#7882=DIRECTION('ref_axis',(0.,0.,1.));
#7883=DIRECTION('center_axis',(-1.,0.,0.));
#7884=DIRECTION('ref_axis',(0.,0.,-1.));
#7885=DIRECTION('center_axis',(0.,0.815453523909268,0.578822555144456));
#7886=DIRECTION('ref_axis',(0.,-0.578822555144456,0.815453523909268));
#7887=DIRECTION('center_axis',(1.,0.,0.));
#7888=DIRECTION('ref_axis',(0.,0.,-1.));
#7889=DIRECTION('center_axis',(0.,1.,0.));
#7890=DIRECTION('ref_axis',(0.,0.,1.));
#7891=DIRECTION('center_axis',(-1.,0.,0.));
#7892=DIRECTION('ref_axis',(0.,0.,-1.));
#7893=DIRECTION('center_axis',(0.,0.815453523909268,0.578822555144456));
#7894=DIRECTION('ref_axis',(0.,-0.578822555144456,0.815453523909268));
#7895=DIRECTION('center_axis',(1.,0.,0.));
#7896=DIRECTION('ref_axis',(0.,0.,-1.));
#7897=DIRECTION('center_axis',(0.,1.,0.));
#7898=DIRECTION('ref_axis',(0.,0.,1.));
#7899=DIRECTION('center_axis',(-1.,0.,0.));
#7900=DIRECTION('ref_axis',(0.,0.,-1.));
#7901=DIRECTION('center_axis',(0.,0.815453523909268,0.578822555144456));
#7902=DIRECTION('ref_axis',(0.,-0.578822555144456,0.815453523909268));
#7903=DIRECTION('center_axis',(1.,0.,0.));
#7904=DIRECTION('ref_axis',(0.,0.,-1.));
#7905=DIRECTION('center_axis',(0.,1.,0.));
#7906=DIRECTION('ref_axis',(0.,0.,1.));
#7907=DIRECTION('center_axis',(-1.,0.,0.));
#7908=DIRECTION('ref_axis',(0.,0.,-1.));
#7909=DIRECTION('center_axis',(0.,0.815453523909268,0.578822555144456));
#7910=DIRECTION('ref_axis',(0.,-0.578822555144456,0.815453523909268));
#7911=DIRECTION('center_axis',(1.,0.,0.));
#7912=DIRECTION('ref_axis',(0.,0.,-1.));
#7913=DIRECTION('center_axis',(0.,1.,0.));
#7914=DIRECTION('ref_axis',(0.,0.,1.));
#7915=DIRECTION('center_axis',(-1.,0.,0.));
#7916=DIRECTION('ref_axis',(0.,0.,-1.));
#7917=DIRECTION('center_axis',(0.,0.815453523909268,0.578822555144456));
#7918=DIRECTION('ref_axis',(0.,-0.578822555144456,0.815453523909268));
#7919=DIRECTION('center_axis',(1.,0.,0.));
#7920=DIRECTION('ref_axis',(0.,0.,-1.));
#7921=DIRECTION('center_axis',(0.,1.,0.));
#7922=DIRECTION('ref_axis',(0.,0.,1.));
#7923=DIRECTION('center_axis',(-1.,0.,0.));
#7924=DIRECTION('ref_axis',(0.,0.,-1.));
#7925=DIRECTION('center_axis',(0.,0.815453523909268,0.578822555144456));
#7926=DIRECTION('ref_axis',(0.,-0.578822555144456,0.815453523909268));
#7927=DIRECTION('center_axis',(1.,0.,0.));
#7928=DIRECTION('ref_axis',(0.,0.,-1.));
#7929=DIRECTION('center_axis',(0.,1.,0.));
#7930=DIRECTION('ref_axis',(0.,0.,1.));
#7931=DIRECTION('center_axis',(-1.,0.,0.));
#7932=DIRECTION('ref_axis',(0.,0.,-1.));
#7933=DIRECTION('center_axis',(0.,0.815453523909268,0.578822555144456));
#7934=DIRECTION('ref_axis',(0.,-0.578822555144456,0.815453523909268));
#7935=DIRECTION('center_axis',(1.,0.,0.));
#7936=DIRECTION('ref_axis',(0.,0.,-1.));
#7937=DIRECTION('center_axis',(0.,1.,0.));
#7938=DIRECTION('ref_axis',(0.,0.,1.));
#7939=DIRECTION('center_axis',(-1.,0.,0.));
#7940=DIRECTION('ref_axis',(0.,0.,-1.));
#7941=DIRECTION('center_axis',(0.,0.815453523909268,0.578822555144456));
#7942=DIRECTION('ref_axis',(0.,-0.578822555144456,0.815453523909268));
#7943=DIRECTION('center_axis',(1.,0.,0.));
#7944=DIRECTION('ref_axis',(0.,0.,-1.));
#7945=DIRECTION('center_axis',(0.,1.,0.));
#7946=DIRECTION('ref_axis',(0.,0.,1.));
#7947=DIRECTION('center_axis',(-1.,0.,0.));
#7948=DIRECTION('ref_axis',(0.,0.,-1.));
#7949=DIRECTION('center_axis',(0.,0.815453523909268,0.578822555144456));
#7950=DIRECTION('ref_axis',(0.,-0.578822555144456,0.815453523909268));
#7951=DIRECTION('center_axis',(1.,0.,0.));
#7952=DIRECTION('ref_axis',(0.,0.,-1.));
#7953=DIRECTION('center_axis',(0.,1.,0.));
#7954=DIRECTION('ref_axis',(0.,0.,1.));
#7955=DIRECTION('center_axis',(-1.,0.,0.));
#7956=DIRECTION('ref_axis',(0.,0.,-1.));
#7957=DIRECTION('center_axis',(0.,0.815453523909268,0.578822555144456));
#7958=DIRECTION('ref_axis',(0.,-0.578822555144456,0.815453523909268));
#7959=DIRECTION('center_axis',(1.,0.,0.));
#7960=DIRECTION('ref_axis',(0.,0.,-1.));
#7961=DIRECTION('center_axis',(0.,1.,0.));
#7962=DIRECTION('ref_axis',(0.,0.,1.));
#7963=DIRECTION('center_axis',(-1.,0.,0.));
#7964=DIRECTION('ref_axis',(0.,0.,-1.));
#7965=DIRECTION('center_axis',(0.,0.815453523909268,0.578822555144456));
#7966=DIRECTION('ref_axis',(0.,-0.578822555144456,0.815453523909268));
#7967=DIRECTION('center_axis',(1.,0.,0.));
#7968=DIRECTION('ref_axis',(0.,0.,-1.));
#7969=DIRECTION('center_axis',(0.,1.,0.));
#7970=DIRECTION('ref_axis',(0.,0.,1.));
#7971=DIRECTION('center_axis',(-1.,0.,0.));
#7972=DIRECTION('ref_axis',(0.,0.,-1.));
#7973=DIRECTION('center_axis',(0.,0.815453523909268,0.578822555144456));
#7974=DIRECTION('ref_axis',(0.,-0.578822555144456,0.815453523909268));
#7975=DIRECTION('center_axis',(1.,0.,0.));
#7976=DIRECTION('ref_axis',(0.,0.,-1.));
#7977=DIRECTION('center_axis',(0.,1.,0.));
#7978=DIRECTION('ref_axis',(0.,0.,1.));
#7979=DIRECTION('center_axis',(-1.,0.,0.));
#7980=DIRECTION('ref_axis',(0.,0.,-1.));
#7981=DIRECTION('center_axis',(0.,0.815453523909268,0.578822555144456));
#7982=DIRECTION('ref_axis',(0.,-0.578822555144456,0.815453523909268));
#7983=DIRECTION('center_axis',(1.,0.,0.));
#7984=DIRECTION('ref_axis',(0.,0.,-1.));
#7985=DIRECTION('center_axis',(0.,1.,0.));
#7986=DIRECTION('ref_axis',(0.,0.,1.));
#7987=DIRECTION('center_axis',(-1.,0.,0.));
#7988=DIRECTION('ref_axis',(0.,0.,-1.));
#7989=DIRECTION('center_axis',(0.,0.815453523909268,0.578822555144456));
#7990=DIRECTION('ref_axis',(0.,-0.578822555144456,0.815453523909268));
#7991=DIRECTION('center_axis',(1.,0.,0.));
#7992=DIRECTION('ref_axis',(0.,0.,-1.));
#7993=DIRECTION('center_axis',(0.,1.,0.));
#7994=DIRECTION('ref_axis',(0.,0.,1.));
#7995=DIRECTION('center_axis',(-1.,0.,0.));
#7996=DIRECTION('ref_axis',(0.,0.,-1.));
#7997=DIRECTION('center_axis',(0.,0.815453523909268,0.578822555144456));
#7998=DIRECTION('ref_axis',(0.,-0.578822555144456,0.815453523909268));
#7999=DIRECTION('center_axis',(1.,0.,0.));
#8000=DIRECTION('ref_axis',(0.,0.,-1.));
#8001=DIRECTION('center_axis',(0.,1.,0.));
#8002=DIRECTION('ref_axis',(0.,0.,1.));
#8003=DIRECTION('center_axis',(-1.,0.,0.));
#8004=DIRECTION('ref_axis',(0.,0.,-1.));
#8005=DIRECTION('center_axis',(0.,0.815453523909268,0.578822555144456));
#8006=DIRECTION('ref_axis',(0.,-0.578822555144456,0.815453523909268));
#8007=DIRECTION('center_axis',(-1.,0.,0.));
#8008=DIRECTION('ref_axis',(0.,0.,1.));
#8009=DIRECTION('center_axis',(0.,1.,0.));
#8010=DIRECTION('ref_axis',(0.,0.,-1.));
#8011=DIRECTION('center_axis',(1.,0.,0.));
#8012=DIRECTION('ref_axis',(0.,0.,1.));
#8013=DIRECTION('center_axis',(0.,-0.815453523909268,0.578822555144456));
#8014=DIRECTION('ref_axis',(0.,0.578822555144456,0.815453523909268));
#8015=DIRECTION('center_axis',(0.,-0.815453523909268,0.578822555144456));
#8016=DIRECTION('ref_axis',(0.,0.578822555144456,0.815453523909268));
#8017=DIRECTION('center_axis',(-1.,0.,0.));
#8018=DIRECTION('ref_axis',(0.,0.,1.));
#8019=DIRECTION('center_axis',(0.,1.,0.));
#8020=DIRECTION('ref_axis',(0.,0.,-1.));
#8021=DIRECTION('center_axis',(1.,0.,0.));
#8022=DIRECTION('ref_axis',(0.,0.,1.));
#8023=DIRECTION('center_axis',(0.,-0.815453523909268,0.578822555144456));
#8024=DIRECTION('ref_axis',(0.,0.578822555144456,0.815453523909268));
#8025=DIRECTION('center_axis',(0.,-0.815453523909268,0.578822555144456));
#8026=DIRECTION('ref_axis',(0.,0.578822555144456,0.815453523909268));
#8027=DIRECTION('center_axis',(-1.,0.,0.));
#8028=DIRECTION('ref_axis',(0.,0.,1.));
#8029=DIRECTION('center_axis',(0.,1.,0.));
#8030=DIRECTION('ref_axis',(0.,0.,-1.));
#8031=DIRECTION('center_axis',(1.,0.,0.));
#8032=DIRECTION('ref_axis',(0.,0.,1.));
#8033=DIRECTION('center_axis',(0.,-0.815453523909268,0.578822555144456));
#8034=DIRECTION('ref_axis',(0.,0.578822555144456,0.815453523909268));
#8035=DIRECTION('center_axis',(0.,-0.815453523909268,0.578822555144456));
#8036=DIRECTION('ref_axis',(0.,0.578822555144456,0.815453523909268));
#8037=DIRECTION('center_axis',(-1.,0.,0.));
#8038=DIRECTION('ref_axis',(0.,0.,1.));
#8039=DIRECTION('center_axis',(0.,1.,0.));
#8040=DIRECTION('ref_axis',(0.,0.,-1.));
#8041=DIRECTION('center_axis',(1.,0.,0.));
#8042=DIRECTION('ref_axis',(0.,0.,1.));
#8043=DIRECTION('center_axis',(0.,-0.815453523909268,0.578822555144456));
#8044=DIRECTION('ref_axis',(0.,0.578822555144456,0.815453523909268));
#8045=DIRECTION('center_axis',(0.,-0.815453523909268,0.578822555144456));
#8046=DIRECTION('ref_axis',(0.,0.578822555144456,0.815453523909268));
#8047=DIRECTION('center_axis',(-1.,0.,0.));
#8048=DIRECTION('ref_axis',(0.,0.,1.));
#8049=DIRECTION('center_axis',(0.,1.,0.));
#8050=DIRECTION('ref_axis',(0.,0.,-1.));
#8051=DIRECTION('center_axis',(1.,0.,0.));
#8052=DIRECTION('ref_axis',(0.,0.,1.));
#8053=DIRECTION('center_axis',(0.,-0.815453523909268,0.578822555144456));
#8054=DIRECTION('ref_axis',(0.,0.578822555144456,0.815453523909268));
#8055=DIRECTION('center_axis',(0.,-0.815453523909268,0.578822555144456));
#8056=DIRECTION('ref_axis',(0.,0.578822555144456,0.815453523909268));
#8057=DIRECTION('center_axis',(-1.,0.,0.));
#8058=DIRECTION('ref_axis',(0.,0.,1.));
#8059=DIRECTION('center_axis',(0.,1.,0.));
#8060=DIRECTION('ref_axis',(0.,0.,-1.));
#8061=DIRECTION('center_axis',(1.,0.,0.));
#8062=DIRECTION('ref_axis',(0.,0.,1.));
#8063=DIRECTION('center_axis',(0.,-0.815453523909268,0.578822555144456));
#8064=DIRECTION('ref_axis',(0.,0.578822555144456,0.815453523909268));
#8065=DIRECTION('center_axis',(0.,-0.815453523909268,0.578822555144456));
#8066=DIRECTION('ref_axis',(0.,0.578822555144456,0.815453523909268));
#8067=DIRECTION('center_axis',(-1.,0.,0.));
#8068=DIRECTION('ref_axis',(0.,0.,1.));
#8069=DIRECTION('center_axis',(0.,1.,0.));
#8070=DIRECTION('ref_axis',(0.,0.,-1.));
#8071=DIRECTION('center_axis',(1.,0.,0.));
#8072=DIRECTION('ref_axis',(0.,0.,1.));
#8073=DIRECTION('center_axis',(0.,-0.815453523909268,0.578822555144456));
#8074=DIRECTION('ref_axis',(0.,0.578822555144456,0.815453523909268));
#8075=DIRECTION('center_axis',(0.,-0.815453523909268,0.578822555144456));
#8076=DIRECTION('ref_axis',(0.,0.578822555144456,0.815453523909268));
#8077=DIRECTION('center_axis',(-1.,0.,0.));
#8078=DIRECTION('ref_axis',(0.,0.,1.));
#8079=DIRECTION('center_axis',(0.,1.,0.));
#8080=DIRECTION('ref_axis',(0.,0.,-1.));
#8081=DIRECTION('center_axis',(1.,0.,0.));
#8082=DIRECTION('ref_axis',(0.,0.,1.));
#8083=DIRECTION('center_axis',(0.,-0.815453523909268,0.578822555144456));
#8084=DIRECTION('ref_axis',(0.,0.578822555144456,0.815453523909268));
#8085=DIRECTION('center_axis',(0.,-0.815453523909268,0.578822555144456));
#8086=DIRECTION('ref_axis',(0.,0.578822555144456,0.815453523909268));
#8087=DIRECTION('center_axis',(-1.,0.,0.));
#8088=DIRECTION('ref_axis',(0.,0.,1.));
#8089=DIRECTION('center_axis',(0.,1.,0.));
#8090=DIRECTION('ref_axis',(0.,0.,-1.));
#8091=DIRECTION('center_axis',(1.,0.,0.));
#8092=DIRECTION('ref_axis',(0.,0.,1.));
#8093=DIRECTION('center_axis',(0.,-0.815453523909268,0.578822555144456));
#8094=DIRECTION('ref_axis',(0.,0.578822555144456,0.815453523909268));
#8095=DIRECTION('center_axis',(0.,-0.815453523909268,0.578822555144456));
#8096=DIRECTION('ref_axis',(0.,0.578822555144456,0.815453523909268));
#8097=DIRECTION('center_axis',(-1.,0.,0.));
#8098=DIRECTION('ref_axis',(0.,0.,1.));
#8099=DIRECTION('center_axis',(0.,1.,0.));
#8100=DIRECTION('ref_axis',(0.,0.,-1.));
#8101=DIRECTION('center_axis',(1.,0.,0.));
#8102=DIRECTION('ref_axis',(0.,0.,1.));
#8103=DIRECTION('center_axis',(0.,-0.815453523909268,0.578822555144456));
#8104=DIRECTION('ref_axis',(0.,0.578822555144456,0.815453523909268));
#8105=DIRECTION('center_axis',(0.,-0.815453523909268,0.578822555144456));
#8106=DIRECTION('ref_axis',(0.,0.578822555144456,0.815453523909268));
#8107=DIRECTION('center_axis',(-1.,0.,0.));
#8108=DIRECTION('ref_axis',(0.,0.,1.));
#8109=DIRECTION('center_axis',(0.,1.,0.));
#8110=DIRECTION('ref_axis',(0.,0.,-1.));
#8111=DIRECTION('center_axis',(1.,0.,0.));
#8112=DIRECTION('ref_axis',(0.,0.,1.));
#8113=DIRECTION('center_axis',(0.,-0.815453523909268,0.578822555144456));
#8114=DIRECTION('ref_axis',(0.,0.578822555144456,0.815453523909268));
#8115=DIRECTION('center_axis',(0.,-0.815453523909268,0.578822555144456));
#8116=DIRECTION('ref_axis',(0.,0.578822555144456,0.815453523909268));
#8117=DIRECTION('center_axis',(-1.,0.,0.));
#8118=DIRECTION('ref_axis',(0.,0.,1.));
#8119=DIRECTION('center_axis',(0.,1.,0.));
#8120=DIRECTION('ref_axis',(0.,0.,-1.));
#8121=DIRECTION('center_axis',(1.,0.,0.));
#8122=DIRECTION('ref_axis',(0.,0.,1.));
#8123=DIRECTION('center_axis',(0.,-0.815453523909268,0.578822555144456));
#8124=DIRECTION('ref_axis',(0.,0.578822555144456,0.815453523909268));
#8125=DIRECTION('center_axis',(0.,-0.815453523909268,0.578822555144456));
#8126=DIRECTION('ref_axis',(0.,0.578822555144456,0.815453523909268));
#8127=DIRECTION('center_axis',(-1.,0.,0.));
#8128=DIRECTION('ref_axis',(0.,0.,1.));
#8129=DIRECTION('center_axis',(0.,1.,0.));
#8130=DIRECTION('ref_axis',(0.,0.,-1.));
#8131=DIRECTION('center_axis',(1.,0.,0.));
#8132=DIRECTION('ref_axis',(0.,0.,1.));
#8133=DIRECTION('center_axis',(0.,-0.815453523909268,0.578822555144456));
#8134=DIRECTION('ref_axis',(0.,0.578822555144456,0.815453523909268));
#8135=DIRECTION('center_axis',(0.,-0.815453523909268,0.578822555144456));
#8136=DIRECTION('ref_axis',(0.,0.578822555144456,0.815453523909268));
#8137=DIRECTION('center_axis',(-1.,0.,0.));
#8138=DIRECTION('ref_axis',(0.,0.,1.));
#8139=DIRECTION('center_axis',(0.,1.,0.));
#8140=DIRECTION('ref_axis',(0.,0.,-1.));
#8141=DIRECTION('center_axis',(1.,0.,0.));
#8142=DIRECTION('ref_axis',(0.,0.,1.));
#8143=DIRECTION('center_axis',(0.,-0.815453523909268,0.578822555144456));
#8144=DIRECTION('ref_axis',(0.,0.578822555144456,0.815453523909268));
#8145=DIRECTION('center_axis',(0.,-0.815453523909268,0.578822555144456));
#8146=DIRECTION('ref_axis',(0.,0.578822555144456,0.815453523909268));
#8147=DIRECTION('center_axis',(-1.,0.,0.));
#8148=DIRECTION('ref_axis',(0.,0.,1.));
#8149=DIRECTION('center_axis',(0.,1.,0.));
#8150=DIRECTION('ref_axis',(0.,0.,-1.));
#8151=DIRECTION('center_axis',(1.,0.,0.));
#8152=DIRECTION('ref_axis',(0.,0.,1.));
#8153=DIRECTION('center_axis',(0.,-0.815453523909268,0.578822555144456));
#8154=DIRECTION('ref_axis',(0.,0.578822555144456,0.815453523909268));
#8155=DIRECTION('center_axis',(0.,-0.815453523909268,0.578822555144456));
#8156=DIRECTION('ref_axis',(0.,0.578822555144456,0.815453523909268));
#8157=DIRECTION('center_axis',(-1.,0.,0.));
#8158=DIRECTION('ref_axis',(0.,0.,1.));
#8159=DIRECTION('center_axis',(0.,1.,0.));
#8160=DIRECTION('ref_axis',(0.,0.,1.));
#8161=DIRECTION('center_axis',(1.,0.,0.));
#8162=DIRECTION('ref_axis',(0.,0.,1.));
#8163=DIRECTION('center_axis',(0.,-0.815453523909268,0.578822555144456));
#8164=DIRECTION('ref_axis',(0.,-0.578822555144456,-0.815453523909268));
#8165=DIRECTION('center_axis',(0.,-0.815453523909268,0.578822555144456));
#8166=DIRECTION('ref_axis',(0.,-0.578822555144456,-0.815453523909268));
#8167=DIRECTION('center_axis',(-1.,0.,0.));
#8168=DIRECTION('ref_axis',(0.,0.,1.));
#8169=DIRECTION('center_axis',(0.,1.,0.));
#8170=DIRECTION('ref_axis',(0.,0.,1.));
#8171=DIRECTION('center_axis',(1.,0.,0.));
#8172=DIRECTION('ref_axis',(0.,0.,1.));
#8173=DIRECTION('center_axis',(0.,-0.815453523909268,0.578822555144456));
#8174=DIRECTION('ref_axis',(0.,-0.578822555144456,-0.815453523909268));
#8175=DIRECTION('center_axis',(0.,-0.815453523909268,0.578822555144456));
#8176=DIRECTION('ref_axis',(0.,-0.578822555144456,-0.815453523909268));
#8177=DIRECTION('center_axis',(-1.,0.,0.));
#8178=DIRECTION('ref_axis',(0.,0.,1.));
#8179=DIRECTION('center_axis',(0.,1.,0.));
#8180=DIRECTION('ref_axis',(0.,0.,1.));
#8181=DIRECTION('center_axis',(1.,0.,0.));
#8182=DIRECTION('ref_axis',(0.,0.,1.));
#8183=DIRECTION('center_axis',(0.,-0.815453523909268,0.578822555144456));
#8184=DIRECTION('ref_axis',(0.,-0.578822555144456,-0.815453523909268));
#8185=DIRECTION('center_axis',(0.,-0.815453523909268,0.578822555144456));
#8186=DIRECTION('ref_axis',(0.,-0.578822555144456,-0.815453523909268));
#8187=DIRECTION('center_axis',(-1.,0.,0.));
#8188=DIRECTION('ref_axis',(0.,0.,1.));
#8189=DIRECTION('center_axis',(0.,1.,0.));
#8190=DIRECTION('ref_axis',(0.,0.,1.));
#8191=DIRECTION('center_axis',(1.,0.,0.));
#8192=DIRECTION('ref_axis',(0.,0.,1.));
#8193=DIRECTION('center_axis',(0.,-0.815453523909268,0.578822555144456));
#8194=DIRECTION('ref_axis',(0.,-0.578822555144456,-0.815453523909268));
#8195=DIRECTION('center_axis',(0.,-0.815453523909268,0.578822555144456));
#8196=DIRECTION('ref_axis',(0.,-0.578822555144456,-0.815453523909268));
#8197=DIRECTION('center_axis',(-1.,0.,0.));
#8198=DIRECTION('ref_axis',(0.,0.,1.));
#8199=DIRECTION('center_axis',(0.,1.,0.));
#8200=DIRECTION('ref_axis',(0.,0.,1.));
#8201=DIRECTION('center_axis',(1.,0.,0.));
#8202=DIRECTION('ref_axis',(0.,0.,1.));
#8203=DIRECTION('center_axis',(0.,-0.815453523909268,0.578822555144456));
#8204=DIRECTION('ref_axis',(0.,-0.578822555144456,-0.815453523909268));
#8205=DIRECTION('center_axis',(0.,-0.815453523909268,0.578822555144456));
#8206=DIRECTION('ref_axis',(0.,-0.578822555144456,-0.815453523909268));
#8207=DIRECTION('center_axis',(-1.,0.,0.));
#8208=DIRECTION('ref_axis',(0.,0.,1.));
#8209=DIRECTION('center_axis',(0.,1.,0.));
#8210=DIRECTION('ref_axis',(0.,0.,1.));
#8211=DIRECTION('center_axis',(1.,0.,0.));
#8212=DIRECTION('ref_axis',(0.,0.,1.));
#8213=DIRECTION('center_axis',(0.,-0.815453523909268,0.578822555144456));
#8214=DIRECTION('ref_axis',(0.,-0.578822555144456,-0.815453523909268));
#8215=DIRECTION('center_axis',(0.,-0.815453523909268,0.578822555144456));
#8216=DIRECTION('ref_axis',(0.,-0.578822555144456,-0.815453523909268));
#8217=DIRECTION('center_axis',(-1.,0.,0.));
#8218=DIRECTION('ref_axis',(0.,0.,1.));
#8219=DIRECTION('center_axis',(0.,1.,0.));
#8220=DIRECTION('ref_axis',(0.,0.,1.));
#8221=DIRECTION('center_axis',(1.,0.,0.));
#8222=DIRECTION('ref_axis',(0.,0.,1.));
#8223=DIRECTION('center_axis',(0.,-0.815453523909268,0.578822555144456));
#8224=DIRECTION('ref_axis',(0.,-0.578822555144456,-0.815453523909268));
#8225=DIRECTION('center_axis',(0.,-0.815453523909268,0.578822555144456));
#8226=DIRECTION('ref_axis',(0.,-0.578822555144456,-0.815453523909268));
#8227=DIRECTION('center_axis',(-1.,0.,0.));
#8228=DIRECTION('ref_axis',(0.,0.,1.));
#8229=DIRECTION('center_axis',(0.,1.,0.));
#8230=DIRECTION('ref_axis',(0.,0.,1.));
#8231=DIRECTION('center_axis',(1.,0.,0.));
#8232=DIRECTION('ref_axis',(0.,0.,1.));
#8233=DIRECTION('center_axis',(0.,-0.815453523909268,0.578822555144456));
#8234=DIRECTION('ref_axis',(0.,-0.578822555144456,-0.815453523909268));
#8235=DIRECTION('center_axis',(0.,-0.815453523909268,0.578822555144456));
#8236=DIRECTION('ref_axis',(0.,-0.578822555144456,-0.815453523909268));
#8237=DIRECTION('center_axis',(-1.,0.,0.));
#8238=DIRECTION('ref_axis',(0.,0.,1.));
#8239=DIRECTION('center_axis',(0.,1.,0.));
#8240=DIRECTION('ref_axis',(0.,0.,1.));
#8241=DIRECTION('center_axis',(1.,0.,0.));
#8242=DIRECTION('ref_axis',(0.,0.,1.));
#8243=DIRECTION('center_axis',(0.,-0.815453523909268,0.578822555144456));
#8244=DIRECTION('ref_axis',(0.,-0.578822555144456,-0.815453523909268));
#8245=DIRECTION('center_axis',(0.,-0.815453523909268,0.578822555144456));
#8246=DIRECTION('ref_axis',(0.,-0.578822555144456,-0.815453523909268));
#8247=DIRECTION('center_axis',(-1.,0.,0.));
#8248=DIRECTION('ref_axis',(0.,0.,1.));
#8249=DIRECTION('center_axis',(0.,1.,0.));
#8250=DIRECTION('ref_axis',(0.,0.,1.));
#8251=DIRECTION('center_axis',(1.,0.,0.));
#8252=DIRECTION('ref_axis',(0.,0.,1.));
#8253=DIRECTION('center_axis',(0.,-0.815453523909268,0.578822555144456));
#8254=DIRECTION('ref_axis',(0.,-0.578822555144456,-0.815453523909268));
#8255=DIRECTION('center_axis',(0.,-0.815453523909268,0.578822555144456));
#8256=DIRECTION('ref_axis',(0.,-0.578822555144456,-0.815453523909268));
#8257=DIRECTION('center_axis',(-1.,0.,0.));
#8258=DIRECTION('ref_axis',(0.,0.,1.));
#8259=DIRECTION('center_axis',(0.,1.,0.));
#8260=DIRECTION('ref_axis',(0.,0.,1.));
#8261=DIRECTION('center_axis',(1.,0.,0.));
#8262=DIRECTION('ref_axis',(0.,0.,1.));
#8263=DIRECTION('center_axis',(0.,-0.815453523909268,0.578822555144456));
#8264=DIRECTION('ref_axis',(0.,-0.578822555144456,-0.815453523909268));
#8265=DIRECTION('center_axis',(0.,-0.815453523909268,0.578822555144456));
#8266=DIRECTION('ref_axis',(0.,-0.578822555144456,-0.815453523909268));
#8267=DIRECTION('center_axis',(-1.,0.,0.));
#8268=DIRECTION('ref_axis',(0.,0.,1.));
#8269=DIRECTION('center_axis',(0.,1.,0.));
#8270=DIRECTION('ref_axis',(0.,0.,1.));
#8271=DIRECTION('center_axis',(1.,0.,0.));
#8272=DIRECTION('ref_axis',(0.,0.,1.));
#8273=DIRECTION('center_axis',(0.,-0.815453523909268,0.578822555144456));
#8274=DIRECTION('ref_axis',(0.,-0.578822555144456,-0.815453523909268));
#8275=DIRECTION('center_axis',(0.,-0.815453523909268,0.578822555144456));
#8276=DIRECTION('ref_axis',(0.,-0.578822555144456,-0.815453523909268));
#8277=DIRECTION('center_axis',(-1.,0.,0.));
#8278=DIRECTION('ref_axis',(0.,0.,1.));
#8279=DIRECTION('center_axis',(0.,1.,0.));
#8280=DIRECTION('ref_axis',(0.,0.,1.));
#8281=DIRECTION('center_axis',(1.,0.,0.));
#8282=DIRECTION('ref_axis',(0.,0.,1.));
#8283=DIRECTION('center_axis',(0.,-0.815453523909268,0.578822555144456));
#8284=DIRECTION('ref_axis',(0.,-0.578822555144456,-0.815453523909268));
#8285=DIRECTION('center_axis',(0.,-0.815453523909268,0.578822555144456));
#8286=DIRECTION('ref_axis',(0.,-0.578822555144456,-0.815453523909268));
#8287=DIRECTION('center_axis',(-1.,0.,0.));
#8288=DIRECTION('ref_axis',(0.,0.,1.));
#8289=DIRECTION('center_axis',(0.,1.,0.));
#8290=DIRECTION('ref_axis',(0.,0.,1.));
#8291=DIRECTION('center_axis',(1.,0.,0.));
#8292=DIRECTION('ref_axis',(0.,0.,1.));
#8293=DIRECTION('center_axis',(0.,-0.815453523909268,0.578822555144456));
#8294=DIRECTION('ref_axis',(0.,-0.578822555144456,-0.815453523909268));
#8295=DIRECTION('center_axis',(0.,-0.815453523909268,0.578822555144456));
#8296=DIRECTION('ref_axis',(0.,-0.578822555144456,-0.815453523909268));
#8297=DIRECTION('center_axis',(-1.,0.,0.));
#8298=DIRECTION('ref_axis',(0.,0.,1.));
#8299=DIRECTION('center_axis',(0.,1.,0.));
#8300=DIRECTION('ref_axis',(0.,0.,1.));
#8301=DIRECTION('center_axis',(1.,0.,0.));
#8302=DIRECTION('ref_axis',(0.,0.,1.));
#8303=DIRECTION('center_axis',(0.,-0.815453523909268,0.578822555144456));
#8304=DIRECTION('ref_axis',(0.,-0.578822555144456,-0.815453523909268));
#8305=DIRECTION('center_axis',(0.,-0.815453523909268,0.578822555144456));
#8306=DIRECTION('ref_axis',(0.,-0.578822555144456,-0.815453523909268));
#8307=DIRECTION('center_axis',(-1.,0.,0.));
#8308=DIRECTION('ref_axis',(0.,0.,1.));
#8309=DIRECTION('center_axis',(0.,1.,0.));
#8310=DIRECTION('ref_axis',(0.,0.,1.));
#8311=DIRECTION('center_axis',(1.,0.,0.));
#8312=DIRECTION('ref_axis',(0.,0.,1.));
#8313=DIRECTION('center_axis',(0.,-0.815453523909268,0.578822555144456));
#8314=DIRECTION('ref_axis',(0.,-0.578822555144456,-0.815453523909268));
#8315=DIRECTION('center_axis',(0.,-0.815453523909268,0.578822555144456));
#8316=DIRECTION('ref_axis',(0.,-0.578822555144456,-0.815453523909268));
#8317=DIRECTION('center_axis',(0.,-0.815453523909267,-0.578822555144457));
#8318=DIRECTION('ref_axis',(0.,0.578822555144457,-0.815453523909267));
#8319=DIRECTION('center_axis',(0.,0.815453523909268,0.578822555144456));
#8320=DIRECTION('ref_axis',(0.,0.578822555144456,-0.815453523909268));
#8321=DIRECTION('center_axis',(-1.06369959569564E-15,-1.,-3.32076843734134E-15));
#8322=DIRECTION('ref_axis',(-1.76745103462032E-12,3.32076843734322E-15,
-1.));
#8323=DIRECTION('',(0.,0.815453523909267,0.578822555144457));
#8324=DIRECTION('center_axis',(-1.06369959569564E-15,-1.,-3.32076843734134E-15));
#8325=DIRECTION('ref_axis',(-1.76745103462032E-12,3.32076843734322E-15,
-1.));
#8326=DIRECTION('center_axis',(0.,-0.815453523909267,-0.578822555144457));
#8327=DIRECTION('ref_axis',(0.,0.578822555144457,-0.815453523909267));
#8328=DIRECTION('center_axis',(0.,0.815453523909268,0.578822555144456));
#8329=DIRECTION('ref_axis',(0.,0.578822555144456,-0.815453523909268));
#8330=DIRECTION('center_axis',(-1.06369959569565E-15,-1.,-3.32076843734134E-15));
#8331=DIRECTION('ref_axis',(-1.7757140128093E-12,3.32076843734323E-15,-1.));
#8332=DIRECTION('',(0.,0.815453523909267,0.578822555144457));
#8333=DIRECTION('center_axis',(-1.06369959569565E-15,-1.,-3.32076843734134E-15));
#8334=DIRECTION('ref_axis',(-1.7757140128093E-12,3.32076843734323E-15,-1.));
#8335=DIRECTION('center_axis',(0.,-0.815453523909267,-0.578822555144457));
#8336=DIRECTION('ref_axis',(0.,0.578822555144457,-0.815453523909267));
#8337=DIRECTION('center_axis',(0.,0.815453523909268,0.578822555144456));
#8338=DIRECTION('ref_axis',(0.,0.578822555144456,-0.815453523909268));
#8339=DIRECTION('center_axis',(-1.06369959569564E-15,-1.,-3.32076843734134E-15));
#8340=DIRECTION('ref_axis',(-1.79967664955733E-12,3.32076843734325E-15,
-1.));
#8341=DIRECTION('',(0.,0.815453523909267,0.578822555144457));
#8342=DIRECTION('center_axis',(-1.06369959569564E-15,-1.,-3.32076843734134E-15));
#8343=DIRECTION('ref_axis',(-1.79967664955733E-12,3.32076843734325E-15,
-1.));
#8344=DIRECTION('center_axis',(0.,-0.815453523909267,-0.578822555144457));
#8345=DIRECTION('ref_axis',(0.,0.578822555144457,-0.815453523909267));
#8346=DIRECTION('center_axis',(0.,0.815453523909268,0.578822555144456));
#8347=DIRECTION('ref_axis',(0.,0.578822555144456,-0.815453523909268));
#8348=DIRECTION('center_axis',(-1.06369959569565E-15,-1.,-3.32076843734134E-15));
#8349=DIRECTION('ref_axis',(-1.74596729132898E-12,3.3207684373432E-15,-1.));
#8350=DIRECTION('',(0.,0.815453523909267,0.578822555144457));
#8351=DIRECTION('center_axis',(-1.06369959569565E-15,-1.,-3.32076843734134E-15));
#8352=DIRECTION('ref_axis',(-1.74596729132898E-12,3.3207684373432E-15,-1.));
#8353=DIRECTION('center_axis',(0.,-0.815453523909267,-0.578822555144457));
#8354=DIRECTION('ref_axis',(0.,0.578822555144457,-0.815453523909267));
#8355=DIRECTION('center_axis',(0.,0.815453523909268,0.578822555144456));
#8356=DIRECTION('ref_axis',(0.,0.578822555144456,-0.815453523909268));
#8357=DIRECTION('center_axis',(-1.06369959569564E-15,-1.,-3.32076843734134E-15));
#8358=DIRECTION('ref_axis',(-1.85379915669515E-12,3.32076843734331E-15,
-1.));
#8359=DIRECTION('',(0.,0.815453523909267,0.578822555144457));
#8360=DIRECTION('center_axis',(-1.06369959569564E-15,-1.,-3.32076843734134E-15));
#8361=DIRECTION('ref_axis',(-1.85379915669515E-12,3.32076843734331E-15,
-1.));
#8362=DIRECTION('center_axis',(0.,-0.815453523909267,-0.578822555144457));
#8363=DIRECTION('ref_axis',(0.,0.578822555144457,-0.815453523909267));
#8364=DIRECTION('center_axis',(0.,0.815453523909268,0.578822555144456));
#8365=DIRECTION('ref_axis',(0.,0.578822555144456,-0.815453523909268));
#8366=DIRECTION('center_axis',(-1.06369959569554E-15,-1.,-3.3207684373413E-15));
#8367=DIRECTION('ref_axis',(-1.424950588687E-12,3.32076843734282E-15,-1.));
#8368=DIRECTION('',(0.,0.815453523909267,0.578822555144457));
#8369=DIRECTION('center_axis',(-1.06369959569554E-15,-1.,-3.3207684373413E-15));
#8370=DIRECTION('ref_axis',(-1.424950588687E-12,3.32076843734282E-15,-1.));
#8371=DIRECTION('center_axis',(0.,-0.815453523909267,-0.578822555144457));
#8372=DIRECTION('ref_axis',(0.,0.578822555144457,-0.815453523909267));
#8373=DIRECTION('center_axis',(0.,0.815453523909268,0.578822555144456));
#8374=DIRECTION('ref_axis',(0.,0.578822555144456,-0.815453523909268));
#8375=DIRECTION('center_axis',(-1.06369959569555E-15,-1.,-3.32076843734131E-15));
#8376=DIRECTION('ref_axis',(-1.54972155934053E-12,3.32076843734296E-15,
-1.));
#8377=DIRECTION('',(0.,0.815453523909267,0.578822555144457));
#8378=DIRECTION('center_axis',(-1.06369959569555E-15,-1.,-3.32076843734131E-15));
#8379=DIRECTION('ref_axis',(-1.54972155934053E-12,3.32076843734296E-15,
-1.));
#8380=DIRECTION('center_axis',(0.,-0.815453523909267,-0.578822555144457));
#8381=DIRECTION('ref_axis',(0.,0.578822555144457,-0.815453523909267));
#8382=DIRECTION('center_axis',(0.,0.815453523909268,0.578822555144456));
#8383=DIRECTION('ref_axis',(0.,0.578822555144456,-0.815453523909268));
#8384=DIRECTION('center_axis',(-1.06369959569556E-15,-1.,-3.32076843734132E-15));
#8385=DIRECTION('ref_axis',(-1.94138672549755E-12,3.32076843734338E-15,
-1.));
#8386=DIRECTION('',(0.,0.815453523909267,0.578822555144457));
#8387=DIRECTION('center_axis',(-1.06369959569556E-15,-1.,-3.32076843734132E-15));
#8388=DIRECTION('ref_axis',(-1.94138672549755E-12,3.32076843734338E-15,
-1.));
#8389=DIRECTION('center_axis',(0.,-0.815453523909267,-0.578822555144457));
#8390=DIRECTION('ref_axis',(0.,0.578822555144457,-0.815453523909267));
#8391=DIRECTION('center_axis',(0.,0.815453523909268,0.578822555144456));
#8392=DIRECTION('ref_axis',(0.,0.578822555144456,-0.815453523909268));
#8393=DIRECTION('center_axis',(-1.06369959569555E-15,-1.,-3.32076843734131E-15));
#8394=DIRECTION('ref_axis',(-1.11674150223848E-12,3.3207684373425E-15,-1.));
#8395=DIRECTION('',(0.,0.815453523909267,0.578822555144457));
#8396=DIRECTION('center_axis',(-1.06369959569555E-15,-1.,-3.32076843734131E-15));
#8397=DIRECTION('ref_axis',(-1.11674150223848E-12,3.3207684373425E-15,-1.));
#8398=DIRECTION('center_axis',(0.,-0.815453523909267,-0.578822555144457));
#8399=DIRECTION('ref_axis',(0.,0.578822555144457,-0.815453523909267));
#8400=DIRECTION('center_axis',(0.,0.815453523909268,0.578822555144456));
#8401=DIRECTION('ref_axis',(0.,0.578822555144456,-0.815453523909268));
#8402=DIRECTION('center_axis',(-1.06369959569551E-15,-1.,-3.32076843734128E-15));
#8403=DIRECTION('ref_axis',(-2.17977364624932E-12,3.3207684373436E-15,-1.));
#8404=DIRECTION('',(0.,0.815453523909267,0.578822555144457));
#8405=DIRECTION('center_axis',(-1.06369959569551E-15,-1.,-3.32076843734128E-15));
#8406=DIRECTION('ref_axis',(-2.17977364624932E-12,3.3207684373436E-15,-1.));
#8407=DIRECTION('center_axis',(0.,-0.815453523909267,-0.578822555144457));
#8408=DIRECTION('ref_axis',(0.,0.578822555144457,-0.815453523909267));
#8409=DIRECTION('center_axis',(0.,0.815453523909268,0.578822555144456));
#8410=DIRECTION('ref_axis',(0.,0.578822555144456,-0.815453523909268));
#8411=DIRECTION('center_axis',(-1.06369959569554E-15,-1.,-3.3207684373413E-15));
#8412=DIRECTION('ref_axis',(-1.99881442391123E-12,3.32076843734343E-15,
-1.));
#8413=DIRECTION('',(0.,0.815453523909267,0.578822555144457));
#8414=DIRECTION('center_axis',(-1.06369959569554E-15,-1.,-3.3207684373413E-15));
#8415=DIRECTION('ref_axis',(-1.99881442391123E-12,3.32076843734343E-15,
-1.));
#8416=DIRECTION('center_axis',(0.,-0.815453523909267,-0.578822555144457));
#8417=DIRECTION('ref_axis',(0.,0.578822555144457,-0.815453523909267));
#8418=DIRECTION('center_axis',(0.,0.815453523909268,0.578822555144456));
#8419=DIRECTION('ref_axis',(0.,0.578822555144456,-0.815453523909268));
#8420=DIRECTION('center_axis',(-1.06369959569552E-15,-1.,-3.32076843734129E-15));
#8421=DIRECTION('ref_axis',(-2.86022990011173E-12,3.32076843734434E-15,
-1.));
#8422=DIRECTION('',(0.,0.815453523909267,0.578822555144457));
#8423=DIRECTION('center_axis',(-1.06369959569552E-15,-1.,-3.32076843734129E-15));
#8424=DIRECTION('ref_axis',(-2.86022990011173E-12,3.32076843734434E-15,
-1.));
#8425=DIRECTION('center_axis',(0.,-0.815453523909267,-0.578822555144457));
#8426=DIRECTION('ref_axis',(0.,0.578822555144457,-0.815453523909267));
#8427=DIRECTION('center_axis',(0.,0.815453523909268,0.578822555144456));
#8428=DIRECTION('ref_axis',(0.,0.578822555144456,-0.815453523909268));
#8429=DIRECTION('center_axis',(-1.06369959569556E-15,-1.,-3.32076843734132E-15));
#8430=DIRECTION('ref_axis',(-1.33942876443132E-12,3.32076843734274E-15,
-1.));
#8431=DIRECTION('',(0.,0.815453523909267,0.578822555144457));
#8432=DIRECTION('center_axis',(-1.06369959569556E-15,-1.,-3.32076843734132E-15));
#8433=DIRECTION('ref_axis',(-1.33942876443132E-12,3.32076843734274E-15,
-1.));
#8434=DIRECTION('center_axis',(0.,-0.815453523909267,-0.578822555144457));
#8435=DIRECTION('ref_axis',(0.,0.578822555144457,-0.815453523909267));
#8436=DIRECTION('center_axis',(0.,0.815453523909268,0.578822555144456));
#8437=DIRECTION('ref_axis',(0.,0.578822555144456,-0.815453523909268));
#8438=DIRECTION('center_axis',(-1.06369959569555E-15,-1.,-3.32076843734131E-15));
#8439=DIRECTION('ref_axis',(-3.64562597697342E-12,3.32076843734519E-15,
-1.));
#8440=DIRECTION('',(0.,0.815453523909267,0.578822555144457));
#8441=DIRECTION('center_axis',(-1.06369959569555E-15,-1.,-3.32076843734131E-15));
#8442=DIRECTION('ref_axis',(-3.64562597697342E-12,3.32076843734519E-15,
-1.));
#8443=DIRECTION('center_axis',(0.,-0.815453523909267,-0.578822555144457));
#8444=DIRECTION('ref_axis',(0.,0.578822555144457,-0.815453523909267));
#8445=DIRECTION('center_axis',(0.,0.815453523909268,0.578822555144456));
#8446=DIRECTION('ref_axis',(0.,0.578822555144456,-0.815453523909268));
#8447=DIRECTION('center_axis',(-1.06369959569552E-15,-1.,-3.32076843734129E-15));
#8448=DIRECTION('ref_axis',(-2.0157535291986E-12,3.32076843734344E-15,-1.));
#8449=DIRECTION('',(0.,0.815453523909267,0.578822555144457));
#8450=DIRECTION('center_axis',(-1.06369959569552E-15,-1.,-3.32076843734129E-15));
#8451=DIRECTION('ref_axis',(-2.0157535291986E-12,3.32076843734344E-15,-1.));
#8452=DIRECTION('center_axis',(0.,-0.815453523909267,-0.578822555144457));
#8453=DIRECTION('ref_axis',(0.,0.578822555144457,-0.815453523909267));
#8454=DIRECTION('center_axis',(0.,0.815453523909268,0.578822555144456));
#8455=DIRECTION('ref_axis',(0.,-0.578822555144456,0.815453523909268));
#8456=DIRECTION('center_axis',(-1.06369959569555E-15,-1.,-3.32076843734131E-15));
#8457=DIRECTION('ref_axis',(-5.13957243353534E-13,3.32076843734186E-15,
-1.));
#8458=DIRECTION('',(0.,0.815453523909267,0.578822555144457));
#8459=DIRECTION('center_axis',(-1.06369959569555E-15,-1.,-3.32076843734131E-15));
#8460=DIRECTION('ref_axis',(-5.13957243353534E-13,3.32076843734186E-15,
-1.));
#8461=DIRECTION('center_axis',(0.,-0.815453523909267,-0.578822555144457));
#8462=DIRECTION('ref_axis',(0.,0.578822555144457,-0.815453523909267));
#8463=DIRECTION('center_axis',(0.,0.815453523909268,0.578822555144456));
#8464=DIRECTION('ref_axis',(0.,-0.578822555144456,0.815453523909268));
#8465=DIRECTION('center_axis',(-1.06369959569553E-15,-1.,-3.32076843734131E-15));
#8466=DIRECTION('ref_axis',(-1.10062869476996E-12,3.32076843734248E-15,
-1.));
#8467=DIRECTION('',(0.,0.815453523909267,0.578822555144457));
#8468=DIRECTION('center_axis',(-1.06369959569553E-15,-1.,-3.32076843734131E-15));
#8469=DIRECTION('ref_axis',(-1.10062869476996E-12,3.32076843734248E-15,
-1.));
#8470=DIRECTION('center_axis',(0.,-0.815453523909267,-0.578822555144457));
#8471=DIRECTION('ref_axis',(0.,0.578822555144457,-0.815453523909267));
#8472=DIRECTION('center_axis',(0.,0.815453523909268,0.578822555144456));
#8473=DIRECTION('ref_axis',(0.,-0.578822555144456,0.815453523909268));
#8474=DIRECTION('center_axis',(-1.0636995956955E-15,-1.,-3.32076843734129E-15));
#8475=DIRECTION('ref_axis',(-9.22561514797798E-13,3.32076843734227E-15,
-1.));
#8476=DIRECTION('',(0.,0.815453523909267,0.578822555144457));
#8477=DIRECTION('center_axis',(-1.0636995956955E-15,-1.,-3.32076843734129E-15));
#8478=DIRECTION('ref_axis',(-9.22561514797798E-13,3.32076843734227E-15,
-1.));
#8479=DIRECTION('center_axis',(0.,-0.815453523909267,-0.578822555144457));
#8480=DIRECTION('ref_axis',(0.,0.578822555144457,-0.815453523909267));
#8481=DIRECTION('center_axis',(0.,0.815453523909268,0.578822555144456));
#8482=DIRECTION('ref_axis',(0.,-0.578822555144456,0.815453523909268));
#8483=DIRECTION('center_axis',(-1.06369959569554E-15,-1.,-3.3207684373413E-15));
#8484=DIRECTION('ref_axis',(-9.15537983337222E-13,3.32076843734227E-15,
-1.));
#8485=DIRECTION('',(0.,0.815453523909267,0.578822555144457));
#8486=DIRECTION('center_axis',(-1.06369959569554E-15,-1.,-3.3207684373413E-15));
#8487=DIRECTION('ref_axis',(-9.15537983337222E-13,3.32076843734227E-15,
-1.));
#8488=DIRECTION('center_axis',(0.,-0.815453523909267,-0.578822555144457));
#8489=DIRECTION('ref_axis',(0.,0.578822555144457,-0.815453523909267));
#8490=DIRECTION('center_axis',(0.,0.815453523909268,0.578822555144456));
#8491=DIRECTION('ref_axis',(0.,-0.578822555144456,0.815453523909268));
#8492=DIRECTION('center_axis',(-1.06369959569555E-15,-1.,-3.32076843734131E-15));
#8493=DIRECTION('ref_axis',(-2.76396620420781E-13,3.32076843734161E-15,
-1.));
#8494=DIRECTION('',(0.,0.815453523909267,0.578822555144457));
#8495=DIRECTION('center_axis',(-1.06369959569555E-15,-1.,-3.32076843734131E-15));
#8496=DIRECTION('ref_axis',(-2.76396620420781E-13,3.32076843734161E-15,
-1.));
#8497=DIRECTION('center_axis',(0.,-0.815453523909267,-0.578822555144457));
#8498=DIRECTION('ref_axis',(0.,0.578822555144457,-0.815453523909267));
#8499=DIRECTION('center_axis',(0.,0.815453523909268,0.578822555144456));
#8500=DIRECTION('ref_axis',(0.,-0.578822555144456,0.815453523909268));
#8501=DIRECTION('center_axis',(-1.06369959569556E-15,-1.,-3.32076843734132E-15));
#8502=DIRECTION('ref_axis',(-1.33942876443132E-12,3.32076843734274E-15,
-1.));
#8503=DIRECTION('',(0.,0.815453523909267,0.578822555144457));
#8504=DIRECTION('center_axis',(-1.06369959569556E-15,-1.,-3.32076843734132E-15));
#8505=DIRECTION('ref_axis',(-1.33942876443132E-12,3.32076843734274E-15,
-1.));
#8506=DIRECTION('center_axis',(0.,-0.815453523909267,-0.578822555144457));
#8507=DIRECTION('ref_axis',(0.,0.578822555144457,-0.815453523909267));
#8508=DIRECTION('center_axis',(0.,0.815453523909268,0.578822555144456));
#8509=DIRECTION('ref_axis',(0.,-0.578822555144456,0.815453523909268));
#8510=DIRECTION('center_axis',(-1.06369959569555E-15,-1.,-3.32076843734131E-15));
#8511=DIRECTION('ref_axis',(-1.95749953296602E-12,3.32076843734339E-15,
-1.));
#8512=DIRECTION('',(0.,0.815453523909267,0.578822555144457));
#8513=DIRECTION('center_axis',(-1.06369959569555E-15,-1.,-3.32076843734131E-15));
#8514=DIRECTION('ref_axis',(-1.95749953296602E-12,3.32076843734339E-15,
-1.));
#8515=DIRECTION('center_axis',(0.,-0.815453523909267,-0.578822555144457));
#8516=DIRECTION('ref_axis',(0.,0.578822555144457,-0.815453523909267));
#8517=DIRECTION('center_axis',(0.,0.815453523909268,0.578822555144456));
#8518=DIRECTION('ref_axis',(0.,-0.578822555144456,0.815453523909268));
#8519=DIRECTION('center_axis',(-1.06369959569555E-15,-1.,-3.32076843734131E-15));
#8520=DIRECTION('ref_axis',(-1.11674150223848E-12,3.3207684373425E-15,-1.));
#8521=DIRECTION('',(0.,0.815453523909267,0.578822555144457));
#8522=DIRECTION('center_axis',(-1.06369959569555E-15,-1.,-3.32076843734131E-15));
#8523=DIRECTION('ref_axis',(-1.11674150223848E-12,3.3207684373425E-15,-1.));
#8524=DIRECTION('center_axis',(0.,-0.815453523909267,-0.578822555144457));
#8525=DIRECTION('ref_axis',(0.,0.578822555144457,-0.815453523909267));
#8526=DIRECTION('center_axis',(0.,0.815453523909268,0.578822555144456));
#8527=DIRECTION('ref_axis',(0.,-0.578822555144456,0.815453523909268));
#8528=DIRECTION('center_axis',(-1.06369959569554E-15,-1.,-3.3207684373413E-15));
#8529=DIRECTION('ref_axis',(-1.424950588687E-12,3.32076843734282E-15,-1.));
#8530=DIRECTION('',(0.,0.815453523909267,0.578822555144457));
#8531=DIRECTION('center_axis',(-1.06369959569554E-15,-1.,-3.3207684373413E-15));
#8532=DIRECTION('ref_axis',(-1.424950588687E-12,3.32076843734282E-15,-1.));
#8533=DIRECTION('center_axis',(0.,-0.815453523909267,-0.578822555144457));
#8534=DIRECTION('ref_axis',(0.,0.578822555144457,-0.815453523909267));
#8535=DIRECTION('center_axis',(0.,0.815453523909268,0.578822555144456));
#8536=DIRECTION('ref_axis',(0.,-0.578822555144456,0.815453523909268));
#8537=DIRECTION('center_axis',(-1.06369959569554E-15,-1.,-3.3207684373413E-15));
#8538=DIRECTION('ref_axis',(-1.12211243806141E-12,3.3207684373425E-15,-1.));
#8539=DIRECTION('',(0.,0.815453523909267,0.578822555144457));
#8540=DIRECTION('center_axis',(-1.06369959569554E-15,-1.,-3.3207684373413E-15));
#8541=DIRECTION('ref_axis',(-1.12211243806141E-12,3.3207684373425E-15,-1.));
#8542=DIRECTION('center_axis',(0.,-0.815453523909267,-0.578822555144457));
#8543=DIRECTION('ref_axis',(0.,0.578822555144457,-0.815453523909267));
#8544=DIRECTION('center_axis',(0.,0.815453523909268,0.578822555144456));
#8545=DIRECTION('ref_axis',(0.,-0.578822555144456,0.815453523909268));
#8546=DIRECTION('center_axis',(-1.06369959569565E-15,-1.,-3.32076843734134E-15));
#8547=DIRECTION('ref_axis',(-1.44312914070326E-12,3.32076843734288E-15,
-1.));
#8548=DIRECTION('',(0.,0.815453523909267,0.578822555144457));
#8549=DIRECTION('center_axis',(-1.06369959569565E-15,-1.,-3.32076843734134E-15));
#8550=DIRECTION('ref_axis',(-1.44312914070326E-12,3.32076843734288E-15,
-1.));
#8551=DIRECTION('center_axis',(0.,-0.815453523909267,-0.578822555144457));
#8552=DIRECTION('ref_axis',(0.,0.578822555144457,-0.815453523909267));
#8553=DIRECTION('center_axis',(0.,0.815453523909268,0.578822555144456));
#8554=DIRECTION('ref_axis',(0.,-0.578822555144456,0.815453523909268));
#8555=DIRECTION('center_axis',(-1.06369959569565E-15,-1.,-3.32076843734135E-15));
#8556=DIRECTION('ref_axis',(-1.4047062921244E-12,3.32076843734284E-15,-1.));
#8557=DIRECTION('',(0.,0.815453523909267,0.578822555144457));
#8558=DIRECTION('center_axis',(-1.06369959569565E-15,-1.,-3.32076843734135E-15));
#8559=DIRECTION('ref_axis',(-1.4047062921244E-12,3.32076843734284E-15,-1.));
#8560=DIRECTION('center_axis',(0.,-0.815453523909267,-0.578822555144457));
#8561=DIRECTION('ref_axis',(0.,0.578822555144457,-0.815453523909267));
#8562=DIRECTION('center_axis',(0.,0.815453523909268,0.578822555144456));
#8563=DIRECTION('ref_axis',(0.,-0.578822555144456,0.815453523909268));
#8564=DIRECTION('center_axis',(-1.06369959569565E-15,-1.,-3.32076843734134E-15));
#8565=DIRECTION('ref_axis',(-1.41296927031344E-12,3.32076843734285E-15,
-1.));
#8566=DIRECTION('',(0.,0.815453523909267,0.578822555144457));
#8567=DIRECTION('center_axis',(-1.06369959569565E-15,-1.,-3.32076843734134E-15));
#8568=DIRECTION('ref_axis',(-1.41296927031344E-12,3.32076843734285E-15,
-1.));
#8569=DIRECTION('center_axis',(0.,-0.815453523909267,-0.578822555144457));
#8570=DIRECTION('ref_axis',(0.,0.578822555144457,-0.815453523909267));
#8571=DIRECTION('center_axis',(0.,0.815453523909268,0.578822555144456));
#8572=DIRECTION('ref_axis',(0.,-0.578822555144456,0.815453523909268));
#8573=DIRECTION('center_axis',(-1.06369959569564E-15,-1.,-3.32076843734134E-15));
#8574=DIRECTION('ref_axis',(-1.43321356687648E-12,3.32076843734286E-15,
-1.));
#8575=DIRECTION('',(0.,0.815453523909267,0.578822555144457));
#8576=DIRECTION('center_axis',(-1.06369959569564E-15,-1.,-3.32076843734134E-15));
#8577=DIRECTION('ref_axis',(-1.43321356687648E-12,3.32076843734286E-15,
-1.));
#8578=DIRECTION('center_axis',(0.,-0.815453523909267,-0.578822555144457));
#8579=DIRECTION('ref_axis',(0.,0.578822555144457,-0.815453523909267));
#8580=DIRECTION('center_axis',(0.,0.815453523909268,0.578822555144456));
#8581=DIRECTION('ref_axis',(0.,-0.578822555144456,0.815453523909268));
#8582=DIRECTION('center_axis',(-1.06369959569565E-15,-1.,-3.32076843734134E-15));
#8583=DIRECTION('ref_axis',(-1.60673610884483E-12,3.32076843734305E-15,
-1.));
#8584=DIRECTION('',(0.,0.815453523909267,0.578822555144457));
#8585=DIRECTION('center_axis',(-1.06369959569565E-15,-1.,-3.32076843734134E-15));
#8586=DIRECTION('ref_axis',(-1.60673610884483E-12,3.32076843734305E-15,
-1.));
#8587=DIRECTION('center_axis',(0.,-0.815453523909267,-0.578822555144457));
#8588=DIRECTION('ref_axis',(0.,0.578822555144457,-0.815453523909267));
#8589=DIRECTION('center_axis',(0.,0.815453523909268,0.578822555144456));
#8590=DIRECTION('ref_axis',(0.,-0.578822555144456,0.815453523909268));
#8591=DIRECTION('center_axis',(-1.06369959569564E-15,-1.,-3.32076843734134E-15));
#8592=DIRECTION('ref_axis',(-1.66292436052984E-12,3.32076843734311E-15,
-1.));
#8593=DIRECTION('',(0.,0.815453523909267,0.578822555144457));
#8594=DIRECTION('center_axis',(-1.06369959569564E-15,-1.,-3.32076843734134E-15));
#8595=DIRECTION('ref_axis',(-1.66292436052984E-12,3.32076843734311E-15,
-1.));
#8596=DIRECTION('center_axis',(0.,-0.815453523909267,0.578822555144457));
#8597=DIRECTION('ref_axis',(0.,-0.578822555144457,-0.815453523909267));
#8598=DIRECTION('center_axis',(1.06369959569564E-15,1.,-3.32076843734134E-15));
#8599=DIRECTION('ref_axis',(-1.76745103462032E-12,3.32076843734322E-15,
1.));
#8600=DIRECTION('center_axis',(0.,-0.815453523909268,0.578822555144456));
#8601=DIRECTION('ref_axis',(0.,0.578822555144456,0.815453523909268));
#8602=DIRECTION('',(0.,0.815453523909267,-0.578822555144457));
#8603=DIRECTION('center_axis',(0.,-0.815453523909268,0.578822555144456));
#8604=DIRECTION('ref_axis',(0.,0.578822555144456,0.815453523909268));
#8605=DIRECTION('center_axis',(0.,-0.815453523909267,0.578822555144457));
#8606=DIRECTION('ref_axis',(0.,-0.578822555144457,-0.815453523909267));
#8607=DIRECTION('center_axis',(1.06369959569565E-15,1.,-3.32076843734134E-15));
#8608=DIRECTION('ref_axis',(-1.7757140128093E-12,3.32076843734323E-15,1.));
#8609=DIRECTION('center_axis',(0.,-0.815453523909268,0.578822555144456));
#8610=DIRECTION('ref_axis',(0.,0.578822555144456,0.815453523909268));
#8611=DIRECTION('',(0.,0.815453523909267,-0.578822555144457));
#8612=DIRECTION('center_axis',(0.,-0.815453523909268,0.578822555144456));
#8613=DIRECTION('ref_axis',(0.,0.578822555144456,0.815453523909268));
#8614=DIRECTION('center_axis',(0.,-0.815453523909267,0.578822555144457));
#8615=DIRECTION('ref_axis',(0.,-0.578822555144457,-0.815453523909267));
#8616=DIRECTION('center_axis',(1.06369959569564E-15,1.,-3.32076843734134E-15));
#8617=DIRECTION('ref_axis',(-1.79967664955733E-12,3.32076843734325E-15,
1.));
#8618=DIRECTION('center_axis',(0.,-0.815453523909268,0.578822555144456));
#8619=DIRECTION('ref_axis',(0.,0.578822555144456,0.815453523909268));
#8620=DIRECTION('',(0.,0.815453523909267,-0.578822555144457));
#8621=DIRECTION('center_axis',(0.,-0.815453523909268,0.578822555144456));
#8622=DIRECTION('ref_axis',(0.,0.578822555144456,0.815453523909268));
#8623=DIRECTION('center_axis',(0.,-0.815453523909267,0.578822555144457));
#8624=DIRECTION('ref_axis',(0.,-0.578822555144457,-0.815453523909267));
#8625=DIRECTION('center_axis',(1.06369959569565E-15,1.,-3.32076843734134E-15));
#8626=DIRECTION('ref_axis',(-1.74596729132898E-12,3.3207684373432E-15,1.));
#8627=DIRECTION('center_axis',(0.,-0.815453523909268,0.578822555144456));
#8628=DIRECTION('ref_axis',(0.,0.578822555144456,0.815453523909268));
#8629=DIRECTION('',(0.,0.815453523909267,-0.578822555144457));
#8630=DIRECTION('center_axis',(0.,-0.815453523909268,0.578822555144456));
#8631=DIRECTION('ref_axis',(0.,0.578822555144456,0.815453523909268));
#8632=DIRECTION('center_axis',(0.,-0.815453523909267,0.578822555144457));
#8633=DIRECTION('ref_axis',(0.,-0.578822555144457,-0.815453523909267));
#8634=DIRECTION('center_axis',(1.06369959569564E-15,1.,-3.32076843734134E-15));
#8635=DIRECTION('ref_axis',(-1.85379915669515E-12,3.32076843734331E-15,
1.));
#8636=DIRECTION('center_axis',(0.,-0.815453523909268,0.578822555144456));
#8637=DIRECTION('ref_axis',(0.,0.578822555144456,0.815453523909268));
#8638=DIRECTION('',(0.,0.815453523909267,-0.578822555144457));
#8639=DIRECTION('center_axis',(0.,-0.815453523909268,0.578822555144456));
#8640=DIRECTION('ref_axis',(0.,0.578822555144456,0.815453523909268));
#8641=DIRECTION('center_axis',(0.,-0.815453523909267,0.578822555144457));
#8642=DIRECTION('ref_axis',(0.,-0.578822555144457,-0.815453523909267));
#8643=DIRECTION('center_axis',(1.06369959569554E-15,1.,-3.3207684373413E-15));
#8644=DIRECTION('ref_axis',(-1.424950588687E-12,3.32076843734282E-15,1.));
#8645=DIRECTION('center_axis',(0.,-0.815453523909268,0.578822555144456));
#8646=DIRECTION('ref_axis',(0.,0.578822555144456,0.815453523909268));
#8647=DIRECTION('',(0.,0.815453523909267,-0.578822555144457));
#8648=DIRECTION('center_axis',(0.,-0.815453523909268,0.578822555144456));
#8649=DIRECTION('ref_axis',(0.,0.578822555144456,0.815453523909268));
#8650=DIRECTION('center_axis',(0.,-0.815453523909267,0.578822555144457));
#8651=DIRECTION('ref_axis',(0.,-0.578822555144457,-0.815453523909267));
#8652=DIRECTION('center_axis',(1.06369959569555E-15,1.,-3.32076843734131E-15));
#8653=DIRECTION('ref_axis',(-1.54972155934053E-12,3.32076843734296E-15,
1.));
#8654=DIRECTION('center_axis',(0.,-0.815453523909268,0.578822555144456));
#8655=DIRECTION('ref_axis',(0.,0.578822555144456,0.815453523909268));
#8656=DIRECTION('',(0.,0.815453523909267,-0.578822555144457));
#8657=DIRECTION('center_axis',(0.,-0.815453523909268,0.578822555144456));
#8658=DIRECTION('ref_axis',(0.,0.578822555144456,0.815453523909268));
#8659=DIRECTION('center_axis',(0.,-0.815453523909267,0.578822555144457));
#8660=DIRECTION('ref_axis',(0.,-0.578822555144457,-0.815453523909267));
#8661=DIRECTION('center_axis',(1.06369959569556E-15,1.,-3.32076843734132E-15));
#8662=DIRECTION('ref_axis',(-1.94138672549755E-12,3.32076843734338E-15,
1.));
#8663=DIRECTION('center_axis',(0.,-0.815453523909268,0.578822555144456));
#8664=DIRECTION('ref_axis',(0.,0.578822555144456,0.815453523909268));
#8665=DIRECTION('',(0.,0.815453523909267,-0.578822555144457));
#8666=DIRECTION('center_axis',(0.,-0.815453523909268,0.578822555144456));
#8667=DIRECTION('ref_axis',(0.,0.578822555144456,0.815453523909268));
#8668=DIRECTION('center_axis',(0.,-0.815453523909267,0.578822555144457));
#8669=DIRECTION('ref_axis',(0.,-0.578822555144457,-0.815453523909267));
#8670=DIRECTION('center_axis',(1.06369959569555E-15,1.,-3.32076843734131E-15));
#8671=DIRECTION('ref_axis',(-1.11674150223848E-12,3.3207684373425E-15,1.));
#8672=DIRECTION('center_axis',(0.,-0.815453523909268,0.578822555144456));
#8673=DIRECTION('ref_axis',(0.,0.578822555144456,0.815453523909268));
#8674=DIRECTION('',(0.,0.815453523909267,-0.578822555144457));
#8675=DIRECTION('center_axis',(0.,-0.815453523909268,0.578822555144456));
#8676=DIRECTION('ref_axis',(0.,0.578822555144456,0.815453523909268));
#8677=DIRECTION('center_axis',(0.,-0.815453523909267,0.578822555144457));
#8678=DIRECTION('ref_axis',(0.,-0.578822555144457,-0.815453523909267));
#8679=DIRECTION('center_axis',(1.06369959569551E-15,1.,-3.32076843734128E-15));
#8680=DIRECTION('ref_axis',(-2.17977364624932E-12,3.3207684373436E-15,1.));
#8681=DIRECTION('center_axis',(0.,-0.815453523909268,0.578822555144456));
#8682=DIRECTION('ref_axis',(0.,0.578822555144456,0.815453523909268));
#8683=DIRECTION('',(0.,0.815453523909267,-0.578822555144457));
#8684=DIRECTION('center_axis',(0.,-0.815453523909268,0.578822555144456));
#8685=DIRECTION('ref_axis',(0.,0.578822555144456,0.815453523909268));
#8686=DIRECTION('center_axis',(0.,-0.815453523909267,0.578822555144457));
#8687=DIRECTION('ref_axis',(0.,-0.578822555144457,-0.815453523909267));
#8688=DIRECTION('center_axis',(1.06369959569554E-15,1.,-3.3207684373413E-15));
#8689=DIRECTION('ref_axis',(-1.99881442391123E-12,3.32076843734343E-15,
1.));
#8690=DIRECTION('center_axis',(0.,-0.815453523909268,0.578822555144456));
#8691=DIRECTION('ref_axis',(0.,0.578822555144456,0.815453523909268));
#8692=DIRECTION('',(0.,0.815453523909267,-0.578822555144457));
#8693=DIRECTION('center_axis',(0.,-0.815453523909268,0.578822555144456));
#8694=DIRECTION('ref_axis',(0.,0.578822555144456,0.815453523909268));
#8695=DIRECTION('center_axis',(0.,-0.815453523909267,0.578822555144457));
#8696=DIRECTION('ref_axis',(0.,-0.578822555144457,-0.815453523909267));
#8697=DIRECTION('center_axis',(1.06369959569552E-15,1.,-3.32076843734129E-15));
#8698=DIRECTION('ref_axis',(-2.86022990011173E-12,3.32076843734434E-15,
1.));
#8699=DIRECTION('center_axis',(0.,-0.815453523909268,0.578822555144456));
#8700=DIRECTION('ref_axis',(0.,0.578822555144456,0.815453523909268));
#8701=DIRECTION('',(0.,0.815453523909267,-0.578822555144457));
#8702=DIRECTION('center_axis',(0.,-0.815453523909268,0.578822555144456));
#8703=DIRECTION('ref_axis',(0.,0.578822555144456,0.815453523909268));
#8704=DIRECTION('center_axis',(0.,-0.815453523909267,0.578822555144457));
#8705=DIRECTION('ref_axis',(0.,-0.578822555144457,-0.815453523909267));
#8706=DIRECTION('center_axis',(1.06369959569556E-15,1.,-3.32076843734132E-15));
#8707=DIRECTION('ref_axis',(-1.33942876443132E-12,3.32076843734274E-15,
1.));
#8708=DIRECTION('center_axis',(0.,-0.815453523909268,0.578822555144456));
#8709=DIRECTION('ref_axis',(0.,0.578822555144456,0.815453523909268));
#8710=DIRECTION('',(0.,0.815453523909267,-0.578822555144457));
#8711=DIRECTION('center_axis',(0.,-0.815453523909268,0.578822555144456));
#8712=DIRECTION('ref_axis',(0.,0.578822555144456,0.815453523909268));
#8713=DIRECTION('center_axis',(0.,-0.815453523909267,0.578822555144457));
#8714=DIRECTION('ref_axis',(0.,-0.578822555144457,-0.815453523909267));
#8715=DIRECTION('center_axis',(1.06369959569555E-15,1.,-3.32076843734131E-15));
#8716=DIRECTION('ref_axis',(-3.64562597697342E-12,3.32076843734519E-15,
1.));
#8717=DIRECTION('center_axis',(0.,-0.815453523909268,0.578822555144456));
#8718=DIRECTION('ref_axis',(0.,0.578822555144456,0.815453523909268));
#8719=DIRECTION('',(0.,0.815453523909267,-0.578822555144457));
#8720=DIRECTION('center_axis',(0.,-0.815453523909268,0.578822555144456));
#8721=DIRECTION('ref_axis',(0.,0.578822555144456,0.815453523909268));
#8722=DIRECTION('center_axis',(0.,-0.815453523909267,0.578822555144457));
#8723=DIRECTION('ref_axis',(0.,-0.578822555144457,-0.815453523909267));
#8724=DIRECTION('center_axis',(1.06369959569552E-15,1.,-3.32076843734129E-15));
#8725=DIRECTION('ref_axis',(-2.0157535291986E-12,3.32076843734344E-15,1.));
#8726=DIRECTION('center_axis',(0.,-0.815453523909268,0.578822555144456));
#8727=DIRECTION('ref_axis',(0.,0.578822555144456,0.815453523909268));
#8728=DIRECTION('',(0.,0.815453523909267,-0.578822555144457));
#8729=DIRECTION('center_axis',(0.,-0.815453523909268,0.578822555144456));
#8730=DIRECTION('ref_axis',(0.,0.578822555144456,0.815453523909268));
#8731=DIRECTION('center_axis',(0.,-0.815453523909267,0.578822555144457));
#8732=DIRECTION('ref_axis',(0.,-0.578822555144457,-0.815453523909267));
#8733=DIRECTION('center_axis',(1.06369959569555E-15,1.,-3.32076843734131E-15));
#8734=DIRECTION('ref_axis',(-5.13957243353534E-13,3.32076843734186E-15,
1.));
#8735=DIRECTION('center_axis',(0.,-0.815453523909268,0.578822555144456));
#8736=DIRECTION('ref_axis',(0.,-0.578822555144456,-0.815453523909268));
#8737=DIRECTION('',(0.,0.815453523909267,-0.578822555144457));
#8738=DIRECTION('center_axis',(0.,-0.815453523909268,0.578822555144456));
#8739=DIRECTION('ref_axis',(0.,-0.578822555144456,-0.815453523909268));
#8740=DIRECTION('center_axis',(0.,-0.815453523909267,0.578822555144457));
#8741=DIRECTION('ref_axis',(0.,-0.578822555144457,-0.815453523909267));
#8742=DIRECTION('center_axis',(1.06369959569553E-15,1.,-3.32076843734131E-15));
#8743=DIRECTION('ref_axis',(-1.10062869476996E-12,3.32076843734248E-15,
1.));
#8744=DIRECTION('center_axis',(0.,-0.815453523909268,0.578822555144456));
#8745=DIRECTION('ref_axis',(0.,-0.578822555144456,-0.815453523909268));
#8746=DIRECTION('',(0.,0.815453523909267,-0.578822555144457));
#8747=DIRECTION('center_axis',(0.,-0.815453523909268,0.578822555144456));
#8748=DIRECTION('ref_axis',(0.,-0.578822555144456,-0.815453523909268));
#8749=DIRECTION('center_axis',(0.,-0.815453523909267,0.578822555144457));
#8750=DIRECTION('ref_axis',(0.,-0.578822555144457,-0.815453523909267));
#8751=DIRECTION('center_axis',(1.0636995956955E-15,1.,-3.32076843734129E-15));
#8752=DIRECTION('ref_axis',(-9.22561514797798E-13,3.32076843734227E-15,
1.));
#8753=DIRECTION('center_axis',(0.,-0.815453523909268,0.578822555144456));
#8754=DIRECTION('ref_axis',(0.,-0.578822555144456,-0.815453523909268));
#8755=DIRECTION('',(0.,0.815453523909267,-0.578822555144457));
#8756=DIRECTION('center_axis',(0.,-0.815453523909268,0.578822555144456));
#8757=DIRECTION('ref_axis',(0.,-0.578822555144456,-0.815453523909268));
#8758=DIRECTION('center_axis',(0.,-0.815453523909267,0.578822555144457));
#8759=DIRECTION('ref_axis',(0.,-0.578822555144457,-0.815453523909267));
#8760=DIRECTION('center_axis',(1.06369959569554E-15,1.,-3.3207684373413E-15));
#8761=DIRECTION('ref_axis',(-9.15537983337222E-13,3.32076843734227E-15,
1.));
#8762=DIRECTION('center_axis',(0.,-0.815453523909268,0.578822555144456));
#8763=DIRECTION('ref_axis',(0.,-0.578822555144456,-0.815453523909268));
#8764=DIRECTION('',(0.,0.815453523909267,-0.578822555144457));
#8765=DIRECTION('center_axis',(0.,-0.815453523909268,0.578822555144456));
#8766=DIRECTION('ref_axis',(0.,-0.578822555144456,-0.815453523909268));
#8767=DIRECTION('center_axis',(0.,-0.815453523909267,0.578822555144457));
#8768=DIRECTION('ref_axis',(0.,-0.578822555144457,-0.815453523909267));
#8769=DIRECTION('center_axis',(1.06369959569555E-15,1.,-3.32076843734131E-15));
#8770=DIRECTION('ref_axis',(-2.76396620420781E-13,3.32076843734161E-15,
1.));
#8771=DIRECTION('center_axis',(0.,-0.815453523909268,0.578822555144456));
#8772=DIRECTION('ref_axis',(0.,-0.578822555144456,-0.815453523909268));
#8773=DIRECTION('',(0.,0.815453523909267,-0.578822555144457));
#8774=DIRECTION('center_axis',(0.,-0.815453523909268,0.578822555144456));
#8775=DIRECTION('ref_axis',(0.,-0.578822555144456,-0.815453523909268));
#8776=DIRECTION('center_axis',(0.,-0.815453523909267,0.578822555144457));
#8777=DIRECTION('ref_axis',(0.,-0.578822555144457,-0.815453523909267));
#8778=DIRECTION('center_axis',(1.06369959569556E-15,1.,-3.32076843734132E-15));
#8779=DIRECTION('ref_axis',(-1.33942876443132E-12,3.32076843734274E-15,
1.));
#8780=DIRECTION('center_axis',(0.,-0.815453523909268,0.578822555144456));
#8781=DIRECTION('ref_axis',(0.,-0.578822555144456,-0.815453523909268));
#8782=DIRECTION('',(0.,0.815453523909267,-0.578822555144457));
#8783=DIRECTION('center_axis',(0.,-0.815453523909268,0.578822555144456));
#8784=DIRECTION('ref_axis',(0.,-0.578822555144456,-0.815453523909268));
#8785=DIRECTION('center_axis',(0.,-0.815453523909267,0.578822555144457));
#8786=DIRECTION('ref_axis',(0.,-0.578822555144457,-0.815453523909267));
#8787=DIRECTION('center_axis',(1.06369959569555E-15,1.,-3.32076843734131E-15));
#8788=DIRECTION('ref_axis',(-1.95749953296602E-12,3.32076843734339E-15,
1.));
#8789=DIRECTION('center_axis',(0.,-0.815453523909268,0.578822555144456));
#8790=DIRECTION('ref_axis',(0.,-0.578822555144456,-0.815453523909268));
#8791=DIRECTION('',(0.,0.815453523909267,-0.578822555144457));
#8792=DIRECTION('center_axis',(0.,-0.815453523909268,0.578822555144456));
#8793=DIRECTION('ref_axis',(0.,-0.578822555144456,-0.815453523909268));
#8794=DIRECTION('center_axis',(0.,-0.815453523909267,0.578822555144457));
#8795=DIRECTION('ref_axis',(0.,-0.578822555144457,-0.815453523909267));
#8796=DIRECTION('center_axis',(1.06369959569555E-15,1.,-3.32076843734131E-15));
#8797=DIRECTION('ref_axis',(-1.11674150223848E-12,3.3207684373425E-15,1.));
#8798=DIRECTION('center_axis',(0.,-0.815453523909268,0.578822555144456));
#8799=DIRECTION('ref_axis',(0.,-0.578822555144456,-0.815453523909268));
#8800=DIRECTION('',(0.,0.815453523909267,-0.578822555144457));
#8801=DIRECTION('center_axis',(0.,-0.815453523909268,0.578822555144456));
#8802=DIRECTION('ref_axis',(0.,-0.578822555144456,-0.815453523909268));
#8803=DIRECTION('center_axis',(0.,-0.815453523909267,0.578822555144457));
#8804=DIRECTION('ref_axis',(0.,-0.578822555144457,-0.815453523909267));
#8805=DIRECTION('center_axis',(1.06369959569554E-15,1.,-3.3207684373413E-15));
#8806=DIRECTION('ref_axis',(-1.424950588687E-12,3.32076843734282E-15,1.));
#8807=DIRECTION('center_axis',(0.,-0.815453523909268,0.578822555144456));
#8808=DIRECTION('ref_axis',(0.,-0.578822555144456,-0.815453523909268));
#8809=DIRECTION('',(0.,0.815453523909267,-0.578822555144457));
#8810=DIRECTION('center_axis',(0.,-0.815453523909268,0.578822555144456));
#8811=DIRECTION('ref_axis',(0.,-0.578822555144456,-0.815453523909268));
#8812=DIRECTION('center_axis',(0.,-0.815453523909267,0.578822555144457));
#8813=DIRECTION('ref_axis',(0.,-0.578822555144457,-0.815453523909267));
#8814=DIRECTION('center_axis',(1.06369959569554E-15,1.,-3.3207684373413E-15));
#8815=DIRECTION('ref_axis',(-1.12211243806141E-12,3.3207684373425E-15,1.));
#8816=DIRECTION('center_axis',(0.,-0.815453523909268,0.578822555144456));
#8817=DIRECTION('ref_axis',(0.,-0.578822555144456,-0.815453523909268));
#8818=DIRECTION('',(0.,0.815453523909267,-0.578822555144457));
#8819=DIRECTION('center_axis',(0.,-0.815453523909268,0.578822555144456));
#8820=DIRECTION('ref_axis',(0.,-0.578822555144456,-0.815453523909268));
#8821=DIRECTION('center_axis',(0.,-0.815453523909267,0.578822555144457));
#8822=DIRECTION('ref_axis',(0.,-0.578822555144457,-0.815453523909267));
#8823=DIRECTION('center_axis',(1.06369959569565E-15,1.,-3.32076843734134E-15));
#8824=DIRECTION('ref_axis',(-1.44312914070326E-12,3.32076843734288E-15,
1.));
#8825=DIRECTION('center_axis',(0.,-0.815453523909268,0.578822555144456));
#8826=DIRECTION('ref_axis',(0.,-0.578822555144456,-0.815453523909268));
#8827=DIRECTION('',(0.,0.815453523909267,-0.578822555144457));
#8828=DIRECTION('center_axis',(0.,-0.815453523909268,0.578822555144456));
#8829=DIRECTION('ref_axis',(0.,-0.578822555144456,-0.815453523909268));
#8830=DIRECTION('center_axis',(0.,-0.815453523909267,0.578822555144457));
#8831=DIRECTION('ref_axis',(0.,-0.578822555144457,-0.815453523909267));
#8832=DIRECTION('center_axis',(1.06369959569565E-15,1.,-3.32076843734135E-15));
#8833=DIRECTION('ref_axis',(-1.4047062921244E-12,3.32076843734284E-15,1.));
#8834=DIRECTION('center_axis',(0.,-0.815453523909268,0.578822555144456));
#8835=DIRECTION('ref_axis',(0.,-0.578822555144456,-0.815453523909268));
#8836=DIRECTION('',(0.,0.815453523909267,-0.578822555144457));
#8837=DIRECTION('center_axis',(0.,-0.815453523909268,0.578822555144456));
#8838=DIRECTION('ref_axis',(0.,-0.578822555144456,-0.815453523909268));
#8839=DIRECTION('center_axis',(0.,-0.815453523909267,0.578822555144457));
#8840=DIRECTION('ref_axis',(0.,-0.578822555144457,-0.815453523909267));
#8841=DIRECTION('center_axis',(1.06369959569565E-15,1.,-3.32076843734134E-15));
#8842=DIRECTION('ref_axis',(-1.41296927031344E-12,3.32076843734285E-15,
1.));
#8843=DIRECTION('center_axis',(0.,-0.815453523909268,0.578822555144456));
#8844=DIRECTION('ref_axis',(0.,-0.578822555144456,-0.815453523909268));
#8845=DIRECTION('',(0.,0.815453523909267,-0.578822555144457));
#8846=DIRECTION('center_axis',(0.,-0.815453523909268,0.578822555144456));
#8847=DIRECTION('ref_axis',(0.,-0.578822555144456,-0.815453523909268));
#8848=DIRECTION('center_axis',(0.,-0.815453523909267,0.578822555144457));
#8849=DIRECTION('ref_axis',(0.,-0.578822555144457,-0.815453523909267));
#8850=DIRECTION('center_axis',(1.06369959569564E-15,1.,-3.32076843734134E-15));
#8851=DIRECTION('ref_axis',(-1.43321356687648E-12,3.32076843734286E-15,
1.));
#8852=DIRECTION('center_axis',(0.,-0.815453523909268,0.578822555144456));
#8853=DIRECTION('ref_axis',(0.,-0.578822555144456,-0.815453523909268));
#8854=DIRECTION('',(0.,0.815453523909267,-0.578822555144457));
#8855=DIRECTION('center_axis',(0.,-0.815453523909268,0.578822555144456));
#8856=DIRECTION('ref_axis',(0.,-0.578822555144456,-0.815453523909268));
#8857=DIRECTION('center_axis',(0.,-0.815453523909267,0.578822555144457));
#8858=DIRECTION('ref_axis',(0.,-0.578822555144457,-0.815453523909267));
#8859=DIRECTION('center_axis',(1.06369959569565E-15,1.,-3.32076843734134E-15));
#8860=DIRECTION('ref_axis',(-1.60673610884483E-12,3.32076843734305E-15,
1.));
#8861=DIRECTION('center_axis',(0.,-0.815453523909268,0.578822555144456));
#8862=DIRECTION('ref_axis',(0.,-0.578822555144456,-0.815453523909268));
#8863=DIRECTION('',(0.,0.815453523909267,-0.578822555144457));
#8864=DIRECTION('center_axis',(0.,-0.815453523909268,0.578822555144456));
#8865=DIRECTION('ref_axis',(0.,-0.578822555144456,-0.815453523909268));
#8866=DIRECTION('center_axis',(0.,-0.815453523909267,0.578822555144457));
#8867=DIRECTION('ref_axis',(0.,-0.578822555144457,-0.815453523909267));
#8868=DIRECTION('center_axis',(1.06369959569564E-15,1.,-3.32076843734134E-15));
#8869=DIRECTION('ref_axis',(-1.67325308326605E-12,3.32076843734312E-15,
1.));
#8870=DIRECTION('center_axis',(0.,-0.815453523909268,0.578822555144456));
#8871=DIRECTION('ref_axis',(0.,-0.578822555144456,-0.815453523909268));
#8872=DIRECTION('',(0.,0.815453523909267,-0.578822555144457));
#8873=DIRECTION('center_axis',(0.,-0.815453523909268,0.578822555144456));
#8874=DIRECTION('ref_axis',(0.,-0.578822555144456,-0.815453523909268));
#8875=DIRECTION('center_axis',(0.,1.,0.));
#8876=DIRECTION('ref_axis',(0.,0.,1.));
#8877=DIRECTION('',(1.0842021724855E-16,0.,1.));
#8878=DIRECTION('',(1.,0.,0.));
#8879=DIRECTION('',(-1.0842021724855E-16,0.,-1.));
#8880=DIRECTION('',(-1.,0.,0.));
#8881=DIRECTION('',(9.22725253179153E-17,0.,1.));
#8882=DIRECTION('',(-1.,0.,0.));
#8883=DIRECTION('',(-1.84545050635831E-16,0.,-1.));
#8884=DIRECTION('',(1.,0.,0.));
#8885=DIRECTION('',(-1.,0.,0.));
#8886=DIRECTION('',(-1.,0.,0.));
#8887=DIRECTION('',(-1.,0.,0.));
#8888=DIRECTION('',(-1.,0.,0.));
#8889=DIRECTION('',(-1.,0.,0.));
#8890=DIRECTION('',(-1.,0.,0.));
#8891=DIRECTION('',(-1.,0.,0.));
#8892=DIRECTION('',(-1.,0.,0.));
#8893=DIRECTION('',(1.,0.,0.));
#8894=DIRECTION('',(1.,0.,0.));
#8895=DIRECTION('',(1.,0.,0.));
#8896=DIRECTION('',(1.,0.,0.));
#8897=DIRECTION('',(1.,0.,0.));
#8898=DIRECTION('',(1.,0.,0.));
#8899=DIRECTION('',(1.,0.,0.));
#8900=DIRECTION('',(1.,0.,0.));
#8901=DIRECTION('',(0.,0.,1.));
#8902=DIRECTION('',(-1.,0.,0.));
#8903=DIRECTION('',(0.,0.,-1.));
#8904=DIRECTION('',(1.,0.,0.));
#8905=DIRECTION('',(0.,0.,1.));
#8906=DIRECTION('',(-1.,0.,0.));
#8907=DIRECTION('',(0.,0.,-1.));
#8908=DIRECTION('',(1.,0.,0.));
#8909=DIRECTION('',(7.2280144832367E-16,0.,1.));
#8910=DIRECTION('',(-1.,0.,0.));
#8911=DIRECTION('',(0.,0.,-1.));
#8912=DIRECTION('',(1.,0.,0.));
#8913=DIRECTION('',(0.,0.,1.));
#8914=DIRECTION('',(-1.,0.,0.));
#8915=DIRECTION('',(0.,0.,-1.));
#8916=DIRECTION('',(-1.,0.,0.));
#8917=DIRECTION('',(7.2280144832367E-16,0.,-1.));
#8918=DIRECTION('',(1.,0.,0.));
#8919=DIRECTION('',(0.,0.,1.));
#8920=DIRECTION('',(1.,0.,3.61400724161835E-16));
#8921=DIRECTION('',(7.2280144832367E-16,0.,1.));
#8922=DIRECTION('',(-1.,0.,0.));
#8923=DIRECTION('',(0.,0.,-1.));
#8924=DIRECTION('',(1.,0.,0.));
#8925=DIRECTION('',(0.,0.,1.));
#8926=DIRECTION('',(-1.,0.,0.));
#8927=DIRECTION('',(0.,0.,-1.));
#8928=DIRECTION('',(1.,0.,0.));
#8929=DIRECTION('',(1.,0.,0.));
#8930=DIRECTION('',(1.,0.,0.));
#8931=DIRECTION('',(1.,0.,0.));
#8932=DIRECTION('',(1.,0.,0.));
#8933=DIRECTION('',(1.,0.,0.));
#8934=DIRECTION('',(1.,0.,0.));
#8935=DIRECTION('',(1.,0.,0.));
#8936=DIRECTION('',(-1.,0.,0.));
#8937=DIRECTION('',(-1.,0.,0.));
#8938=DIRECTION('',(-1.,0.,0.));
#8939=DIRECTION('',(-1.,0.,0.));
#8940=DIRECTION('',(-1.,0.,0.));
#8941=DIRECTION('',(-1.,0.,0.));
#8942=DIRECTION('',(-1.,0.,0.));
#8943=DIRECTION('',(-1.,0.,0.));
#8944=DIRECTION('',(-1.,0.,0.));
#8945=DIRECTION('',(-1.,0.,0.));
#8946=DIRECTION('',(-1.,0.,0.));
#8947=DIRECTION('',(-1.,0.,0.));
#8948=DIRECTION('',(-1.,0.,0.));
#8949=DIRECTION('',(-1.,0.,0.));
#8950=DIRECTION('',(-1.,0.,0.));
#8951=DIRECTION('',(-1.,0.,0.));
#8952=DIRECTION('',(-1.,0.,0.));
#8953=DIRECTION('',(-1.,0.,0.));
#8954=DIRECTION('',(-1.,0.,0.));
#8955=DIRECTION('',(-1.,0.,0.));
#8956=DIRECTION('',(-1.,0.,0.));
#8957=DIRECTION('',(-1.,0.,0.));
#8958=DIRECTION('',(-1.,0.,0.));
#8959=DIRECTION('',(1.,0.,0.));
#8960=DIRECTION('',(1.,0.,0.));
#8961=DIRECTION('',(1.,0.,0.));
#8962=DIRECTION('',(1.,0.,0.));
#8963=DIRECTION('',(1.,0.,0.));
#8964=DIRECTION('',(1.,0.,0.));
#8965=DIRECTION('',(1.,0.,0.));
#8966=DIRECTION('',(1.,0.,0.));
#8967=DIRECTION('',(1.,0.,0.));
#8968=DIRECTION('',(1.,0.,0.));
#8969=DIRECTION('',(1.,0.,0.));
#8970=DIRECTION('',(1.,0.,0.));
#8971=DIRECTION('',(1.,0.,0.));
#8972=DIRECTION('',(1.,0.,0.));
#8973=DIRECTION('',(1.,0.,0.));
#8974=DIRECTION('',(1.,0.,0.));
#8975=DIRECTION('center_axis',(0.,1.,0.));
#8976=DIRECTION('ref_axis',(0.,0.,1.));
#8977=DIRECTION('',(9.22725253179153E-17,0.,1.));
#8978=DIRECTION('',(1.,0.,0.));
#8979=DIRECTION('',(-1.84545050635831E-16,0.,-1.));
#8980=DIRECTION('',(-1.,0.,0.));
#8981=DIRECTION('',(1.58277689413942E-16,0.,1.));
#8982=DIRECTION('',(-1.,0.,0.));
#8983=DIRECTION('',(-3.16555378827884E-16,0.,-1.));
#8984=DIRECTION('',(1.,0.,0.));
#8985=DIRECTION('',(0.,0.,-1.));
#8986=DIRECTION('',(-0.707106781186545,0.,0.70710678118655));
#8987=DIRECTION('',(0.70548498302893,0.,-0.70872486814043));
#8988=DIRECTION('',(0.,0.,1.));
#8989=DIRECTION('center_axis',(1.,0.,-9.22725253179153E-17));
#8990=DIRECTION('ref_axis',(-9.22725253179153E-17,0.,-1.));
#8991=DIRECTION('',(0.,-1.,0.));
#8992=DIRECTION('',(0.,-1.,0.));
#8993=DIRECTION('center_axis',(0.,0.,-1.));
#8994=DIRECTION('ref_axis',(-1.,0.,0.));
#8995=DIRECTION('',(0.,-1.,0.));
#8996=DIRECTION('center_axis',(-1.,0.,1.84545050635831E-16));
#8997=DIRECTION('ref_axis',(1.84545050635831E-16,0.,1.));
#8998=DIRECTION('',(0.,-1.,0.));
#8999=DIRECTION('center_axis',(0.,0.,1.));
#9000=DIRECTION('ref_axis',(1.,0.,0.));
#9001=DIRECTION('center_axis',(-1.,0.,1.58277689413942E-16));
#9002=DIRECTION('ref_axis',(1.58277689413942E-16,0.,1.));
#9003=DIRECTION('',(0.,1.,0.));
#9004=DIRECTION('',(1.58277689413942E-16,0.,1.));
#9005=DIRECTION('',(0.,1.,0.));
#9006=DIRECTION('center_axis',(0.,0.,-1.));
#9007=DIRECTION('ref_axis',(-1.,0.,0.));
#9008=DIRECTION('',(-1.,0.,0.));
#9009=DIRECTION('',(0.,1.,0.));
#9010=DIRECTION('center_axis',(1.,0.,-3.16555378827884E-16));
#9011=DIRECTION('ref_axis',(-3.16555378827885E-16,0.,-1.));
#9012=DIRECTION('',(-3.16555378827884E-16,0.,-1.));
#9013=DIRECTION('',(0.,1.,0.));
#9014=DIRECTION('center_axis',(0.,0.,1.));
#9015=DIRECTION('ref_axis',(1.,0.,0.));
#9016=DIRECTION('',(1.,0.,0.));
#9017=DIRECTION('center_axis',(0.,1.,0.));
#9018=DIRECTION('ref_axis',(0.,0.,1.));
#9019=DIRECTION('center_axis',(1.,0.,0.));
#9020=DIRECTION('ref_axis',(0.,0.,-1.));
#9021=DIRECTION('',(0.,1.,0.));
#9022=DIRECTION('',(0.,0.,-1.));
#9023=DIRECTION('',(0.,1.,0.));
#9024=DIRECTION('center_axis',(-0.70710678118655,0.,-0.707106781186545));
#9025=DIRECTION('ref_axis',(-0.707106781186545,0.,0.70710678118655));
#9026=DIRECTION('',(-0.707106781186545,0.,0.70710678118655));
#9027=DIRECTION('',(0.,1.,0.));
#9028=DIRECTION('',(0.,1.,0.));
#9029=DIRECTION('',(0.,1.,0.));
#9030=DIRECTION('',(0.,1.,0.));
#9031=DIRECTION('center_axis',(0.70872486814043,0.,0.70548498302893));
#9032=DIRECTION('ref_axis',(0.70548498302893,0.,-0.70872486814043));
#9033=DIRECTION('',(0.70548498302893,0.,-0.70872486814043));
#9034=DIRECTION('',(0.,1.,0.));
#9035=DIRECTION('',(0.,1.,0.));
#9036=DIRECTION('',(0.,1.,0.));
#9037=DIRECTION('center_axis',(-1.,0.,0.));
#9038=DIRECTION('ref_axis',(0.,0.,1.));
#9039=DIRECTION('',(0.,0.,1.));
#9040=DIRECTION('',(0.,1.,0.));
#9041=DIRECTION('',(0.,1.,0.));
#9042=DIRECTION('center_axis',(-6.28878817828451E-14,1.,-7.02960163182944E-14));
#9043=DIRECTION('ref_axis',(0.,7.02960163182944E-14,1.));
#9044=DIRECTION('center_axis',(-1.,0.,1.0842021724855E-16));
#9045=DIRECTION('ref_axis',(1.0842021724855E-16,0.,1.));
#9046=DIRECTION('',(0.,1.,0.));
#9047=DIRECTION('',(1.0842021724855E-16,0.,1.));
#9048=DIRECTION('',(0.,1.,0.));
#9049=DIRECTION('center_axis',(0.,0.,-1.));
#9050=DIRECTION('ref_axis',(-1.,0.,0.));
#9051=DIRECTION('',(0.,1.,0.));
#9052=DIRECTION('',(-1.,0.,0.));
#9053=DIRECTION('center_axis',(1.,0.,-1.0842021724855E-16));
#9054=DIRECTION('ref_axis',(-1.0842021724855E-16,0.,-1.));
#9055=DIRECTION('',(0.,1.,0.));
#9056=DIRECTION('',(-1.0842021724855E-16,0.,-1.));
#9057=DIRECTION('center_axis',(0.,0.,1.));
#9058=DIRECTION('ref_axis',(1.,0.,0.));
#9059=DIRECTION('',(1.,0.,0.));
#9060=DIRECTION('center_axis',(0.,1.,0.));
#9061=DIRECTION('ref_axis',(0.,0.,1.));
#9062=DIRECTION('center_axis',(0.,-0.815453523909268,0.578822555144456));
#9063=DIRECTION('ref_axis',(0.,-0.578822555144456,-0.815453523909268));
#9064=DIRECTION('center_axis',(0.,-0.815453523909268,0.578822555144456));
#9065=DIRECTION('ref_axis',(0.,-0.578822555144456,-0.815453523909268));
#9066=DIRECTION('center_axis',(0.,-0.815453523909268,0.578822555144456));
#9067=DIRECTION('ref_axis',(0.,-0.578822555144456,-0.815453523909268));
#9068=DIRECTION('center_axis',(0.,-0.815453523909268,0.578822555144456));
#9069=DIRECTION('ref_axis',(0.,-0.578822555144456,-0.815453523909268));
#9070=DIRECTION('center_axis',(0.,-0.815453523909268,0.578822555144456));
#9071=DIRECTION('ref_axis',(0.,-0.578822555144456,-0.815453523909268));
#9072=DIRECTION('center_axis',(0.,-0.815453523909268,0.578822555144456));
#9073=DIRECTION('ref_axis',(0.,-0.578822555144456,-0.815453523909268));
#9074=DIRECTION('center_axis',(0.,-0.815453523909268,0.578822555144456));
#9075=DIRECTION('ref_axis',(0.,-0.578822555144456,-0.815453523909268));
#9076=DIRECTION('center_axis',(0.,-0.815453523909268,0.578822555144456));
#9077=DIRECTION('ref_axis',(0.,-0.578822555144456,-0.815453523909268));
#9078=DIRECTION('center_axis',(0.,-0.815453523909268,0.578822555144456));
#9079=DIRECTION('ref_axis',(0.,-0.578822555144456,-0.815453523909268));
#9080=DIRECTION('center_axis',(0.,-0.815453523909268,0.578822555144456));
#9081=DIRECTION('ref_axis',(0.,-0.578822555144456,-0.815453523909268));
#9082=DIRECTION('center_axis',(0.,-0.815453523909268,0.578822555144456));
#9083=DIRECTION('ref_axis',(0.,-0.578822555144456,-0.815453523909268));
#9084=DIRECTION('center_axis',(0.,-0.815453523909268,0.578822555144456));
#9085=DIRECTION('ref_axis',(0.,-0.578822555144456,-0.815453523909268));
#9086=DIRECTION('center_axis',(0.,-0.815453523909268,0.578822555144456));
#9087=DIRECTION('ref_axis',(0.,-0.578822555144456,-0.815453523909268));
#9088=DIRECTION('center_axis',(0.,-0.815453523909268,0.578822555144456));
#9089=DIRECTION('ref_axis',(0.,-0.578822555144456,-0.815453523909268));
#9090=DIRECTION('center_axis',(0.,-0.815453523909268,0.578822555144456));
#9091=DIRECTION('ref_axis',(0.,-0.578822555144456,-0.815453523909268));
#9092=DIRECTION('center_axis',(0.,-0.815453523909268,0.578822555144456));
#9093=DIRECTION('ref_axis',(0.,-0.578822555144456,-0.815453523909268));
#9094=DIRECTION('center_axis',(0.,0.815453523909268,-0.578822555144456));
#9095=DIRECTION('ref_axis',(0.,0.578822555144456,0.815453523909268));
#9096=DIRECTION('center_axis',(0.,0.815453523909268,-0.578822555144456));
#9097=DIRECTION('ref_axis',(0.,0.578822555144456,0.815453523909268));
#9098=DIRECTION('center_axis',(0.,0.815453523909268,-0.578822555144456));
#9099=DIRECTION('ref_axis',(0.,0.578822555144456,0.815453523909268));
#9100=DIRECTION('center_axis',(0.,0.815453523909268,-0.578822555144456));
#9101=DIRECTION('ref_axis',(0.,0.578822555144456,0.815453523909268));
#9102=DIRECTION('center_axis',(0.,0.815453523909268,-0.578822555144456));
#9103=DIRECTION('ref_axis',(0.,0.578822555144456,0.815453523909268));
#9104=DIRECTION('center_axis',(0.,0.815453523909268,-0.578822555144456));
#9105=DIRECTION('ref_axis',(0.,0.578822555144456,0.815453523909268));
#9106=DIRECTION('center_axis',(0.,0.815453523909268,-0.578822555144456));
#9107=DIRECTION('ref_axis',(0.,0.578822555144456,0.815453523909268));
#9108=DIRECTION('center_axis',(0.,0.815453523909268,-0.578822555144456));
#9109=DIRECTION('ref_axis',(0.,0.578822555144456,0.815453523909268));
#9110=DIRECTION('center_axis',(0.,0.815453523909268,-0.578822555144456));
#9111=DIRECTION('ref_axis',(0.,0.578822555144456,0.815453523909268));
#9112=DIRECTION('center_axis',(0.,0.815453523909268,-0.578822555144456));
#9113=DIRECTION('ref_axis',(0.,0.578822555144456,0.815453523909268));
#9114=DIRECTION('center_axis',(0.,0.815453523909268,-0.578822555144456));
#9115=DIRECTION('ref_axis',(0.,0.578822555144456,0.815453523909268));
#9116=DIRECTION('center_axis',(0.,0.815453523909268,-0.578822555144456));
#9117=DIRECTION('ref_axis',(0.,0.578822555144456,0.815453523909268));
#9118=DIRECTION('center_axis',(0.,0.815453523909268,-0.578822555144456));
#9119=DIRECTION('ref_axis',(0.,0.578822555144456,0.815453523909268));
#9120=DIRECTION('center_axis',(0.,0.815453523909268,-0.578822555144456));
#9121=DIRECTION('ref_axis',(0.,0.578822555144456,0.815453523909268));
#9122=DIRECTION('center_axis',(0.,0.815453523909268,-0.578822555144456));
#9123=DIRECTION('ref_axis',(0.,0.578822555144456,0.815453523909268));
#9124=DIRECTION('center_axis',(0.,-0.815453523909268,-0.578822555144456));
#9125=DIRECTION('ref_axis',(0.,-0.578822555144456,0.815453523909268));
#9126=DIRECTION('center_axis',(0.,-0.815453523909268,-0.578822555144456));
#9127=DIRECTION('ref_axis',(0.,-0.578822555144456,0.815453523909268));
#9128=DIRECTION('center_axis',(0.,-0.815453523909268,-0.578822555144456));
#9129=DIRECTION('ref_axis',(0.,-0.578822555144456,0.815453523909268));
#9130=DIRECTION('center_axis',(0.,-0.815453523909268,-0.578822555144456));
#9131=DIRECTION('ref_axis',(0.,-0.578822555144456,0.815453523909268));
#9132=DIRECTION('center_axis',(0.,-0.815453523909268,-0.578822555144456));
#9133=DIRECTION('ref_axis',(0.,-0.578822555144456,0.815453523909268));
#9134=DIRECTION('center_axis',(0.,-0.815453523909268,-0.578822555144456));
#9135=DIRECTION('ref_axis',(0.,-0.578822555144456,0.815453523909268));
#9136=DIRECTION('center_axis',(0.,-0.815453523909268,-0.578822555144456));
#9137=DIRECTION('ref_axis',(0.,-0.578822555144456,0.815453523909268));
#9138=DIRECTION('center_axis',(0.,-0.815453523909268,-0.578822555144456));
#9139=DIRECTION('ref_axis',(0.,-0.578822555144456,0.815453523909268));
#9140=DIRECTION('center_axis',(0.,-0.815453523909268,-0.578822555144456));
#9141=DIRECTION('ref_axis',(0.,-0.578822555144456,0.815453523909268));
#9142=DIRECTION('center_axis',(0.,-0.815453523909268,-0.578822555144456));
#9143=DIRECTION('ref_axis',(0.,-0.578822555144456,0.815453523909268));
#9144=DIRECTION('center_axis',(0.,-0.815453523909268,-0.578822555144456));
#9145=DIRECTION('ref_axis',(0.,-0.578822555144456,0.815453523909268));
#9146=DIRECTION('center_axis',(0.,-0.815453523909268,-0.578822555144456));
#9147=DIRECTION('ref_axis',(0.,-0.578822555144456,0.815453523909268));
#9148=DIRECTION('center_axis',(0.,-0.815453523909268,-0.578822555144456));
#9149=DIRECTION('ref_axis',(0.,-0.578822555144456,0.815453523909268));
#9150=DIRECTION('center_axis',(0.,-0.815453523909268,-0.578822555144456));
#9151=DIRECTION('ref_axis',(0.,-0.578822555144456,0.815453523909268));
#9152=DIRECTION('center_axis',(0.,-0.815453523909268,-0.578822555144456));
#9153=DIRECTION('ref_axis',(0.,-0.578822555144456,0.815453523909268));
#9154=DIRECTION('center_axis',(0.,-0.815453523909268,-0.578822555144456));
#9155=DIRECTION('ref_axis',(0.,-0.578822555144456,0.815453523909268));
#9156=DIRECTION('center_axis',(0.,0.815453523909268,0.578822555144456));
#9157=DIRECTION('ref_axis',(0.,0.578822555144456,-0.815453523909268));
#9158=DIRECTION('center_axis',(0.,0.815453523909268,0.578822555144456));
#9159=DIRECTION('ref_axis',(0.,0.578822555144456,-0.815453523909268));
#9160=DIRECTION('center_axis',(0.,0.815453523909268,0.578822555144456));
#9161=DIRECTION('ref_axis',(0.,0.578822555144456,-0.815453523909268));
#9162=DIRECTION('center_axis',(0.,0.815453523909268,0.578822555144456));
#9163=DIRECTION('ref_axis',(0.,0.578822555144456,-0.815453523909268));
#9164=DIRECTION('center_axis',(0.,0.815453523909268,0.578822555144456));
#9165=DIRECTION('ref_axis',(0.,0.578822555144456,-0.815453523909268));
#9166=DIRECTION('center_axis',(0.,0.815453523909268,0.578822555144456));
#9167=DIRECTION('ref_axis',(0.,0.578822555144456,-0.815453523909268));
#9168=DIRECTION('center_axis',(0.,0.815453523909268,0.578822555144456));
#9169=DIRECTION('ref_axis',(0.,0.578822555144456,-0.815453523909268));
#9170=DIRECTION('center_axis',(0.,0.815453523909268,0.578822555144456));
#9171=DIRECTION('ref_axis',(0.,0.578822555144456,-0.815453523909268));
#9172=DIRECTION('center_axis',(0.,0.815453523909268,0.578822555144456));
#9173=DIRECTION('ref_axis',(0.,0.578822555144456,-0.815453523909268));
#9174=DIRECTION('center_axis',(0.,0.815453523909268,0.578822555144456));
#9175=DIRECTION('ref_axis',(0.,0.578822555144456,-0.815453523909268));
#9176=DIRECTION('center_axis',(0.,0.815453523909268,0.578822555144456));
#9177=DIRECTION('ref_axis',(0.,0.578822555144456,-0.815453523909268));
#9178=DIRECTION('center_axis',(0.,0.815453523909268,0.578822555144456));
#9179=DIRECTION('ref_axis',(0.,0.578822555144456,-0.815453523909268));
#9180=DIRECTION('center_axis',(0.,0.815453523909268,0.578822555144456));
#9181=DIRECTION('ref_axis',(0.,0.578822555144456,-0.815453523909268));
#9182=DIRECTION('center_axis',(0.,0.815453523909268,0.578822555144456));
#9183=DIRECTION('ref_axis',(0.,0.578822555144456,-0.815453523909268));
#9184=DIRECTION('center_axis',(0.,0.815453523909268,0.578822555144456));
#9185=DIRECTION('ref_axis',(0.,0.578822555144456,-0.815453523909268));
#9186=DIRECTION('center_axis',(1.,0.,0.));
#9187=DIRECTION('ref_axis',(0.,0.,-1.));
#9188=DIRECTION('',(0.,-1.,0.));
#9189=DIRECTION('',(0.,0.,1.));
#9190=DIRECTION('',(0.,-1.,0.));
#9191=DIRECTION('center_axis',(0.,0.,-1.));
#9192=DIRECTION('ref_axis',(-1.,0.,0.));
#9193=DIRECTION('',(0.,-1.,0.));
#9194=DIRECTION('',(1.,0.,0.));
#9195=DIRECTION('center_axis',(-1.,0.,0.));
#9196=DIRECTION('ref_axis',(0.,0.,1.));
#9197=DIRECTION('',(0.,-1.,0.));
#9198=DIRECTION('',(0.,0.,-1.));
#9199=DIRECTION('center_axis',(0.,0.,1.));
#9200=DIRECTION('ref_axis',(1.,0.,0.));
#9201=DIRECTION('',(-1.,0.,0.));
#9202=DIRECTION('center_axis',(0.,1.,0.));
#9203=DIRECTION('ref_axis',(0.,0.,1.));
#9204=DIRECTION('center_axis',(1.,0.,0.));
#9205=DIRECTION('ref_axis',(0.,0.,-1.));
#9206=DIRECTION('',(0.,-1.,0.));
#9207=DIRECTION('',(0.,0.,1.));
#9208=DIRECTION('',(0.,-1.,0.));
#9209=DIRECTION('center_axis',(0.,0.,-1.));
#9210=DIRECTION('ref_axis',(-1.,0.,0.));
#9211=DIRECTION('',(0.,-1.,0.));
#9212=DIRECTION('',(1.,0.,0.));
#9213=DIRECTION('center_axis',(-1.,0.,0.));
#9214=DIRECTION('ref_axis',(0.,0.,1.));
#9215=DIRECTION('',(0.,-1.,0.));
#9216=DIRECTION('',(0.,0.,-1.));
#9217=DIRECTION('center_axis',(0.,0.,1.));
#9218=DIRECTION('ref_axis',(1.,0.,0.));
#9219=DIRECTION('',(-1.,0.,0.));
#9220=DIRECTION('center_axis',(0.,1.,0.));
#9221=DIRECTION('ref_axis',(0.,0.,1.));
#9222=DIRECTION('center_axis',(1.,0.,0.));
#9223=DIRECTION('ref_axis',(0.,0.,-1.));
#9224=DIRECTION('',(0.,-1.,0.));
#9225=DIRECTION('',(0.,0.,1.));
#9226=DIRECTION('',(0.,-1.,0.));
#9227=DIRECTION('center_axis',(0.,0.,-1.));
#9228=DIRECTION('ref_axis',(-1.,0.,0.));
#9229=DIRECTION('',(0.,-1.,0.));
#9230=DIRECTION('',(1.,0.,0.));
#9231=DIRECTION('center_axis',(-1.,0.,0.));
#9232=DIRECTION('ref_axis',(0.,0.,1.));
#9233=DIRECTION('',(0.,-1.,0.));
#9234=DIRECTION('',(0.,0.,-1.));
#9235=DIRECTION('center_axis',(0.,0.,1.));
#9236=DIRECTION('ref_axis',(1.,0.,0.));
#9237=DIRECTION('',(-1.,0.,0.));
#9238=DIRECTION('center_axis',(0.,-1.,0.));
#9239=DIRECTION('ref_axis',(0.,0.,-1.));
#9240=DIRECTION('center_axis',(1.,0.,-7.2280144832367E-16));
#9241=DIRECTION('ref_axis',(-7.2280144832367E-16,0.,-1.));
#9242=DIRECTION('',(0.,-1.,0.));
#9243=DIRECTION('',(7.2280144832367E-16,0.,1.));
#9244=DIRECTION('',(0.,-1.,0.));
#9245=DIRECTION('center_axis',(3.61400724161835E-16,0.,-1.));
#9246=DIRECTION('ref_axis',(-1.,0.,-3.61400724161835E-16));
#9247=DIRECTION('',(0.,-1.,0.));
#9248=DIRECTION('',(1.,0.,3.61400724161835E-16));
#9249=DIRECTION('center_axis',(-1.,0.,0.));
#9250=DIRECTION('ref_axis',(0.,0.,1.));
#9251=DIRECTION('',(0.,-1.,0.));
#9252=DIRECTION('',(0.,0.,-1.));
#9253=DIRECTION('center_axis',(0.,0.,1.));
#9254=DIRECTION('ref_axis',(1.,0.,0.));
#9255=DIRECTION('',(-1.,0.,0.));
#9256=DIRECTION('center_axis',(0.,1.,0.));
#9257=DIRECTION('ref_axis',(0.,0.,1.));
#9258=DIRECTION('center_axis',(1.,0.,-7.2280144832367E-16));
#9259=DIRECTION('ref_axis',(-7.2280144832367E-16,0.,-1.));
#9260=DIRECTION('',(0.,-1.,0.));
#9261=DIRECTION('',(7.2280144832367E-16,0.,1.));
#9262=DIRECTION('',(0.,-1.,0.));
#9263=DIRECTION('center_axis',(0.,0.,-1.));
#9264=DIRECTION('ref_axis',(-1.,0.,0.));
#9265=DIRECTION('',(0.,-1.,0.));
#9266=DIRECTION('',(1.,0.,0.));
#9267=DIRECTION('center_axis',(-1.,0.,0.));
#9268=DIRECTION('ref_axis',(0.,0.,1.));
#9269=DIRECTION('',(0.,-1.,0.));
#9270=DIRECTION('',(0.,0.,-1.));
#9271=DIRECTION('center_axis',(0.,0.,1.));
#9272=DIRECTION('ref_axis',(1.,0.,0.));
#9273=DIRECTION('',(-1.,0.,0.));
#9274=DIRECTION('center_axis',(0.,-1.,0.));
#9275=DIRECTION('ref_axis',(0.,0.,-1.));
#9276=DIRECTION('center_axis',(-1.,0.,-7.2280144832367E-16));
#9277=DIRECTION('ref_axis',(-7.2280144832367E-16,0.,1.));
#9278=DIRECTION('',(0.,-1.,0.));
#9279=DIRECTION('',(7.2280144832367E-16,0.,-1.));
#9280=DIRECTION('',(0.,-1.,0.));
#9281=DIRECTION('center_axis',(0.,0.,1.));
#9282=DIRECTION('ref_axis',(1.,0.,0.));
#9283=DIRECTION('',(0.,-1.,0.));
#9284=DIRECTION('',(-1.,0.,0.));
#9285=DIRECTION('center_axis',(1.,0.,0.));
#9286=DIRECTION('ref_axis',(0.,0.,-1.));
#9287=DIRECTION('',(0.,-1.,0.));
#9288=DIRECTION('',(0.,0.,1.));
#9289=DIRECTION('center_axis',(0.,0.,-1.));
#9290=DIRECTION('ref_axis',(-1.,0.,0.));
#9291=DIRECTION('',(1.,0.,0.));
#9292=DIRECTION('center_axis',(0.,1.,0.));
#9293=DIRECTION('ref_axis',(0.,0.,1.));
#9294=DIRECTION('center_axis',(1.,0.,0.));
#9295=DIRECTION('ref_axis',(0.,0.,-1.));
#9296=DIRECTION('',(0.,-1.,0.));
#9297=DIRECTION('',(0.,0.,1.));
#9298=DIRECTION('',(0.,-1.,0.));
#9299=DIRECTION('center_axis',(0.,0.,-1.));
#9300=DIRECTION('ref_axis',(-1.,0.,0.));
#9301=DIRECTION('',(0.,-1.,0.));
#9302=DIRECTION('',(1.,0.,0.));
#9303=DIRECTION('center_axis',(-1.,0.,0.));
#9304=DIRECTION('ref_axis',(0.,0.,1.));
#9305=DIRECTION('',(0.,-1.,0.));
#9306=DIRECTION('',(0.,0.,-1.));
#9307=DIRECTION('center_axis',(0.,0.,1.));
#9308=DIRECTION('ref_axis',(1.,0.,0.));
#9309=DIRECTION('',(-1.,0.,0.));
#9310=DIRECTION('center_axis',(0.,1.,0.));
#9311=DIRECTION('ref_axis',(0.,0.,1.));
#9312=DIRECTION('',(0.,0.,1.));
#9313=DIRECTION('',(1.,0.,0.));
#9314=DIRECTION('axis',(0.,0.,1.));
#9315=DIRECTION('refdir',(1.,0.,0.));
#9316=DIRECTION('axis',(0.,0.,1.));
#9317=DIRECTION('refdir',(1.,0.,0.));
#9318=DIRECTION('center_axis',(0.,1.,0.));
#9319=DIRECTION('ref_axis',(0.,0.,1.));
#9320=DIRECTION('center_axis',(0.,1.,0.));
#9321=DIRECTION('ref_axis',(0.,0.,1.));
#9322=DIRECTION('center_axis',(0.,1.,0.));
#9323=DIRECTION('ref_axis',(0.,0.,1.));
#9324=DIRECTION('',(-8.65956056235496E-17,0.707106781186546,-0.707106781186549));
#9325=DIRECTION('center_axis',(0.,-1.,0.));
#9326=DIRECTION('ref_axis',(0.,0.,1.));
#9327=DIRECTION('center_axis',(0.,-1.,0.));
#9328=DIRECTION('ref_axis',(0.,0.,-1.));
#9329=DIRECTION('center_axis',(0.,1.,0.));
#9330=DIRECTION('ref_axis',(0.,0.,1.));
#9331=DIRECTION('',(0.,1.,0.));
#9332=DIRECTION('center_axis',(0.,1.,0.));
#9333=DIRECTION('ref_axis',(0.,0.,1.));
#9334=DIRECTION('center_axis',(0.,-1.,0.));
#9335=DIRECTION('ref_axis',(0.,0.,-1.));
#9336=DIRECTION('',(0.,-1.,0.));
#9337=DIRECTION('center_axis',(0.,-1.,0.));
#9338=DIRECTION('ref_axis',(0.,0.,1.));
#9339=DIRECTION('center_axis',(0.,-1.,0.));
#9340=DIRECTION('ref_axis',(0.,0.,-1.));
#9341=DIRECTION('center_axis',(0.,1.,0.));
#9342=DIRECTION('ref_axis',(0.,0.,-1.));
#9343=DIRECTION('',(0.,-1.,0.));
#9344=DIRECTION('center_axis',(0.,1.,0.));
#9345=DIRECTION('ref_axis',(0.,0.,-1.));
#9346=DIRECTION('',(0.,-1.,0.));
#9347=DIRECTION('center_axis',(0.,-1.,0.));
#9348=DIRECTION('ref_axis',(0.,0.,-1.));
#9349=DIRECTION('center_axis',(0.,1.,0.));
#9350=DIRECTION('ref_axis',(0.,0.,1.));
#9351=DIRECTION('',(0.,-1.,0.));
#9352=DIRECTION('center_axis',(0.,1.,0.));
#9353=DIRECTION('ref_axis',(0.,0.,1.));
#9354=DIRECTION('',(0.,-1.,0.));
#9355=DIRECTION('center_axis',(0.,1.,0.));
#9356=DIRECTION('ref_axis',(0.,0.,1.));
#9357=DIRECTION('',(1.,0.,-3.46944695195361E-15));
#9358=DIRECTION('',(0.,0.,-1.));
#9359=DIRECTION('',(-1.,0.,0.));
#9360=DIRECTION('',(0.,0.,1.));
#9361=DIRECTION('center_axis',(0.,1.,0.));
#9362=DIRECTION('ref_axis',(0.,0.,1.));
#9363=DIRECTION('',(0.,0.,1.));
#9364=DIRECTION('',(-1.,0.,0.));
#9365=DIRECTION('',(0.,0.,-1.));
#9366=DIRECTION('',(1.,0.,-3.46944695195361E-15));
#9367=DIRECTION('',(0.,0.,1.));
#9368=DIRECTION('',(1.,0.,0.));
#9369=DIRECTION('',(0.,0.,-1.));
#9370=DIRECTION('',(-1.,0.,0.));
#9371=DIRECTION('center_axis',(1.,0.,0.));
#9372=DIRECTION('ref_axis',(0.,0.,-1.));
#9373=DIRECTION('',(0.,-1.,0.));
#9374=DIRECTION('',(0.,-1.,0.));
#9375=DIRECTION('center_axis',(-3.46944695195361E-15,0.,-1.));
#9376=DIRECTION('ref_axis',(-1.,0.,3.46944695195361E-15));
#9377=DIRECTION('',(0.,-1.,0.));
#9378=DIRECTION('center_axis',(-1.,0.,0.));
#9379=DIRECTION('ref_axis',(0.,0.,1.));
#9380=DIRECTION('',(0.,-1.,0.));
#9381=DIRECTION('center_axis',(0.,0.,1.));
#9382=DIRECTION('ref_axis',(1.,0.,0.));
#9383=DIRECTION('center_axis',(1.,0.,0.));
#9384=DIRECTION('ref_axis',(0.,0.,-1.));
#9385=DIRECTION('',(0.,-1.,0.));
#9386=DIRECTION('',(0.,0.,1.));
#9387=DIRECTION('',(0.,-1.,0.));
#9388=DIRECTION('center_axis',(0.,0.,-1.));
#9389=DIRECTION('ref_axis',(-1.,0.,0.));
#9390=DIRECTION('',(1.,0.,0.));
#9391=DIRECTION('',(0.,-1.,0.));
#9392=DIRECTION('center_axis',(-1.,0.,0.));
#9393=DIRECTION('ref_axis',(0.,0.,1.));
#9394=DIRECTION('',(0.,0.,-1.));
#9395=DIRECTION('',(0.,-1.,0.));
#9396=DIRECTION('center_axis',(0.,0.,1.));
#9397=DIRECTION('ref_axis',(1.,0.,0.));
#9398=DIRECTION('',(-1.,0.,0.));
#9399=DIRECTION('center_axis',(0.,1.,0.));
#9400=DIRECTION('ref_axis',(0.,0.,1.));
#9401=DIRECTION('',(-1.,0.,0.));
#9402=DIRECTION('',(0.,0.,1.));
#9403=DIRECTION('center_axis',(0.,1.,0.));
#9404=DIRECTION('ref_axis',(0.,0.,1.));
#9405=DIRECTION('',(1.,0.,0.));
#9406=DIRECTION('center_axis',(0.,1.,0.));
#9407=DIRECTION('ref_axis',(0.,0.,-1.));
#9408=DIRECTION('',(0.,0.,-1.));
#9409=DIRECTION('center_axis',(0.,0.,1.));
#9410=DIRECTION('ref_axis',(1.,0.,0.));
#9411=DIRECTION('',(-1.,0.,0.));
#9412=DIRECTION('center_axis',(1.,0.,0.));
#9413=DIRECTION('ref_axis',(0.,0.,-1.));
#9414=DIRECTION('',(0.,0.,1.));
#9415=DIRECTION('',(0.,-1.,0.));
#9416=DIRECTION('center_axis',(0.,-1.,0.));
#9417=DIRECTION('ref_axis',(-0.707106781186547,0.,0.707106781186548));
#9418=DIRECTION('center_axis',(0.,1.,0.));
#9419=DIRECTION('ref_axis',(0.,0.,1.));
#9420=DIRECTION('',(0.,-1.,0.));
#9421=DIRECTION('center_axis',(0.,0.,-1.));
#9422=DIRECTION('ref_axis',(-1.,0.,0.));
#9423=DIRECTION('',(1.,0.,0.));
#9424=DIRECTION('',(0.,-1.,0.));
#9425=DIRECTION('center_axis',(0.,-1.,0.));
#9426=DIRECTION('ref_axis',(0.707106781186548,0.,0.707106781186547));
#9427=DIRECTION('center_axis',(0.,1.,0.));
#9428=DIRECTION('ref_axis',(0.,0.,-1.));
#9429=DIRECTION('',(0.,-1.,0.));
#9430=DIRECTION('center_axis',(-1.,0.,0.));
#9431=DIRECTION('ref_axis',(0.,0.,1.));
#9432=DIRECTION('',(0.,0.,-1.));
#9433=DIRECTION('center_axis',(0.,1.,0.));
#9434=DIRECTION('ref_axis',(0.,0.,1.));
#9435=DIRECTION('',(1.,0.,1.39897054514259E-16));
#9436=DIRECTION('center_axis',(0.,1.,0.));
#9437=DIRECTION('ref_axis',(0.,0.,1.));
#9438=DIRECTION('',(0.,0.,1.));
#9439=DIRECTION('center_axis',(0.,1.,0.));
#9440=DIRECTION('ref_axis',(0.,0.,1.));
#9441=DIRECTION('',(-1.,0.,1.39897054514259E-16));
#9442=DIRECTION('center_axis',(0.,1.,0.));
#9443=DIRECTION('ref_axis',(0.,0.,-1.));
#9444=DIRECTION('',(-2.79794109028517E-16,0.,-1.));
#9445=DIRECTION('center_axis',(0.,1.,0.));
#9446=DIRECTION('ref_axis',(0.,0.,1.));
#9447=DIRECTION('center_axis',(0.,1.,0.));
#9448=DIRECTION('ref_axis',(0.,0.,1.));
#9449=DIRECTION('center_axis',(0.,1.,0.));
#9450=DIRECTION('ref_axis',(0.,0.,1.));
#9451=DIRECTION('',(1.,0.,1.39897054514259E-16));
#9452=DIRECTION('center_axis',(0.,1.,0.));
#9453=DIRECTION('ref_axis',(0.,0.,1.));
#9454=DIRECTION('',(-2.79794109028517E-16,0.,-1.));
#9455=DIRECTION('center_axis',(0.,1.,0.));
#9456=DIRECTION('ref_axis',(0.,0.,-1.));
#9457=DIRECTION('',(-1.,0.,1.39897054514259E-16));
#9458=DIRECTION('center_axis',(0.,1.,0.));
#9459=DIRECTION('ref_axis',(0.,0.,1.));
#9460=DIRECTION('',(0.,0.,1.));
#9461=DIRECTION('center_axis',(0.,-1.,0.));
#9462=DIRECTION('ref_axis',(0.,0.,-1.));
#9463=DIRECTION('',(0.,-1.,0.));
#9464=DIRECTION('',(0.,-1.,0.));
#9465=DIRECTION('center_axis',(1.39897054514259E-16,0.,-1.));
#9466=DIRECTION('ref_axis',(-1.,0.,-1.39897054514259E-16));
#9467=DIRECTION('',(0.,-1.,0.));
#9468=DIRECTION('center_axis',(0.,-1.,0.));
#9469=DIRECTION('ref_axis',(0.,0.,-1.));
#9470=DIRECTION('',(0.,-1.,0.));
#9471=DIRECTION('center_axis',(-1.,0.,2.79794109028517E-16));
#9472=DIRECTION('ref_axis',(2.79794109028517E-16,0.,1.));
#9473=DIRECTION('',(0.,-1.,0.));
#9474=DIRECTION('center_axis',(0.,-1.,0.));
#9475=DIRECTION('ref_axis',(0.,0.,-1.));
#9476=DIRECTION('',(0.,-1.,0.));
#9477=DIRECTION('center_axis',(1.39897054514259E-16,0.,1.));
#9478=DIRECTION('ref_axis',(1.,0.,-1.39897054514259E-16));
#9479=DIRECTION('',(0.,-1.,0.));
#9480=DIRECTION('center_axis',(0.,-1.,0.));
#9481=DIRECTION('ref_axis',(0.,0.,-1.));
#9482=DIRECTION('',(0.,-1.,0.));
#9483=DIRECTION('center_axis',(1.,0.,0.));
#9484=DIRECTION('ref_axis',(0.,0.,-1.));
#9485=DIRECTION('center_axis',(0.,1.,0.));
#9486=DIRECTION('ref_axis',(0.,0.,1.));
#9487=DIRECTION('',(0.,0.,1.));
#9488=DIRECTION('',(1.,0.,0.));
#9489=DIRECTION('axis',(0.,0.,1.));
#9490=DIRECTION('refdir',(1.,0.,0.));
#9491=DIRECTION('axis',(0.,0.,1.));
#9492=DIRECTION('refdir',(1.,0.,0.));
#9493=DIRECTION('center_axis',(1.,0.,0.));
#9494=DIRECTION('ref_axis',(0.,0.,-1.));
#9495=DIRECTION('',(0.,0.,1.));
#9496=DIRECTION('',(0.,-1.,0.));
#9497=DIRECTION('',(0.,0.,1.));
#9498=DIRECTION('',(0.,-1.,0.));
#9499=DIRECTION('center_axis',(-2.75352932694731E-16,0.,-1.));
#9500=DIRECTION('ref_axis',(-1.,0.,2.75352932694731E-16));
#9501=DIRECTION('',(1.,0.,-2.75352932694731E-16));
#9502=DIRECTION('',(0.,-1.,0.));
#9503=DIRECTION('',(1.,0.,-2.75352932694731E-16));
#9504=DIRECTION('center_axis',(-1.,0.,2.75352932694731E-16));
#9505=DIRECTION('ref_axis',(2.75352932694731E-16,0.,1.));
#9506=DIRECTION('',(-2.75352932694731E-16,0.,-1.));
#9507=DIRECTION('',(0.,-1.,0.));
#9508=DIRECTION('',(-2.75352932694731E-16,0.,-1.));
#9509=DIRECTION('center_axis',(0.,0.,1.));
#9510=DIRECTION('ref_axis',(1.,0.,0.));
#9511=DIRECTION('',(-1.,0.,0.));
#9512=DIRECTION('',(-1.,0.,0.));
#9513=DIRECTION('center_axis',(0.,1.,0.));
#9514=DIRECTION('ref_axis',(0.,0.,1.));
#9515=DIRECTION('center_axis',(0.,1.,0.));
#9516=DIRECTION('ref_axis',(0.,0.,1.));
#9517=DIRECTION('',(0.,0.,1.));
#9518=DIRECTION('',(1.,0.,0.));
#9519=DIRECTION('axis',(0.,0.,1.));
#9520=DIRECTION('refdir',(1.,0.,0.));
#9521=DIRECTION('center_axis',(0.,1.,0.));
#9522=DIRECTION('ref_axis',(0.,0.,1.));
#9523=DIRECTION('center_axis',(0.,1.,0.));
#9524=DIRECTION('ref_axis',(0.,0.,1.));
#9525=DIRECTION('',(-8.65956056235494E-17,0.707106781186547,-0.707106781186548));
#9526=DIRECTION('center_axis',(0.,1.,0.));
#9527=DIRECTION('ref_axis',(0.,0.,1.));
#9528=DIRECTION('center_axis',(6.12323399573677E-17,0.,-1.));
#9529=DIRECTION('ref_axis',(1.,0.,0.));
#9530=DIRECTION('center_axis',(0.,-1.,0.));
#9531=DIRECTION('ref_axis',(0.,0.,-1.));
#9532=DIRECTION('center_axis',(0.,-1.,0.));
#9533=DIRECTION('ref_axis',(0.,0.,-1.));
#9534=DIRECTION('',(0.,1.,0.));
#9535=DIRECTION('center_axis',(0.,-1.,0.));
#9536=DIRECTION('ref_axis',(0.,0.,-1.));
#9537=DIRECTION('center_axis',(6.12323399573677E-17,0.,-1.));
#9538=DIRECTION('ref_axis',(1.,0.,0.));
#9539=DIRECTION('center_axis',(0.,1.,0.));
#9540=DIRECTION('ref_axis',(0.,0.,1.));
#9541=DIRECTION('center_axis',(0.,-1.,0.));
#9542=DIRECTION('ref_axis',(0.,0.,-1.));
#9543=DIRECTION('',(-8.65956056235495E-17,-0.707106781186546,0.707106781186549));
#9544=DIRECTION('center_axis',(0.,1.,0.));
#9545=DIRECTION('ref_axis',(0.,0.,1.));
#9546=DIRECTION('center_axis',(0.,1.,0.));
#9547=DIRECTION('ref_axis',(0.,0.,1.));
#9548=DIRECTION('center_axis',(0.,-1.,0.));
#9549=DIRECTION('ref_axis',(0.,0.,-1.));
#9550=DIRECTION('',(0.,-1.,0.));
#9551=DIRECTION('center_axis',(0.,1.,0.));
#9552=DIRECTION('ref_axis',(0.,0.,1.));
#9553=DIRECTION('center_axis',(0.,1.,0.));
#9554=DIRECTION('ref_axis',(0.,0.,1.));
#9555=DIRECTION('',(0.,1.,0.));
#9556=DIRECTION('center_axis',(0.,1.,0.));
#9557=DIRECTION('ref_axis',(0.,0.,1.));
#9558=DIRECTION('',(0.,1.,0.));
#9559=DIRECTION('center_axis',(0.,1.,0.));
#9560=DIRECTION('ref_axis',(0.866025403784436,0.,-0.500000000000004));
#9561=DIRECTION('',(0.,1.,0.));
#9562=DIRECTION('center_axis',(0.,1.,0.));
#9563=DIRECTION('ref_axis',(0.,0.,1.));
#9564=DIRECTION('',(0.,1.,0.));
#9565=DIRECTION('',(0.,-1.,0.));
#9566=DIRECTION('center_axis',(0.,-1.,0.));
#9567=DIRECTION('ref_axis',(0.,0.,-1.));
#9568=DIRECTION('center_axis',(0.,1.,0.));
#9569=DIRECTION('ref_axis',(0.,0.,1.));
#9570=DIRECTION('',(0.,1.,0.));
#9571=DIRECTION('center_axis',(0.,1.,0.));
#9572=DIRECTION('ref_axis',(0.,0.,1.));
#9573=DIRECTION('',(0.,1.,0.));
#9574=DIRECTION('center_axis',(0.,1.,0.));
#9575=DIRECTION('ref_axis',(-0.866025403784443,0.,-0.499999999999992));
#9576=DIRECTION('center_axis',(0.,-1.,0.));
#9577=DIRECTION('ref_axis',(0.,0.,-1.));
#9578=DIRECTION('',(-6.99440505513849E-15,0.,-1.));
#9579=DIRECTION('center_axis',(0.,1.,0.));
#9580=DIRECTION('ref_axis',(-0.866025403784443,0.,-0.499999999999992));
#9581=DIRECTION('',(-0.866025403784443,0.,-0.499999999999992));
#9582=DIRECTION('',(-0.86602540378444,0.,0.499999999999998));
#9583=DIRECTION('center_axis',(0.,1.,0.));
#9584=DIRECTION('ref_axis',(0.,0.,1.));
#9585=DIRECTION('',(0.,0.,1.));
#9586=DIRECTION('',(0.86602540378444,0.,0.499999999999998));
#9587=DIRECTION('center_axis',(0.,1.,0.));
#9588=DIRECTION('ref_axis',(0.866025403784436,0.,-0.500000000000004));
#9589=DIRECTION('',(0.866025403784436,0.,-0.500000000000004));
#9590=DIRECTION('center_axis',(0.,1.,0.));
#9591=DIRECTION('ref_axis',(0.,0.,1.));
#9592=DIRECTION('center_axis',(0.,-1.,0.));
#9593=DIRECTION('ref_axis',(0.,0.,-1.));
#9594=DIRECTION('center_axis',(0.,1.,0.));
#9595=DIRECTION('ref_axis',(0.,0.,1.));
#9596=DIRECTION('center_axis',(0.,-1.,0.));
#9597=DIRECTION('ref_axis',(0.,0.,-1.));
#9598=DIRECTION('',(0.612372435695795,-0.707106781186547,-0.353553390593272));
#9599=DIRECTION('',(0.,-0.707106781186547,-0.707106781186547));
#9600=DIRECTION('center_axis',(-0.499999999999998,0.,-0.86602540378444));
#9601=DIRECTION('ref_axis',(-0.86602540378444,0.,0.499999999999998));
#9602=DIRECTION('center_axis',(-1.,0.,0.));
#9603=DIRECTION('ref_axis',(0.,0.,1.));
#9604=DIRECTION('center_axis',(0.,-1.,0.));
#9605=DIRECTION('ref_axis',(-0.866025403784436,0.,0.500000000000004));
#9606=DIRECTION('',(-0.612372435695795,-0.707106781186547,-0.353553390593272));
#9607=DIRECTION('',(-0.612372435695793,-0.707106781186548,0.353553390593277));
#9608=DIRECTION('center_axis',(-0.499999999999998,0.,0.86602540378444));
#9609=DIRECTION('ref_axis',(0.86602540378444,0.,0.499999999999998));
#9610=DIRECTION('center_axis',(0.500000000000004,0.,0.866025403784436));
#9611=DIRECTION('ref_axis',(0.866025403784436,0.,-0.500000000000004));
#9612=DIRECTION('center_axis',(0.,-1.,0.));
#9613=DIRECTION('ref_axis',(0.866025403784443,0.,0.499999999999992));
#9614=DIRECTION('',(4.9960036108132E-15,-0.707106781186547,0.707106781186547));
#9615=DIRECTION('',(0.612372435695798,-0.707106781186548,0.353553390593268));
#9616=DIRECTION('center_axis',(1.,0.,-6.99440505513849E-15));
#9617=DIRECTION('ref_axis',(-6.99440505513849E-15,0.,-1.));
#9618=DIRECTION('center_axis',(0.499999999999992,0.,-0.866025403784443));
#9619=DIRECTION('ref_axis',(-0.866025403784443,0.,-0.499999999999992));
#9620=DIRECTION('axis',(0.,0.,1.));
#9621=DIRECTION('refdir',(1.,0.,0.));
#9622=DIRECTION('center_axis',(0.,0.0956190460103406,0.995418001665668));
#9623=DIRECTION('ref_axis',(1.,0.,0.));
#9624=DIRECTION('',(4.33680868994203E-15,-0.995418001665668,0.0956190460103406));
#9625=DIRECTION('',(1.,0.,0.));
#9626=DIRECTION('',(4.33680868994198E-15,0.995418001665668,-0.0956190460103406));
#9627=DIRECTION('',(-1.,-1.92720421417339E-16,1.85125673956076E-17));
#9628=DIRECTION('center_axis',(0.,0.,1.));
#9629=DIRECTION('ref_axis',(1.,0.,0.));
#9630=DIRECTION('',(4.33680868994203E-15,-1.,0.));
#9631=DIRECTION('',(-1.,-1.93607530800983E-16,0.));
#9632=DIRECTION('',(4.33680868994198E-15,1.,0.));
#9633=DIRECTION('',(1.,0.,0.));
#9634=DIRECTION('center_axis',(1.,-4.33680868994198E-15,5.18218084331186E-16));
#9635=DIRECTION('ref_axis',(4.33680868994198E-15,1.,0.));
#9636=DIRECTION('center_axis',(-1.,-4.33680868994203E-15,5.19011221858751E-16));
#9637=DIRECTION('ref_axis',(4.33680868994203E-15,-1.,0.));
#9638=DIRECTION('center_axis',(0.,-1.,0.));
#9639=DIRECTION('ref_axis',(0.,0.,-1.));
#9640=DIRECTION('center_axis',(0.,-1.,0.));
#9641=DIRECTION('ref_axis',(0.,0.,-1.));
#9642=DIRECTION('',(0.,-1.,0.));
#9643=DIRECTION('center_axis',(0.,-1.,0.));
#9644=DIRECTION('ref_axis',(0.,0.,-1.));
#9645=DIRECTION('',(0.,-1.,0.));
#9646=DIRECTION('center_axis',(1.31418445149758E-16,0.,-1.));
#9647=DIRECTION('ref_axis',(-1.,0.,-1.31418445149758E-16));
#9648=DIRECTION('',(1.,0.,1.31418445149758E-16));
#9649=DIRECTION('',(0.,-1.,0.));
#9650=DIRECTION('',(1.,0.,1.31418445149758E-16));
#9651=DIRECTION('center_axis',(0.,-1.,0.));
#9652=DIRECTION('ref_axis',(0.,0.,-1.));
#9653=DIRECTION('center_axis',(0.,-1.,0.));
#9654=DIRECTION('ref_axis',(0.,0.,-1.));
#9655=DIRECTION('',(0.,-1.,0.));
#9656=DIRECTION('center_axis',(0.,-1.,0.));
#9657=DIRECTION('ref_axis',(0.,0.,-1.));
#9658=DIRECTION('center_axis',(-1.,0.,-3.25260651745651E-16));
#9659=DIRECTION('ref_axis',(-3.25260651745651E-16,0.,1.));
#9660=DIRECTION('',(3.25260651745651E-16,0.,-1.));
#9661=DIRECTION('',(0.,-1.,0.));
#9662=DIRECTION('',(3.25260651745651E-16,0.,-1.));
#9663=DIRECTION('center_axis',(0.,-1.,0.));
#9664=DIRECTION('ref_axis',(0.,0.,-1.));
#9665=DIRECTION('center_axis',(0.,-1.,0.));
#9666=DIRECTION('ref_axis',(0.,0.,-1.));
#9667=DIRECTION('',(0.,-1.,0.));
#9668=DIRECTION('center_axis',(0.,-1.,0.));
#9669=DIRECTION('ref_axis',(0.,0.,-1.));
#9670=DIRECTION('center_axis',(0.,0.,1.));
#9671=DIRECTION('ref_axis',(1.,0.,0.));
#9672=DIRECTION('',(-1.,0.,0.));
#9673=DIRECTION('',(0.,-1.,0.));
#9674=DIRECTION('',(-1.,0.,0.));
#9675=DIRECTION('center_axis',(0.,-1.,0.));
#9676=DIRECTION('ref_axis',(0.,0.,-1.));
#9677=DIRECTION('center_axis',(0.,-1.,0.));
#9678=DIRECTION('ref_axis',(0.,0.,1.));
#9679=DIRECTION('',(0.,-1.,0.));
#9680=DIRECTION('center_axis',(0.,-1.,0.));
#9681=DIRECTION('ref_axis',(0.,0.,1.));
#9682=DIRECTION('center_axis',(1.,0.,-1.0842021724855E-16));
#9683=DIRECTION('ref_axis',(-1.0842021724855E-16,0.,-1.));
#9684=DIRECTION('',(1.0842021724855E-16,0.,1.));
#9685=DIRECTION('',(1.0842021724855E-16,0.,1.));
#9686=DIRECTION('center_axis',(0.,-1.,0.));
#9687=DIRECTION('ref_axis',(0.,0.,-1.));
#9688=DIRECTION('center_axis',(0.,-1.,0.));
#9689=DIRECTION('ref_axis',(0.,0.,-1.));
#9690=DIRECTION('',(0.,-1.17211045674109E-16,1.));
#9691=DIRECTION('',(-1.,0.,0.));
#9692=DIRECTION('',(0.,-1.17211045674109E-16,1.));
#9693=DIRECTION('',(-1.,0.,0.));
#9694=DIRECTION('center_axis',(0.,0.,-1.));
#9695=DIRECTION('ref_axis',(-1.,0.,0.));
#9696=DIRECTION('',(0.,-1.,0.));
#9697=DIRECTION('',(-1.,0.,0.));
#9698=DIRECTION('',(0.,-1.,0.));
#9699=DIRECTION('center_axis',(0.,1.,1.17211045674109E-16));
#9700=DIRECTION('ref_axis',(0.,-1.17211045674109E-16,1.));
#9701=DIRECTION('',(0.,1.17211045674109E-16,-1.));
#9702=DIRECTION('',(-1.,0.,0.));
#9703=DIRECTION('',(0.,1.17211045674109E-16,-1.));
#9704=DIRECTION('center_axis',(0.,0.,1.));
#9705=DIRECTION('ref_axis',(1.,0.,0.));
#9706=DIRECTION('',(0.,1.,0.));
#9707=DIRECTION('',(0.,1.,0.));
#9708=DIRECTION('center_axis',(1.,0.,0.));
#9709=DIRECTION('ref_axis',(0.,0.,-1.));
#9710=DIRECTION('center_axis',(1.,0.,0.));
#9711=DIRECTION('ref_axis',(0.,0.,-1.));
#9712=DIRECTION('',(0.,0.,1.));
#9713=DIRECTION('',(1.,0.,0.));
#9714=DIRECTION('',(0.,0.,1.));
#9715=DIRECTION('',(1.,0.,0.));
#9716=DIRECTION('',(0.,0.,1.));
#9717=DIRECTION('',(-1.,0.,0.));
#9718=DIRECTION('',(0.,0.,1.));
#9719=DIRECTION('',(1.,0.,0.));
#9720=DIRECTION('',(0.,0.,1.));
#9721=DIRECTION('',(1.,0.,0.));
#9722=DIRECTION('',(0.,3.33066907387547E-16,-1.));
#9723=DIRECTION('',(-1.,0.,0.));
#9724=DIRECTION('',(0.,0.,1.));
#9725=DIRECTION('',(1.,0.,0.));
#9726=DIRECTION('center_axis',(0.,0.,-1.));
#9727=DIRECTION('ref_axis',(1.,0.,0.));
#9728=DIRECTION('center_axis',(0.,0.,1.));
#9729=DIRECTION('ref_axis',(1.,0.,0.));
#9730=DIRECTION('center_axis',(1.,0.,0.));
#9731=DIRECTION('ref_axis',(0.,0.,-1.));
#9732=DIRECTION('',(0.,0.,1.));
#9733=DIRECTION('',(0.,1.,0.));
#9734=DIRECTION('',(0.,0.,-1.));
#9735=DIRECTION('',(0.,1.,0.));
#9736=DIRECTION('center_axis',(0.,0.,-1.));
#9737=DIRECTION('ref_axis',(-1.,0.,0.));
#9738=DIRECTION('center_axis',(0.,0.,-1.));
#9739=DIRECTION('ref_axis',(1.,0.,0.));
#9740=DIRECTION('',(0.,1.,0.));
#9741=DIRECTION('',(-1.,0.,0.));
#9742=DIRECTION('center_axis',(0.,0.,1.));
#9743=DIRECTION('ref_axis',(1.,0.,0.));
#9744=DIRECTION('center_axis',(0.,0.,1.));
#9745=DIRECTION('ref_axis',(1.,0.,0.));
#9746=DIRECTION('',(1.,0.,0.));
#9747=DIRECTION('',(0.,1.,0.));
#9748=DIRECTION('center_axis',(-1.,0.,0.));
#9749=DIRECTION('ref_axis',(0.,0.,1.));
#9750=DIRECTION('',(0.,0.,-1.));
#9751=DIRECTION('',(0.,0.,1.));
#9752=DIRECTION('center_axis',(0.,1.,0.));
#9753=DIRECTION('ref_axis',(0.,0.,1.));
#9754=DIRECTION('center_axis',(0.,0.,1.));
#9755=DIRECTION('ref_axis',(1.,0.,0.));
#9756=DIRECTION('center_axis',(0.,0.,1.));
#9757=DIRECTION('ref_axis',(1.,0.,0.));
#9758=DIRECTION('',(0.,0.,-1.));
#9759=DIRECTION('center_axis',(0.,0.,1.));
#9760=DIRECTION('ref_axis',(1.,0.,0.));
#9761=DIRECTION('',(0.,3.33066907387547E-16,-1.));
#9762=DIRECTION('',(-1.,0.,0.));
#9763=CARTESIAN_POINT('',(0.,0.,0.));
#9764=CARTESIAN_POINT('',(0.,0.,0.));
#9765=CARTESIAN_POINT('',(0.,0.,0.));
#9766=CARTESIAN_POINT('',(0.,0.,0.));
#9767=CARTESIAN_POINT('Origin',(-10.5,-0.9,-12.5));
#9768=CARTESIAN_POINT('',(-10.5,-0.9,-13.55));
#9769=CARTESIAN_POINT('Origin',(-10.5,-0.9,-12.5));
#9770=CARTESIAN_POINT('',(-10.5,0.,-13.55));
#9771=CARTESIAN_POINT('',(-10.5,-0.9,-13.55));
#9772=CARTESIAN_POINT('Origin',(-10.5,0.,-12.5));
#9773=CARTESIAN_POINT('Origin',(-10.5,-0.9,-3.46944695195361E-15));
#9774=CARTESIAN_POINT('',(-10.5,-0.9,-1.05));
#9775=CARTESIAN_POINT('Origin',(-10.5,-0.9,-3.46944695195361E-15));
#9776=CARTESIAN_POINT('',(-10.5,0.,-1.05));
#9777=CARTESIAN_POINT('',(-10.5,-0.9,-1.05));
#9778=CARTESIAN_POINT('Origin',(-10.5,0.,-3.46944695195361E-15));
#9779=CARTESIAN_POINT('Origin',(10.5,-0.9,-3.46944695195361E-15));
#9780=CARTESIAN_POINT('',(10.5,-0.9,-1.05));
#9781=CARTESIAN_POINT('Origin',(10.5,-0.9,-3.46944695195361E-15));
#9782=CARTESIAN_POINT('',(10.5,0.,-1.05));
#9783=CARTESIAN_POINT('',(10.5,-0.9,-1.05));
#9784=CARTESIAN_POINT('Origin',(10.5,0.,-3.46944695195361E-15));
#9785=CARTESIAN_POINT('Origin',(10.5,-0.9,-12.5));
#9786=CARTESIAN_POINT('',(10.5,-0.9,-13.55));
#9787=CARTESIAN_POINT('Origin',(10.5,-0.9,-12.5));
#9788=CARTESIAN_POINT('',(10.5,0.,-13.55));
#9789=CARTESIAN_POINT('',(10.5,-0.9,-13.55));
#9790=CARTESIAN_POINT('Origin',(10.5,0.,-12.5));
#9791=CARTESIAN_POINT('Origin',(0.,0.,0.));
#9792=CARTESIAN_POINT('',(-12.5,0.,-14.5));
#9793=CARTESIAN_POINT('',(-12.5,0.,9.5));
#9794=CARTESIAN_POINT('',(-12.5,0.,-14.5));
#9795=CARTESIAN_POINT('',(12.5,0.,9.5));
#9796=CARTESIAN_POINT('',(-12.5,0.,9.5));
#9797=CARTESIAN_POINT('',(12.5,0.,-14.5));
#9798=CARTESIAN_POINT('',(12.5,0.,-14.5));
#9799=CARTESIAN_POINT('',(-12.5,0.,-14.5));
#9800=CARTESIAN_POINT('',(8.7,0.,-9.9));
#9801=CARTESIAN_POINT('',(7.48,0.,-9.9));
#9802=CARTESIAN_POINT('',(8.7,0.,-9.9));
#9803=CARTESIAN_POINT('',(8.7,0.,-9.1));
#9804=CARTESIAN_POINT('',(8.7,0.,-9.1));
#9805=CARTESIAN_POINT('',(7.48,0.,-9.1));
#9806=CARTESIAN_POINT('',(8.7,0.,-9.1));
#9807=CARTESIAN_POINT('',(7.48,0.,-9.1));
#9808=CARTESIAN_POINT('Origin',(0.,-0.9,0.));
#9809=CARTESIAN_POINT('',(-10.4,-0.9,9.5));
#9810=CARTESIAN_POINT('',(-10.4,-0.9,4.));
#9811=CARTESIAN_POINT('',(-10.4,-0.9,9.5));
#9812=CARTESIAN_POINT('',(-12.5,-0.9,9.5));
#9813=CARTESIAN_POINT('',(-12.5,-0.9,9.5));
#9814=CARTESIAN_POINT('',(-12.5,-0.9,-14.5));
#9815=CARTESIAN_POINT('',(-12.5,-0.9,-14.5));
#9816=CARTESIAN_POINT('',(12.5,-0.9,-14.5));
#9817=CARTESIAN_POINT('',(-12.5,-0.9,-14.5));
#9818=CARTESIAN_POINT('',(12.5,-0.9,9.5));
#9819=CARTESIAN_POINT('',(12.5,-0.9,-14.5));
#9820=CARTESIAN_POINT('',(10.4,-0.9,9.5));
#9821=CARTESIAN_POINT('',(-12.5,-0.9,9.5));
#9822=CARTESIAN_POINT('',(10.4,-0.9,4.));
#9823=CARTESIAN_POINT('',(10.4,-0.9,9.5));
#9824=CARTESIAN_POINT('',(-10.4,-0.9,4.));
#9825=CARTESIAN_POINT('Origin',(-12.5,-0.9,-14.5));
#9826=CARTESIAN_POINT('',(-12.5,-0.9,-14.5));
#9827=CARTESIAN_POINT('',(-12.5,-0.9,9.5));
#9828=CARTESIAN_POINT('Origin',(-12.5,-0.9,-14.5));
#9829=CARTESIAN_POINT('',(12.5,-0.9,-14.5));
#9830=CARTESIAN_POINT('Origin',(12.5,-0.9,-14.5));
#9831=CARTESIAN_POINT('',(12.5,-0.9,9.5));
#9832=CARTESIAN_POINT('Origin',(-12.5,-0.9,9.5));
#9833=CARTESIAN_POINT('',(-10.4,-3.3,9.5));
#9834=CARTESIAN_POINT('',(-10.4,-3.3,9.5));
#9835=CARTESIAN_POINT('',(10.4,-3.3,9.5));
#9836=CARTESIAN_POINT('',(-10.4,-3.3,9.5));
#9837=CARTESIAN_POINT('',(10.4,-3.3,9.5));
#9838=CARTESIAN_POINT('',(-9.4,-1.4,9.5));
#9839=CARTESIAN_POINT('',(-9.4,-2.5,9.5));
#9840=CARTESIAN_POINT('',(-9.4,-1.4,9.5));
#9841=CARTESIAN_POINT('',(9.4,-1.4,9.5));
#9842=CARTESIAN_POINT('',(-9.4,-1.4,9.5));
#9843=CARTESIAN_POINT('',(9.4,-2.5,9.5));
#9844=CARTESIAN_POINT('',(9.4,-1.4,9.5));
#9845=CARTESIAN_POINT('',(-9.4,-2.5,9.5));
#9846=CARTESIAN_POINT('Origin',(-10.4,-3.3,9.5));
#9847=CARTESIAN_POINT('',(-10.4,-3.3,4.));
#9848=CARTESIAN_POINT('',(-10.4,-3.3,4.));
#9849=CARTESIAN_POINT('',(-10.4,-3.3,9.5));
#9850=CARTESIAN_POINT('Origin',(-10.4,-3.3,4.));
#9851=CARTESIAN_POINT('',(10.4,-3.3,4.));
#9852=CARTESIAN_POINT('',(10.4,-3.3,4.));
#9853=CARTESIAN_POINT('',(-10.4,-3.3,4.));
#9854=CARTESIAN_POINT('Origin',(10.4,-3.3,9.5));
#9855=CARTESIAN_POINT('',(10.4,-3.3,9.5));
#9856=CARTESIAN_POINT('Origin',(0.,-3.3,0.));
#9857=CARTESIAN_POINT('Origin',(8.7,0.2,-9.1));
#9858=CARTESIAN_POINT('',(8.7,0.2,-9.9));
#9859=CARTESIAN_POINT('',(8.7,0.2,-9.9));
#9860=CARTESIAN_POINT('',(8.7,0.2,-9.1));
#9861=CARTESIAN_POINT('',(8.7,0.2,-9.1));
#9862=CARTESIAN_POINT('',(8.7,0.2,-9.1));
#9863=CARTESIAN_POINT('Origin',(8.7,0.2,-9.9));
#9864=CARTESIAN_POINT('',(7.48,0.2,-9.9));
#9865=CARTESIAN_POINT('',(7.48,0.2,-9.9));
#9866=CARTESIAN_POINT('',(8.7,0.2,-9.9));
#9867=CARTESIAN_POINT('Origin',(7.48,0.2,-9.1));
#9868=CARTESIAN_POINT('',(7.48,0.2,-9.1));
#9869=CARTESIAN_POINT('',(7.48,0.2,-9.1));
#9870=CARTESIAN_POINT('',(7.48,0.2,-9.1));
#9871=CARTESIAN_POINT('Origin',(8.7,0.2,-9.1));
#9872=CARTESIAN_POINT('',(8.7,0.2,-9.1));
#9873=CARTESIAN_POINT('Origin',(0.,0.2,0.));
#9874=CARTESIAN_POINT('Origin',(-9.4,-1.4,9.));
#9875=CARTESIAN_POINT('',(-9.4,-2.5,9.));
#9876=CARTESIAN_POINT('',(-9.4,-2.5,9.));
#9877=CARTESIAN_POINT('',(-9.4,-1.4,9.));
#9878=CARTESIAN_POINT('',(-9.4,-1.4,9.));
#9879=CARTESIAN_POINT('',(-9.4,-1.4,9.));
#9880=CARTESIAN_POINT('Origin',(-9.4,-1.4,9.));
#9881=CARTESIAN_POINT('',(9.4,-1.4,9.));
#9882=CARTESIAN_POINT('',(-9.4,-1.4,9.));
#9883=CARTESIAN_POINT('',(9.4,-1.4,9.));
#9884=CARTESIAN_POINT('Origin',(9.4,-1.4,9.));
#9885=CARTESIAN_POINT('',(9.4,-2.5,9.));
#9886=CARTESIAN_POINT('',(9.4,-1.4,9.));
#9887=CARTESIAN_POINT('',(9.4,-2.5,9.));
#9888=CARTESIAN_POINT('Origin',(-9.4,-2.5,9.));
#9889=CARTESIAN_POINT('',(-9.4,-2.5,9.));
#9890=CARTESIAN_POINT('Origin',(0.,0.,9.));
#9891=CARTESIAN_POINT('',(0.,0.,0.));
#9892=CARTESIAN_POINT('',(0.,0.,0.));
#9893=CARTESIAN_POINT('',(0.,0.,0.));
#9894=CARTESIAN_POINT('',(0.,0.,0.));
#9895=CARTESIAN_POINT('Origin',(-0.16,0.35,-2.37477532985813));
#9896=CARTESIAN_POINT('',(-0.16,0.35,-2.30477532985813));
#9897=CARTESIAN_POINT('Origin',(-0.16,0.35,-2.27477532985813));
#9898=CARTESIAN_POINT('',(-0.16,0.390517578860112,-2.43185707653178));
#9899=CARTESIAN_POINT('Origin',(-0.16,0.35,-2.37477532985813));
#9900=CARTESIAN_POINT('Origin',(-0.16,0.407882255514446,-2.45632068224906));
#9901=CARTESIAN_POINT('Origin',(-0.32,0.35,-2.37477532985813));
#9902=CARTESIAN_POINT('',(-0.32,0.35,-2.30477532985813));
#9903=CARTESIAN_POINT('Origin',(-0.32,0.35,-2.27477532985813));
#9904=CARTESIAN_POINT('',(-0.32,0.390517578860112,-2.43185707653178));
#9905=CARTESIAN_POINT('Origin',(-0.32,0.35,-2.37477532985813));
#9906=CARTESIAN_POINT('Origin',(-0.32,0.407882255514446,-2.45632068224906));
#9907=CARTESIAN_POINT('Origin',(-0.48,0.35,-2.37477532985813));
#9908=CARTESIAN_POINT('',(-0.48,0.35,-2.30477532985813));
#9909=CARTESIAN_POINT('Origin',(-0.48,0.35,-2.27477532985813));
#9910=CARTESIAN_POINT('',(-0.48,0.390517578860112,-2.43185707653178));
#9911=CARTESIAN_POINT('Origin',(-0.48,0.35,-2.37477532985813));
#9912=CARTESIAN_POINT('Origin',(-0.48,0.407882255514446,-2.45632068224906));
#9913=CARTESIAN_POINT('Origin',(-0.64,0.35,-2.37477532985813));
#9914=CARTESIAN_POINT('',(-0.64,0.35,-2.30477532985813));
#9915=CARTESIAN_POINT('Origin',(-0.64,0.35,-2.27477532985813));
#9916=CARTESIAN_POINT('',(-0.64,0.390517578860112,-2.43185707653178));
#9917=CARTESIAN_POINT('Origin',(-0.64,0.35,-2.37477532985813));
#9918=CARTESIAN_POINT('Origin',(-0.64,0.407882255514446,-2.45632068224906));
#9919=CARTESIAN_POINT('Origin',(-0.8,0.35,-2.37477532985813));
#9920=CARTESIAN_POINT('',(-0.8,0.35,-2.30477532985813));
#9921=CARTESIAN_POINT('Origin',(-0.8,0.35,-2.27477532985813));
#9922=CARTESIAN_POINT('',(-0.8,0.390517578860112,-2.43185707653178));
#9923=CARTESIAN_POINT('Origin',(-0.8,0.35,-2.37477532985813));
#9924=CARTESIAN_POINT('Origin',(-0.8,0.407882255514446,-2.45632068224906));
#9925=CARTESIAN_POINT('Origin',(-0.96,0.35,-2.37477532985813));
#9926=CARTESIAN_POINT('',(-0.96,0.35,-2.30477532985813));
#9927=CARTESIAN_POINT('Origin',(-0.96,0.35,-2.27477532985813));
#9928=CARTESIAN_POINT('',(-0.96,0.390517578860112,-2.43185707653178));
#9929=CARTESIAN_POINT('Origin',(-0.96,0.35,-2.37477532985813));
#9930=CARTESIAN_POINT('Origin',(-0.96,0.407882255514446,-2.45632068224906));
#9931=CARTESIAN_POINT('Origin',(-1.12,0.35,-2.37477532985813));
#9932=CARTESIAN_POINT('',(-1.12,0.35,-2.30477532985813));
#9933=CARTESIAN_POINT('Origin',(-1.12,0.35,-2.27477532985813));
#9934=CARTESIAN_POINT('',(-1.12,0.390517578860112,-2.43185707653178));
#9935=CARTESIAN_POINT('Origin',(-1.12,0.35,-2.37477532985813));
#9936=CARTESIAN_POINT('Origin',(-1.12,0.407882255514446,-2.45632068224906));
#9937=CARTESIAN_POINT('Origin',(-1.28,0.35,-2.37477532985813));
#9938=CARTESIAN_POINT('',(-1.28,0.35,-2.30477532985813));
#9939=CARTESIAN_POINT('Origin',(-1.28,0.35,-2.27477532985813));
#9940=CARTESIAN_POINT('',(-1.28,0.390517578860112,-2.43185707653178));
#9941=CARTESIAN_POINT('Origin',(-1.28,0.35,-2.37477532985813));
#9942=CARTESIAN_POINT('Origin',(-1.28,0.407882255514446,-2.45632068224906));
#9943=CARTESIAN_POINT('Origin',(-1.44,0.35,-2.37477532985813));
#9944=CARTESIAN_POINT('',(-1.44,0.35,-2.30477532985813));
#9945=CARTESIAN_POINT('Origin',(-1.44,0.35,-2.27477532985813));
#9946=CARTESIAN_POINT('',(-1.44,0.390517578860112,-2.43185707653178));
#9947=CARTESIAN_POINT('Origin',(-1.44,0.35,-2.37477532985813));
#9948=CARTESIAN_POINT('Origin',(-1.44,0.407882255514446,-2.45632068224906));
#9949=CARTESIAN_POINT('Origin',(-1.6,0.35,-2.37477532985813));
#9950=CARTESIAN_POINT('',(-1.6,0.35,-2.30477532985813));
#9951=CARTESIAN_POINT('Origin',(-1.6,0.35,-2.27477532985813));
#9952=CARTESIAN_POINT('',(-1.6,0.390517578860112,-2.43185707653178));
#9953=CARTESIAN_POINT('Origin',(-1.6,0.35,-2.37477532985813));
#9954=CARTESIAN_POINT('Origin',(-1.6,0.407882255514446,-2.45632068224906));
#9955=CARTESIAN_POINT('Origin',(-1.76,0.35,-2.37477532985813));
#9956=CARTESIAN_POINT('',(-1.76,0.35,-2.30477532985813));
#9957=CARTESIAN_POINT('Origin',(-1.76,0.35,-2.27477532985813));
#9958=CARTESIAN_POINT('',(-1.76,0.390517578860112,-2.43185707653178));
#9959=CARTESIAN_POINT('Origin',(-1.76,0.35,-2.37477532985813));
#9960=CARTESIAN_POINT('Origin',(-1.76,0.407882255514446,-2.45632068224906));
#9961=CARTESIAN_POINT('Origin',(-1.92,0.35,-2.37477532985813));
#9962=CARTESIAN_POINT('',(-1.92,0.35,-2.30477532985813));
#9963=CARTESIAN_POINT('Origin',(-1.92,0.35,-2.27477532985813));
#9964=CARTESIAN_POINT('',(-1.92,0.390517578860112,-2.43185707653178));
#9965=CARTESIAN_POINT('Origin',(-1.92,0.35,-2.37477532985813));
#9966=CARTESIAN_POINT('Origin',(-1.92,0.407882255514446,-2.45632068224906));
#9967=CARTESIAN_POINT('Origin',(-2.08,0.35,-2.37477532985813));
#9968=CARTESIAN_POINT('',(-2.08,0.35,-2.30477532985813));
#9969=CARTESIAN_POINT('Origin',(-2.08,0.35,-2.27477532985813));
#9970=CARTESIAN_POINT('',(-2.08,0.390517578860112,-2.43185707653178));
#9971=CARTESIAN_POINT('Origin',(-2.08,0.35,-2.37477532985813));
#9972=CARTESIAN_POINT('Origin',(-2.08,0.407882255514446,-2.45632068224906));
#9973=CARTESIAN_POINT('Origin',(-2.24,0.35,-2.37477532985813));
#9974=CARTESIAN_POINT('',(-2.24,0.35,-2.30477532985813));
#9975=CARTESIAN_POINT('Origin',(-2.24,0.35,-2.27477532985813));
#9976=CARTESIAN_POINT('',(-2.24,0.390517578860112,-2.43185707653178));
#9977=CARTESIAN_POINT('Origin',(-2.24,0.35,-2.37477532985813));
#9978=CARTESIAN_POINT('Origin',(-2.24,0.407882255514446,-2.45632068224906));
#9979=CARTESIAN_POINT('Origin',(-2.4,0.35,-2.37477532985813));
#9980=CARTESIAN_POINT('',(-2.4,0.35,-2.30477532985813));
#9981=CARTESIAN_POINT('Origin',(-2.4,0.35,-2.27477532985813));
#9982=CARTESIAN_POINT('',(-2.4,0.390517578860112,-2.43185707653178));
#9983=CARTESIAN_POINT('Origin',(-2.4,0.35,-2.37477532985813));
#9984=CARTESIAN_POINT('Origin',(-2.4,0.407882255514446,-2.45632068224906));
#9985=CARTESIAN_POINT('Origin',(2.4,0.35,-2.37477532985813));
#9986=CARTESIAN_POINT('',(2.4,0.35,-2.30477532985813));
#9987=CARTESIAN_POINT('Origin',(2.4,0.35,-2.27477532985813));
#9988=CARTESIAN_POINT('',(2.4,0.390517578860112,-2.43185707653178));
#9989=CARTESIAN_POINT('Origin',(2.4,0.35,-2.37477532985813));
#9990=CARTESIAN_POINT('Origin',(2.4,0.407882255514446,-2.45632068224906));
#9991=CARTESIAN_POINT('Origin',(2.24,0.35,-2.37477532985813));
#9992=CARTESIAN_POINT('',(2.24,0.35,-2.30477532985813));
#9993=CARTESIAN_POINT('Origin',(2.24,0.35,-2.27477532985813));
#9994=CARTESIAN_POINT('',(2.24,0.390517578860112,-2.43185707653178));
#9995=CARTESIAN_POINT('Origin',(2.24,0.35,-2.37477532985813));
#9996=CARTESIAN_POINT('Origin',(2.24,0.407882255514446,-2.45632068224906));
#9997=CARTESIAN_POINT('Origin',(2.08,0.35,-2.37477532985813));
#9998=CARTESIAN_POINT('',(2.08,0.35,-2.30477532985813));
#9999=CARTESIAN_POINT('Origin',(2.08,0.35,-2.27477532985813));
#10000=CARTESIAN_POINT('',(2.08,0.390517578860112,-2.43185707653178));
#10001=CARTESIAN_POINT('Origin',(2.08,0.35,-2.37477532985813));
#10002=CARTESIAN_POINT('Origin',(2.08,0.407882255514446,-2.45632068224906));
#10003=CARTESIAN_POINT('Origin',(1.92,0.35,-2.37477532985813));
#10004=CARTESIAN_POINT('',(1.92,0.35,-2.30477532985813));
#10005=CARTESIAN_POINT('Origin',(1.92,0.35,-2.27477532985813));
#10006=CARTESIAN_POINT('',(1.92,0.390517578860112,-2.43185707653178));
#10007=CARTESIAN_POINT('Origin',(1.92,0.35,-2.37477532985813));
#10008=CARTESIAN_POINT('Origin',(1.92,0.407882255514446,-2.45632068224906));
#10009=CARTESIAN_POINT('Origin',(1.76,0.35,-2.37477532985813));
#10010=CARTESIAN_POINT('',(1.76,0.35,-2.30477532985813));
#10011=CARTESIAN_POINT('Origin',(1.76,0.35,-2.27477532985813));
#10012=CARTESIAN_POINT('',(1.76,0.390517578860112,-2.43185707653178));
#10013=CARTESIAN_POINT('Origin',(1.76,0.35,-2.37477532985813));
#10014=CARTESIAN_POINT('Origin',(1.76,0.407882255514446,-2.45632068224906));
#10015=CARTESIAN_POINT('Origin',(1.6,0.35,-2.37477532985813));
#10016=CARTESIAN_POINT('',(1.6,0.35,-2.30477532985813));
#10017=CARTESIAN_POINT('Origin',(1.6,0.35,-2.27477532985813));
#10018=CARTESIAN_POINT('',(1.6,0.390517578860112,-2.43185707653178));
#10019=CARTESIAN_POINT('Origin',(1.6,0.35,-2.37477532985813));
#10020=CARTESIAN_POINT('Origin',(1.6,0.407882255514446,-2.45632068224906));
#10021=CARTESIAN_POINT('Origin',(1.44,0.35,-2.37477532985813));
#10022=CARTESIAN_POINT('',(1.44,0.35,-2.30477532985813));
#10023=CARTESIAN_POINT('Origin',(1.44,0.35,-2.27477532985813));
#10024=CARTESIAN_POINT('',(1.44,0.390517578860112,-2.43185707653178));
#10025=CARTESIAN_POINT('Origin',(1.44,0.35,-2.37477532985813));
#10026=CARTESIAN_POINT('Origin',(1.44,0.407882255514446,-2.45632068224906));
#10027=CARTESIAN_POINT('Origin',(1.28,0.35,-2.37477532985813));
#10028=CARTESIAN_POINT('',(1.28,0.35,-2.30477532985813));
#10029=CARTESIAN_POINT('Origin',(1.28,0.35,-2.27477532985813));
#10030=CARTESIAN_POINT('',(1.28,0.390517578860112,-2.43185707653178));
#10031=CARTESIAN_POINT('Origin',(1.28,0.35,-2.37477532985813));
#10032=CARTESIAN_POINT('Origin',(1.28,0.407882255514446,-2.45632068224906));
#10033=CARTESIAN_POINT('Origin',(1.12,0.35,-2.37477532985813));
#10034=CARTESIAN_POINT('',(1.12,0.35,-2.30477532985813));
#10035=CARTESIAN_POINT('Origin',(1.12,0.35,-2.27477532985813));
#10036=CARTESIAN_POINT('',(1.12,0.390517578860112,-2.43185707653178));
#10037=CARTESIAN_POINT('Origin',(1.12,0.35,-2.37477532985813));
#10038=CARTESIAN_POINT('Origin',(1.12,0.407882255514446,-2.45632068224906));
#10039=CARTESIAN_POINT('Origin',(0.96,0.35,-2.37477532985813));
#10040=CARTESIAN_POINT('',(0.96,0.35,-2.30477532985813));
#10041=CARTESIAN_POINT('Origin',(0.96,0.35,-2.27477532985813));
#10042=CARTESIAN_POINT('',(0.96,0.390517578860112,-2.43185707653178));
#10043=CARTESIAN_POINT('Origin',(0.96,0.35,-2.37477532985813));
#10044=CARTESIAN_POINT('Origin',(0.96,0.407882255514446,-2.45632068224906));
#10045=CARTESIAN_POINT('Origin',(0.8,0.35,-2.37477532985813));
#10046=CARTESIAN_POINT('',(0.8,0.35,-2.30477532985813));
#10047=CARTESIAN_POINT('Origin',(0.8,0.35,-2.27477532985813));
#10048=CARTESIAN_POINT('',(0.8,0.390517578860112,-2.43185707653178));
#10049=CARTESIAN_POINT('Origin',(0.8,0.35,-2.37477532985813));
#10050=CARTESIAN_POINT('Origin',(0.8,0.407882255514446,-2.45632068224906));
#10051=CARTESIAN_POINT('Origin',(0.64,0.35,-2.37477532985813));
#10052=CARTESIAN_POINT('',(0.64,0.35,-2.30477532985813));
#10053=CARTESIAN_POINT('Origin',(0.64,0.35,-2.27477532985813));
#10054=CARTESIAN_POINT('',(0.64,0.390517578860112,-2.43185707653178));
#10055=CARTESIAN_POINT('Origin',(0.64,0.35,-2.37477532985813));
#10056=CARTESIAN_POINT('Origin',(0.64,0.407882255514446,-2.45632068224906));
#10057=CARTESIAN_POINT('Origin',(0.48,0.35,-2.37477532985813));
#10058=CARTESIAN_POINT('',(0.48,0.35,-2.30477532985813));
#10059=CARTESIAN_POINT('Origin',(0.48,0.35,-2.27477532985813));
#10060=CARTESIAN_POINT('',(0.48,0.390517578860112,-2.43185707653178));
#10061=CARTESIAN_POINT('Origin',(0.48,0.35,-2.37477532985813));
#10062=CARTESIAN_POINT('Origin',(0.48,0.407882255514446,-2.45632068224906));
#10063=CARTESIAN_POINT('Origin',(0.32,0.35,-2.37477532985813));
#10064=CARTESIAN_POINT('',(0.32,0.35,-2.30477532985813));
#10065=CARTESIAN_POINT('Origin',(0.32,0.35,-2.27477532985813));
#10066=CARTESIAN_POINT('',(0.32,0.390517578860112,-2.43185707653178));
#10067=CARTESIAN_POINT('Origin',(0.32,0.35,-2.37477532985813));
#10068=CARTESIAN_POINT('Origin',(0.32,0.407882255514446,-2.45632068224906));
#10069=CARTESIAN_POINT('Origin',(0.16,0.35,-2.37477532985813));
#10070=CARTESIAN_POINT('',(0.16,0.35,-2.30477532985813));
#10071=CARTESIAN_POINT('Origin',(0.16,0.35,-2.27477532985813));
#10072=CARTESIAN_POINT('',(0.16,0.390517578860112,-2.43185707653178));
#10073=CARTESIAN_POINT('Origin',(0.16,0.35,-2.37477532985813));
#10074=CARTESIAN_POINT('Origin',(0.16,0.407882255514446,-2.45632068224906));
#10075=CARTESIAN_POINT('Origin',(0.,0.35,-2.37477532985813));
#10076=CARTESIAN_POINT('',(-3.67394039744204E-18,0.35,-2.30477532985813));
#10077=CARTESIAN_POINT('Origin',(0.,0.35,-2.27477532985813));
#10078=CARTESIAN_POINT('',(3.67394039744205E-18,0.390517578860112,-2.43185707653178));
#10079=CARTESIAN_POINT('Origin',(-3.67394039744205E-18,0.35,-2.37477532985813));
#10080=CARTESIAN_POINT('Origin',(0.,0.407882255514446,-2.45632068224906));
#10081=CARTESIAN_POINT('Origin',(-0.16,0.35,2.37477532985813));
#10082=CARTESIAN_POINT('',(-0.16,0.35,2.30477532985813));
#10083=CARTESIAN_POINT('Origin',(-0.16,0.35,2.27477532985813));
#10084=CARTESIAN_POINT('',(-0.16,0.390517578860112,2.43185707653178));
#10085=CARTESIAN_POINT('Origin',(-0.16,0.35,2.37477532985813));
#10086=CARTESIAN_POINT('',(-0.16,0.42524693216878,2.48078428796633));
#10087=CARTESIAN_POINT('Origin',(-0.16,0.407882255514446,2.45632068224906));
#10088=CARTESIAN_POINT('Origin',(-0.16,0.407882255514446,2.45632068224906));
#10089=CARTESIAN_POINT('Origin',(-0.32,0.35,2.37477532985813));
#10090=CARTESIAN_POINT('',(-0.32,0.35,2.30477532985813));
#10091=CARTESIAN_POINT('Origin',(-0.32,0.35,2.27477532985813));
#10092=CARTESIAN_POINT('',(-0.32,0.390517578860112,2.43185707653178));
#10093=CARTESIAN_POINT('Origin',(-0.32,0.35,2.37477532985813));
#10094=CARTESIAN_POINT('',(-0.32,0.42524693216878,2.48078428796633));
#10095=CARTESIAN_POINT('Origin',(-0.32,0.407882255514446,2.45632068224906));
#10096=CARTESIAN_POINT('Origin',(-0.32,0.407882255514446,2.45632068224906));
#10097=CARTESIAN_POINT('Origin',(-0.48,0.35,2.37477532985813));
#10098=CARTESIAN_POINT('',(-0.48,0.35,2.30477532985813));
#10099=CARTESIAN_POINT('Origin',(-0.48,0.35,2.27477532985813));
#10100=CARTESIAN_POINT('',(-0.48,0.390517578860112,2.43185707653178));
#10101=CARTESIAN_POINT('Origin',(-0.48,0.35,2.37477532985813));
#10102=CARTESIAN_POINT('',(-0.48,0.42524693216878,2.48078428796633));
#10103=CARTESIAN_POINT('Origin',(-0.48,0.407882255514446,2.45632068224906));
#10104=CARTESIAN_POINT('Origin',(-0.48,0.407882255514446,2.45632068224906));
#10105=CARTESIAN_POINT('Origin',(-0.64,0.35,2.37477532985813));
#10106=CARTESIAN_POINT('',(-0.64,0.35,2.30477532985813));
#10107=CARTESIAN_POINT('Origin',(-0.64,0.35,2.27477532985813));
#10108=CARTESIAN_POINT('',(-0.64,0.390517578860112,2.43185707653178));
#10109=CARTESIAN_POINT('Origin',(-0.64,0.35,2.37477532985813));
#10110=CARTESIAN_POINT('',(-0.64,0.42524693216878,2.48078428796633));
#10111=CARTESIAN_POINT('Origin',(-0.64,0.407882255514446,2.45632068224906));
#10112=CARTESIAN_POINT('Origin',(-0.64,0.407882255514446,2.45632068224906));
#10113=CARTESIAN_POINT('Origin',(-0.8,0.35,2.37477532985813));
#10114=CARTESIAN_POINT('',(-0.8,0.35,2.30477532985813));
#10115=CARTESIAN_POINT('Origin',(-0.8,0.35,2.27477532985813));
#10116=CARTESIAN_POINT('',(-0.8,0.390517578860112,2.43185707653178));
#10117=CARTESIAN_POINT('Origin',(-0.8,0.35,2.37477532985813));
#10118=CARTESIAN_POINT('',(-0.8,0.42524693216878,2.48078428796633));
#10119=CARTESIAN_POINT('Origin',(-0.8,0.407882255514446,2.45632068224906));
#10120=CARTESIAN_POINT('Origin',(-0.8,0.407882255514446,2.45632068224906));
#10121=CARTESIAN_POINT('Origin',(-0.96,0.35,2.37477532985813));
#10122=CARTESIAN_POINT('',(-0.96,0.35,2.30477532985813));
#10123=CARTESIAN_POINT('Origin',(-0.96,0.35,2.27477532985813));
#10124=CARTESIAN_POINT('',(-0.96,0.390517578860112,2.43185707653178));
#10125=CARTESIAN_POINT('Origin',(-0.96,0.35,2.37477532985813));
#10126=CARTESIAN_POINT('',(-0.96,0.425246932168779,2.48078428796633));
#10127=CARTESIAN_POINT('Origin',(-0.96,0.407882255514446,2.45632068224906));
#10128=CARTESIAN_POINT('Origin',(-0.96,0.407882255514446,2.45632068224906));
#10129=CARTESIAN_POINT('Origin',(-1.12,0.35,2.37477532985813));
#10130=CARTESIAN_POINT('',(-1.12,0.35,2.30477532985813));
#10131=CARTESIAN_POINT('Origin',(-1.12,0.35,2.27477532985813));
#10132=CARTESIAN_POINT('',(-1.12,0.390517578860112,2.43185707653178));
#10133=CARTESIAN_POINT('Origin',(-1.12,0.35,2.37477532985813));
#10134=CARTESIAN_POINT('',(-1.12,0.425246932168779,2.48078428796633));
#10135=CARTESIAN_POINT('Origin',(-1.12,0.407882255514446,2.45632068224906));
#10136=CARTESIAN_POINT('Origin',(-1.12,0.407882255514446,2.45632068224906));
#10137=CARTESIAN_POINT('Origin',(-1.28,0.35,2.37477532985813));
#10138=CARTESIAN_POINT('',(-1.28,0.35,2.30477532985813));
#10139=CARTESIAN_POINT('Origin',(-1.28,0.35,2.27477532985813));
#10140=CARTESIAN_POINT('',(-1.28,0.390517578860112,2.43185707653178));
#10141=CARTESIAN_POINT('Origin',(-1.28,0.35,2.37477532985813));
#10142=CARTESIAN_POINT('',(-1.28,0.425246932168779,2.48078428796633));
#10143=CARTESIAN_POINT('Origin',(-1.28,0.407882255514446,2.45632068224906));
#10144=CARTESIAN_POINT('Origin',(-1.28,0.407882255514446,2.45632068224906));
#10145=CARTESIAN_POINT('Origin',(-1.44,0.35,2.37477532985813));
#10146=CARTESIAN_POINT('',(-1.44,0.35,2.30477532985813));
#10147=CARTESIAN_POINT('Origin',(-1.44,0.35,2.27477532985813));
#10148=CARTESIAN_POINT('',(-1.44,0.390517578860112,2.43185707653178));
#10149=CARTESIAN_POINT('Origin',(-1.44,0.35,2.37477532985813));
#10150=CARTESIAN_POINT('',(-1.44,0.425246932168779,2.48078428796633));
#10151=CARTESIAN_POINT('Origin',(-1.44,0.407882255514446,2.45632068224906));
#10152=CARTESIAN_POINT('Origin',(-1.44,0.407882255514446,2.45632068224906));
#10153=CARTESIAN_POINT('Origin',(-1.6,0.35,2.37477532985813));
#10154=CARTESIAN_POINT('',(-1.6,0.35,2.30477532985813));
#10155=CARTESIAN_POINT('Origin',(-1.6,0.35,2.27477532985813));
#10156=CARTESIAN_POINT('',(-1.6,0.390517578860112,2.43185707653178));
#10157=CARTESIAN_POINT('Origin',(-1.6,0.35,2.37477532985813));
#10158=CARTESIAN_POINT('',(-1.6,0.425246932168779,2.48078428796633));
#10159=CARTESIAN_POINT('Origin',(-1.6,0.407882255514446,2.45632068224906));
#10160=CARTESIAN_POINT('Origin',(-1.6,0.407882255514446,2.45632068224906));
#10161=CARTESIAN_POINT('Origin',(-1.76,0.35,2.37477532985813));
#10162=CARTESIAN_POINT('',(-1.76,0.35,2.30477532985813));
#10163=CARTESIAN_POINT('Origin',(-1.76,0.35,2.27477532985813));
#10164=CARTESIAN_POINT('',(-1.76,0.390517578860112,2.43185707653178));
#10165=CARTESIAN_POINT('Origin',(-1.76,0.35,2.37477532985813));
#10166=CARTESIAN_POINT('',(-1.76,0.425246932168779,2.48078428796633));
#10167=CARTESIAN_POINT('Origin',(-1.76,0.407882255514446,2.45632068224906));
#10168=CARTESIAN_POINT('Origin',(-1.76,0.407882255514446,2.45632068224906));
#10169=CARTESIAN_POINT('Origin',(-1.92,0.35,2.37477532985813));
#10170=CARTESIAN_POINT('',(-1.92,0.35,2.30477532985813));
#10171=CARTESIAN_POINT('Origin',(-1.92,0.35,2.27477532985813));
#10172=CARTESIAN_POINT('',(-1.92,0.390517578860112,2.43185707653178));
#10173=CARTESIAN_POINT('Origin',(-1.92,0.35,2.37477532985813));
#10174=CARTESIAN_POINT('',(-1.92,0.425246932168779,2.48078428796633));
#10175=CARTESIAN_POINT('Origin',(-1.92,0.407882255514446,2.45632068224906));
#10176=CARTESIAN_POINT('Origin',(-1.92,0.407882255514446,2.45632068224906));
#10177=CARTESIAN_POINT('Origin',(-2.08,0.35,2.37477532985813));
#10178=CARTESIAN_POINT('',(-2.08,0.35,2.30477532985813));
#10179=CARTESIAN_POINT('Origin',(-2.08,0.35,2.27477532985813));
#10180=CARTESIAN_POINT('',(-2.08,0.390517578860112,2.43185707653178));
#10181=CARTESIAN_POINT('Origin',(-2.08,0.35,2.37477532985813));
#10182=CARTESIAN_POINT('',(-2.08,0.425246932168779,2.48078428796633));
#10183=CARTESIAN_POINT('Origin',(-2.08,0.407882255514446,2.45632068224906));
#10184=CARTESIAN_POINT('Origin',(-2.08,0.407882255514446,2.45632068224906));
#10185=CARTESIAN_POINT('Origin',(-2.24,0.35,2.37477532985813));
#10186=CARTESIAN_POINT('',(-2.24,0.35,2.30477532985813));
#10187=CARTESIAN_POINT('Origin',(-2.24,0.35,2.27477532985813));
#10188=CARTESIAN_POINT('',(-2.24,0.390517578860112,2.43185707653178));
#10189=CARTESIAN_POINT('Origin',(-2.24,0.35,2.37477532985813));
#10190=CARTESIAN_POINT('',(-2.24,0.425246932168779,2.48078428796633));
#10191=CARTESIAN_POINT('Origin',(-2.24,0.407882255514446,2.45632068224906));
#10192=CARTESIAN_POINT('Origin',(-2.24,0.407882255514446,2.45632068224906));
#10193=CARTESIAN_POINT('Origin',(-2.4,0.35,2.37477532985813));
#10194=CARTESIAN_POINT('',(-2.4,0.35,2.30477532985813));
#10195=CARTESIAN_POINT('Origin',(-2.4,0.35,2.27477532985813));
#10196=CARTESIAN_POINT('',(-2.4,0.390517578860112,2.43185707653178));
#10197=CARTESIAN_POINT('Origin',(-2.4,0.35,2.37477532985813));
#10198=CARTESIAN_POINT('',(-2.4,0.425246932168779,2.48078428796633));
#10199=CARTESIAN_POINT('Origin',(-2.4,0.407882255514446,2.45632068224906));
#10200=CARTESIAN_POINT('Origin',(-2.4,0.407882255514446,2.45632068224906));
#10201=CARTESIAN_POINT('Origin',(2.4,0.35,2.37477532985813));
#10202=CARTESIAN_POINT('',(2.4,0.35,2.30477532985813));
#10203=CARTESIAN_POINT('Origin',(2.4,0.35,2.27477532985813));
#10204=CARTESIAN_POINT('',(2.4,0.390517578860112,2.43185707653178));
#10205=CARTESIAN_POINT('Origin',(2.4,0.35,2.37477532985813));
#10206=CARTESIAN_POINT('',(2.4,0.425246932168779,2.48078428796633));
#10207=CARTESIAN_POINT('Origin',(2.4,0.407882255514446,2.45632068224906));
#10208=CARTESIAN_POINT('Origin',(2.4,0.407882255514446,2.45632068224906));
#10209=CARTESIAN_POINT('Origin',(2.24,0.35,2.37477532985813));
#10210=CARTESIAN_POINT('',(2.24,0.35,2.30477532985813));
#10211=CARTESIAN_POINT('Origin',(2.24,0.35,2.27477532985813));
#10212=CARTESIAN_POINT('',(2.24,0.390517578860112,2.43185707653178));
#10213=CARTESIAN_POINT('Origin',(2.24,0.35,2.37477532985813));
#10214=CARTESIAN_POINT('',(2.24,0.425246932168779,2.48078428796633));
#10215=CARTESIAN_POINT('Origin',(2.24,0.407882255514446,2.45632068224906));
#10216=CARTESIAN_POINT('Origin',(2.24,0.407882255514446,2.45632068224906));
#10217=CARTESIAN_POINT('Origin',(2.08,0.35,2.37477532985813));
#10218=CARTESIAN_POINT('',(2.08,0.35,2.30477532985813));
#10219=CARTESIAN_POINT('Origin',(2.08,0.35,2.27477532985813));
#10220=CARTESIAN_POINT('',(2.08,0.390517578860112,2.43185707653178));
#10221=CARTESIAN_POINT('Origin',(2.08,0.35,2.37477532985813));
#10222=CARTESIAN_POINT('',(2.08,0.425246932168779,2.48078428796633));
#10223=CARTESIAN_POINT('Origin',(2.08,0.407882255514446,2.45632068224906));
#10224=CARTESIAN_POINT('Origin',(2.08,0.407882255514446,2.45632068224906));
#10225=CARTESIAN_POINT('Origin',(1.92,0.35,2.37477532985813));
#10226=CARTESIAN_POINT('',(1.92,0.35,2.30477532985813));
#10227=CARTESIAN_POINT('Origin',(1.92,0.35,2.27477532985813));
#10228=CARTESIAN_POINT('',(1.92,0.390517578860112,2.43185707653178));
#10229=CARTESIAN_POINT('Origin',(1.92,0.35,2.37477532985813));
#10230=CARTESIAN_POINT('',(1.92,0.425246932168779,2.48078428796633));
#10231=CARTESIAN_POINT('Origin',(1.92,0.407882255514446,2.45632068224906));
#10232=CARTESIAN_POINT('Origin',(1.92,0.407882255514446,2.45632068224906));
#10233=CARTESIAN_POINT('Origin',(1.76,0.35,2.37477532985813));
#10234=CARTESIAN_POINT('',(1.76,0.35,2.30477532985813));
#10235=CARTESIAN_POINT('Origin',(1.76,0.35,2.27477532985813));
#10236=CARTESIAN_POINT('',(1.76,0.390517578860112,2.43185707653178));
#10237=CARTESIAN_POINT('Origin',(1.76,0.35,2.37477532985813));
#10238=CARTESIAN_POINT('',(1.76,0.425246932168779,2.48078428796633));
#10239=CARTESIAN_POINT('Origin',(1.76,0.407882255514446,2.45632068224906));
#10240=CARTESIAN_POINT('Origin',(1.76,0.407882255514446,2.45632068224906));
#10241=CARTESIAN_POINT('Origin',(1.6,0.35,2.37477532985813));
#10242=CARTESIAN_POINT('',(1.6,0.35,2.30477532985813));
#10243=CARTESIAN_POINT('Origin',(1.6,0.35,2.27477532985813));
#10244=CARTESIAN_POINT('',(1.6,0.390517578860112,2.43185707653178));
#10245=CARTESIAN_POINT('Origin',(1.6,0.35,2.37477532985813));
#10246=CARTESIAN_POINT('',(1.6,0.425246932168779,2.48078428796633));
#10247=CARTESIAN_POINT('Origin',(1.6,0.407882255514446,2.45632068224906));
#10248=CARTESIAN_POINT('Origin',(1.6,0.407882255514446,2.45632068224906));
#10249=CARTESIAN_POINT('Origin',(1.44,0.35,2.37477532985813));
#10250=CARTESIAN_POINT('',(1.44,0.35,2.30477532985813));
#10251=CARTESIAN_POINT('Origin',(1.44,0.35,2.27477532985813));
#10252=CARTESIAN_POINT('',(1.44,0.390517578860112,2.43185707653178));
#10253=CARTESIAN_POINT('Origin',(1.44,0.35,2.37477532985813));
#10254=CARTESIAN_POINT('',(1.44,0.425246932168779,2.48078428796633));
#10255=CARTESIAN_POINT('Origin',(1.44,0.407882255514446,2.45632068224906));
#10256=CARTESIAN_POINT('Origin',(1.44,0.407882255514446,2.45632068224906));
#10257=CARTESIAN_POINT('Origin',(1.28,0.35,2.37477532985813));
#10258=CARTESIAN_POINT('',(1.28,0.35,2.30477532985813));
#10259=CARTESIAN_POINT('Origin',(1.28,0.35,2.27477532985813));
#10260=CARTESIAN_POINT('',(1.28,0.390517578860112,2.43185707653178));
#10261=CARTESIAN_POINT('Origin',(1.28,0.35,2.37477532985813));
#10262=CARTESIAN_POINT('',(1.28,0.425246932168779,2.48078428796633));
#10263=CARTESIAN_POINT('Origin',(1.28,0.407882255514446,2.45632068224906));
#10264=CARTESIAN_POINT('Origin',(1.28,0.407882255514446,2.45632068224906));
#10265=CARTESIAN_POINT('Origin',(1.12,0.35,2.37477532985813));
#10266=CARTESIAN_POINT('',(1.12,0.35,2.30477532985813));
#10267=CARTESIAN_POINT('Origin',(1.12,0.35,2.27477532985813));
#10268=CARTESIAN_POINT('',(1.12,0.390517578860112,2.43185707653178));
#10269=CARTESIAN_POINT('Origin',(1.12,0.35,2.37477532985813));
#10270=CARTESIAN_POINT('',(1.12,0.425246932168779,2.48078428796633));
#10271=CARTESIAN_POINT('Origin',(1.12,0.407882255514446,2.45632068224906));
#10272=CARTESIAN_POINT('Origin',(1.12,0.407882255514446,2.45632068224906));
#10273=CARTESIAN_POINT('Origin',(0.96,0.35,2.37477532985813));
#10274=CARTESIAN_POINT('',(0.96,0.35,2.30477532985813));
#10275=CARTESIAN_POINT('Origin',(0.96,0.35,2.27477532985813));
#10276=CARTESIAN_POINT('',(0.96,0.390517578860112,2.43185707653178));
#10277=CARTESIAN_POINT('Origin',(0.96,0.35,2.37477532985813));
#10278=CARTESIAN_POINT('',(0.96,0.425246932168779,2.48078428796633));
#10279=CARTESIAN_POINT('Origin',(0.96,0.407882255514446,2.45632068224906));
#10280=CARTESIAN_POINT('Origin',(0.96,0.407882255514446,2.45632068224906));
#10281=CARTESIAN_POINT('Origin',(0.8,0.35,2.37477532985813));
#10282=CARTESIAN_POINT('',(0.8,0.35,2.30477532985813));
#10283=CARTESIAN_POINT('Origin',(0.8,0.35,2.27477532985813));
#10284=CARTESIAN_POINT('',(0.8,0.390517578860112,2.43185707653178));
#10285=CARTESIAN_POINT('Origin',(0.8,0.35,2.37477532985813));
#10286=CARTESIAN_POINT('',(0.8,0.42524693216878,2.48078428796633));
#10287=CARTESIAN_POINT('Origin',(0.8,0.407882255514446,2.45632068224906));
#10288=CARTESIAN_POINT('Origin',(0.8,0.407882255514446,2.45632068224906));
#10289=CARTESIAN_POINT('Origin',(0.64,0.35,2.37477532985813));
#10290=CARTESIAN_POINT('',(0.64,0.35,2.30477532985813));
#10291=CARTESIAN_POINT('Origin',(0.64,0.35,2.27477532985813));
#10292=CARTESIAN_POINT('',(0.64,0.390517578860112,2.43185707653178));
#10293=CARTESIAN_POINT('Origin',(0.64,0.35,2.37477532985813));
#10294=CARTESIAN_POINT('',(0.64,0.42524693216878,2.48078428796633));
#10295=CARTESIAN_POINT('Origin',(0.64,0.407882255514446,2.45632068224906));
#10296=CARTESIAN_POINT('Origin',(0.64,0.407882255514446,2.45632068224906));
#10297=CARTESIAN_POINT('Origin',(0.48,0.35,2.37477532985813));
#10298=CARTESIAN_POINT('',(0.48,0.35,2.30477532985813));
#10299=CARTESIAN_POINT('Origin',(0.48,0.35,2.27477532985813));
#10300=CARTESIAN_POINT('',(0.48,0.390517578860112,2.43185707653178));
#10301=CARTESIAN_POINT('Origin',(0.48,0.35,2.37477532985813));
#10302=CARTESIAN_POINT('',(0.48,0.42524693216878,2.48078428796633));
#10303=CARTESIAN_POINT('Origin',(0.48,0.407882255514446,2.45632068224906));
#10304=CARTESIAN_POINT('Origin',(0.48,0.407882255514446,2.45632068224906));
#10305=CARTESIAN_POINT('Origin',(0.32,0.35,2.37477532985813));
#10306=CARTESIAN_POINT('',(0.32,0.35,2.30477532985813));
#10307=CARTESIAN_POINT('Origin',(0.32,0.35,2.27477532985813));
#10308=CARTESIAN_POINT('',(0.32,0.390517578860112,2.43185707653178));
#10309=CARTESIAN_POINT('Origin',(0.32,0.35,2.37477532985813));
#10310=CARTESIAN_POINT('',(0.32,0.42524693216878,2.48078428796633));
#10311=CARTESIAN_POINT('Origin',(0.32,0.407882255514446,2.45632068224906));
#10312=CARTESIAN_POINT('Origin',(0.32,0.407882255514446,2.45632068224906));
#10313=CARTESIAN_POINT('Origin',(0.16,0.35,2.37477532985813));
#10314=CARTESIAN_POINT('',(0.16,0.35,2.30477532985813));
#10315=CARTESIAN_POINT('Origin',(0.16,0.35,2.27477532985813));
#10316=CARTESIAN_POINT('',(0.16,0.390517578860112,2.43185707653178));
#10317=CARTESIAN_POINT('Origin',(0.16,0.35,2.37477532985813));
#10318=CARTESIAN_POINT('',(0.16,0.42524693216878,2.48078428796633));
#10319=CARTESIAN_POINT('Origin',(0.16,0.407882255514446,2.45632068224906));
#10320=CARTESIAN_POINT('Origin',(0.16,0.407882255514446,2.45632068224906));
#10321=CARTESIAN_POINT('Origin',(0.,0.35,2.37477532985813));
#10322=CARTESIAN_POINT('',(0.,0.35,2.30477532985813));
#10323=CARTESIAN_POINT('Origin',(0.,0.35,2.27477532985813));
#10324=CARTESIAN_POINT('',(0.,0.390517578860112,2.43185707653178));
#10325=CARTESIAN_POINT('Origin',(3.67394039744205E-18,0.35,2.37477532985813));
#10326=CARTESIAN_POINT('',(-3.67394039744207E-18,0.42524693216878,2.48078428796633));
#10327=CARTESIAN_POINT('Origin',(0.,0.407882255514446,2.45632068224906));
#10328=CARTESIAN_POINT('Origin',(0.,0.407882255514446,2.45632068224906));
#10329=CARTESIAN_POINT('Origin',(-0.16,0.407882255514446,-2.45632068224906));
#10330=CARTESIAN_POINT('',(-0.13,3.60477950471355E-17,-2.7458423317517));
#10331=CARTESIAN_POINT('',(-0.19,3.60477950471355E-17,-2.7458423317517));
#10332=CARTESIAN_POINT('Origin',(-0.16,5.42101086242752E-17,-2.7458423317517));
#10333=CARTESIAN_POINT('',(-0.16,-5.42101086242752E-17,-2.70905298800568));
#10334=CARTESIAN_POINT('Origin',(-0.160000000000028,6.7958782918135E-17,
-2.74584233175173));
#10335=CARTESIAN_POINT('',(-0.16,0.390517578860112,-2.43185707653178));
#10336=CARTESIAN_POINT('Origin',(-0.160000000000028,6.7958782918135E-17,
-2.74584233175173));
#10337=CARTESIAN_POINT('Origin',(-0.32,0.407882255514446,-2.45632068224906));
#10338=CARTESIAN_POINT('',(-0.29,3.60477950471355E-17,-2.7458423317517));
#10339=CARTESIAN_POINT('',(-0.35,3.60477950471355E-17,-2.7458423317517));
#10340=CARTESIAN_POINT('Origin',(-0.32,5.42101086242752E-17,-2.7458423317517));
#10341=CARTESIAN_POINT('',(-0.32,-5.42101086242753E-17,-2.70905298800568));
#10342=CARTESIAN_POINT('Origin',(-0.320000000000028,6.79587829181357E-17,
-2.74584233175173));
#10343=CARTESIAN_POINT('',(-0.32,0.390517578860112,-2.43185707653178));
#10344=CARTESIAN_POINT('Origin',(-0.320000000000028,6.79587829181357E-17,
-2.74584233175173));
#10345=CARTESIAN_POINT('Origin',(-0.48,0.407882255514446,-2.45632068224906));
#10346=CARTESIAN_POINT('',(-0.45,3.60477950471355E-17,-2.7458423317517));
#10347=CARTESIAN_POINT('',(-0.51,3.60477950471355E-17,-2.7458423317517));
#10348=CARTESIAN_POINT('Origin',(-0.48,5.42101086242752E-17,-2.7458423317517));
#10349=CARTESIAN_POINT('',(-0.48,-5.42101086242752E-17,-2.70905298800568));
#10350=CARTESIAN_POINT('Origin',(-0.480000000000029,6.79587829181373E-17,
-2.74584233175173));
#10351=CARTESIAN_POINT('',(-0.48,0.390517578860112,-2.43185707653178));
#10352=CARTESIAN_POINT('Origin',(-0.480000000000029,6.79587829181373E-17,
-2.74584233175173));
#10353=CARTESIAN_POINT('Origin',(-0.64,0.407882255514446,-2.45632068224906));
#10354=CARTESIAN_POINT('',(-0.61,3.60477950471355E-17,-2.7458423317517));
#10355=CARTESIAN_POINT('',(-0.67,3.60477950471355E-17,-2.7458423317517));
#10356=CARTESIAN_POINT('Origin',(-0.64,5.42101086242752E-17,-2.7458423317517));
#10357=CARTESIAN_POINT('',(-0.64,-5.42101086242752E-17,-2.70905298800568));
#10358=CARTESIAN_POINT('Origin',(-0.640000000000028,6.79587829181335E-17,
-2.74584233175173));
#10359=CARTESIAN_POINT('',(-0.64,0.390517578860112,-2.43185707653178));
#10360=CARTESIAN_POINT('Origin',(-0.640000000000028,6.79587829181335E-17,
-2.74584233175173));
#10361=CARTESIAN_POINT('Origin',(-0.8,0.407882255514446,-2.45632068224906));
#10362=CARTESIAN_POINT('',(-0.77,3.60477950471355E-17,-2.7458423317517));
#10363=CARTESIAN_POINT('',(-0.83,3.60477950471355E-17,-2.7458423317517));
#10364=CARTESIAN_POINT('Origin',(-0.8,5.42101086242752E-17,-2.7458423317517));
#10365=CARTESIAN_POINT('',(-0.8,-5.42101086242752E-17,-2.70905298800568));
#10366=CARTESIAN_POINT('Origin',(-0.80000000000003,6.7958782918141E-17,
-2.74584233175173));
#10367=CARTESIAN_POINT('',(-0.8,0.390517578860112,-2.43185707653178));
#10368=CARTESIAN_POINT('Origin',(-0.80000000000003,6.7958782918141E-17,
-2.74584233175173));
#10369=CARTESIAN_POINT('Origin',(-0.96,0.407882255514446,-2.45632068224906));
#10370=CARTESIAN_POINT('',(-0.93,3.60477950471355E-17,-2.7458423317517));
#10371=CARTESIAN_POINT('',(-0.99,3.60477950471355E-17,-2.7458423317517));
#10372=CARTESIAN_POINT('Origin',(-0.96,5.42101086242752E-17,-2.7458423317517));
#10373=CARTESIAN_POINT('',(-0.96,-5.42101086242752E-17,-2.70905298800568));
#10374=CARTESIAN_POINT('Origin',(-0.960000000000022,6.7958782918106E-17,
-2.74584233175172));
#10375=CARTESIAN_POINT('',(-0.96,0.390517578860112,-2.43185707653178));
#10376=CARTESIAN_POINT('Origin',(-0.960000000000022,6.7958782918106E-17,
-2.74584233175172));
#10377=CARTESIAN_POINT('Origin',(-1.12,0.407882255514446,-2.45632068224906));
#10378=CARTESIAN_POINT('',(-1.09,3.60477950471355E-17,-2.7458423317517));
#10379=CARTESIAN_POINT('',(-1.15,3.60477950471355E-17,-2.7458423317517));
#10380=CARTESIAN_POINT('Origin',(-1.12,5.42101086242752E-17,-2.7458423317517));
#10381=CARTESIAN_POINT('',(-1.12,-5.42101086242753E-17,-2.70905298800568));
#10382=CARTESIAN_POINT('Origin',(-1.12000000000002,6.79587829181154E-17,
-2.74584233175173));
#10383=CARTESIAN_POINT('',(-1.12,0.390517578860112,-2.43185707653178));
#10384=CARTESIAN_POINT('Origin',(-1.12000000000002,6.79587829181154E-17,
-2.74584233175173));
#10385=CARTESIAN_POINT('Origin',(-1.28,0.407882255514446,-2.45632068224906));
#10386=CARTESIAN_POINT('',(-1.25,3.60477950471355E-17,-2.7458423317517));
#10387=CARTESIAN_POINT('',(-1.31,3.60477950471355E-17,-2.7458423317517));
#10388=CARTESIAN_POINT('Origin',(-1.28,5.42101086242752E-17,-2.7458423317517));
#10389=CARTESIAN_POINT('',(-1.28,-5.42101086242751E-17,-2.70905298800568));
#10390=CARTESIAN_POINT('Origin',(-1.28000000000003,6.79587829181487E-17,
-2.74584233175174));
#10391=CARTESIAN_POINT('',(-1.28,0.390517578860112,-2.43185707653178));
#10392=CARTESIAN_POINT('Origin',(-1.28000000000003,6.79587829181487E-17,
-2.74584233175174));
#10393=CARTESIAN_POINT('Origin',(-1.44,0.407882255514446,-2.45632068224906));
#10394=CARTESIAN_POINT('',(-1.41,3.60477950471355E-17,-2.7458423317517));
#10395=CARTESIAN_POINT('',(-1.47,3.60477950471355E-17,-2.7458423317517));
#10396=CARTESIAN_POINT('Origin',(-1.44,5.42101086242752E-17,-2.7458423317517));
#10397=CARTESIAN_POINT('',(-1.44,-5.42101086242753E-17,-2.70905298800568));
#10398=CARTESIAN_POINT('Origin',(-1.44000000000002,6.79587829180838E-17,
-2.74584233175172));
#10399=CARTESIAN_POINT('',(-1.44,0.390517578860112,-2.43185707653178));
#10400=CARTESIAN_POINT('Origin',(-1.44000000000002,6.79587829180838E-17,
-2.74584233175172));
#10401=CARTESIAN_POINT('Origin',(-1.6,0.407882255514446,-2.45632068224906));
#10402=CARTESIAN_POINT('',(-1.57,3.60477950471355E-17,-2.7458423317517));
#10403=CARTESIAN_POINT('',(-1.63,3.60477950471355E-17,-2.7458423317517));
#10404=CARTESIAN_POINT('Origin',(-1.6,5.42101086242752E-17,-2.7458423317517));
#10405=CARTESIAN_POINT('',(-1.6,-5.42101086242752E-17,-2.70905298800568));
#10406=CARTESIAN_POINT('Origin',(-1.60000000000003,6.79587829181602E-17,
-2.74584233175174));
#10407=CARTESIAN_POINT('',(-1.6,0.390517578860112,-2.43185707653178));
#10408=CARTESIAN_POINT('Origin',(-1.60000000000003,6.79587829181602E-17,
-2.74584233175174));
#10409=CARTESIAN_POINT('Origin',(-1.76,0.407882255514446,-2.45632068224906));
#10410=CARTESIAN_POINT('',(-1.73,3.60477950471355E-17,-2.7458423317517));
#10411=CARTESIAN_POINT('',(-1.79,3.60477950471355E-17,-2.7458423317517));
#10412=CARTESIAN_POINT('Origin',(-1.76,5.42101086242752E-17,-2.7458423317517));
#10413=CARTESIAN_POINT('',(-1.76,-5.42101086242754E-17,-2.70905298800568));
#10414=CARTESIAN_POINT('Origin',(-1.76000000000003,6.79587829181477E-17,
-2.74584233175174));
#10415=CARTESIAN_POINT('',(-1.76,0.390517578860112,-2.43185707653178));
#10416=CARTESIAN_POINT('Origin',(-1.76000000000003,6.79587829181477E-17,
-2.74584233175174));
#10417=CARTESIAN_POINT('Origin',(-1.92,0.407882255514446,-2.45632068224906));
#10418=CARTESIAN_POINT('',(-1.89,3.60477950471355E-17,-2.7458423317517));
#10419=CARTESIAN_POINT('',(-1.95,3.60477950471355E-17,-2.7458423317517));
#10420=CARTESIAN_POINT('Origin',(-1.92,5.42101086242752E-17,-2.7458423317517));
#10421=CARTESIAN_POINT('',(-1.92,-5.42101086242752E-17,-2.70905298800568));
#10422=CARTESIAN_POINT('Origin',(-1.92000000000004,6.79587829182144E-17,
-2.74584233175175));
#10423=CARTESIAN_POINT('',(-1.92,0.390517578860112,-2.43185707653178));
#10424=CARTESIAN_POINT('Origin',(-1.92000000000004,6.79587829182144E-17,
-2.74584233175175));
#10425=CARTESIAN_POINT('Origin',(-2.08,0.407882255514446,-2.45632068224906));
#10426=CARTESIAN_POINT('',(-2.05,3.60477950471355E-17,-2.7458423317517));
#10427=CARTESIAN_POINT('',(-2.11,3.60477950471355E-17,-2.7458423317517));
#10428=CARTESIAN_POINT('Origin',(-2.08,5.42101086242752E-17,-2.7458423317517));
#10429=CARTESIAN_POINT('',(-2.08,-5.42101086242753E-17,-2.70905298800568));
#10430=CARTESIAN_POINT('Origin',(-2.08000000000002,6.79587829181004E-17,
-2.74584233175172));
#10431=CARTESIAN_POINT('',(-2.08,0.390517578860112,-2.43185707653178));
#10432=CARTESIAN_POINT('Origin',(-2.08000000000002,6.79587829181004E-17,
-2.74584233175172));
#10433=CARTESIAN_POINT('Origin',(-2.24,0.407882255514446,-2.45632068224906));
#10434=CARTESIAN_POINT('',(-2.21,3.60477950471355E-17,-2.7458423317517));
#10435=CARTESIAN_POINT('',(-2.27,3.60477950471355E-17,-2.7458423317517));
#10436=CARTESIAN_POINT('Origin',(-2.24,5.42101086242752E-17,-2.7458423317517));
#10437=CARTESIAN_POINT('',(-2.24,-5.42101086242751E-17,-2.70905298800568));
#10438=CARTESIAN_POINT('Origin',(-2.24000000000005,6.79587829182812E-17,
-2.74584233175177));
#10439=CARTESIAN_POINT('',(-2.24,0.390517578860112,-2.43185707653178));
#10440=CARTESIAN_POINT('Origin',(-2.24000000000005,6.79587829182812E-17,
-2.74584233175177));
#10441=CARTESIAN_POINT('Origin',(-2.4,0.407882255514446,-2.45632068224906));
#10442=CARTESIAN_POINT('',(-2.37,3.60477950471355E-17,-2.7458423317517));
#10443=CARTESIAN_POINT('',(-2.43,3.60477950471355E-17,-2.7458423317517));
#10444=CARTESIAN_POINT('Origin',(-2.4,5.42101086242752E-17,-2.7458423317517));
#10445=CARTESIAN_POINT('',(-2.4,-5.42101086242751E-17,-2.70905298800568));
#10446=CARTESIAN_POINT('Origin',(-2.40000000000003,6.79587829181484E-17,
-2.74584233175174));
#10447=CARTESIAN_POINT('',(-2.4,0.390517578860112,-2.43185707653178));
#10448=CARTESIAN_POINT('Origin',(-2.40000000000003,6.79587829181484E-17,
-2.74584233175174));
#10449=CARTESIAN_POINT('Origin',(2.4,0.407882255514446,-2.45632068224906));
#10450=CARTESIAN_POINT('',(2.43,3.60477950471355E-17,-2.7458423317517));
#10451=CARTESIAN_POINT('',(2.37,3.60477950471355E-17,-2.7458423317517));
#10452=CARTESIAN_POINT('Origin',(2.4,5.42101086242752E-17,-2.7458423317517));
#10453=CARTESIAN_POINT('',(2.4,-5.42101086242751E-17,-2.70905298800568));
#10454=CARTESIAN_POINT('Origin',(2.39999999999999,6.79587829180354E-17,
-2.74584233175171));
#10455=CARTESIAN_POINT('',(2.4,0.390517578860112,-2.43185707653178));
#10456=CARTESIAN_POINT('Origin',(2.39999999999999,6.79587829180354E-17,
-2.74584233175171));
#10457=CARTESIAN_POINT('Origin',(2.24,0.407882255514446,-2.45632068224906));
#10458=CARTESIAN_POINT('',(2.27,3.60477950471355E-17,-2.7458423317517));
#10459=CARTESIAN_POINT('',(2.21,3.60477950471355E-17,-2.7458423317517));
#10460=CARTESIAN_POINT('Origin',(2.24,5.42101086242752E-17,-2.7458423317517));
#10461=CARTESIAN_POINT('',(2.24,-5.42101086242752E-17,-2.70905298800568));
#10462=CARTESIAN_POINT('Origin',(2.23999999999998,6.79587829180821E-17,
-2.74584233175172));
#10463=CARTESIAN_POINT('',(2.24,0.390517578860112,-2.43185707653178));
#10464=CARTESIAN_POINT('Origin',(2.23999999999998,6.79587829180821E-17,
-2.74584233175172));
#10465=CARTESIAN_POINT('Origin',(2.08,0.407882255514446,-2.45632068224906));
#10466=CARTESIAN_POINT('',(2.11,3.60477950471355E-17,-2.7458423317517));
#10467=CARTESIAN_POINT('',(2.05,3.60477950471355E-17,-2.7458423317517));
#10468=CARTESIAN_POINT('Origin',(2.08,5.42101086242752E-17,-2.7458423317517));
#10469=CARTESIAN_POINT('',(2.08,-5.42101086242751E-17,-2.70905298800568));
#10470=CARTESIAN_POINT('Origin',(2.07999999999999,6.79587829180639E-17,
-2.74584233175172));
#10471=CARTESIAN_POINT('',(2.08,0.390517578860112,-2.43185707653178));
#10472=CARTESIAN_POINT('Origin',(2.07999999999999,6.79587829180639E-17,
-2.74584233175172));
#10473=CARTESIAN_POINT('Origin',(1.92,0.407882255514446,-2.45632068224906));
#10474=CARTESIAN_POINT('',(1.95,3.60477950471355E-17,-2.7458423317517));
#10475=CARTESIAN_POINT('',(1.89,3.60477950471355E-17,-2.7458423317517));
#10476=CARTESIAN_POINT('Origin',(1.92,5.42101086242752E-17,-2.7458423317517));
#10477=CARTESIAN_POINT('',(1.92,-5.42101086242752E-17,-2.70905298800568));
#10478=CARTESIAN_POINT('Origin',(1.91999999999999,6.79587829180644E-17,
-2.74584233175172));
#10479=CARTESIAN_POINT('',(1.92,0.390517578860112,-2.43185707653178));
#10480=CARTESIAN_POINT('Origin',(1.91999999999999,6.79587829180644E-17,
-2.74584233175172));
#10481=CARTESIAN_POINT('Origin',(1.76,0.407882255514446,-2.45632068224906));
#10482=CARTESIAN_POINT('',(1.79,3.60477950471355E-17,-2.7458423317517));
#10483=CARTESIAN_POINT('',(1.73,3.60477950471355E-17,-2.7458423317517));
#10484=CARTESIAN_POINT('Origin',(1.76,5.42101086242752E-17,-2.7458423317517));
#10485=CARTESIAN_POINT('',(1.76,-5.42101086242751E-17,-2.70905298800568));
#10486=CARTESIAN_POINT('Origin',(1.75999999999999,6.79587829180182E-17,
-2.7458423317517));
#10487=CARTESIAN_POINT('',(1.76,0.390517578860112,-2.43185707653178));
#10488=CARTESIAN_POINT('Origin',(1.75999999999999,6.79587829180182E-17,
-2.7458423317517));
#10489=CARTESIAN_POINT('Origin',(1.6,0.407882255514446,-2.45632068224906));
#10490=CARTESIAN_POINT('',(1.63,3.60477950471355E-17,-2.7458423317517));
#10491=CARTESIAN_POINT('',(1.57,3.60477950471355E-17,-2.7458423317517));
#10492=CARTESIAN_POINT('Origin',(1.6,5.42101086242752E-17,-2.7458423317517));
#10493=CARTESIAN_POINT('',(1.6,-5.42101086242753E-17,-2.70905298800568));
#10494=CARTESIAN_POINT('Origin',(1.59999999999998,6.79587829181004E-17,
-2.74584233175172));
#10495=CARTESIAN_POINT('',(1.6,0.390517578860112,-2.43185707653178));
#10496=CARTESIAN_POINT('Origin',(1.59999999999998,6.79587829181004E-17,
-2.74584233175172));
#10497=CARTESIAN_POINT('Origin',(1.44,0.407882255514446,-2.45632068224906));
#10498=CARTESIAN_POINT('',(1.47,3.60477950471355E-17,-2.7458423317517));
#10499=CARTESIAN_POINT('',(1.41,3.60477950471355E-17,-2.7458423317517));
#10500=CARTESIAN_POINT('Origin',(1.44,5.42101086242752E-17,-2.7458423317517));
#10501=CARTESIAN_POINT('',(1.44,-5.42101086242752E-17,-2.70905298800568));
#10502=CARTESIAN_POINT('Origin',(1.43999999999997,6.79587829181494E-17,
-2.74584233175174));
#10503=CARTESIAN_POINT('',(1.44,0.390517578860112,-2.43185707653178));
#10504=CARTESIAN_POINT('Origin',(1.43999999999997,6.79587829181494E-17,
-2.74584233175174));
#10505=CARTESIAN_POINT('Origin',(1.28,0.407882255514446,-2.45632068224906));
#10506=CARTESIAN_POINT('',(1.31,3.60477950471355E-17,-2.7458423317517));
#10507=CARTESIAN_POINT('',(1.25,3.60477950471355E-17,-2.7458423317517));
#10508=CARTESIAN_POINT('Origin',(1.28,5.42101086242752E-17,-2.7458423317517));
#10509=CARTESIAN_POINT('',(1.28,-5.42101086242753E-17,-2.70905298800568));
#10510=CARTESIAN_POINT('Origin',(1.27999999999998,6.79587829180838E-17,
-2.74584233175172));
#10511=CARTESIAN_POINT('',(1.28,0.390517578860112,-2.43185707653178));
#10512=CARTESIAN_POINT('Origin',(1.27999999999998,6.79587829180838E-17,
-2.74584233175172));
#10513=CARTESIAN_POINT('Origin',(1.12,0.407882255514446,-2.45632068224906));
#10514=CARTESIAN_POINT('',(1.15,3.60477950471355E-17,-2.7458423317517));
#10515=CARTESIAN_POINT('',(1.09,3.60477950471355E-17,-2.7458423317517));
#10516=CARTESIAN_POINT('Origin',(1.12,5.42101086242752E-17,-2.7458423317517));
#10517=CARTESIAN_POINT('',(1.12,-5.42101086242752E-17,-2.70905298800568));
#10518=CARTESIAN_POINT('Origin',(1.11999999999998,6.7958782918106E-17,-2.74584233175172));
#10519=CARTESIAN_POINT('',(1.12,0.390517578860112,-2.43185707653178));
#10520=CARTESIAN_POINT('Origin',(1.11999999999998,6.7958782918106E-17,-2.74584233175172));
#10521=CARTESIAN_POINT('Origin',(0.96,0.407882255514446,-2.45632068224906));
#10522=CARTESIAN_POINT('',(0.99,3.60477950471355E-17,-2.7458423317517));
#10523=CARTESIAN_POINT('',(0.93,3.60477950471355E-17,-2.7458423317517));
#10524=CARTESIAN_POINT('Origin',(0.96,5.42101086242752E-17,-2.7458423317517));
#10525=CARTESIAN_POINT('',(0.96,-5.42101086242752E-17,-2.70905298800568));
#10526=CARTESIAN_POINT('Origin',(0.959999999999983,6.79587829180817E-17,
-2.74584233175172));
#10527=CARTESIAN_POINT('',(0.96,0.390517578860112,-2.43185707653178));
#10528=CARTESIAN_POINT('Origin',(0.959999999999983,6.79587829180817E-17,
-2.74584233175172));
#10529=CARTESIAN_POINT('Origin',(0.8,0.407882255514446,-2.45632068224906));
#10530=CARTESIAN_POINT('',(0.83,3.60477950471355E-17,-2.7458423317517));
#10531=CARTESIAN_POINT('',(0.77,3.60477950471355E-17,-2.7458423317517));
#10532=CARTESIAN_POINT('Origin',(0.8,5.42101086242752E-17,-2.7458423317517));
#10533=CARTESIAN_POINT('',(0.8,-5.42101086242753E-17,-2.70905298800568));
#10534=CARTESIAN_POINT('Origin',(0.799999999999976,6.79587829181092E-17,
-2.74584233175172));
#10535=CARTESIAN_POINT('',(0.8,0.390517578860112,-2.43185707653178));
#10536=CARTESIAN_POINT('Origin',(0.799999999999976,6.79587829181092E-17,
-2.74584233175172));
#10537=CARTESIAN_POINT('Origin',(0.64,0.407882255514446,-2.45632068224906));
#10538=CARTESIAN_POINT('',(0.67,3.60477950471355E-17,-2.7458423317517));
#10539=CARTESIAN_POINT('',(0.61,3.60477950471355E-17,-2.7458423317517));
#10540=CARTESIAN_POINT('Origin',(0.64,5.42101086242752E-17,-2.7458423317517));
#10541=CARTESIAN_POINT('',(0.64,-5.42101086242753E-17,-2.70905298800568));
#10542=CARTESIAN_POINT('Origin',(0.639999999999977,6.79587829181088E-17,
-2.74584233175172));
#10543=CARTESIAN_POINT('',(0.64,0.390517578860112,-2.43185707653178));
#10544=CARTESIAN_POINT('Origin',(0.639999999999977,6.79587829181088E-17,
-2.74584233175172));
#10545=CARTESIAN_POINT('Origin',(0.48,0.407882255514446,-2.45632068224906));
#10546=CARTESIAN_POINT('',(0.51,3.60477950471355E-17,-2.7458423317517));
#10547=CARTESIAN_POINT('',(0.45,3.60477950471355E-17,-2.7458423317517));
#10548=CARTESIAN_POINT('Origin',(0.48,5.42101086242752E-17,-2.7458423317517));
#10549=CARTESIAN_POINT('',(0.48,-5.42101086242752E-17,-2.70905298800568));
#10550=CARTESIAN_POINT('Origin',(0.479999999999977,6.79587829181082E-17,
-2.74584233175172));
#10551=CARTESIAN_POINT('',(0.48,0.390517578860112,-2.43185707653178));
#10552=CARTESIAN_POINT('Origin',(0.479999999999977,6.79587829181082E-17,
-2.74584233175172));
#10553=CARTESIAN_POINT('Origin',(0.32,0.407882255514446,-2.45632068224906));
#10554=CARTESIAN_POINT('',(0.35,3.60477950471355E-17,-2.7458423317517));
#10555=CARTESIAN_POINT('',(0.29,3.60477950471355E-17,-2.7458423317517));
#10556=CARTESIAN_POINT('Origin',(0.32,5.42101086242752E-17,-2.7458423317517));
#10557=CARTESIAN_POINT('',(0.32,-5.42101086242752E-17,-2.70905298800568));
#10558=CARTESIAN_POINT('Origin',(0.319999999999976,6.79587829181084E-17,
-2.74584233175172));
#10559=CARTESIAN_POINT('',(0.32,0.390517578860112,-2.43185707653178));
#10560=CARTESIAN_POINT('Origin',(0.319999999999976,6.79587829181084E-17,
-2.74584233175172));
#10561=CARTESIAN_POINT('Origin',(0.16,0.407882255514446,-2.45632068224906));
#10562=CARTESIAN_POINT('',(0.19,3.60477950471355E-17,-2.7458423317517));
#10563=CARTESIAN_POINT('',(0.13,3.60477950471355E-17,-2.7458423317517));
#10564=CARTESIAN_POINT('Origin',(0.16,5.42101086242752E-17,-2.7458423317517));
#10565=CARTESIAN_POINT('',(0.16,-5.42101086242752E-17,-2.70905298800568));
#10566=CARTESIAN_POINT('Origin',(0.159999999999974,6.79587829181228E-17,
-2.74584233175173));
#10567=CARTESIAN_POINT('',(0.16,0.390517578860112,-2.43185707653178));
#10568=CARTESIAN_POINT('Origin',(0.159999999999974,6.79587829181228E-17,
-2.74584233175173));
#10569=CARTESIAN_POINT('Origin',(0.,0.407882255514446,-2.45632068224906));
#10570=CARTESIAN_POINT('',(0.0299999999999999,3.60477950471355E-17,-2.7458423317517));
#10571=CARTESIAN_POINT('',(-0.0299999999999999,3.60477950471355E-17,-2.7458423317517));
#10572=CARTESIAN_POINT('Origin',(0.,5.42101086242752E-17,-2.7458423317517));
#10573=CARTESIAN_POINT('',(-3.67394039748926E-18,-5.42101086242752E-17,
-2.70905298800568));
#10574=CARTESIAN_POINT('Origin',(-2.68274985559813E-14,6.79587829181269E-17,
-2.74584233175173));
#10575=CARTESIAN_POINT('',(-3.67394039744207E-18,0.390517578860112,-2.43185707653178));
#10576=CARTESIAN_POINT('Origin',(-2.68274985559813E-14,6.79587829181269E-17,
-2.74584233175173));
#10577=CARTESIAN_POINT('Origin',(-0.16,0.407882255514446,2.45632068224906));
#10578=CARTESIAN_POINT('',(-0.13,3.60477950471355E-17,2.7458423317517));
#10579=CARTESIAN_POINT('',(-0.19,3.60477950471355E-17,2.7458423317517));
#10580=CARTESIAN_POINT('Origin',(-0.160000000000028,6.7958782918135E-17,
2.74584233175173));
#10581=CARTESIAN_POINT('',(-0.16,0.0173646766543339,2.77030593746898));
#10582=CARTESIAN_POINT('Origin',(-0.16,5.42101086242752E-17,2.7458423317517));
#10583=CARTESIAN_POINT('',(-0.16,0.42524693216878,2.48078428796633));
#10584=CARTESIAN_POINT('Origin',(-0.16,5.42101086242752E-17,2.7458423317517));
#10585=CARTESIAN_POINT('Origin',(-0.32,0.407882255514446,2.45632068224906));
#10586=CARTESIAN_POINT('',(-0.29,3.60477950471355E-17,2.7458423317517));
#10587=CARTESIAN_POINT('',(-0.35,3.60477950471355E-17,2.7458423317517));
#10588=CARTESIAN_POINT('Origin',(-0.320000000000028,6.79587829181357E-17,
2.74584233175173));
#10589=CARTESIAN_POINT('',(-0.32,0.0173646766543338,2.77030593746898));
#10590=CARTESIAN_POINT('Origin',(-0.32,5.42101086242752E-17,2.7458423317517));
#10591=CARTESIAN_POINT('',(-0.32,0.42524693216878,2.48078428796633));
#10592=CARTESIAN_POINT('Origin',(-0.32,5.42101086242752E-17,2.7458423317517));
#10593=CARTESIAN_POINT('Origin',(-0.48,0.407882255514446,2.45632068224906));
#10594=CARTESIAN_POINT('',(-0.45,3.60477950471355E-17,2.7458423317517));
#10595=CARTESIAN_POINT('',(-0.51,3.60477950471355E-17,2.7458423317517));
#10596=CARTESIAN_POINT('Origin',(-0.480000000000029,6.79587829181373E-17,
2.74584233175173));
#10597=CARTESIAN_POINT('',(-0.48,0.0173646766543339,2.77030593746898));
#10598=CARTESIAN_POINT('Origin',(-0.48,5.42101086242752E-17,2.7458423317517));
#10599=CARTESIAN_POINT('',(-0.48,0.42524693216878,2.48078428796633));
#10600=CARTESIAN_POINT('Origin',(-0.48,5.42101086242752E-17,2.7458423317517));
#10601=CARTESIAN_POINT('Origin',(-0.64,0.407882255514446,2.45632068224906));
#10602=CARTESIAN_POINT('',(-0.61,3.60477950471355E-17,2.7458423317517));
#10603=CARTESIAN_POINT('',(-0.67,3.60477950471355E-17,2.7458423317517));
#10604=CARTESIAN_POINT('Origin',(-0.640000000000028,6.79587829181335E-17,
2.74584233175173));
#10605=CARTESIAN_POINT('',(-0.64,0.0173646766543339,2.77030593746898));
#10606=CARTESIAN_POINT('Origin',(-0.64,5.42101086242752E-17,2.7458423317517));
#10607=CARTESIAN_POINT('',(-0.64,0.42524693216878,2.48078428796633));
#10608=CARTESIAN_POINT('Origin',(-0.64,5.42101086242752E-17,2.7458423317517));
#10609=CARTESIAN_POINT('Origin',(-0.8,0.407882255514446,2.45632068224906));
#10610=CARTESIAN_POINT('',(-0.77,3.60477950471355E-17,2.7458423317517));
#10611=CARTESIAN_POINT('',(-0.83,3.60477950471355E-17,2.7458423317517));
#10612=CARTESIAN_POINT('Origin',(-0.80000000000003,6.7958782918141E-17,
2.74584233175173));
#10613=CARTESIAN_POINT('',(-0.8,0.0173646766543339,2.77030593746898));
#10614=CARTESIAN_POINT('Origin',(-0.8,5.42101086242752E-17,2.7458423317517));
#10615=CARTESIAN_POINT('',(-0.8,0.42524693216878,2.48078428796633));
#10616=CARTESIAN_POINT('Origin',(-0.8,5.42101086242752E-17,2.7458423317517));
#10617=CARTESIAN_POINT('Origin',(-0.96,0.407882255514446,2.45632068224906));
#10618=CARTESIAN_POINT('',(-0.93,3.60477950471355E-17,2.7458423317517));
#10619=CARTESIAN_POINT('',(-0.99,3.60477950471355E-17,2.7458423317517));
#10620=CARTESIAN_POINT('Origin',(-0.960000000000022,6.7958782918106E-17,
2.74584233175172));
#10621=CARTESIAN_POINT('',(-0.96,0.0173646766543323,2.77030593746898));
#10622=CARTESIAN_POINT('Origin',(-0.96,5.42101086242752E-17,2.7458423317517));
#10623=CARTESIAN_POINT('',(-0.96,0.425246932168779,2.48078428796633));
#10624=CARTESIAN_POINT('Origin',(-0.96,5.42101086242752E-17,2.7458423317517));
#10625=CARTESIAN_POINT('Origin',(-1.12,0.407882255514446,2.45632068224906));
#10626=CARTESIAN_POINT('',(-1.09,3.60477950471355E-17,2.7458423317517));
#10627=CARTESIAN_POINT('',(-1.15,3.60477950471355E-17,2.7458423317517));
#10628=CARTESIAN_POINT('Origin',(-1.12000000000002,6.79587829181154E-17,
2.74584233175173));
#10629=CARTESIAN_POINT('',(-1.12,0.0173646766543337,2.77030593746898));
#10630=CARTESIAN_POINT('Origin',(-1.12,5.42101086242752E-17,2.7458423317517));
#10631=CARTESIAN_POINT('',(-1.12,0.425246932168779,2.48078428796633));
#10632=CARTESIAN_POINT('Origin',(-1.12,5.42101086242752E-17,2.7458423317517));
#10633=CARTESIAN_POINT('Origin',(-1.28,0.407882255514446,2.45632068224906));
#10634=CARTESIAN_POINT('',(-1.25,3.60477950471355E-17,2.7458423317517));
#10635=CARTESIAN_POINT('',(-1.31,3.60477950471355E-17,2.7458423317517));
#10636=CARTESIAN_POINT('Origin',(-1.28000000000003,6.79587829181487E-17,
2.74584233175174));
#10637=CARTESIAN_POINT('',(-1.28,0.0173646766543247,2.77030593746898));
#10638=CARTESIAN_POINT('Origin',(-1.28,5.42101086242752E-17,2.7458423317517));
#10639=CARTESIAN_POINT('',(-1.28,0.425246932168779,2.48078428796633));
#10640=CARTESIAN_POINT('Origin',(-1.28,5.42101086242752E-17,2.7458423317517));
#10641=CARTESIAN_POINT('Origin',(-1.44,0.407882255514446,2.45632068224906));
#10642=CARTESIAN_POINT('',(-1.41,3.60477950471355E-17,2.7458423317517));
#10643=CARTESIAN_POINT('',(-1.47,3.60477950471355E-17,2.7458423317517));
#10644=CARTESIAN_POINT('Origin',(-1.44000000000002,6.79587829180838E-17,
2.74584233175172));
#10645=CARTESIAN_POINT('',(-1.44,0.0173646766543337,2.77030593746898));
#10646=CARTESIAN_POINT('Origin',(-1.44,5.42101086242752E-17,2.7458423317517));
#10647=CARTESIAN_POINT('',(-1.44,0.425246932168779,2.48078428796633));
#10648=CARTESIAN_POINT('Origin',(-1.44,5.42101086242752E-17,2.7458423317517));
#10649=CARTESIAN_POINT('Origin',(-1.6,0.407882255514446,2.45632068224906));
#10650=CARTESIAN_POINT('',(-1.57,3.60477950471355E-17,2.7458423317517));
#10651=CARTESIAN_POINT('',(-1.63,3.60477950471355E-17,2.7458423317517));
#10652=CARTESIAN_POINT('Origin',(-1.60000000000003,6.79587829181602E-17,
2.74584233175174));
#10653=CARTESIAN_POINT('',(-1.6,0.017364676654326,2.77030593746898));
#10654=CARTESIAN_POINT('Origin',(-1.6,5.42101086242752E-17,2.7458423317517));
#10655=CARTESIAN_POINT('',(-1.6,0.425246932168779,2.48078428796633));
#10656=CARTESIAN_POINT('Origin',(-1.6,5.42101086242752E-17,2.7458423317517));
#10657=CARTESIAN_POINT('Origin',(-1.76,0.407882255514446,2.45632068224906));
#10658=CARTESIAN_POINT('',(-1.73,3.60477950471355E-17,2.7458423317517));
#10659=CARTESIAN_POINT('',(-1.79,3.60477950471355E-17,2.7458423317517));
#10660=CARTESIAN_POINT('Origin',(-1.76000000000003,6.79587829181477E-17,
2.74584233175174));
#10661=CARTESIAN_POINT('',(-1.76,0.017364676654323,2.77030593746899));
#10662=CARTESIAN_POINT('Origin',(-1.76,5.42101086242752E-17,2.7458423317517));
#10663=CARTESIAN_POINT('',(-1.76,0.425246932168779,2.48078428796633));
#10664=CARTESIAN_POINT('Origin',(-1.76,5.42101086242752E-17,2.7458423317517));
#10665=CARTESIAN_POINT('Origin',(-1.92,0.407882255514446,2.45632068224906));
#10666=CARTESIAN_POINT('',(-1.89,3.60477950471355E-17,2.7458423317517));
#10667=CARTESIAN_POINT('',(-1.95,3.60477950471355E-17,2.7458423317517));
#10668=CARTESIAN_POINT('Origin',(-1.92000000000004,6.79587829182144E-17,
2.74584233175175));
#10669=CARTESIAN_POINT('',(-1.92,0.0173646766543226,2.77030593746899));
#10670=CARTESIAN_POINT('Origin',(-1.92,5.42101086242752E-17,2.7458423317517));
#10671=CARTESIAN_POINT('',(-1.92,0.425246932168779,2.48078428796633));
#10672=CARTESIAN_POINT('Origin',(-1.92,5.42101086242752E-17,2.7458423317517));
#10673=CARTESIAN_POINT('Origin',(-2.08,0.407882255514446,2.45632068224906));
#10674=CARTESIAN_POINT('',(-2.05,3.60477950471355E-17,2.7458423317517));
#10675=CARTESIAN_POINT('',(-2.11,3.60477950471355E-17,2.7458423317517));
#10676=CARTESIAN_POINT('Origin',(-2.08000000000002,6.79587829181004E-17,
2.74584233175172));
#10677=CARTESIAN_POINT('',(-2.08,0.0173646766543337,2.77030593746898));
#10678=CARTESIAN_POINT('Origin',(-2.08,5.42101086242752E-17,2.7458423317517));
#10679=CARTESIAN_POINT('',(-2.08,0.425246932168779,2.48078428796633));
#10680=CARTESIAN_POINT('Origin',(-2.08,5.42101086242752E-17,2.7458423317517));
#10681=CARTESIAN_POINT('Origin',(-2.24,0.407882255514446,2.45632068224906));
#10682=CARTESIAN_POINT('',(-2.21,3.60477950471355E-17,2.7458423317517));
#10683=CARTESIAN_POINT('',(-2.27,3.60477950471355E-17,2.7458423317517));
#10684=CARTESIAN_POINT('Origin',(-2.24000000000005,6.79587829182812E-17,
2.74584233175177));
#10685=CARTESIAN_POINT('',(-2.24,0.017364676654299,2.770305937469));
#10686=CARTESIAN_POINT('Origin',(-2.24,5.42101086242752E-17,2.7458423317517));
#10687=CARTESIAN_POINT('',(-2.24,0.425246932168779,2.48078428796633));
#10688=CARTESIAN_POINT('Origin',(-2.24,5.42101086242752E-17,2.7458423317517));
#10689=CARTESIAN_POINT('Origin',(-2.4,0.407882255514446,2.45632068224906));
#10690=CARTESIAN_POINT('',(-2.37,3.60477950471355E-17,2.7458423317517));
#10691=CARTESIAN_POINT('',(-2.43,3.60477950471355E-17,2.7458423317517));
#10692=CARTESIAN_POINT('Origin',(-2.40000000000003,6.79587829181484E-17,
2.74584233175174));
#10693=CARTESIAN_POINT('',(-2.4,0.0173646766543251,2.77030593746898));
#10694=CARTESIAN_POINT('Origin',(-2.4,5.42101086242752E-17,2.7458423317517));
#10695=CARTESIAN_POINT('',(-2.4,0.425246932168779,2.48078428796633));
#10696=CARTESIAN_POINT('Origin',(-2.4,5.42101086242752E-17,2.7458423317517));
#10697=CARTESIAN_POINT('Origin',(2.4,0.407882255514446,2.45632068224906));
#10698=CARTESIAN_POINT('',(2.43,3.60477950471355E-17,2.7458423317517));
#10699=CARTESIAN_POINT('',(2.37,3.60477950471355E-17,2.7458423317517));
#10700=CARTESIAN_POINT('Origin',(2.39999999999999,6.79587829180354E-17,
2.74584233175171));
#10701=CARTESIAN_POINT('',(2.4,0.0173646766543337,2.77030593746898));
#10702=CARTESIAN_POINT('Origin',(2.4,5.42101086242752E-17,2.7458423317517));
#10703=CARTESIAN_POINT('',(2.4,0.425246932168779,2.48078428796633));
#10704=CARTESIAN_POINT('Origin',(2.4,5.42101086242752E-17,2.7458423317517));
#10705=CARTESIAN_POINT('Origin',(2.24,0.407882255514446,2.45632068224906));
#10706=CARTESIAN_POINT('',(2.27,3.60477950471355E-17,2.7458423317517));
#10707=CARTESIAN_POINT('',(2.21,3.60477950471355E-17,2.7458423317517));
#10708=CARTESIAN_POINT('Origin',(2.23999999999998,6.79587829180821E-17,
2.74584233175172));
#10709=CARTESIAN_POINT('',(2.24,0.0173646766543337,2.77030593746898));
#10710=CARTESIAN_POINT('Origin',(2.24,5.42101086242752E-17,2.7458423317517));
#10711=CARTESIAN_POINT('',(2.24,0.425246932168779,2.48078428796633));
#10712=CARTESIAN_POINT('Origin',(2.24,5.42101086242752E-17,2.7458423317517));
#10713=CARTESIAN_POINT('Origin',(2.08,0.407882255514446,2.45632068224906));
#10714=CARTESIAN_POINT('',(2.11,3.60477950471355E-17,2.7458423317517));
#10715=CARTESIAN_POINT('',(2.05,3.60477950471355E-17,2.7458423317517));
#10716=CARTESIAN_POINT('Origin',(2.07999999999999,6.79587829180639E-17,
2.74584233175172));
#10717=CARTESIAN_POINT('',(2.08,0.0173646766543337,2.77030593746898));
#10718=CARTESIAN_POINT('Origin',(2.08,5.42101086242752E-17,2.7458423317517));
#10719=CARTESIAN_POINT('',(2.08,0.425246932168779,2.48078428796633));
#10720=CARTESIAN_POINT('Origin',(2.08,5.42101086242752E-17,2.7458423317517));
#10721=CARTESIAN_POINT('Origin',(1.92,0.407882255514446,2.45632068224906));
#10722=CARTESIAN_POINT('',(1.95,3.60477950471355E-17,2.7458423317517));
#10723=CARTESIAN_POINT('',(1.89,3.60477950471355E-17,2.7458423317517));
#10724=CARTESIAN_POINT('Origin',(1.91999999999999,6.79587829180644E-17,
2.74584233175172));
#10725=CARTESIAN_POINT('',(1.92,0.0173646766543337,2.77030593746898));
#10726=CARTESIAN_POINT('Origin',(1.92,5.42101086242752E-17,2.7458423317517));
#10727=CARTESIAN_POINT('',(1.92,0.425246932168779,2.48078428796633));
#10728=CARTESIAN_POINT('Origin',(1.92,5.42101086242752E-17,2.7458423317517));
#10729=CARTESIAN_POINT('Origin',(1.76,0.407882255514446,2.45632068224906));
#10730=CARTESIAN_POINT('',(1.79,3.60477950471355E-17,2.7458423317517));
#10731=CARTESIAN_POINT('',(1.73,3.60477950471355E-17,2.7458423317517));
#10732=CARTESIAN_POINT('Origin',(1.75999999999999,6.79587829180182E-17,
2.7458423317517));
#10733=CARTESIAN_POINT('',(1.76,0.0173646766543337,2.77030593746898));
#10734=CARTESIAN_POINT('Origin',(1.76,5.42101086242752E-17,2.7458423317517));
#10735=CARTESIAN_POINT('',(1.76,0.425246932168779,2.48078428796633));
#10736=CARTESIAN_POINT('Origin',(1.76,5.42101086242752E-17,2.7458423317517));
#10737=CARTESIAN_POINT('Origin',(1.6,0.407882255514446,2.45632068224906));
#10738=CARTESIAN_POINT('',(1.63,3.60477950471355E-17,2.7458423317517));
#10739=CARTESIAN_POINT('',(1.57,3.60477950471355E-17,2.7458423317517));
#10740=CARTESIAN_POINT('Origin',(1.59999999999998,6.79587829181004E-17,
2.74584233175172));
#10741=CARTESIAN_POINT('',(1.6,0.0173646766543337,2.77030593746898));
#10742=CARTESIAN_POINT('Origin',(1.6,5.42101086242752E-17,2.7458423317517));
#10743=CARTESIAN_POINT('',(1.6,0.425246932168779,2.48078428796633));
#10744=CARTESIAN_POINT('Origin',(1.6,5.42101086242752E-17,2.7458423317517));
#10745=CARTESIAN_POINT('Origin',(1.44,0.407882255514446,2.45632068224906));
#10746=CARTESIAN_POINT('',(1.47,3.60477950471355E-17,2.7458423317517));
#10747=CARTESIAN_POINT('',(1.41,3.60477950471355E-17,2.7458423317517));
#10748=CARTESIAN_POINT('Origin',(1.43999999999997,6.79587829181494E-17,
2.74584233175174));
#10749=CARTESIAN_POINT('',(1.44,0.0173646766543337,2.77030593746898));
#10750=CARTESIAN_POINT('Origin',(1.44,5.42101086242752E-17,2.7458423317517));
#10751=CARTESIAN_POINT('',(1.44,0.425246932168779,2.48078428796633));
#10752=CARTESIAN_POINT('Origin',(1.44,5.42101086242752E-17,2.7458423317517));
#10753=CARTESIAN_POINT('Origin',(1.28,0.407882255514446,2.45632068224906));
#10754=CARTESIAN_POINT('',(1.31,3.60477950471355E-17,2.7458423317517));
#10755=CARTESIAN_POINT('',(1.25,3.60477950471355E-17,2.7458423317517));
#10756=CARTESIAN_POINT('Origin',(1.27999999999998,6.79587829180838E-17,
2.74584233175172));
#10757=CARTESIAN_POINT('',(1.28,0.0173646766543337,2.77030593746898));
#10758=CARTESIAN_POINT('Origin',(1.28,5.42101086242752E-17,2.7458423317517));
#10759=CARTESIAN_POINT('',(1.28,0.425246932168779,2.48078428796633));
#10760=CARTESIAN_POINT('Origin',(1.28,5.42101086242752E-17,2.7458423317517));
#10761=CARTESIAN_POINT('Origin',(1.12,0.407882255514446,2.45632068224906));
#10762=CARTESIAN_POINT('',(1.15,3.60477950471355E-17,2.7458423317517));
#10763=CARTESIAN_POINT('',(1.09,3.60477950471355E-17,2.7458423317517));
#10764=CARTESIAN_POINT('Origin',(1.11999999999998,6.7958782918106E-17,2.74584233175172));
#10765=CARTESIAN_POINT('',(1.12,0.0173646766543337,2.77030593746898));
#10766=CARTESIAN_POINT('Origin',(1.12,5.42101086242752E-17,2.7458423317517));
#10767=CARTESIAN_POINT('',(1.12,0.425246932168779,2.48078428796633));
#10768=CARTESIAN_POINT('Origin',(1.12,5.42101086242752E-17,2.7458423317517));
#10769=CARTESIAN_POINT('Origin',(0.96,0.407882255514446,2.45632068224906));
#10770=CARTESIAN_POINT('',(0.99,3.60477950471355E-17,2.7458423317517));
#10771=CARTESIAN_POINT('',(0.93,3.60477950471355E-17,2.7458423317517));
#10772=CARTESIAN_POINT('Origin',(0.959999999999983,6.79587829180817E-17,
2.74584233175172));
#10773=CARTESIAN_POINT('',(0.96,0.0173646766543337,2.77030593746898));
#10774=CARTESIAN_POINT('Origin',(0.96,5.42101086242752E-17,2.7458423317517));
#10775=CARTESIAN_POINT('',(0.96,0.425246932168779,2.48078428796633));
#10776=CARTESIAN_POINT('Origin',(0.96,5.42101086242752E-17,2.7458423317517));
#10777=CARTESIAN_POINT('Origin',(0.8,0.407882255514446,2.45632068224906));
#10778=CARTESIAN_POINT('',(0.83,3.60477950471355E-17,2.7458423317517));
#10779=CARTESIAN_POINT('',(0.77,3.60477950471355E-17,2.7458423317517));
#10780=CARTESIAN_POINT('Origin',(0.799999999999976,6.79587829181092E-17,
2.74584233175172));
#10781=CARTESIAN_POINT('',(0.8,0.0173646766543339,2.77030593746898));
#10782=CARTESIAN_POINT('Origin',(0.8,5.42101086242752E-17,2.7458423317517));
#10783=CARTESIAN_POINT('',(0.8,0.42524693216878,2.48078428796633));
#10784=CARTESIAN_POINT('Origin',(0.8,5.42101086242752E-17,2.7458423317517));
#10785=CARTESIAN_POINT('Origin',(0.64,0.407882255514446,2.45632068224906));
#10786=CARTESIAN_POINT('',(0.67,3.60477950471355E-17,2.7458423317517));
#10787=CARTESIAN_POINT('',(0.61,3.60477950471355E-17,2.7458423317517));
#10788=CARTESIAN_POINT('Origin',(0.639999999999977,6.79587829181088E-17,
2.74584233175172));
#10789=CARTESIAN_POINT('',(0.64,0.0173646766543339,2.77030593746898));
#10790=CARTESIAN_POINT('Origin',(0.64,5.42101086242752E-17,2.7458423317517));
#10791=CARTESIAN_POINT('',(0.64,0.42524693216878,2.48078428796633));
#10792=CARTESIAN_POINT('Origin',(0.64,5.42101086242752E-17,2.7458423317517));
#10793=CARTESIAN_POINT('Origin',(0.48,0.407882255514446,2.45632068224906));
#10794=CARTESIAN_POINT('',(0.51,3.60477950471355E-17,2.7458423317517));
#10795=CARTESIAN_POINT('',(0.45,3.60477950471355E-17,2.7458423317517));
#10796=CARTESIAN_POINT('Origin',(0.479999999999977,6.79587829181082E-17,
2.74584233175172));
#10797=CARTESIAN_POINT('',(0.48,0.0173646766543339,2.77030593746898));
#10798=CARTESIAN_POINT('Origin',(0.48,5.42101086242752E-17,2.7458423317517));
#10799=CARTESIAN_POINT('',(0.48,0.42524693216878,2.48078428796633));
#10800=CARTESIAN_POINT('Origin',(0.48,5.42101086242752E-17,2.7458423317517));
#10801=CARTESIAN_POINT('Origin',(0.32,0.407882255514446,2.45632068224906));
#10802=CARTESIAN_POINT('',(0.35,3.60477950471355E-17,2.7458423317517));
#10803=CARTESIAN_POINT('',(0.29,3.60477950471355E-17,2.7458423317517));
#10804=CARTESIAN_POINT('Origin',(0.319999999999976,6.79587829181084E-17,
2.74584233175172));
#10805=CARTESIAN_POINT('',(0.32,0.0173646766543338,2.77030593746898));
#10806=CARTESIAN_POINT('Origin',(0.32,5.42101086242752E-17,2.7458423317517));
#10807=CARTESIAN_POINT('',(0.32,0.42524693216878,2.48078428796633));
#10808=CARTESIAN_POINT('Origin',(0.32,5.42101086242752E-17,2.7458423317517));
#10809=CARTESIAN_POINT('Origin',(0.16,0.407882255514446,2.45632068224906));
#10810=CARTESIAN_POINT('',(0.19,3.60477950471355E-17,2.7458423317517));
#10811=CARTESIAN_POINT('',(0.13,0.,2.7458423317517));
#10812=CARTESIAN_POINT('Origin',(0.159999999999974,6.79587829181228E-17,
2.74584233175173));
#10813=CARTESIAN_POINT('',(0.16,0.0173646766543339,2.77030593746898));
#10814=CARTESIAN_POINT('Origin',(0.16,5.42101086242752E-17,2.7458423317517));
#10815=CARTESIAN_POINT('',(0.16,0.42524693216878,2.48078428796633));
#10816=CARTESIAN_POINT('Origin',(0.16,5.42101086242752E-17,2.7458423317517));
#10817=CARTESIAN_POINT('Origin',(0.,0.407882255514446,2.45632068224906));
#10818=CARTESIAN_POINT('',(0.0299999999999999,3.60477950471355E-17,2.7458423317517));
#10819=CARTESIAN_POINT('',(-0.0299999999999999,0.,2.7458423317517));
#10820=CARTESIAN_POINT('Origin',(-2.69879604775092E-14,6.79587829181277E-17,
2.74584233175173));
#10821=CARTESIAN_POINT('',(-3.67394039744207E-18,0.0173646766543338,2.77030593746898));
#10822=CARTESIAN_POINT('Origin',(0.,5.42101086242752E-17,2.7458423317517));
#10823=CARTESIAN_POINT('',(-3.67394039744207E-18,0.42524693216878,2.48078428796633));
#10824=CARTESIAN_POINT('Origin',(0.,5.42101086242752E-17,2.7458423317517));
#10825=CARTESIAN_POINT('Origin',(0.,0.,0.));
#10826=CARTESIAN_POINT('',(-4.32,0.,-3.825));
#10827=CARTESIAN_POINT('',(-4.32,0.,4.175));
#10828=CARTESIAN_POINT('',(-4.32,0.,-3.825));
#10829=CARTESIAN_POINT('',(3.68,0.,4.175));
#10830=CARTESIAN_POINT('',(-4.32,0.,4.175));
#10831=CARTESIAN_POINT('',(3.68,0.,-3.825));
#10832=CARTESIAN_POINT('',(3.68,0.,-3.825));
#10833=CARTESIAN_POINT('',(-4.32,0.,-3.825));
#10834=CARTESIAN_POINT('',(-2.76,0.,-2.35));
#10835=CARTESIAN_POINT('',(-2.76,0.,2.35));
#10836=CARTESIAN_POINT('',(-2.76,0.,-2.35));
#10837=CARTESIAN_POINT('',(2.76,0.,-2.35));
#10838=CARTESIAN_POINT('',(-2.76,0.,-2.35));
#10839=CARTESIAN_POINT('',(2.76,0.,2.35));
#10840=CARTESIAN_POINT('',(2.76,0.,-2.35));
#10841=CARTESIAN_POINT('',(-2.76,0.,2.35));
#10842=CARTESIAN_POINT('',(0.,0.,-2.7458423317517));
#10843=CARTESIAN_POINT('',(0.,0.,-2.7458423317517));
#10844=CARTESIAN_POINT('',(0.,0.,-2.7458423317517));
#10845=CARTESIAN_POINT('',(0.,0.,-2.7458423317517));
#10846=CARTESIAN_POINT('',(0.,0.,-2.7458423317517));
#10847=CARTESIAN_POINT('',(0.,0.,-2.7458423317517));
#10848=CARTESIAN_POINT('',(0.,0.,-2.7458423317517));
#10849=CARTESIAN_POINT('',(0.,0.,-2.7458423317517));
#10850=CARTESIAN_POINT('',(0.,0.,-2.7458423317517));
#10851=CARTESIAN_POINT('',(0.,0.,-2.7458423317517));
#10852=CARTESIAN_POINT('',(0.,0.,-2.7458423317517));
#10853=CARTESIAN_POINT('',(0.,0.,-2.7458423317517));
#10854=CARTESIAN_POINT('',(0.,0.,-2.7458423317517));
#10855=CARTESIAN_POINT('',(0.,0.,-2.7458423317517));
#10856=CARTESIAN_POINT('',(0.,0.,-2.7458423317517));
#10857=CARTESIAN_POINT('',(-2.29941804834869,0.,3.625));
#10858=CARTESIAN_POINT('',(-1.69941804834869,0.,3.625));
#10859=CARTESIAN_POINT('',(-2.29941804834869,0.,3.625));
#10860=CARTESIAN_POINT('',(-2.29941804834869,0.,3.325));
#10861=CARTESIAN_POINT('',(-2.29941804834869,0.,3.325));
#10862=CARTESIAN_POINT('',(-1.69941804834869,0.,3.325));
#10863=CARTESIAN_POINT('',(-2.29941804834869,0.,3.325));
#10864=CARTESIAN_POINT('',(-1.69941804834869,0.,3.325));
#10865=CARTESIAN_POINT('',(0.72910227681053,0.,3.625));
#10866=CARTESIAN_POINT('',(1.32910227681053,0.,3.625));
#10867=CARTESIAN_POINT('',(0.72910227681053,0.,3.625));
#10868=CARTESIAN_POINT('',(0.72910227681053,0.,3.325));
#10869=CARTESIAN_POINT('',(0.72910227681053,0.,3.625));
#10870=CARTESIAN_POINT('',(1.32910227681053,0.,3.325));
#10871=CARTESIAN_POINT('',(0.72910227681053,0.,3.325));
#10872=CARTESIAN_POINT('',(1.32910227681053,0.,3.625));
#10873=CARTESIAN_POINT('',(3.03,0.,-1.22363244987999));
#10874=CARTESIAN_POINT('',(3.33,0.,-1.22363244987999));
#10875=CARTESIAN_POINT('',(3.03,0.,-1.22363244987999));
#10876=CARTESIAN_POINT('',(3.03,0.,-1.82363244987999));
#10877=CARTESIAN_POINT('',(3.03,0.,-1.22363244987999));
#10878=CARTESIAN_POINT('',(3.33,0.,-1.82363244987999));
#10879=CARTESIAN_POINT('',(3.03,0.,-1.82363244987999));
#10880=CARTESIAN_POINT('',(3.33,0.,-1.22363244987999));
#10881=CARTESIAN_POINT('',(1.01195525202958,0.,-3.175));
#10882=CARTESIAN_POINT('',(1.61195525202958,0.,-3.175));
#10883=CARTESIAN_POINT('',(1.01195525202958,0.,-3.175));
#10884=CARTESIAN_POINT('',(1.01195525202958,0.,-3.475));
#10885=CARTESIAN_POINT('',(1.01195525202958,0.,-3.475));
#10886=CARTESIAN_POINT('',(1.61195525202958,0.,-3.475));
#10887=CARTESIAN_POINT('',(1.01195525202958,0.,-3.475));
#10888=CARTESIAN_POINT('',(1.61195525202958,0.,-3.475));
#10889=CARTESIAN_POINT('',(-1.45145144029235,0.,-3.475));
#10890=CARTESIAN_POINT('',(-2.05145144029235,0.,-3.475));
#10891=CARTESIAN_POINT('',(-1.45145144029235,0.,-3.475));
#10892=CARTESIAN_POINT('',(-1.45145144029235,0.,-3.175));
#10893=CARTESIAN_POINT('',(-1.45145144029235,0.,-3.175));
#10894=CARTESIAN_POINT('',(-2.05145144029235,0.,-3.175));
#10895=CARTESIAN_POINT('',(-1.45145144029235,0.,-3.175));
#10896=CARTESIAN_POINT('',(-2.05145144029235,0.,-3.175));
#10897=CARTESIAN_POINT('',(3.03,0.,0.918095759805741));
#10898=CARTESIAN_POINT('',(3.33,0.,0.918095759805741));
#10899=CARTESIAN_POINT('',(3.03,0.,0.918095759805741));
#10900=CARTESIAN_POINT('',(3.03,0.,0.318095759805741));
#10901=CARTESIAN_POINT('',(3.03,0.,0.318095759805741));
#10902=CARTESIAN_POINT('',(3.33,0.,0.318095759805741));
#10903=CARTESIAN_POINT('',(3.03,0.,0.318095759805741));
#10904=CARTESIAN_POINT('',(3.33,0.,0.318095759805741));
#10905=CARTESIAN_POINT('',(-1.00356079383345,0.,3.625));
#10906=CARTESIAN_POINT('',(-0.403560793833449,0.,3.625));
#10907=CARTESIAN_POINT('',(-1.00356079383345,0.,3.625));
#10908=CARTESIAN_POINT('',(-1.00356079383345,0.,3.325));
#10909=CARTESIAN_POINT('',(-1.00356079383345,0.,3.325));
#10910=CARTESIAN_POINT('',(-0.403560793833449,0.,3.325));
#10911=CARTESIAN_POINT('',(-1.00356079383345,0.,3.325));
#10912=CARTESIAN_POINT('',(-0.403560793833449,0.,3.325));
#10913=CARTESIAN_POINT('',(0.,0.,-2.7458423317517));
#10914=CARTESIAN_POINT('',(0.,0.,-2.7458423317517));
#10915=CARTESIAN_POINT('',(0.,0.,-2.7458423317517));
#10916=CARTESIAN_POINT('',(0.,0.,-2.7458423317517));
#10917=CARTESIAN_POINT('',(0.,0.,-2.7458423317517));
#10918=CARTESIAN_POINT('',(0.,0.,-2.7458423317517));
#10919=CARTESIAN_POINT('',(0.,0.,-2.7458423317517));
#10920=CARTESIAN_POINT('',(0.,0.,-2.7458423317517));
#10921=CARTESIAN_POINT('',(0.,0.,-2.7458423317517));
#10922=CARTESIAN_POINT('',(0.,0.,-2.7458423317517));
#10923=CARTESIAN_POINT('',(0.,0.,-2.7458423317517));
#10924=CARTESIAN_POINT('',(0.,0.,-2.7458423317517));
#10925=CARTESIAN_POINT('',(0.,0.,-2.7458423317517));
#10926=CARTESIAN_POINT('',(0.,0.,-2.7458423317517));
#10927=CARTESIAN_POINT('',(0.,0.,-2.7458423317517));
#10928=CARTESIAN_POINT('',(0.,0.,-2.7458423317517));
#10929=CARTESIAN_POINT('',(0.,0.,2.7458423317517));
#10930=CARTESIAN_POINT('',(0.,0.,2.7458423317517));
#10931=CARTESIAN_POINT('',(0.,0.,2.7458423317517));
#10932=CARTESIAN_POINT('',(0.,0.,2.7458423317517));
#10933=CARTESIAN_POINT('',(0.,0.,2.7458423317517));
#10934=CARTESIAN_POINT('',(0.,0.,2.7458423317517));
#10935=CARTESIAN_POINT('',(0.,0.,2.7458423317517));
#10936=CARTESIAN_POINT('',(0.,0.,2.7458423317517));
#10937=CARTESIAN_POINT('',(0.,0.,2.7458423317517));
#10938=CARTESIAN_POINT('',(0.,0.,2.7458423317517));
#10939=CARTESIAN_POINT('',(0.,0.,2.7458423317517));
#10940=CARTESIAN_POINT('',(0.,0.,2.7458423317517));
#10941=CARTESIAN_POINT('',(0.,0.,2.7458423317517));
#10942=CARTESIAN_POINT('',(0.,0.,2.7458423317517));
#10943=CARTESIAN_POINT('',(0.,0.,2.7458423317517));
#10944=CARTESIAN_POINT('',(0.,0.,2.7458423317517));
#10945=CARTESIAN_POINT('',(0.,0.,2.7458423317517));
#10946=CARTESIAN_POINT('',(0.,0.,2.7458423317517));
#10947=CARTESIAN_POINT('',(0.,0.,2.7458423317517));
#10948=CARTESIAN_POINT('',(0.,0.,2.7458423317517));
#10949=CARTESIAN_POINT('',(0.,0.,2.7458423317517));
#10950=CARTESIAN_POINT('',(0.,0.,2.7458423317517));
#10951=CARTESIAN_POINT('',(0.,0.,2.7458423317517));
#10952=CARTESIAN_POINT('',(0.,0.,2.7458423317517));
#10953=CARTESIAN_POINT('',(0.,0.,2.7458423317517));
#10954=CARTESIAN_POINT('',(0.,0.,2.7458423317517));
#10955=CARTESIAN_POINT('',(0.,0.,2.7458423317517));
#10956=CARTESIAN_POINT('',(0.,0.,2.7458423317517));
#10957=CARTESIAN_POINT('',(0.,0.,2.7458423317517));
#10958=CARTESIAN_POINT('',(0.,0.,2.7458423317517));
#10959=CARTESIAN_POINT('',(0.,0.,2.7458423317517));
#10960=CARTESIAN_POINT('Origin',(-2.76,0.35,2.35));
#10961=CARTESIAN_POINT('',(-2.76,0.35,-2.35));
#10962=CARTESIAN_POINT('',(-2.76,0.35,2.35));
#10963=CARTESIAN_POINT('',(-2.76,0.35,-2.35));
#10964=CARTESIAN_POINT('',(2.76,0.35,2.35));
#10965=CARTESIAN_POINT('',(-2.76,0.35,2.35));
#10966=CARTESIAN_POINT('',(2.76,0.35,-2.35));
#10967=CARTESIAN_POINT('',(2.76,0.35,-2.35));
#10968=CARTESIAN_POINT('',(-2.76,0.35,-2.35));
#10969=CARTESIAN_POINT('',(-2.155,0.35,-1.195));
#10970=CARTESIAN_POINT('',(-2.155,0.35,1.545));
#10971=CARTESIAN_POINT('',(-2.155,0.35,-1.195));
#10972=CARTESIAN_POINT('',(1.515,0.35,-1.195));
#10973=CARTESIAN_POINT('',(-2.155,0.35,-1.195));
#10974=CARTESIAN_POINT('',(1.515,0.35,1.545));
#10975=CARTESIAN_POINT('',(1.515,0.35,-1.195));
#10976=CARTESIAN_POINT('',(-2.155,0.35,1.545));
#10977=CARTESIAN_POINT('',(-2.33210199343116,0.35,-1.6914441641105));
#10978=CARTESIAN_POINT('',(-2.35710199343116,0.35,-1.7164441641105));
#10979=CARTESIAN_POINT('Ctrl Pts',(-2.33210199343116,0.35,-1.6914441641105));
#10980=CARTESIAN_POINT('Ctrl Pts',(-2.33403854456686,0.35,-1.69154681003407));
#10981=CARTESIAN_POINT('Ctrl Pts',(-2.33772304727127,0.35,-1.69174210525556));
#10982=CARTESIAN_POINT('Ctrl Pts',(-2.34293750174503,0.35,-1.69273391857086));
#10983=CARTESIAN_POINT('Ctrl Pts',(-2.34726951134106,0.35,-1.69487350508809));
#10984=CARTESIAN_POINT('Ctrl Pts',(-2.35103769615523,0.35,-1.69750846138642));
#10985=CARTESIAN_POINT('Ctrl Pts',(-2.35367265245357,0.35,-1.7012766462006));
#10986=CARTESIAN_POINT('Ctrl Pts',(-2.35581223897079,0.35,-1.70560865579663));
#10987=CARTESIAN_POINT('Ctrl Pts',(-2.3568040522861,0.35,-1.71082311027039));
#10988=CARTESIAN_POINT('Ctrl Pts',(-2.35699934750759,0.35,-1.7145076129748));
#10989=CARTESIAN_POINT('Ctrl Pts',(-2.35710199343116,0.35,-1.7164441641105));
#10990=CARTESIAN_POINT('',(-2.35710199343116,0.35,-2.10617630696764));
#10991=CARTESIAN_POINT('',(-2.35710199343116,0.35,-1.7164441641105));
#10992=CARTESIAN_POINT('',(-2.41435645771687,0.35,-2.04892184268193));
#10993=CARTESIAN_POINT('',(-2.35710199343116,0.35,-2.10617630696764));
#10994=CARTESIAN_POINT('',(-2.43176717200259,0.35,-2.04177898553907));
#10995=CARTESIAN_POINT('Ctrl Pts',(-2.41435645771687,0.35,-2.04892184268193));
#10996=CARTESIAN_POINT('Ctrl Pts',(-2.41558148002754,0.35,-2.04782591915326));
#10997=CARTESIAN_POINT('Ctrl Pts',(-2.41797629003625,0.35,-2.04568348581767));
#10998=CARTESIAN_POINT('Ctrl Pts',(-2.42224296581618,0.35,-2.04340879098885));
#10999=CARTESIAN_POINT('Ctrl Pts',(-2.42688173573669,0.35,-2.0420231993568));
#11000=CARTESIAN_POINT('Ctrl Pts',(-2.4301205375611,0.35,-2.04186129771376));
#11001=CARTESIAN_POINT('Ctrl Pts',(-2.43176717200259,0.35,-2.04177898553907));
#11002=CARTESIAN_POINT('',(-2.45654395771687,0.35,-2.06655577125336));
#11003=CARTESIAN_POINT('Ctrl Pts',(-2.43176717200259,0.35,-2.04177898553907));
#11004=CARTESIAN_POINT('Ctrl Pts',(-2.43371196424694,0.35,-2.04181031583469));
#11005=CARTESIAN_POINT('Ctrl Pts',(-2.43738642618431,0.35,-2.04186951083564));
#11006=CARTESIAN_POINT('Ctrl Pts',(-2.44245874775796,0.35,-2.04317712658085));
#11007=CARTESIAN_POINT('Ctrl Pts',(-2.44689966477153,0.35,-2.04500138598652));
#11008=CARTESIAN_POINT('Ctrl Pts',(-2.45038359994162,0.35,-2.04793934331432));
#11009=CARTESIAN_POINT('Ctrl Pts',(-2.45332155726943,0.35,-2.05142327848441));
#11010=CARTESIAN_POINT('Ctrl Pts',(-2.45514581667509,0.35,-2.05586419549798));
#11011=CARTESIAN_POINT('Ctrl Pts',(-2.4564534324203,0.35,-2.06093651707163));
#11012=CARTESIAN_POINT('Ctrl Pts',(-2.45651262742125,0.35,-2.064610979009));
#11013=CARTESIAN_POINT('Ctrl Pts',(-2.45654395771687,0.35,-2.06655577125336));
#11014=CARTESIAN_POINT('',(-2.44940110057401,0.35,-2.08396648553907));
#11015=CARTESIAN_POINT('Ctrl Pts',(-2.45654395771687,0.35,-2.06655577125336));
#11016=CARTESIAN_POINT('Ctrl Pts',(-2.45646164554218,0.35,-2.06820240569485));
#11017=CARTESIAN_POINT('Ctrl Pts',(-2.45629974389915,0.35,-2.07144120751925));
#11018=CARTESIAN_POINT('Ctrl Pts',(-2.4549141522671,0.35,-2.07607997743976));
#11019=CARTESIAN_POINT('Ctrl Pts',(-2.45263945743828,0.35,-2.0803466532197));
#11020=CARTESIAN_POINT('Ctrl Pts',(-2.45049702410268,0.35,-2.0827414632284));
#11021=CARTESIAN_POINT('Ctrl Pts',(-2.44940110057401,0.35,-2.08396648553907));
#11022=CARTESIAN_POINT('',(-2.35219127914544,0.35,-2.18162273553907));
#11023=CARTESIAN_POINT('',(-2.44940110057401,0.35,-2.08396648553907));
#11024=CARTESIAN_POINT('',(-2.33210199343116,0.35,-2.1914441641105));
#11025=CARTESIAN_POINT('Ctrl Pts',(-2.35219127914544,0.35,-2.18162273553907));
#11026=CARTESIAN_POINT('Ctrl Pts',(-2.35061104251615,0.35,-2.18314871982094));
#11027=CARTESIAN_POINT('Ctrl Pts',(-2.34762036658017,0.35,-2.18603672050757));
#11028=CARTESIAN_POINT('Ctrl Pts',(-2.34246467832399,0.35,-2.18901751635806));
#11029=CARTESIAN_POINT('Ctrl Pts',(-2.33736594342402,0.35,-2.19117126721943));
#11030=CARTESIAN_POINT('Ctrl Pts',(-2.33383377414979,0.35,-2.19135438408319));
#11031=CARTESIAN_POINT('Ctrl Pts',(-2.33210199343116,0.35,-2.1914441641105));
#11032=CARTESIAN_POINT('',(-2.30710199343116,0.35,-2.1664441641105));
#11033=CARTESIAN_POINT('Ctrl Pts',(-2.33210199343116,0.35,-2.1914441641105));
#11034=CARTESIAN_POINT('Ctrl Pts',(-2.33011879531318,0.35,-2.19141762619157));
#11035=CARTESIAN_POINT('Ctrl Pts',(-2.32640494233616,0.35,-2.1913679297299));
#11036=CARTESIAN_POINT('Ctrl Pts',(-2.3212740259323,0.35,-2.19001897004998));
#11037=CARTESIAN_POINT('Ctrl Pts',(-2.31676696459269,0.35,-2.18825573993724));
#11038=CARTESIAN_POINT('Ctrl Pts',(-2.31326656151604,0.35,-2.18527959602561));
#11039=CARTESIAN_POINT('Ctrl Pts',(-2.31029041760442,0.35,-2.18177919294897));
#11040=CARTESIAN_POINT('Ctrl Pts',(-2.30852718749168,0.35,-2.17727213160936));
#11041=CARTESIAN_POINT('Ctrl Pts',(-2.30717822781175,0.35,-2.17214121520549));
#11042=CARTESIAN_POINT('Ctrl Pts',(-2.30712853135009,0.35,-2.16842736222848));
#11043=CARTESIAN_POINT('Ctrl Pts',(-2.30710199343116,0.35,-2.1664441641105));
#11044=CARTESIAN_POINT('',(-2.30710199343116,0.35,-1.7164441641105));
#11045=CARTESIAN_POINT('',(-2.30710199343116,0.35,-2.1664441641105));
#11046=CARTESIAN_POINT('Ctrl Pts',(-2.30710199343116,0.35,-1.7164441641105));
#11047=CARTESIAN_POINT('Ctrl Pts',(-2.30713850079783,0.35,-1.71450118406958));
#11048=CARTESIAN_POINT('Ctrl Pts',(-2.30720815855153,0.35,-1.71079388777709));
#11049=CARTESIAN_POINT('Ctrl Pts',(-2.30847080468019,0.35,-1.70566473922415));
#11050=CARTESIAN_POINT('Ctrl Pts',(-2.31036671191331,0.35,-1.70120067114704));
#11051=CARTESIAN_POINT('Ctrl Pts',(-2.31318237203334,0.35,-1.69759247843564));
#11052=CARTESIAN_POINT('Ctrl Pts',(-2.31684328768859,0.35,-1.69479689380125));
#11053=CARTESIAN_POINT('Ctrl Pts',(-2.32121856090513,0.35,-1.69279037552912));
#11054=CARTESIAN_POINT('Ctrl Pts',(-2.32643469224999,0.35,-1.69171255808177));
#11055=CARTESIAN_POINT('Ctrl Pts',(-2.33012546580952,0.35,-1.6915377691759));
#11056=CARTESIAN_POINT('Ctrl Pts',(-2.33210199343116,0.35,-1.6914441641105));
#11057=CARTESIAN_POINT('Origin',(-2.76,0.35,-2.35));
#11058=CARTESIAN_POINT('',(-2.76,0.35,2.35));
#11059=CARTESIAN_POINT('',(-2.76,0.35,-2.35));
#11060=CARTESIAN_POINT('Origin',(-2.76,0.35,2.35));
#11061=CARTESIAN_POINT('',(2.76,0.35,2.35));
#11062=CARTESIAN_POINT('Origin',(2.76,0.35,-2.35));
#11063=CARTESIAN_POINT('',(2.76,0.35,-2.35));
#11064=CARTESIAN_POINT('Origin',(-2.76,0.35,-2.35));
#11065=CARTESIAN_POINT('Origin',(-2.155,0.34,-1.195));
#11066=CARTESIAN_POINT('',(-2.155,0.34,1.545));
#11067=CARTESIAN_POINT('',(-2.155,0.34,1.545));
#11068=CARTESIAN_POINT('',(-2.155,0.34,-1.195));
#11069=CARTESIAN_POINT('',(-2.155,0.34,-1.195));
#11070=CARTESIAN_POINT('',(-2.155,0.34,-1.195));
#11071=CARTESIAN_POINT('Origin',(-2.155,0.34,-1.195));
#11072=CARTESIAN_POINT('',(1.515,0.34,-1.195));
#11073=CARTESIAN_POINT('',(-2.155,0.34,-1.195));
#11074=CARTESIAN_POINT('',(1.515,0.34,-1.195));
#11075=CARTESIAN_POINT('Origin',(1.515,0.34,-1.195));
#11076=CARTESIAN_POINT('',(1.515,0.34,1.545));
#11077=CARTESIAN_POINT('',(1.515,0.34,-1.195));
#11078=CARTESIAN_POINT('',(1.515,0.34,1.545));
#11079=CARTESIAN_POINT('Origin',(-2.155,0.34,1.545));
#11080=CARTESIAN_POINT('',(-2.155,0.34,1.545));
#11081=CARTESIAN_POINT('Origin',(-2.155,0.34,1.545));
#11082=CARTESIAN_POINT('Origin',(-2.35710199343116,0.34,-1.7164441641105));
#11083=CARTESIAN_POINT('',(-2.35710199343116,0.34,-1.7164441641105));
#11084=CARTESIAN_POINT('',(-2.35710199343116,0.34,-1.7164441641105));
#11085=CARTESIAN_POINT('',(-2.35710199343116,0.34,-2.10617630696764));
#11086=CARTESIAN_POINT('',(-2.35710199343116,0.34,-1.7164441641105));
#11087=CARTESIAN_POINT('',(-2.35710199343116,0.34,-2.10617630696764));
#11088=CARTESIAN_POINT('Origin',(-2.35710199343116,0.34,-2.10617630696764));
#11089=CARTESIAN_POINT('',(-2.41435645771687,0.34,-2.04892184268193));
#11090=CARTESIAN_POINT('',(-2.35710199343116,0.34,-2.10617630696764));
#11091=CARTESIAN_POINT('',(-2.41435645771687,0.34,-2.04892184268193));
#11092=CARTESIAN_POINT('Ctrl Pts',(-2.41435645771687,0.34,-2.04892184268193));
#11093=CARTESIAN_POINT('Ctrl Pts',(-2.41435645771687,0.352,-2.04892184268193));
#11094=CARTESIAN_POINT('Ctrl Pts',(-2.41558148002754,0.34,-2.04782591915326));
#11095=CARTESIAN_POINT('Ctrl Pts',(-2.41558148002754,0.352,-2.04782591915326));
#11096=CARTESIAN_POINT('Ctrl Pts',(-2.41797629003625,0.34,-2.04568348581767));
#11097=CARTESIAN_POINT('Ctrl Pts',(-2.41797629003625,0.352,-2.04568348581767));
#11098=CARTESIAN_POINT('Ctrl Pts',(-2.42224296581618,0.34,-2.04340879098885));
#11099=CARTESIAN_POINT('Ctrl Pts',(-2.42224296581618,0.352,-2.04340879098885));
#11100=CARTESIAN_POINT('Ctrl Pts',(-2.42688173573669,0.34,-2.0420231993568));
#11101=CARTESIAN_POINT('Ctrl Pts',(-2.42688173573669,0.352,-2.0420231993568));
#11102=CARTESIAN_POINT('Ctrl Pts',(-2.4301205375611,0.34,-2.04186129771376));
#11103=CARTESIAN_POINT('Ctrl Pts',(-2.4301205375611,0.352,-2.04186129771376));
#11104=CARTESIAN_POINT('Ctrl Pts',(-2.43176717200259,0.34,-2.04177898553907));
#11105=CARTESIAN_POINT('Ctrl Pts',(-2.43176717200259,0.352,-2.04177898553907));
#11106=CARTESIAN_POINT('',(-2.43176717200259,0.34,-2.04177898553907));
#11107=CARTESIAN_POINT('Ctrl Pts',(-2.41435645771687,0.34,-2.04892184268193));
#11108=CARTESIAN_POINT('Ctrl Pts',(-2.41558148002754,0.34,-2.04782591915326));
#11109=CARTESIAN_POINT('Ctrl Pts',(-2.41797629003625,0.34,-2.04568348581767));
#11110=CARTESIAN_POINT('Ctrl Pts',(-2.42224296581618,0.34,-2.04340879098885));
#11111=CARTESIAN_POINT('Ctrl Pts',(-2.42688173573669,0.34,-2.0420231993568));
#11112=CARTESIAN_POINT('Ctrl Pts',(-2.4301205375611,0.34,-2.04186129771376));
#11113=CARTESIAN_POINT('Ctrl Pts',(-2.43176717200259,0.34,-2.04177898553907));
#11114=CARTESIAN_POINT('',(-2.43176717200259,0.34,-2.04177898553907));
#11115=CARTESIAN_POINT('Ctrl Pts',(-2.43176717200259,0.34,-2.04177898553907));
#11116=CARTESIAN_POINT('Ctrl Pts',(-2.43176717200259,0.352,-2.04177898553907));
#11117=CARTESIAN_POINT('Ctrl Pts',(-2.43371196424694,0.34,-2.04181031583469));
#11118=CARTESIAN_POINT('Ctrl Pts',(-2.43371196424694,0.352,-2.04181031583469));
#11119=CARTESIAN_POINT('Ctrl Pts',(-2.43738642618431,0.34,-2.04186951083564));
#11120=CARTESIAN_POINT('Ctrl Pts',(-2.43738642618431,0.352,-2.04186951083564));
#11121=CARTESIAN_POINT('Ctrl Pts',(-2.44245874775796,0.34,-2.04317712658085));
#11122=CARTESIAN_POINT('Ctrl Pts',(-2.44245874775796,0.352,-2.04317712658085));
#11123=CARTESIAN_POINT('Ctrl Pts',(-2.44689966477153,0.34,-2.04500138598652));
#11124=CARTESIAN_POINT('Ctrl Pts',(-2.44689966477153,0.352,-2.04500138598652));
#11125=CARTESIAN_POINT('Ctrl Pts',(-2.45038359994162,0.34,-2.04793934331432));
#11126=CARTESIAN_POINT('Ctrl Pts',(-2.45038359994162,0.352,-2.04793934331432));
#11127=CARTESIAN_POINT('Ctrl Pts',(-2.45332155726943,0.34,-2.05142327848441));
#11128=CARTESIAN_POINT('Ctrl Pts',(-2.45332155726943,0.352,-2.05142327848441));
#11129=CARTESIAN_POINT('Ctrl Pts',(-2.45514581667509,0.34,-2.05586419549798));
#11130=CARTESIAN_POINT('Ctrl Pts',(-2.45514581667509,0.352,-2.05586419549798));
#11131=CARTESIAN_POINT('Ctrl Pts',(-2.4564534324203,0.34,-2.06093651707163));
#11132=CARTESIAN_POINT('Ctrl Pts',(-2.4564534324203,0.352,-2.06093651707163));
#11133=CARTESIAN_POINT('Ctrl Pts',(-2.45651262742125,0.34,-2.064610979009));
#11134=CARTESIAN_POINT('Ctrl Pts',(-2.45651262742125,0.352,-2.064610979009));
#11135=CARTESIAN_POINT('Ctrl Pts',(-2.45654395771687,0.34,-2.06655577125336));
#11136=CARTESIAN_POINT('Ctrl Pts',(-2.45654395771687,0.352,-2.06655577125336));
#11137=CARTESIAN_POINT('',(-2.45654395771687,0.34,-2.06655577125336));
#11138=CARTESIAN_POINT('Ctrl Pts',(-2.43176717200259,0.34,-2.04177898553907));
#11139=CARTESIAN_POINT('Ctrl Pts',(-2.43371196424694,0.34,-2.04181031583469));
#11140=CARTESIAN_POINT('Ctrl Pts',(-2.43738642618431,0.34,-2.04186951083564));
#11141=CARTESIAN_POINT('Ctrl Pts',(-2.44245874775796,0.34,-2.04317712658085));
#11142=CARTESIAN_POINT('Ctrl Pts',(-2.44689966477153,0.34,-2.04500138598652));
#11143=CARTESIAN_POINT('Ctrl Pts',(-2.45038359994162,0.34,-2.04793934331432));
#11144=CARTESIAN_POINT('Ctrl Pts',(-2.45332155726943,0.34,-2.05142327848441));
#11145=CARTESIAN_POINT('Ctrl Pts',(-2.45514581667509,0.34,-2.05586419549798));
#11146=CARTESIAN_POINT('Ctrl Pts',(-2.4564534324203,0.34,-2.06093651707163));
#11147=CARTESIAN_POINT('Ctrl Pts',(-2.45651262742125,0.34,-2.064610979009));
#11148=CARTESIAN_POINT('Ctrl Pts',(-2.45654395771687,0.34,-2.06655577125336));
#11149=CARTESIAN_POINT('',(-2.45654395771687,0.34,-2.06655577125336));
#11150=CARTESIAN_POINT('Ctrl Pts',(-2.45654395771687,0.34,-2.06655577125336));
#11151=CARTESIAN_POINT('Ctrl Pts',(-2.45654395771687,0.352,-2.06655577125336));
#11152=CARTESIAN_POINT('Ctrl Pts',(-2.45646164554218,0.34,-2.06820240569485));
#11153=CARTESIAN_POINT('Ctrl Pts',(-2.45646164554218,0.352,-2.06820240569485));
#11154=CARTESIAN_POINT('Ctrl Pts',(-2.45629974389915,0.34,-2.07144120751925));
#11155=CARTESIAN_POINT('Ctrl Pts',(-2.45629974389915,0.352,-2.07144120751925));
#11156=CARTESIAN_POINT('Ctrl Pts',(-2.4549141522671,0.34,-2.07607997743976));
#11157=CARTESIAN_POINT('Ctrl Pts',(-2.4549141522671,0.352,-2.07607997743976));
#11158=CARTESIAN_POINT('Ctrl Pts',(-2.45263945743828,0.34,-2.0803466532197));
#11159=CARTESIAN_POINT('Ctrl Pts',(-2.45263945743828,0.352,-2.0803466532197));
#11160=CARTESIAN_POINT('Ctrl Pts',(-2.45049702410268,0.34,-2.0827414632284));
#11161=CARTESIAN_POINT('Ctrl Pts',(-2.45049702410268,0.352,-2.0827414632284));
#11162=CARTESIAN_POINT('Ctrl Pts',(-2.44940110057401,0.34,-2.08396648553907));
#11163=CARTESIAN_POINT('Ctrl Pts',(-2.44940110057401,0.352,-2.08396648553907));
#11164=CARTESIAN_POINT('',(-2.44940110057401,0.34,-2.08396648553907));
#11165=CARTESIAN_POINT('Ctrl Pts',(-2.45654395771687,0.34,-2.06655577125336));
#11166=CARTESIAN_POINT('Ctrl Pts',(-2.45646164554218,0.34,-2.06820240569485));
#11167=CARTESIAN_POINT('Ctrl Pts',(-2.45629974389915,0.34,-2.07144120751925));
#11168=CARTESIAN_POINT('Ctrl Pts',(-2.4549141522671,0.34,-2.07607997743976));
#11169=CARTESIAN_POINT('Ctrl Pts',(-2.45263945743828,0.34,-2.0803466532197));
#11170=CARTESIAN_POINT('Ctrl Pts',(-2.45049702410268,0.34,-2.0827414632284));
#11171=CARTESIAN_POINT('Ctrl Pts',(-2.44940110057401,0.34,-2.08396648553907));
#11172=CARTESIAN_POINT('',(-2.44940110057401,0.34,-2.08396648553907));
#11173=CARTESIAN_POINT('Origin',(-2.44940110057401,0.34,-2.08396648553907));
#11174=CARTESIAN_POINT('',(-2.35219127914544,0.34,-2.18162273553907));
#11175=CARTESIAN_POINT('',(-2.44940110057401,0.34,-2.08396648553907));
#11176=CARTESIAN_POINT('',(-2.35219127914544,0.34,-2.18162273553907));
#11177=CARTESIAN_POINT('Ctrl Pts',(-2.35219127914544,0.34,-2.18162273553907));
#11178=CARTESIAN_POINT('Ctrl Pts',(-2.35219127914544,0.352,-2.18162273553907));
#11179=CARTESIAN_POINT('Ctrl Pts',(-2.35061104251615,0.34,-2.18314871982094));
#11180=CARTESIAN_POINT('Ctrl Pts',(-2.35061104251615,0.352,-2.18314871982094));
#11181=CARTESIAN_POINT('Ctrl Pts',(-2.34762036658017,0.34,-2.18603672050757));
#11182=CARTESIAN_POINT('Ctrl Pts',(-2.34762036658017,0.352,-2.18603672050757));
#11183=CARTESIAN_POINT('Ctrl Pts',(-2.34246467832399,0.34,-2.18901751635806));
#11184=CARTESIAN_POINT('Ctrl Pts',(-2.34246467832399,0.352,-2.18901751635806));
#11185=CARTESIAN_POINT('Ctrl Pts',(-2.33736594342402,0.34,-2.19117126721943));
#11186=CARTESIAN_POINT('Ctrl Pts',(-2.33736594342402,0.352,-2.19117126721943));
#11187=CARTESIAN_POINT('Ctrl Pts',(-2.33383377414979,0.34,-2.19135438408319));
#11188=CARTESIAN_POINT('Ctrl Pts',(-2.33383377414979,0.352,-2.19135438408319));
#11189=CARTESIAN_POINT('Ctrl Pts',(-2.33210199343116,0.34,-2.1914441641105));
#11190=CARTESIAN_POINT('Ctrl Pts',(-2.33210199343116,0.352,-2.1914441641105));
#11191=CARTESIAN_POINT('',(-2.33210199343116,0.34,-2.1914441641105));
#11192=CARTESIAN_POINT('Ctrl Pts',(-2.35219127914544,0.34,-2.18162273553907));
#11193=CARTESIAN_POINT('Ctrl Pts',(-2.35061104251615,0.34,-2.18314871982094));
#11194=CARTESIAN_POINT('Ctrl Pts',(-2.34762036658017,0.34,-2.18603672050757));
#11195=CARTESIAN_POINT('Ctrl Pts',(-2.34246467832399,0.34,-2.18901751635806));
#11196=CARTESIAN_POINT('Ctrl Pts',(-2.33736594342402,0.34,-2.19117126721943));
#11197=CARTESIAN_POINT('Ctrl Pts',(-2.33383377414979,0.34,-2.19135438408319));
#11198=CARTESIAN_POINT('Ctrl Pts',(-2.33210199343116,0.34,-2.1914441641105));
#11199=CARTESIAN_POINT('',(-2.33210199343116,0.34,-2.1914441641105));
#11200=CARTESIAN_POINT('Ctrl Pts',(-2.33210199343116,0.34,-2.1914441641105));
#11201=CARTESIAN_POINT('Ctrl Pts',(-2.33210199343116,0.352,-2.1914441641105));
#11202=CARTESIAN_POINT('Ctrl Pts',(-2.33011879531318,0.34,-2.19141762619157));
#11203=CARTESIAN_POINT('Ctrl Pts',(-2.33011879531318,0.352,-2.19141762619157));
#11204=CARTESIAN_POINT('Ctrl Pts',(-2.32640494233616,0.34,-2.1913679297299));
#11205=CARTESIAN_POINT('Ctrl Pts',(-2.32640494233616,0.352,-2.1913679297299));
#11206=CARTESIAN_POINT('Ctrl Pts',(-2.3212740259323,0.34,-2.19001897004998));
#11207=CARTESIAN_POINT('Ctrl Pts',(-2.3212740259323,0.352,-2.19001897004998));
#11208=CARTESIAN_POINT('Ctrl Pts',(-2.31676696459269,0.34,-2.18825573993724));
#11209=CARTESIAN_POINT('Ctrl Pts',(-2.31676696459269,0.352,-2.18825573993724));
#11210=CARTESIAN_POINT('Ctrl Pts',(-2.31326656151604,0.34,-2.18527959602561));
#11211=CARTESIAN_POINT('Ctrl Pts',(-2.31326656151604,0.352,-2.18527959602561));
#11212=CARTESIAN_POINT('Ctrl Pts',(-2.31029041760442,0.34,-2.18177919294897));
#11213=CARTESIAN_POINT('Ctrl Pts',(-2.31029041760442,0.352,-2.18177919294897));
#11214=CARTESIAN_POINT('Ctrl Pts',(-2.30852718749168,0.34,-2.17727213160936));
#11215=CARTESIAN_POINT('Ctrl Pts',(-2.30852718749168,0.352,-2.17727213160936));
#11216=CARTESIAN_POINT('Ctrl Pts',(-2.30717822781175,0.34,-2.17214121520549));
#11217=CARTESIAN_POINT('Ctrl Pts',(-2.30717822781175,0.352,-2.17214121520549));
#11218=CARTESIAN_POINT('Ctrl Pts',(-2.30712853135009,0.34,-2.16842736222848));
#11219=CARTESIAN_POINT('Ctrl Pts',(-2.30712853135009,0.352,-2.16842736222848));
#11220=CARTESIAN_POINT('Ctrl Pts',(-2.30710199343116,0.34,-2.1664441641105));
#11221=CARTESIAN_POINT('Ctrl Pts',(-2.30710199343116,0.352,-2.1664441641105));
#11222=CARTESIAN_POINT('',(-2.30710199343116,0.34,-2.1664441641105));
#11223=CARTESIAN_POINT('Ctrl Pts',(-2.33210199343116,0.34,-2.1914441641105));
#11224=CARTESIAN_POINT('Ctrl Pts',(-2.33011879531318,0.34,-2.19141762619157));
#11225=CARTESIAN_POINT('Ctrl Pts',(-2.32640494233616,0.34,-2.1913679297299));
#11226=CARTESIAN_POINT('Ctrl Pts',(-2.3212740259323,0.34,-2.19001897004998));
#11227=CARTESIAN_POINT('Ctrl Pts',(-2.31676696459269,0.34,-2.18825573993724));
#11228=CARTESIAN_POINT('Ctrl Pts',(-2.31326656151604,0.34,-2.18527959602561));
#11229=CARTESIAN_POINT('Ctrl Pts',(-2.31029041760442,0.34,-2.18177919294897));
#11230=CARTESIAN_POINT('Ctrl Pts',(-2.30852718749168,0.34,-2.17727213160936));
#11231=CARTESIAN_POINT('Ctrl Pts',(-2.30717822781175,0.34,-2.17214121520549));
#11232=CARTESIAN_POINT('Ctrl Pts',(-2.30712853135009,0.34,-2.16842736222848));
#11233=CARTESIAN_POINT('Ctrl Pts',(-2.30710199343116,0.34,-2.1664441641105));
#11234=CARTESIAN_POINT('',(-2.30710199343116,0.34,-2.1664441641105));
#11235=CARTESIAN_POINT('Origin',(-2.30710199343116,0.34,-2.1664441641105));
#11236=CARTESIAN_POINT('',(-2.30710199343116,0.34,-1.7164441641105));
#11237=CARTESIAN_POINT('',(-2.30710199343116,0.34,-2.1664441641105));
#11238=CARTESIAN_POINT('',(-2.30710199343116,0.34,-1.7164441641105));
#11239=CARTESIAN_POINT('Ctrl Pts',(-2.30710199343116,0.34,-1.7164441641105));
#11240=CARTESIAN_POINT('Ctrl Pts',(-2.30710199343116,0.352,-1.7164441641105));
#11241=CARTESIAN_POINT('Ctrl Pts',(-2.30713850079783,0.34,-1.71450118406958));
#11242=CARTESIAN_POINT('Ctrl Pts',(-2.30713850079783,0.352,-1.71450118406958));
#11243=CARTESIAN_POINT('Ctrl Pts',(-2.30720815855153,0.34,-1.71079388777709));
#11244=CARTESIAN_POINT('Ctrl Pts',(-2.30720815855153,0.352,-1.71079388777709));
#11245=CARTESIAN_POINT('Ctrl Pts',(-2.30847080468019,0.34,-1.70566473922415));
#11246=CARTESIAN_POINT('Ctrl Pts',(-2.30847080468019,0.352,-1.70566473922415));
#11247=CARTESIAN_POINT('Ctrl Pts',(-2.31036671191331,0.34,-1.70120067114704));
#11248=CARTESIAN_POINT('Ctrl Pts',(-2.31036671191331,0.352,-1.70120067114704));
#11249=CARTESIAN_POINT('Ctrl Pts',(-2.31318237203334,0.34,-1.69759247843564));
#11250=CARTESIAN_POINT('Ctrl Pts',(-2.31318237203334,0.352,-1.69759247843564));
#11251=CARTESIAN_POINT('Ctrl Pts',(-2.31684328768859,0.34,-1.69479689380125));
#11252=CARTESIAN_POINT('Ctrl Pts',(-2.31684328768859,0.352,-1.69479689380125));
#11253=CARTESIAN_POINT('Ctrl Pts',(-2.32121856090513,0.34,-1.69279037552912));
#11254=CARTESIAN_POINT('Ctrl Pts',(-2.32121856090513,0.352,-1.69279037552912));
#11255=CARTESIAN_POINT('Ctrl Pts',(-2.32643469224999,0.34,-1.69171255808177));
#11256=CARTESIAN_POINT('Ctrl Pts',(-2.32643469224999,0.352,-1.69171255808177));
#11257=CARTESIAN_POINT('Ctrl Pts',(-2.33012546580952,0.34,-1.6915377691759));
#11258=CARTESIAN_POINT('Ctrl Pts',(-2.33012546580952,0.352,-1.6915377691759));
#11259=CARTESIAN_POINT('Ctrl Pts',(-2.33210199343116,0.34,-1.6914441641105));
#11260=CARTESIAN_POINT('Ctrl Pts',(-2.33210199343116,0.352,-1.6914441641105));
#11261=CARTESIAN_POINT('',(-2.33210199343116,0.34,-1.6914441641105));
#11262=CARTESIAN_POINT('Ctrl Pts',(-2.30710199343116,0.34,-1.7164441641105));
#11263=CARTESIAN_POINT('Ctrl Pts',(-2.30713850079783,0.34,-1.71450118406958));
#11264=CARTESIAN_POINT('Ctrl Pts',(-2.30720815855153,0.34,-1.71079388777709));
#11265=CARTESIAN_POINT('Ctrl Pts',(-2.30847080468019,0.34,-1.70566473922415));
#11266=CARTESIAN_POINT('Ctrl Pts',(-2.31036671191331,0.34,-1.70120067114704));
#11267=CARTESIAN_POINT('Ctrl Pts',(-2.31318237203334,0.34,-1.69759247843564));
#11268=CARTESIAN_POINT('Ctrl Pts',(-2.31684328768859,0.34,-1.69479689380125));
#11269=CARTESIAN_POINT('Ctrl Pts',(-2.32121856090513,0.34,-1.69279037552912));
#11270=CARTESIAN_POINT('Ctrl Pts',(-2.32643469224999,0.34,-1.69171255808177));
#11271=CARTESIAN_POINT('Ctrl Pts',(-2.33012546580952,0.34,-1.6915377691759));
#11272=CARTESIAN_POINT('Ctrl Pts',(-2.33210199343116,0.34,-1.6914441641105));
#11273=CARTESIAN_POINT('',(-2.33210199343116,0.34,-1.6914441641105));
#11274=CARTESIAN_POINT('Ctrl Pts',(-2.33210199343116,0.34,-1.6914441641105));
#11275=CARTESIAN_POINT('Ctrl Pts',(-2.33210199343116,0.352,-1.6914441641105));
#11276=CARTESIAN_POINT('Ctrl Pts',(-2.33403854456686,0.34,-1.69154681003407));
#11277=CARTESIAN_POINT('Ctrl Pts',(-2.33403854456686,0.352,-1.69154681003407));
#11278=CARTESIAN_POINT('Ctrl Pts',(-2.33772304727127,0.34,-1.69174210525556));
#11279=CARTESIAN_POINT('Ctrl Pts',(-2.33772304727127,0.352,-1.69174210525556));
#11280=CARTESIAN_POINT('Ctrl Pts',(-2.34293750174503,0.34,-1.69273391857086));
#11281=CARTESIAN_POINT('Ctrl Pts',(-2.34293750174503,0.352,-1.69273391857086));
#11282=CARTESIAN_POINT('Ctrl Pts',(-2.34726951134106,0.34,-1.69487350508809));
#11283=CARTESIAN_POINT('Ctrl Pts',(-2.34726951134106,0.352,-1.69487350508809));
#11284=CARTESIAN_POINT('Ctrl Pts',(-2.35103769615523,0.34,-1.69750846138642));
#11285=CARTESIAN_POINT('Ctrl Pts',(-2.35103769615523,0.352,-1.69750846138642));
#11286=CARTESIAN_POINT('Ctrl Pts',(-2.35367265245357,0.34,-1.7012766462006));
#11287=CARTESIAN_POINT('Ctrl Pts',(-2.35367265245357,0.352,-1.7012766462006));
#11288=CARTESIAN_POINT('Ctrl Pts',(-2.35581223897079,0.34,-1.70560865579663));
#11289=CARTESIAN_POINT('Ctrl Pts',(-2.35581223897079,0.352,-1.70560865579663));
#11290=CARTESIAN_POINT('Ctrl Pts',(-2.3568040522861,0.34,-1.71082311027039));
#11291=CARTESIAN_POINT('Ctrl Pts',(-2.3568040522861,0.352,-1.71082311027039));
#11292=CARTESIAN_POINT('Ctrl Pts',(-2.35699934750759,0.34,-1.7145076129748));
#11293=CARTESIAN_POINT('Ctrl Pts',(-2.35699934750759,0.352,-1.7145076129748));
#11294=CARTESIAN_POINT('Ctrl Pts',(-2.35710199343116,0.34,-1.7164441641105));
#11295=CARTESIAN_POINT('Ctrl Pts',(-2.35710199343116,0.352,-1.7164441641105));
#11296=CARTESIAN_POINT('Ctrl Pts',(-2.33210199343116,0.34,-1.6914441641105));
#11297=CARTESIAN_POINT('Ctrl Pts',(-2.33403854456686,0.34,-1.69154681003407));
#11298=CARTESIAN_POINT('Ctrl Pts',(-2.33772304727127,0.34,-1.69174210525556));
#11299=CARTESIAN_POINT('Ctrl Pts',(-2.34293750174503,0.34,-1.69273391857086));
#11300=CARTESIAN_POINT('Ctrl Pts',(-2.34726951134106,0.34,-1.69487350508809));
#11301=CARTESIAN_POINT('Ctrl Pts',(-2.35103769615523,0.34,-1.69750846138642));
#11302=CARTESIAN_POINT('Ctrl Pts',(-2.35367265245357,0.34,-1.7012766462006));
#11303=CARTESIAN_POINT('Ctrl Pts',(-2.35581223897079,0.34,-1.70560865579663));
#11304=CARTESIAN_POINT('Ctrl Pts',(-2.3568040522861,0.34,-1.71082311027039));
#11305=CARTESIAN_POINT('Ctrl Pts',(-2.35699934750759,0.34,-1.7145076129748));
#11306=CARTESIAN_POINT('Ctrl Pts',(-2.35710199343116,0.34,-1.7164441641105));
#11307=CARTESIAN_POINT('Origin',(-2.42232184297412,0.34,-2.04354773905191));
#11308=CARTESIAN_POINT('Origin',(-4.32,-0.2,-3.825));
#11309=CARTESIAN_POINT('',(-4.32,-0.2,-3.825));
#11310=CARTESIAN_POINT('',(-4.32,-0.2,-3.825));
#11311=CARTESIAN_POINT('',(-4.32,-0.2,4.175));
#11312=CARTESIAN_POINT('',(-4.32,-0.2,-3.825));
#11313=CARTESIAN_POINT('',(-4.32,-0.2,4.175));
#11314=CARTESIAN_POINT('Origin',(-4.32,-0.2,-3.825));
#11315=CARTESIAN_POINT('',(3.68,-0.2,-3.825));
#11316=CARTESIAN_POINT('',(3.68,-0.2,-3.825));
#11317=CARTESIAN_POINT('',(-4.32,-0.2,-3.825));
#11318=CARTESIAN_POINT('Origin',(3.68,-0.2,-3.825));
#11319=CARTESIAN_POINT('',(3.68,-0.2,4.175));
#11320=CARTESIAN_POINT('',(3.68,-0.2,4.175));
#11321=CARTESIAN_POINT('',(3.68,-0.2,-3.825));
#11322=CARTESIAN_POINT('Origin',(-4.32,-0.2,4.175));
#11323=CARTESIAN_POINT('',(-4.32,-0.2,4.175));
#11324=CARTESIAN_POINT('Origin',(0.,-0.2,0.));
#11325=CARTESIAN_POINT('Origin',(0.,5.42101086242752E-17,2.7458423317517));
#11326=CARTESIAN_POINT('Origin',(0.16,5.42101086242752E-17,2.7458423317517));
#11327=CARTESIAN_POINT('Origin',(0.32,5.42101086242752E-17,2.7458423317517));
#11328=CARTESIAN_POINT('Origin',(0.48,5.42101086242752E-17,2.7458423317517));
#11329=CARTESIAN_POINT('Origin',(0.64,5.42101086242752E-17,2.7458423317517));
#11330=CARTESIAN_POINT('Origin',(0.8,5.42101086242752E-17,2.7458423317517));
#11331=CARTESIAN_POINT('Origin',(0.96,5.42101086242752E-17,2.7458423317517));
#11332=CARTESIAN_POINT('Origin',(1.12,5.42101086242752E-17,2.7458423317517));
#11333=CARTESIAN_POINT('Origin',(1.28,5.42101086242752E-17,2.7458423317517));
#11334=CARTESIAN_POINT('Origin',(1.44,5.42101086242752E-17,2.7458423317517));
#11335=CARTESIAN_POINT('Origin',(1.6,5.42101086242752E-17,2.7458423317517));
#11336=CARTESIAN_POINT('Origin',(1.76,5.42101086242752E-17,2.7458423317517));
#11337=CARTESIAN_POINT('Origin',(1.92,5.42101086242752E-17,2.7458423317517));
#11338=CARTESIAN_POINT('Origin',(2.08,5.42101086242752E-17,2.7458423317517));
#11339=CARTESIAN_POINT('Origin',(2.24,5.42101086242752E-17,2.7458423317517));
#11340=CARTESIAN_POINT('Origin',(2.4,5.42101086242752E-17,2.7458423317517));
#11341=CARTESIAN_POINT('Origin',(-2.4,5.42101086242752E-17,2.7458423317517));
#11342=CARTESIAN_POINT('Origin',(-2.24,5.42101086242752E-17,2.7458423317517));
#11343=CARTESIAN_POINT('Origin',(-2.08,5.42101086242752E-17,2.7458423317517));
#11344=CARTESIAN_POINT('Origin',(-1.92,5.42101086242752E-17,2.7458423317517));
#11345=CARTESIAN_POINT('Origin',(-1.76,5.42101086242752E-17,2.7458423317517));
#11346=CARTESIAN_POINT('Origin',(-1.6,5.42101086242752E-17,2.7458423317517));
#11347=CARTESIAN_POINT('Origin',(-1.44,5.42101086242752E-17,2.7458423317517));
#11348=CARTESIAN_POINT('Origin',(-1.28,5.42101086242752E-17,2.7458423317517));
#11349=CARTESIAN_POINT('Origin',(-1.12,5.42101086242752E-17,2.7458423317517));
#11350=CARTESIAN_POINT('Origin',(-0.96,5.42101086242752E-17,2.7458423317517));
#11351=CARTESIAN_POINT('Origin',(-0.8,5.42101086242752E-17,2.7458423317517));
#11352=CARTESIAN_POINT('Origin',(-0.64,5.42101086242752E-17,2.7458423317517));
#11353=CARTESIAN_POINT('Origin',(-0.48,5.42101086242752E-17,2.7458423317517));
#11354=CARTESIAN_POINT('Origin',(-0.32,5.42101086242752E-17,2.7458423317517));
#11355=CARTESIAN_POINT('Origin',(-0.16,5.42101086242752E-17,2.7458423317517));
#11356=CARTESIAN_POINT('Origin',(0.,5.42101086242752E-17,-2.7458423317517));
#11357=CARTESIAN_POINT('Origin',(0.16,5.42101086242752E-17,-2.7458423317517));
#11358=CARTESIAN_POINT('Origin',(0.32,5.42101086242752E-17,-2.7458423317517));
#11359=CARTESIAN_POINT('Origin',(0.48,5.42101086242752E-17,-2.7458423317517));
#11360=CARTESIAN_POINT('Origin',(0.64,5.42101086242752E-17,-2.7458423317517));
#11361=CARTESIAN_POINT('Origin',(0.8,5.42101086242752E-17,-2.7458423317517));
#11362=CARTESIAN_POINT('Origin',(0.96,5.42101086242752E-17,-2.7458423317517));
#11363=CARTESIAN_POINT('Origin',(1.12,5.42101086242752E-17,-2.7458423317517));
#11364=CARTESIAN_POINT('Origin',(1.28,5.42101086242752E-17,-2.7458423317517));
#11365=CARTESIAN_POINT('Origin',(1.44,5.42101086242752E-17,-2.7458423317517));
#11366=CARTESIAN_POINT('Origin',(1.6,5.42101086242752E-17,-2.7458423317517));
#11367=CARTESIAN_POINT('Origin',(1.76,5.42101086242752E-17,-2.7458423317517));
#11368=CARTESIAN_POINT('Origin',(1.92,5.42101086242752E-17,-2.7458423317517));
#11369=CARTESIAN_POINT('Origin',(2.08,5.42101086242752E-17,-2.7458423317517));
#11370=CARTESIAN_POINT('Origin',(2.24,5.42101086242752E-17,-2.7458423317517));
#11371=CARTESIAN_POINT('Origin',(2.4,5.42101086242752E-17,-2.7458423317517));
#11372=CARTESIAN_POINT('Origin',(-2.4,5.42101086242752E-17,-2.7458423317517));
#11373=CARTESIAN_POINT('Origin',(-2.24,5.42101086242752E-17,-2.7458423317517));
#11374=CARTESIAN_POINT('Origin',(-2.08,5.42101086242752E-17,-2.7458423317517));
#11375=CARTESIAN_POINT('Origin',(-1.92,5.42101086242752E-17,-2.7458423317517));
#11376=CARTESIAN_POINT('Origin',(-1.76,5.42101086242752E-17,-2.7458423317517));
#11377=CARTESIAN_POINT('Origin',(-1.6,5.42101086242752E-17,-2.7458423317517));
#11378=CARTESIAN_POINT('Origin',(-1.44,5.42101086242752E-17,-2.7458423317517));
#11379=CARTESIAN_POINT('Origin',(-1.28,5.42101086242752E-17,-2.7458423317517));
#11380=CARTESIAN_POINT('Origin',(-1.12,5.42101086242752E-17,-2.7458423317517));
#11381=CARTESIAN_POINT('Origin',(-0.96,5.42101086242752E-17,-2.7458423317517));
#11382=CARTESIAN_POINT('Origin',(-0.8,5.42101086242752E-17,-2.7458423317517));
#11383=CARTESIAN_POINT('Origin',(-0.64,5.42101086242752E-17,-2.7458423317517));
#11384=CARTESIAN_POINT('Origin',(-0.48,5.42101086242752E-17,-2.7458423317517));
#11385=CARTESIAN_POINT('Origin',(-0.32,5.42101086242752E-17,-2.7458423317517));
#11386=CARTESIAN_POINT('Origin',(-0.16,5.42101086242752E-17,-2.7458423317517));
#11387=CARTESIAN_POINT('Origin',(-2.29941804834869,0.3,3.325));
#11388=CARTESIAN_POINT('',(-2.29941804834869,0.3,3.625));
#11389=CARTESIAN_POINT('',(-2.29941804834869,0.3,3.625));
#11390=CARTESIAN_POINT('',(-2.29941804834869,0.3,3.325));
#11391=CARTESIAN_POINT('',(-2.29941804834869,0.3,3.325));
#11392=CARTESIAN_POINT('',(-2.29941804834869,0.3,3.325));
#11393=CARTESIAN_POINT('Origin',(-2.29941804834869,0.3,3.625));
#11394=CARTESIAN_POINT('',(-1.69941804834869,0.3,3.625));
#11395=CARTESIAN_POINT('',(-1.69941804834869,0.3,3.625));
#11396=CARTESIAN_POINT('',(-2.29941804834869,0.3,3.625));
#11397=CARTESIAN_POINT('Origin',(-1.69941804834869,0.3,3.325));
#11398=CARTESIAN_POINT('',(-1.69941804834869,0.3,3.325));
#11399=CARTESIAN_POINT('',(-1.69941804834869,0.3,3.325));
#11400=CARTESIAN_POINT('',(-1.69941804834869,0.3,3.325));
#11401=CARTESIAN_POINT('Origin',(-2.29941804834869,0.3,3.325));
#11402=CARTESIAN_POINT('',(-2.29941804834869,0.3,3.325));
#11403=CARTESIAN_POINT('Origin',(0.,0.3,0.));
#11404=CARTESIAN_POINT('Origin',(-1.00356079383345,0.3,3.325));
#11405=CARTESIAN_POINT('',(-1.00356079383345,0.3,3.625));
#11406=CARTESIAN_POINT('',(-1.00356079383345,0.3,3.625));
#11407=CARTESIAN_POINT('',(-1.00356079383345,0.3,3.325));
#11408=CARTESIAN_POINT('',(-1.00356079383345,0.3,3.325));
#11409=CARTESIAN_POINT('',(-1.00356079383345,0.3,3.325));
#11410=CARTESIAN_POINT('Origin',(-1.00356079383345,0.3,3.625));
#11411=CARTESIAN_POINT('',(-0.403560793833449,0.3,3.625));
#11412=CARTESIAN_POINT('',(-0.403560793833449,0.3,3.625));
#11413=CARTESIAN_POINT('',(-1.00356079383345,0.3,3.625));
#11414=CARTESIAN_POINT('Origin',(-0.403560793833449,0.3,3.325));
#11415=CARTESIAN_POINT('',(-0.403560793833449,0.3,3.325));
#11416=CARTESIAN_POINT('',(-0.403560793833449,0.3,3.325));
#11417=CARTESIAN_POINT('',(-0.403560793833449,0.3,3.325));
#11418=CARTESIAN_POINT('Origin',(-1.00356079383345,0.3,3.325));
#11419=CARTESIAN_POINT('',(-1.00356079383345,0.3,3.325));
#11420=CARTESIAN_POINT('Origin',(0.,0.3,0.));
#11421=CARTESIAN_POINT('Origin',(0.72910227681053,0.3,3.625));
#11422=CARTESIAN_POINT('',(0.72910227681053,0.3,3.625));
#11423=CARTESIAN_POINT('',(0.72910227681053,0.3,3.625));
#11424=CARTESIAN_POINT('',(0.72910227681053,0.3,3.325));
#11425=CARTESIAN_POINT('',(0.72910227681053,0.3,3.625));
#11426=CARTESIAN_POINT('',(0.72910227681053,0.3,3.325));
#11427=CARTESIAN_POINT('Origin',(0.72910227681053,0.3,3.625));
#11428=CARTESIAN_POINT('',(1.32910227681053,0.3,3.625));
#11429=CARTESIAN_POINT('',(1.32910227681053,0.3,3.625));
#11430=CARTESIAN_POINT('',(0.72910227681053,0.3,3.625));
#11431=CARTESIAN_POINT('Origin',(1.32910227681053,0.3,3.625));
#11432=CARTESIAN_POINT('',(1.32910227681053,0.3,3.325));
#11433=CARTESIAN_POINT('',(1.32910227681053,0.3,3.325));
#11434=CARTESIAN_POINT('',(1.32910227681053,0.3,3.625));
#11435=CARTESIAN_POINT('Origin',(0.72910227681053,0.3,3.325));
#11436=CARTESIAN_POINT('',(0.72910227681053,0.3,3.325));
#11437=CARTESIAN_POINT('Origin',(0.,0.3,0.));
#11438=CARTESIAN_POINT('Origin',(3.03,0.3,0.318095759805741));
#11439=CARTESIAN_POINT('',(3.03,0.3,0.918095759805741));
#11440=CARTESIAN_POINT('',(3.03,0.3,0.918095759805741));
#11441=CARTESIAN_POINT('',(3.03,0.3,0.318095759805741));
#11442=CARTESIAN_POINT('',(3.03,0.3,0.318095759805741));
#11443=CARTESIAN_POINT('',(3.03,0.3,0.318095759805741));
#11444=CARTESIAN_POINT('Origin',(3.03,0.3,0.918095759805741));
#11445=CARTESIAN_POINT('',(3.33,0.3,0.918095759805741));
#11446=CARTESIAN_POINT('',(3.33,0.3,0.918095759805741));
#11447=CARTESIAN_POINT('',(3.03,0.3,0.918095759805741));
#11448=CARTESIAN_POINT('Origin',(3.33,0.3,0.318095759805741));
#11449=CARTESIAN_POINT('',(3.33,0.3,0.318095759805741));
#11450=CARTESIAN_POINT('',(3.33,0.3,0.318095759805741));
#11451=CARTESIAN_POINT('',(3.33,0.3,0.318095759805741));
#11452=CARTESIAN_POINT('Origin',(3.03,0.3,0.318095759805741));
#11453=CARTESIAN_POINT('',(3.03,0.3,0.318095759805741));
#11454=CARTESIAN_POINT('Origin',(0.,0.3,0.));
#11455=CARTESIAN_POINT('Origin',(3.03,0.3,-1.22363244987999));
#11456=CARTESIAN_POINT('',(3.03,0.3,-1.22363244987999));
#11457=CARTESIAN_POINT('',(3.03,0.3,-1.22363244987999));
#11458=CARTESIAN_POINT('',(3.03,0.3,-1.82363244987999));
#11459=CARTESIAN_POINT('',(3.03,0.3,-1.22363244987999));
#11460=CARTESIAN_POINT('',(3.03,0.3,-1.82363244987999));
#11461=CARTESIAN_POINT('Origin',(3.03,0.3,-1.22363244987999));
#11462=CARTESIAN_POINT('',(3.33,0.3,-1.22363244987999));
#11463=CARTESIAN_POINT('',(3.33,0.3,-1.22363244987999));
#11464=CARTESIAN_POINT('',(3.03,0.3,-1.22363244987999));
#11465=CARTESIAN_POINT('Origin',(3.33,0.3,-1.22363244987999));
#11466=CARTESIAN_POINT('',(3.33,0.3,-1.82363244987999));
#11467=CARTESIAN_POINT('',(3.33,0.3,-1.82363244987999));
#11468=CARTESIAN_POINT('',(3.33,0.3,-1.22363244987999));
#11469=CARTESIAN_POINT('Origin',(3.03,0.3,-1.82363244987999));
#11470=CARTESIAN_POINT('',(3.03,0.3,-1.82363244987999));
#11471=CARTESIAN_POINT('Origin',(0.,0.3,0.));
#11472=CARTESIAN_POINT('Origin',(-1.45145144029235,0.3,-3.175));
#11473=CARTESIAN_POINT('',(-1.45145144029235,0.3,-3.475));
#11474=CARTESIAN_POINT('',(-1.45145144029235,0.3,-3.475));
#11475=CARTESIAN_POINT('',(-1.45145144029235,0.3,-3.175));
#11476=CARTESIAN_POINT('',(-1.45145144029235,0.3,-3.175));
#11477=CARTESIAN_POINT('',(-1.45145144029235,0.3,-3.175));
#11478=CARTESIAN_POINT('Origin',(-1.45145144029235,0.3,-3.475));
#11479=CARTESIAN_POINT('',(-2.05145144029235,0.3,-3.475));
#11480=CARTESIAN_POINT('',(-2.05145144029235,0.3,-3.475));
#11481=CARTESIAN_POINT('',(-1.45145144029235,0.3,-3.475));
#11482=CARTESIAN_POINT('Origin',(-2.05145144029235,0.3,-3.175));
#11483=CARTESIAN_POINT('',(-2.05145144029235,0.3,-3.175));
#11484=CARTESIAN_POINT('',(-2.05145144029235,0.3,-3.175));
#11485=CARTESIAN_POINT('',(-2.05145144029235,0.3,-3.175));
#11486=CARTESIAN_POINT('Origin',(-1.45145144029235,0.3,-3.175));
#11487=CARTESIAN_POINT('',(-1.45145144029235,0.3,-3.175));
#11488=CARTESIAN_POINT('Origin',(0.,0.3,0.));
#11489=CARTESIAN_POINT('Origin',(1.01195525202958,0.3,-3.475));
#11490=CARTESIAN_POINT('',(1.01195525202958,0.3,-3.175));
#11491=CARTESIAN_POINT('',(1.01195525202958,0.3,-3.175));
#11492=CARTESIAN_POINT('',(1.01195525202958,0.3,-3.475));
#11493=CARTESIAN_POINT('',(1.01195525202958,0.3,-3.475));
#11494=CARTESIAN_POINT('',(1.01195525202958,0.3,-3.475));
#11495=CARTESIAN_POINT('Origin',(1.01195525202958,0.3,-3.175));
#11496=CARTESIAN_POINT('',(1.61195525202958,0.3,-3.175));
#11497=CARTESIAN_POINT('',(1.61195525202958,0.3,-3.175));
#11498=CARTESIAN_POINT('',(1.01195525202958,0.3,-3.175));
#11499=CARTESIAN_POINT('Origin',(1.61195525202958,0.3,-3.475));
#11500=CARTESIAN_POINT('',(1.61195525202958,0.3,-3.475));
#11501=CARTESIAN_POINT('',(1.61195525202958,0.3,-3.475));
#11502=CARTESIAN_POINT('',(1.61195525202958,0.3,-3.475));
#11503=CARTESIAN_POINT('Origin',(1.01195525202958,0.3,-3.475));
#11504=CARTESIAN_POINT('',(1.01195525202958,0.3,-3.475));
#11505=CARTESIAN_POINT('Origin',(0.,0.3,0.));
#11506=CARTESIAN_POINT('',(0.,0.,0.));
#11507=CARTESIAN_POINT('',(0.,0.,0.));
#11508=CARTESIAN_POINT('',(0.,0.,0.));
#11509=CARTESIAN_POINT('Origin',(0.,3.55,0.));
#11510=CARTESIAN_POINT('',(3.42901103761259E-16,3.55,2.8));
#11511=CARTESIAN_POINT('',(-3.42901103761259E-16,3.55,-2.8));
#11512=CARTESIAN_POINT('Origin',(0.,3.55,0.));
#11513=CARTESIAN_POINT('Origin',(0.,3.55,0.));
#11514=CARTESIAN_POINT('',(-3.91886975727153E-16,3.95,-3.2));
#11515=CARTESIAN_POINT('',(-3.42901103761259E-16,3.55,-2.8));
#11516=CARTESIAN_POINT('Origin',(0.,3.95,0.));
#11517=CARTESIAN_POINT('Origin',(0.,3.95,0.));
#11518=CARTESIAN_POINT('',(-4.65365783675994E-16,3.05,3.8));
#11519=CARTESIAN_POINT('Origin',(0.,3.05,0.));
#11520=CARTESIAN_POINT('',(-4.65365783675994E-16,3.95,3.8));
#11521=CARTESIAN_POINT('',(-4.65365783675994E-16,3.95,3.8));
#11522=CARTESIAN_POINT('Origin',(0.,3.95,0.));
#11523=CARTESIAN_POINT('Origin',(0.,3.05,0.));
#11524=CARTESIAN_POINT('',(-3.42901103761259E-16,1.25,2.8));
#11525=CARTESIAN_POINT('',(-3.42901103761259E-16,3.05,2.8));
#11526=CARTESIAN_POINT('Origin',(0.,1.25,0.));
#11527=CARTESIAN_POINT('Origin',(-3.1,0.95,-3.1));
#11528=CARTESIAN_POINT('',(-2.76458980337503,0.95,-3.2));
#11529=CARTESIAN_POINT('',(-3.2,0.95,-2.76458980337503));
#11530=CARTESIAN_POINT('Origin',(-3.1,0.95,-3.1));
#11531=CARTESIAN_POINT('',(-3.2,0.6,-2.76458980337503));
#11532=CARTESIAN_POINT('',(-3.2,0.95,-2.76458980337503));
#11533=CARTESIAN_POINT('',(-2.76458980337503,0.6,-3.2));
#11534=CARTESIAN_POINT('Origin',(-3.1,0.6,-3.1));
#11535=CARTESIAN_POINT('',(-2.76458980337503,0.95,-3.2));
#11536=CARTESIAN_POINT('Origin',(3.1,0.95,-3.1));
#11537=CARTESIAN_POINT('',(3.2,0.95,-2.76458980337503));
#11538=CARTESIAN_POINT('',(2.76458980337503,0.95,-3.2));
#11539=CARTESIAN_POINT('Origin',(3.1,0.95,-3.1));
#11540=CARTESIAN_POINT('',(2.76458980337503,0.6,-3.2));
#11541=CARTESIAN_POINT('',(2.76458980337503,0.95,-3.2));
#11542=CARTESIAN_POINT('',(3.2,0.6,-2.76458980337503));
#11543=CARTESIAN_POINT('Origin',(3.1,0.6,-3.1));
#11544=CARTESIAN_POINT('',(3.2,0.95,-2.76458980337503));
#11545=CARTESIAN_POINT('Origin',(0.,3.05,0.));
#11546=CARTESIAN_POINT('',(-4.00000000000003,3.05,3.99999999999998));
#11547=CARTESIAN_POINT('',(3.99999999999998,3.05,3.99999999999995));
#11548=CARTESIAN_POINT('',(-4.00000000000003,3.05,3.99999999999998));
#11549=CARTESIAN_POINT('',(3.99999999999998,3.05,-4.00000000000003));
#11550=CARTESIAN_POINT('',(3.99999999999998,3.05,3.99999999999995));
#11551=CARTESIAN_POINT('',(-4.00000000000003,3.05,-4.00000000000003));
#11552=CARTESIAN_POINT('',(3.99999999999998,3.05,-4.00000000000003));
#11553=CARTESIAN_POINT('',(-4.00000000000003,3.05,-4.00000000000003));
#11554=CARTESIAN_POINT('Origin',(0.,0.,0.));
#11555=CARTESIAN_POINT('',(-4.00000000000003,0.,-4.00000000000003));
#11556=CARTESIAN_POINT('',(-4.00000000000003,0.,3.99999999999998));
#11557=CARTESIAN_POINT('',(-4.00000000000003,0.,-4.00000000000003));
#11558=CARTESIAN_POINT('',(3.99999999999998,0.,-4.00000000000003));
#11559=CARTESIAN_POINT('',(-4.00000000000003,0.,-4.00000000000003));
#11560=CARTESIAN_POINT('',(3.99999999999998,0.,3.99999999999995));
#11561=CARTESIAN_POINT('',(3.99999999999998,0.,-4.00000000000003));
#11562=CARTESIAN_POINT('',(-4.00000000000003,0.,3.99999999999998));
#11563=CARTESIAN_POINT('',(-3.70000000000003,0.,-3.70000000000003));
#11564=CARTESIAN_POINT('',(-3.70000000000003,0.,3.69999999999998));
#11565=CARTESIAN_POINT('',(-3.70000000000003,0.,-3.70000000000003));
#11566=CARTESIAN_POINT('',(3.69999999999998,0.,3.69999999999998));
#11567=CARTESIAN_POINT('',(-3.70000000000003,0.,3.69999999999998));
#11568=CARTESIAN_POINT('',(3.69999999999998,0.,-3.70000000000003));
#11569=CARTESIAN_POINT('',(3.69999999999998,0.,-3.70000000000003));
#11570=CARTESIAN_POINT('',(-3.70000000000003,0.,-3.70000000000003));
#11571=CARTESIAN_POINT('Origin',(-4.00000000000003,0.6,-4.00000000000003));
#11572=CARTESIAN_POINT('',(-4.00000000000003,0.6,3.99999999999998));
#11573=CARTESIAN_POINT('',(-4.00000000000003,0.6,-4.00000000000003));
#11574=CARTESIAN_POINT('Origin',(-4.00000000000003,0.6,3.99999999999998));
#11575=CARTESIAN_POINT('',(3.99999999999998,0.6,3.99999999999995));
#11576=CARTESIAN_POINT('Origin',(3.99999999999998,0.6,-4.00000000000003));
#11577=CARTESIAN_POINT('',(3.99999999999998,0.6,-4.00000000000003));
#11578=CARTESIAN_POINT('Origin',(-4.00000000000003,0.6,-4.00000000000003));
#11579=CARTESIAN_POINT('Origin',(-3.70000000000003,0.6,-3.70000000000003));
#11580=CARTESIAN_POINT('',(-3.70000000000003,0.6,-3.70000000000003));
#11581=CARTESIAN_POINT('',(-3.70000000000003,0.6,-3.70000000000003));
#11582=CARTESIAN_POINT('',(-3.70000000000003,0.6,3.69999999999998));
#11583=CARTESIAN_POINT('',(-3.70000000000003,0.6,-3.70000000000003));
#11584=CARTESIAN_POINT('',(-3.70000000000003,0.6,3.69999999999998));
#11585=CARTESIAN_POINT('Origin',(-3.70000000000003,0.6,3.69999999999998));
#11586=CARTESIAN_POINT('',(3.69999999999998,0.6,3.69999999999998));
#11587=CARTESIAN_POINT('',(-3.70000000000003,0.6,3.69999999999998));
#11588=CARTESIAN_POINT('',(3.69999999999998,0.6,3.69999999999998));
#11589=CARTESIAN_POINT('Origin',(3.69999999999998,0.6,-3.70000000000003));
#11590=CARTESIAN_POINT('',(3.69999999999998,0.6,-3.70000000000003));
#11591=CARTESIAN_POINT('',(3.69999999999998,0.6,-3.70000000000003));
#11592=CARTESIAN_POINT('',(3.69999999999998,0.6,-3.70000000000003));
#11593=CARTESIAN_POINT('Origin',(-3.70000000000003,0.6,-3.70000000000003));
#11594=CARTESIAN_POINT('',(-3.70000000000003,0.6,-3.70000000000003));
#11595=CARTESIAN_POINT('Origin',(0.,0.6,0.));
#11596=CARTESIAN_POINT('',(-2.76458980337503,0.6,-3.2));
#11597=CARTESIAN_POINT('',(-3.2,0.6,2.76458980337503));
#11598=CARTESIAN_POINT('',(-3.2,0.6,-2.76458980337503));
#11599=CARTESIAN_POINT('',(-2.76458980337503,0.6,3.2));
#11600=CARTESIAN_POINT('Origin',(-3.1,0.6,3.1));
#11601=CARTESIAN_POINT('',(2.76458980337503,0.6,3.2));
#11602=CARTESIAN_POINT('',(-2.76458980337503,0.6,3.2));
#11603=CARTESIAN_POINT('',(3.2,0.6,2.76458980337503));
#11604=CARTESIAN_POINT('Origin',(3.1,0.6,3.1));
#11605=CARTESIAN_POINT('',(3.2,0.6,-2.76458980337503));
#11606=CARTESIAN_POINT('Origin',(-2.76458980337503,0.95,-3.2));
#11607=CARTESIAN_POINT('',(-2.76458980337503,0.95,-3.2));
#11608=CARTESIAN_POINT('Origin',(-3.2,0.95,-2.76458980337503));
#11609=CARTESIAN_POINT('',(-3.2,0.95,2.76458980337503));
#11610=CARTESIAN_POINT('',(-3.2,0.95,-2.76458980337503));
#11611=CARTESIAN_POINT('',(-3.2,0.95,2.76458980337503));
#11612=CARTESIAN_POINT('Origin',(-3.1,0.95,3.1));
#11613=CARTESIAN_POINT('',(-2.76458980337503,0.95,3.2));
#11614=CARTESIAN_POINT('Origin',(-3.1,0.95,3.1));
#11615=CARTESIAN_POINT('',(-2.76458980337503,0.95,3.2));
#11616=CARTESIAN_POINT('Origin',(-2.76458980337503,0.95,3.2));
#11617=CARTESIAN_POINT('',(2.76458980337503,0.95,3.2));
#11618=CARTESIAN_POINT('',(-2.76458980337503,0.95,3.2));
#11619=CARTESIAN_POINT('',(2.76458980337503,0.95,3.2));
#11620=CARTESIAN_POINT('Origin',(3.1,0.95,3.1));
#11621=CARTESIAN_POINT('',(3.2,0.95,2.76458980337503));
#11622=CARTESIAN_POINT('Origin',(3.1,0.95,3.1));
#11623=CARTESIAN_POINT('',(3.2,0.95,2.76458980337503));
#11624=CARTESIAN_POINT('Origin',(3.2,0.95,-2.76458980337503));
#11625=CARTESIAN_POINT('',(3.2,0.95,-2.76458980337503));
#11626=CARTESIAN_POINT('Origin',(0.,1.25,0.));
#11627=CARTESIAN_POINT('',(-1.55,1.25,2.15));
#11628=CARTESIAN_POINT('',(1.55,1.25,2.15));
#11629=CARTESIAN_POINT('',(-1.55,1.25,2.15));
#11630=CARTESIAN_POINT('',(-2.15,1.25,1.55));
#11631=CARTESIAN_POINT('Origin',(-1.55,1.25,1.55));
#11632=CARTESIAN_POINT('',(-2.15,1.25,-1.55));
#11633=CARTESIAN_POINT('',(-2.15,1.25,-1.55));
#11634=CARTESIAN_POINT('',(-1.55,1.25,-2.15));
#11635=CARTESIAN_POINT('Origin',(-1.55,1.25,-1.55));
#11636=CARTESIAN_POINT('',(1.55,1.25,-2.15));
#11637=CARTESIAN_POINT('',(-1.55,1.25,-2.15));
#11638=CARTESIAN_POINT('',(2.15,1.25,-1.55));
#11639=CARTESIAN_POINT('Origin',(1.55,1.25,-1.55));
#11640=CARTESIAN_POINT('',(2.15,1.25,1.55));
#11641=CARTESIAN_POINT('',(2.15,1.25,-1.55));
#11642=CARTESIAN_POINT('Origin',(1.55,1.25,1.55));
#11643=CARTESIAN_POINT('Origin',(0.,0.95,0.));
#11644=CARTESIAN_POINT('',(-2.15,0.95,1.55));
#11645=CARTESIAN_POINT('',(-1.55,0.95,2.15));
#11646=CARTESIAN_POINT('Origin',(-1.55,0.95,1.55));
#11647=CARTESIAN_POINT('',(1.55,0.95,2.15));
#11648=CARTESIAN_POINT('',(-1.55,0.95,2.15));
#11649=CARTESIAN_POINT('',(2.15,0.95,1.55));
#11650=CARTESIAN_POINT('Origin',(1.55,0.95,1.55));
#11651=CARTESIAN_POINT('',(2.15,0.95,-1.55));
#11652=CARTESIAN_POINT('',(2.15,0.95,-1.55));
#11653=CARTESIAN_POINT('',(1.55,0.95,-2.15));
#11654=CARTESIAN_POINT('Origin',(1.55,0.95,-1.55));
#11655=CARTESIAN_POINT('',(-1.55,0.95,-2.15));
#11656=CARTESIAN_POINT('',(-1.55,0.95,-2.15));
#11657=CARTESIAN_POINT('',(-2.15,0.95,-1.55));
#11658=CARTESIAN_POINT('Origin',(-1.55,0.95,-1.55));
#11659=CARTESIAN_POINT('',(-2.15,0.95,-1.55));
#11660=CARTESIAN_POINT('Origin',(-1.55,1.25,1.55));
#11661=CARTESIAN_POINT('',(-2.15,1.25,1.55));
#11662=CARTESIAN_POINT('',(-1.55,1.25,2.15));
#11663=CARTESIAN_POINT('Origin',(-1.55,1.25,2.15));
#11664=CARTESIAN_POINT('',(1.55,1.25,2.15));
#11665=CARTESIAN_POINT('Origin',(1.55,1.25,1.55));
#11666=CARTESIAN_POINT('',(2.15,1.25,1.55));
#11667=CARTESIAN_POINT('Origin',(2.15,1.25,-1.55));
#11668=CARTESIAN_POINT('',(2.15,1.25,-1.55));
#11669=CARTESIAN_POINT('Origin',(1.55,1.25,-1.55));
#11670=CARTESIAN_POINT('',(1.55,1.25,-2.15));
#11671=CARTESIAN_POINT('Origin',(-1.55,1.25,-2.15));
#11672=CARTESIAN_POINT('',(-1.55,1.25,-2.15));
#11673=CARTESIAN_POINT('Origin',(-1.55,1.25,-1.55));
#11674=CARTESIAN_POINT('',(-2.15,1.25,-1.55));
#11675=CARTESIAN_POINT('Origin',(-2.15,1.25,-1.55));
#11676=CARTESIAN_POINT('Origin',(0.,3.95,0.));
#11677=CARTESIAN_POINT('',(0.,0.,0.));
#11678=CARTESIAN_POINT('',(0.,0.,0.));
#11679=CARTESIAN_POINT('',(0.,0.,0.));
#11680=CARTESIAN_POINT('Origin',(-3.15,0.35,-3.15));
#11681=CARTESIAN_POINT('',(-3.15,0.,-3.15));
#11682=CARTESIAN_POINT('',(-3.15,0.,3.15));
#11683=CARTESIAN_POINT('',(-3.15,0.,-3.15));
#11684=CARTESIAN_POINT('',(-3.15,0.35,3.15));
#11685=CARTESIAN_POINT('',(-3.15,0.35,3.15));
#11686=CARTESIAN_POINT('',(-3.15,0.35,-3.15));
#11687=CARTESIAN_POINT('',(-3.15,0.35,-3.15));
#11688=CARTESIAN_POINT('',(-3.15,0.35,-3.15));
#11689=CARTESIAN_POINT('Origin',(-3.15,0.35,3.15));
#11690=CARTESIAN_POINT('',(3.15,0.,3.15));
#11691=CARTESIAN_POINT('',(-3.15,0.,3.15));
#11692=CARTESIAN_POINT('',(3.15,0.35,3.15));
#11693=CARTESIAN_POINT('',(3.15,0.35,3.15));
#11694=CARTESIAN_POINT('',(-3.15,0.35,3.15));
#11695=CARTESIAN_POINT('Origin',(3.15,0.35,-3.15));
#11696=CARTESIAN_POINT('',(3.15,0.,-3.15));
#11697=CARTESIAN_POINT('',(3.15,0.,-3.15));
#11698=CARTESIAN_POINT('',(3.15,0.35,-3.15));
#11699=CARTESIAN_POINT('',(3.15,0.35,-3.15));
#11700=CARTESIAN_POINT('',(3.15,0.35,-3.15));
#11701=CARTESIAN_POINT('Origin',(-3.15,0.35,-3.15));
#11702=CARTESIAN_POINT('',(-3.15,0.,-3.15));
#11703=CARTESIAN_POINT('',(-3.15,0.35,-3.15));
#11704=CARTESIAN_POINT('Origin',(0.,0.35,0.));
#11705=CARTESIAN_POINT('Origin',(0.,0.,0.));
#11706=CARTESIAN_POINT('',(0.,0.,0.));
#11707=CARTESIAN_POINT('',(0.,0.,0.));
#11708=CARTESIAN_POINT('Origin',(0.,0.8,0.));
#11709=CARTESIAN_POINT('',(-7.65404249467095E-17,0.425,-0.625));
#11710=CARTESIAN_POINT('Origin',(0.,0.425,0.));
#11711=CARTESIAN_POINT('',(-1.22464679914735E-16,0.8,-1.));
#11712=CARTESIAN_POINT('',(-1.22464679914735E-16,0.8,-1.));
#11713=CARTESIAN_POINT('Origin',(0.,0.8,0.));
#11714=CARTESIAN_POINT('Origin',(0.,-1.478125,0.));
#11715=CARTESIAN_POINT('Origin',(0.,0.,0.));
#11716=CARTESIAN_POINT('',(-3.67394039744206E-16,-1.2,3.));
#11717=CARTESIAN_POINT('Origin',(0.,-1.2,0.));
#11718=CARTESIAN_POINT('',(-3.67394039744206E-16,-0.2,3.));
#11719=CARTESIAN_POINT('',(-3.67394039744206E-16,0.,3.));
#11720=CARTESIAN_POINT('Origin',(0.,-0.2,0.));
#11721=CARTESIAN_POINT('Origin',(0.,3.,0.));
#11722=CARTESIAN_POINT('',(-2.20436423846524E-16,-2.25,1.8));
#11723=CARTESIAN_POINT('Origin',(0.,-2.25,0.));
#11724=CARTESIAN_POINT('Origin',(0.,-2.25,0.));
#11725=CARTESIAN_POINT('',(-2.57175827820944E-16,-2.55,2.1));
#11726=CARTESIAN_POINT('',(-2.20436423846524E-16,-2.25,1.8));
#11727=CARTESIAN_POINT('Origin',(0.,-2.55,0.));
#11728=CARTESIAN_POINT('Origin',(0.,0.,0.));
#11729=CARTESIAN_POINT('',(-3.36777869765522E-16,-1.2,-2.75));
#11730=CARTESIAN_POINT('Origin',(0.,-1.2,0.));
#11731=CARTESIAN_POINT('',(-3.36777869765522E-16,-2.55,-2.75));
#11732=CARTESIAN_POINT('',(-3.36777869765522E-16,0.,-2.75));
#11733=CARTESIAN_POINT('Origin',(0.,-2.55,0.));
#11734=CARTESIAN_POINT('Origin',(0.,0.,0.));
#11735=CARTESIAN_POINT('',(1.9298798670242E-14,0.349999999999999,2.75));
#11736=CARTESIAN_POINT('',(1.9298798670242E-14,0.8,2.75));
#11737=CARTESIAN_POINT('',(1.9298798670242E-14,0.8,2.75));
#11738=CARTESIAN_POINT('',(-2.3815698604072,0.8,1.37500000000001));
#11739=CARTESIAN_POINT('Origin',(0.,0.8,0.));
#11740=CARTESIAN_POINT('',(-2.3815698604072,0.349999999999999,1.37500000000001));
#11741=CARTESIAN_POINT('',(-2.3815698604072,0.8,1.37500000000001));
#11742=CARTESIAN_POINT('',(-2.38156986040721,0.349999999999999,-1.37499999999999));
#11743=CARTESIAN_POINT('Origin',(0.,0.349999999999999,0.));
#11744=CARTESIAN_POINT('',(-2.38156986040721,0.8,-1.37499999999999));
#11745=CARTESIAN_POINT('',(-2.38156986040721,0.8,-1.37499999999999));
#11746=CARTESIAN_POINT('',(0.,0.8,-2.75));
#11747=CARTESIAN_POINT('Origin',(0.,0.8,0.));
#11748=CARTESIAN_POINT('',(0.,0.349999999999999,-2.75));
#11749=CARTESIAN_POINT('',(0.,0.8,-2.75));
#11750=CARTESIAN_POINT('',(-3.36777869765522E-16,-0.2,-2.75));
#11751=CARTESIAN_POINT('',(-3.36777869765522E-16,0.,-2.75));
#11752=CARTESIAN_POINT('Origin',(0.,-0.2,0.));
#11753=CARTESIAN_POINT('',(2.38156986040721,0.349999999999999,-1.37499999999999));
#11754=CARTESIAN_POINT('Origin',(0.,0.349999999999999,0.));
#11755=CARTESIAN_POINT('',(2.38156986040721,0.8,-1.37499999999999));
#11756=CARTESIAN_POINT('',(2.38156986040721,0.8,-1.37499999999999));
#11757=CARTESIAN_POINT('',(2.38156986040722,0.8,1.37499999999998));
#11758=CARTESIAN_POINT('Origin',(0.,0.8,0.));
#11759=CARTESIAN_POINT('',(2.38156986040722,0.349999999999999,1.37499999999998));
#11760=CARTESIAN_POINT('',(2.38156986040722,0.8,1.37499999999998));
#11761=CARTESIAN_POINT('Origin',(0.,0.349999999999999,0.));
#11762=CARTESIAN_POINT('Origin',(1.,0.8,0.));
#11763=CARTESIAN_POINT('',(1.60461921527855E-14,0.8,2.3));
#11764=CARTESIAN_POINT('',(1.60461921527855E-14,0.8,2.3));
#11765=CARTESIAN_POINT('',(1.99185842870422,0.8,1.14999999999998));
#11766=CARTESIAN_POINT('Origin',(0.,0.8,0.));
#11767=CARTESIAN_POINT('',(1.99185842870422,0.8,1.14999999999998));
#11768=CARTESIAN_POINT('',(1.99185842870421,0.8,-1.15));
#11769=CARTESIAN_POINT('',(1.99185842870421,0.8,-1.15));
#11770=CARTESIAN_POINT('',(0.,0.8,-2.3));
#11771=CARTESIAN_POINT('Origin',(0.,0.8,0.));
#11772=CARTESIAN_POINT('',(0.,0.8,-2.3));
#11773=CARTESIAN_POINT('',(-1.99185842870421,0.8,-1.15));
#11774=CARTESIAN_POINT('',(-1.99185842870421,0.8,-1.15));
#11775=CARTESIAN_POINT('',(-1.9918584287042,0.8,1.15000000000001));
#11776=CARTESIAN_POINT('Origin',(0.,0.8,0.));
#11777=CARTESIAN_POINT('',(-1.9918584287042,0.8,1.15000000000001));
#11778=CARTESIAN_POINT('Origin',(2.75,-2.55,0.));
#11779=CARTESIAN_POINT('Origin',(2.75,-1.2,0.));
#11780=CARTESIAN_POINT('Origin',(2.75,-0.2,0.));
#11781=CARTESIAN_POINT('Origin',(0.,0.8,0.));
#11782=CARTESIAN_POINT('',(2.38156986040721,0.349999999999999,-1.37499999999999));
#11783=CARTESIAN_POINT('',(0.,0.349999999999999,-2.75));
#11784=CARTESIAN_POINT('Origin',(0.,0.,0.));
#11785=CARTESIAN_POINT('Origin',(0.,0.,0.));
#11786=CARTESIAN_POINT('Origin',(0.,0.8,0.));
#11787=CARTESIAN_POINT('',(-2.38156986040721,0.349999999999999,-1.37499999999999));
#11788=CARTESIAN_POINT('',(-2.3815698604072,0.349999999999999,1.37500000000001));
#11789=CARTESIAN_POINT('Origin',(0.,0.,0.));
#11790=CARTESIAN_POINT('Origin',(0.,0.,0.));
#11791=CARTESIAN_POINT('Origin',(0.,0.8,0.));
#11792=CARTESIAN_POINT('',(1.9298798670242E-14,0.349999999999999,2.75));
#11793=CARTESIAN_POINT('',(2.38156986040722,0.349999999999999,1.37499999999998));
#11794=CARTESIAN_POINT('Origin',(0.,0.,0.));
#11795=CARTESIAN_POINT('Origin',(0.,0.,0.));
#11796=CARTESIAN_POINT('',(0.,0.,0.));
#11797=CARTESIAN_POINT('Origin',(0.,0.547843022465262,7.74213394577779));
#11798=CARTESIAN_POINT('',(-2.8,0.547843022465262,7.74213394577779));
#11799=CARTESIAN_POINT('',(-2.8,0.448301222298696,7.75169585037883));
#11800=CARTESIAN_POINT('',(-2.8,0.547843022465262,7.74213394577779));
#11801=CARTESIAN_POINT('',(2.8,0.448301222298696,7.75169585037883));
#11802=CARTESIAN_POINT('',(-2.8,0.448301222298696,7.75169585037883));
#11803=CARTESIAN_POINT('',(2.8,0.547843022465263,7.74213394577779));
#11804=CARTESIAN_POINT('',(2.8,0.547843022465263,7.74213394577779));
#11805=CARTESIAN_POINT('',(-2.8,0.547843022465262,7.74213394577779));
#11806=CARTESIAN_POINT('Origin',(0.,0.,3.99999999999998));
#11807=CARTESIAN_POINT('',(-2.8,0.,3.99999999999998));
#11808=CARTESIAN_POINT('',(-2.8,-0.0999999999999998,3.99999999999998));
#11809=CARTESIAN_POINT('',(-2.8,0.,3.99999999999998));
#11810=CARTESIAN_POINT('',(2.8,1.0842021724855E-15,3.99999999999998));
#11811=CARTESIAN_POINT('',(-2.8,0.,3.99999999999998));
#11812=CARTESIAN_POINT('',(2.8,-0.0999999999999998,3.99999999999998));
#11813=CARTESIAN_POINT('',(2.8,1.0842021724855E-15,3.99999999999998));
#11814=CARTESIAN_POINT('',(-2.8,-0.0999999999999998,3.99999999999998));
#11815=CARTESIAN_POINT('Ctrl Pts',(2.8,1.0842021724855E-15,3.99999999999998));
#11816=CARTESIAN_POINT('Ctrl Pts',(-3.92,-2.16840434497101E-16,3.99999999999998));
#11817=CARTESIAN_POINT('Ctrl Pts',(2.8,-0.024628468128532,4.25638846601688));
#11818=CARTESIAN_POINT('Ctrl Pts',(-3.92,-0.0246284681285333,4.25638846601688));
#11819=CARTESIAN_POINT('Ctrl Pts',(2.8,-0.0386180157529813,4.72259081002346));
#11820=CARTESIAN_POINT('Ctrl Pts',(-3.92,-0.0386180157529826,4.72259081002346));
#11821=CARTESIAN_POINT('Ctrl Pts',(2.8,0.0194715301087126,5.3120111853385));
#11822=CARTESIAN_POINT('Ctrl Pts',(-3.92,0.0194715301087112,5.3120111853385));
#11823=CARTESIAN_POINT('Ctrl Pts',(2.8,0.129906644668738,5.82138904334296));
#11824=CARTESIAN_POINT('Ctrl Pts',(-3.92,0.129906644668737,5.82138904334296));
#11825=CARTESIAN_POINT('Ctrl Pts',(2.8,0.291873769263778,6.3680270958267));
#11826=CARTESIAN_POINT('Ctrl Pts',(-3.92,0.291873769263777,6.3680270958267));
#11827=CARTESIAN_POINT('Ctrl Pts',(2.8,0.477782991355757,6.96597559310496));
#11828=CARTESIAN_POINT('Ctrl Pts',(-3.92,0.477782991355756,6.96597559310496));
#11829=CARTESIAN_POINT('Ctrl Pts',(2.8,0.547843022465264,7.46326880544397));
#11830=CARTESIAN_POINT('Ctrl Pts',(-3.92,0.547843022465263,7.46326880544397));
#11831=CARTESIAN_POINT('Ctrl Pts',(2.8,0.547843022465264,7.74213394577779));
#11832=CARTESIAN_POINT('Ctrl Pts',(-3.92,0.547843022465262,7.74213394577779));
#11833=CARTESIAN_POINT('Ctrl Pts',(-2.8,0.,3.99999999999998));
#11834=CARTESIAN_POINT('Ctrl Pts',(-2.8,-0.175917629489522,5.83134618583499));
#11835=CARTESIAN_POINT('Ctrl Pts',(-2.79999999999995,0.547843022465263,
6.47456512607763));
#11836=CARTESIAN_POINT('Ctrl Pts',(-2.8,0.547843022465262,7.74213394577779));
#11837=CARTESIAN_POINT('Ctrl Pts',(2.8,1.0842021724855E-15,3.99999999999998));
#11838=CARTESIAN_POINT('Ctrl Pts',(2.8,-0.175917629489521,5.83134618583499));
#11839=CARTESIAN_POINT('Ctrl Pts',(2.79999999999995,0.547843022465265,6.47456512607763));
#11840=CARTESIAN_POINT('Ctrl Pts',(2.8,0.547843022465263,7.74213394577779));
#11841=CARTESIAN_POINT('Origin',(2.8,-0.0999999999999998,3.99999999999998));
#11842=CARTESIAN_POINT('Ctrl Pts',(2.8,-0.0999999999999998,3.99999999999998));
#11843=CARTESIAN_POINT('Ctrl Pts',(2.8,-0.124487822602086,4.2605128606233));
#11844=CARTESIAN_POINT('Ctrl Pts',(2.8,-0.13819607917364,4.73496399384273));
#11845=CARTESIAN_POINT('Ctrl Pts',(2.8,-0.0775684463145837,5.33705516657012));
#11846=CARTESIAN_POINT('Ctrl Pts',(2.8,0.0359942616894103,5.85609097163903));
#11847=CARTESIAN_POINT('Ctrl Pts',(2.8,0.200282397231649,6.40790162664091));
#11848=CARTESIAN_POINT('Ctrl Pts',(2.8,0.38279321622902,6.99976726735009));
#11849=CARTESIAN_POINT('Ctrl Pts',(2.8,0.449818563978634,7.48090729992634));
#11850=CARTESIAN_POINT('Ctrl Pts',(2.8,0.448301222298696,7.75169585037883));
#11851=CARTESIAN_POINT('Ctrl Pts',(-2.8,-0.0999999999999998,3.99999999999998));
#11852=CARTESIAN_POINT('Ctrl Pts',(3.92,-0.0999999999999998,3.99999999999998));
#11853=CARTESIAN_POINT('Ctrl Pts',(-2.8,-0.124487822602086,4.2605128606233));
#11854=CARTESIAN_POINT('Ctrl Pts',(3.92,-0.124487822602086,4.2605128606233));
#11855=CARTESIAN_POINT('Ctrl Pts',(-2.8,-0.13819607917364,4.73496399384273));
#11856=CARTESIAN_POINT('Ctrl Pts',(3.92,-0.13819607917364,4.73496399384273));
#11857=CARTESIAN_POINT('Ctrl Pts',(-2.8,-0.0775684463145837,5.33705516657012));
#11858=CARTESIAN_POINT('Ctrl Pts',(3.92,-0.0775684463145837,5.33705516657012));
#11859=CARTESIAN_POINT('Ctrl Pts',(-2.8,0.0359942616894103,5.85609097163903));
#11860=CARTESIAN_POINT('Ctrl Pts',(3.92,0.0359942616894103,5.85609097163903));
#11861=CARTESIAN_POINT('Ctrl Pts',(-2.8,0.200282397231649,6.40790162664091));
#11862=CARTESIAN_POINT('Ctrl Pts',(3.92,0.200282397231649,6.40790162664091));
#11863=CARTESIAN_POINT('Ctrl Pts',(-2.8,0.38279321622902,6.99976726735009));
#11864=CARTESIAN_POINT('Ctrl Pts',(3.92,0.38279321622902,6.99976726735009));
#11865=CARTESIAN_POINT('Ctrl Pts',(-2.8,0.449818563978634,7.48090729992634));
#11866=CARTESIAN_POINT('Ctrl Pts',(3.92,0.449818563978634,7.48090729992634));
#11867=CARTESIAN_POINT('Ctrl Pts',(-2.8,0.448301222298696,7.75169585037883));
#11868=CARTESIAN_POINT('Ctrl Pts',(3.92,0.448301222298696,7.75169585037883));
#11869=CARTESIAN_POINT('Ctrl Pts',(-2.8,-0.0999999999999998,3.99999999999998));
#11870=CARTESIAN_POINT('Ctrl Pts',(-2.8,-0.124487822602086,4.2605128606233));
#11871=CARTESIAN_POINT('Ctrl Pts',(-2.8,-0.13819607917364,4.73496399384273));
#11872=CARTESIAN_POINT('Ctrl Pts',(-2.8,-0.0775684463145837,5.33705516657012));
#11873=CARTESIAN_POINT('Ctrl Pts',(-2.8,0.0359942616894103,5.85609097163903));
#11874=CARTESIAN_POINT('Ctrl Pts',(-2.8,0.200282397231649,6.40790162664091));
#11875=CARTESIAN_POINT('Ctrl Pts',(-2.8,0.38279321622902,6.99976726735009));
#11876=CARTESIAN_POINT('Ctrl Pts',(-2.8,0.449818563978634,7.48090729992634));
#11877=CARTESIAN_POINT('Ctrl Pts',(-2.8,0.448301222298696,7.75169585037883));
#11878=CARTESIAN_POINT('Origin',(-2.8,0.,3.99999999999998));
#11879=CARTESIAN_POINT('Origin',(3.3,0.748301222298696,8.25169585037883));
#11880=CARTESIAN_POINT('',(3.3,0.448301222298696,7.75169585037883));
#11881=CARTESIAN_POINT('',(3.8,0.448301222298696,8.25169585037883));
#11882=CARTESIAN_POINT('Origin',(3.3,0.448301222298696,8.25169585037883));
#11883=CARTESIAN_POINT('',(3.3,0.748301222298696,7.75169585037883));
#11884=CARTESIAN_POINT('',(3.3,0.748301222298696,7.75169585037883));
#11885=CARTESIAN_POINT('',(3.8,0.748301222298696,8.25169585037883));
#11886=CARTESIAN_POINT('Origin',(3.3,0.748301222298696,8.25169585037883));
#11887=CARTESIAN_POINT('',(3.8,0.748301222298696,8.25169585037883));
#11888=CARTESIAN_POINT('Origin',(-3.3,0.748301222298696,7.75169585037883));
#11889=CARTESIAN_POINT('',(-3.3,0.448301222298696,7.75169585037883));
#11890=CARTESIAN_POINT('',(-3.3,0.448301222298696,7.75169585037883));
#11891=CARTESIAN_POINT('',(-3.3,0.748301222298696,7.75169585037883));
#11892=CARTESIAN_POINT('',(-3.3,0.748301222298696,7.75169585037883));
#11893=CARTESIAN_POINT('',(-3.3,0.748301222298696,7.75169585037883));
#11894=CARTESIAN_POINT('Origin',(-3.3,0.748301222298696,8.25169585037883));
#11895=CARTESIAN_POINT('',(-3.8,0.448301222298696,8.25169585037883));
#11896=CARTESIAN_POINT('Origin',(-3.3,0.448301222298696,8.25169585037883));
#11897=CARTESIAN_POINT('',(-3.8,0.748301222298696,8.25169585037883));
#11898=CARTESIAN_POINT('',(-3.8,0.748301222298696,8.25169585037883));
#11899=CARTESIAN_POINT('Origin',(-3.3,0.748301222298696,8.25169585037883));
#11900=CARTESIAN_POINT('Origin',(-3.8,0.748301222298696,12.2516958503788));
#11901=CARTESIAN_POINT('',(-3.8,0.448301222298696,12.2516958503788));
#11902=CARTESIAN_POINT('',(-3.8,0.448301222298696,12.2516958503788));
#11903=CARTESIAN_POINT('',(-3.8,0.748301222298696,12.2516958503788));
#11904=CARTESIAN_POINT('',(-3.8,0.748301222298696,12.2516958503788));
#11905=CARTESIAN_POINT('',(-3.8,0.748301222298696,12.2516958503788));
#11906=CARTESIAN_POINT('Origin',(-3.3,0.748301222298696,12.2516958503788));
#11907=CARTESIAN_POINT('',(-3.3,0.448301222298696,12.7516958503788));
#11908=CARTESIAN_POINT('Origin',(-3.3,0.448301222298696,12.2516958503788));
#11909=CARTESIAN_POINT('',(-3.3,0.748301222298696,12.7516958503788));
#11910=CARTESIAN_POINT('',(-3.3,0.748301222298696,12.7516958503788));
#11911=CARTESIAN_POINT('Origin',(-3.3,0.748301222298696,12.2516958503788));
#11912=CARTESIAN_POINT('Origin',(-3.3,0.748301222298696,12.7516958503788));
#11913=CARTESIAN_POINT('',(3.3,0.448301222298696,12.7516958503788));
#11914=CARTESIAN_POINT('',(-3.3,0.448301222298696,12.7516958503788));
#11915=CARTESIAN_POINT('',(3.3,0.748301222298696,12.7516958503788));
#11916=CARTESIAN_POINT('',(3.3,0.748301222298696,12.7516958503788));
#11917=CARTESIAN_POINT('',(-3.3,0.748301222298696,12.7516958503788));
#11918=CARTESIAN_POINT('Origin',(3.3,0.748301222298696,12.2516958503788));
#11919=CARTESIAN_POINT('',(3.8,0.448301222298696,12.2516958503788));
#11920=CARTESIAN_POINT('Origin',(3.3,0.448301222298696,12.2516958503788));
#11921=CARTESIAN_POINT('',(3.8,0.748301222298696,12.2516958503788));
#11922=CARTESIAN_POINT('',(3.8,0.748301222298696,12.2516958503788));
#11923=CARTESIAN_POINT('Origin',(3.3,0.748301222298696,12.2516958503788));
#11924=CARTESIAN_POINT('Origin',(3.8,0.748301222298696,12.2516958503788));
#11925=CARTESIAN_POINT('',(3.8,0.448301222298696,12.2516958503788));
#11926=CARTESIAN_POINT('',(3.8,0.748301222298696,12.2516958503788));
#11927=CARTESIAN_POINT('Origin',(3.3,0.748301222298696,8.25169585037883));
#11928=CARTESIAN_POINT('Origin',(3.3,0.448301222298696,8.25169585037883));
#11929=CARTESIAN_POINT('',(3.5,0.448301222298696,8.40169585037883));
#11930=CARTESIAN_POINT('',(3.5,0.448301222298696,12.1016958503788));
#11931=CARTESIAN_POINT('',(3.5,0.448301222298696,12.1016958503788));
#11932=CARTESIAN_POINT('',(-3.5,0.448301222298696,8.40169585037883));
#11933=CARTESIAN_POINT('',(3.5,0.448301222298696,8.40169585037883));
#11934=CARTESIAN_POINT('',(-3.5,0.448301222298696,12.1016958503788));
#11935=CARTESIAN_POINT('',(-3.5,0.448301222298696,12.1016958503788));
#11936=CARTESIAN_POINT('',(3.5,0.448301222298696,12.1016958503788));
#11937=CARTESIAN_POINT('Origin',(3.5,0.448301222298696,12.1016958503788));
#11938=CARTESIAN_POINT('',(-3.5,-0.551698777701304,12.1016958503788));
#11939=CARTESIAN_POINT('',(-3.5,0.448301222298696,12.1016958503788));
#11940=CARTESIAN_POINT('',(3.5,-0.551698777701304,12.1016958503788));
#11941=CARTESIAN_POINT('',(3.5,-0.551698777701304,12.1016958503788));
#11942=CARTESIAN_POINT('',(3.5,0.448301222298696,12.1016958503788));
#11943=CARTESIAN_POINT('Origin',(3.5,-0.551698777701304,12.1016958503788));
#11944=CARTESIAN_POINT('',(-3.5,-0.551698777701304,8.40169585037883));
#11945=CARTESIAN_POINT('',(-3.5,-0.551698777701304,12.1016958503788));
#11946=CARTESIAN_POINT('',(3.5,-0.551698777701304,8.40169585037883));
#11947=CARTESIAN_POINT('',(3.5,-0.551698777701304,8.40169585037883));
#11948=CARTESIAN_POINT('',(3.5,-0.551698777701304,12.1016958503788));
#11949=CARTESIAN_POINT('Origin',(3.5,0.448301222298696,8.40169585037883));
#11950=CARTESIAN_POINT('',(-3.5,0.448301222298696,8.40169585037883));
#11951=CARTESIAN_POINT('',(3.5,0.448301222298696,8.40169585037883));
#11952=CARTESIAN_POINT('Origin',(3.5,0.,0.));
#11953=CARTESIAN_POINT('Origin',(-3.5,0.,0.));
#11954=CARTESIAN_POINT('',(0.32,0.,-0.174999999999983));
#11955=CARTESIAN_POINT('',(0.,0.,0.));
#11956=CARTESIAN_POINT('',(0.,0.949999999999998,0.));
#11957=CARTESIAN_POINT('',(0.,3.95,0.));
#11958=CARTESIAN_POINT('',(0.,0.,0.));
#11959=CARTESIAN_POINT('',(0.,-0.551698777701302,0.));
#11960=CARTESIAN_POINT('',(0.0315237349207739,-0.351698777701301,0.0586206721381188));
#11961=CARTESIAN_POINT('Origin',(0.,0.,200.));
#11962=CARTESIAN_POINT('',(-15.,1.83697019872103E-15,200.));
#11963=CARTESIAN_POINT('Origin',(0.,0.,200.));
#11964=CARTESIAN_POINT('Origin',(10.,0.,360.));
#11965=CARTESIAN_POINT('',(10.,11.1803398874989,340.));
#11966=CARTESIAN_POINT('',(10.,11.1803398874989,360.));
#11967=CARTESIAN_POINT('',(10.,11.1803398874989,0.));
#11968=CARTESIAN_POINT('',(10.,30.,340.));
#11969=CARTESIAN_POINT('',(10.,0.,340.));
#11970=CARTESIAN_POINT('',(10.,30.,360.));
#11971=CARTESIAN_POINT('',(10.,30.,360.));
#11972=CARTESIAN_POINT('',(10.,0.,360.));
#11973=CARTESIAN_POINT('Origin',(10.,0.,340.));
#11974=CARTESIAN_POINT('',(-10.,11.1803398874989,340.));
#11975=CARTESIAN_POINT('Origin',(0.,0.,340.));
#11976=CARTESIAN_POINT('',(-10.,30.,340.));
#11977=CARTESIAN_POINT('',(-10.,0.,340.));
#11978=CARTESIAN_POINT('',(10.,30.,340.));
#11979=CARTESIAN_POINT('Origin',(-10.,0.,360.));
#11980=CARTESIAN_POINT('',(-10.,11.1803398874989,360.));
#11981=CARTESIAN_POINT('Origin',(0.,0.,360.));
#11982=CARTESIAN_POINT('',(-10.,30.,360.));
#11983=CARTESIAN_POINT('',(-10.,30.,360.));
#11984=CARTESIAN_POINT('',(-10.,0.,360.));
#11985=CARTESIAN_POINT('Origin',(-10.,0.,340.));
#11986=CARTESIAN_POINT('',(-10.,11.1803398874989,0.));
#11987=CARTESIAN_POINT('',(-10.,30.,340.));
#11988=CARTESIAN_POINT('Origin',(0.,30.,350.));
#11989=CARTESIAN_POINT('Origin',(0.,0.,0.));
#11990=CARTESIAN_POINT('',(-15.,-1.83697019872103E-15,400.));
#11991=CARTESIAN_POINT('Origin',(0.,0.,400.));
#11992=CARTESIAN_POINT('',(-15.,-1.83697019872103E-15,0.));
#11993=CARTESIAN_POINT('Origin',(0.,0.,400.));
#11994=CARTESIAN_POINT('',(8.88178419700125E-15,31.4516987777013,352.5));
#11995=UNCERTAINTY_MEASURE_WITH_UNIT(LENGTH_MEASURE(0.01),#12023,
'DISTANCE_ACCURACY_VALUE',
'Maximum model space distance between geometric entities at asserted c
onnectivities');
#11996=UNCERTAINTY_MEASURE_WITH_UNIT(LENGTH_MEASURE(0.01),#12023,
'DISTANCE_ACCURACY_VALUE',
'Maximum model space distance between geometric entities at asserted c
onnectivities');
#11997=UNCERTAINTY_MEASURE_WITH_UNIT(LENGTH_MEASURE(0.01),#12023,
'DISTANCE_ACCURACY_VALUE',
'Maximum model space distance between geometric entities at asserted c
onnectivities');
#11998=UNCERTAINTY_MEASURE_WITH_UNIT(LENGTH_MEASURE(0.01),#12023,
'DISTANCE_ACCURACY_VALUE',
'Maximum model space distance between geometric entities at asserted c
onnectivities');
#11999=UNCERTAINTY_MEASURE_WITH_UNIT(LENGTH_MEASURE(0.01),#12023,
'DISTANCE_ACCURACY_VALUE',
'Maximum model space distance between geometric entities at asserted c
onnectivities');
#12000=UNCERTAINTY_MEASURE_WITH_UNIT(LENGTH_MEASURE(0.01),#12023,
'DISTANCE_ACCURACY_VALUE',
'Maximum model space distance between geometric entities at asserted c
onnectivities');
#12001=UNCERTAINTY_MEASURE_WITH_UNIT(LENGTH_MEASURE(0.01),#12023,
'DISTANCE_ACCURACY_VALUE',
'Maximum model space distance between geometric entities at asserted c
onnectivities');
#12002=UNCERTAINTY_MEASURE_WITH_UNIT(LENGTH_MEASURE(0.01),#12023,
'DISTANCE_ACCURACY_VALUE',
'Maximum model space distance between geometric entities at asserted c
onnectivities');
#12003=UNCERTAINTY_MEASURE_WITH_UNIT(LENGTH_MEASURE(0.01),#12023,
'DISTANCE_ACCURACY_VALUE',
'Maximum model space distance between geometric entities at asserted c
onnectivities');
#12004=UNCERTAINTY_MEASURE_WITH_UNIT(LENGTH_MEASURE(0.01),#12023,
'DISTANCE_ACCURACY_VALUE',
'Maximum model space distance between geometric entities at asserted c
onnectivities');
#12005=UNCERTAINTY_MEASURE_WITH_UNIT(LENGTH_MEASURE(0.01),#12023,
'DISTANCE_ACCURACY_VALUE',
'Maximum model space distance between geometric entities at asserted c
onnectivities');
#12006=UNCERTAINTY_MEASURE_WITH_UNIT(LENGTH_MEASURE(0.01),#12023,
'DISTANCE_ACCURACY_VALUE',
'Maximum model space distance between geometric entities at asserted c
onnectivities');
#12007=UNCERTAINTY_MEASURE_WITH_UNIT(LENGTH_MEASURE(0.01),#12023,
'DISTANCE_ACCURACY_VALUE',
'Maximum model space distance between geometric entities at asserted c
onnectivities');
#12008=UNCERTAINTY_MEASURE_WITH_UNIT(LENGTH_MEASURE(0.01),#12023,
'DISTANCE_ACCURACY_VALUE',
'Maximum model space distance between geometric entities at asserted c
onnectivities');
#12009=(
GEOMETRIC_REPRESENTATION_CONTEXT(3)
GLOBAL_UNCERTAINTY_ASSIGNED_CONTEXT((#11995))
GLOBAL_UNIT_ASSIGNED_CONTEXT((#12023,#12025,#12026))
REPRESENTATION_CONTEXT('','3D')
);
#12010=(
GEOMETRIC_REPRESENTATION_CONTEXT(3)
GLOBAL_UNCERTAINTY_ASSIGNED_CONTEXT((#11996))
GLOBAL_UNIT_ASSIGNED_CONTEXT((#12023,#12025,#12026))
REPRESENTATION_CONTEXT('','3D')
);
#12011=(
GEOMETRIC_REPRESENTATION_CONTEXT(3)
GLOBAL_UNCERTAINTY_ASSIGNED_CONTEXT((#11997))
GLOBAL_UNIT_ASSIGNED_CONTEXT((#12023,#12025,#12026))
REPRESENTATION_CONTEXT('','3D')
);
#12012=(
GEOMETRIC_REPRESENTATION_CONTEXT(3)
GLOBAL_UNCERTAINTY_ASSIGNED_CONTEXT((#11998))
GLOBAL_UNIT_ASSIGNED_CONTEXT((#12023,#12025,#12026))
REPRESENTATION_CONTEXT('','3D')
);
#12013=(
GEOMETRIC_REPRESENTATION_CONTEXT(3)
GLOBAL_UNCERTAINTY_ASSIGNED_CONTEXT((#11999))
GLOBAL_UNIT_ASSIGNED_CONTEXT((#12023,#12025,#12026))
REPRESENTATION_CONTEXT('','3D')
);
#12014=(
GEOMETRIC_REPRESENTATION_CONTEXT(3)
GLOBAL_UNCERTAINTY_ASSIGNED_CONTEXT((#12000))
GLOBAL_UNIT_ASSIGNED_CONTEXT((#12023,#12025,#12026))
REPRESENTATION_CONTEXT('','3D')
);
#12015=(
GEOMETRIC_REPRESENTATION_CONTEXT(3)
GLOBAL_UNCERTAINTY_ASSIGNED_CONTEXT((#12001))
GLOBAL_UNIT_ASSIGNED_CONTEXT((#12023,#12025,#12026))
REPRESENTATION_CONTEXT('','3D')
);
#12016=(
GEOMETRIC_REPRESENTATION_CONTEXT(3)
GLOBAL_UNCERTAINTY_ASSIGNED_CONTEXT((#12002))
GLOBAL_UNIT_ASSIGNED_CONTEXT((#12023,#12025,#12026))
REPRESENTATION_CONTEXT('','3D')
);
#12017=(
GEOMETRIC_REPRESENTATION_CONTEXT(3)
GLOBAL_UNCERTAINTY_ASSIGNED_CONTEXT((#12003))
GLOBAL_UNIT_ASSIGNED_CONTEXT((#12023,#12025,#12026))
REPRESENTATION_CONTEXT('','3D')
);
#12018=(
GEOMETRIC_REPRESENTATION_CONTEXT(3)
GLOBAL_UNCERTAINTY_ASSIGNED_CONTEXT((#12004))
GLOBAL_UNIT_ASSIGNED_CONTEXT((#12023,#12025,#12026))
REPRESENTATION_CONTEXT('','3D')
);
#12019=(
GEOMETRIC_REPRESENTATION_CONTEXT(3)
GLOBAL_UNCERTAINTY_ASSIGNED_CONTEXT((#12005))
GLOBAL_UNIT_ASSIGNED_CONTEXT((#12023,#12025,#12026))
REPRESENTATION_CONTEXT('','3D')
);
#12020=(
GEOMETRIC_REPRESENTATION_CONTEXT(3)
GLOBAL_UNCERTAINTY_ASSIGNED_CONTEXT((#12006))
GLOBAL_UNIT_ASSIGNED_CONTEXT((#12023,#12025,#12026))
REPRESENTATION_CONTEXT('','3D')
);
#12021=(
GEOMETRIC_REPRESENTATION_CONTEXT(3)
GLOBAL_UNCERTAINTY_ASSIGNED_CONTEXT((#12007))
GLOBAL_UNIT_ASSIGNED_CONTEXT((#12023,#12025,#12026))
REPRESENTATION_CONTEXT('','3D')
);
#12022=(
GEOMETRIC_REPRESENTATION_CONTEXT(3)
GLOBAL_UNCERTAINTY_ASSIGNED_CONTEXT((#12008))
GLOBAL_UNIT_ASSIGNED_CONTEXT((#12023,#12025,#12026))
REPRESENTATION_CONTEXT('','3D')
);
#12023=(
LENGTH_UNIT()
NAMED_UNIT(*)
SI_UNIT(.MILLI.,.METRE.)
);
#12024=(
LENGTH_UNIT()
NAMED_UNIT(*)
SI_UNIT($,.METRE.)
);
#12025=(
NAMED_UNIT(*)
PLANE_ANGLE_UNIT()
SI_UNIT($,.RADIAN.)
);
#12026=(
NAMED_UNIT(*)
SI_UNIT($,.STERADIAN.)
SOLID_ANGLE_UNIT()
);
#12027=SHAPE_DEFINITION_REPRESENTATION(#12040,#12065);
#12028=SHAPE_DEFINITION_REPRESENTATION(#12041,#12066);
#12029=SHAPE_DEFINITION_REPRESENTATION(#12042,#12067);
#12030=SHAPE_DEFINITION_REPRESENTATION(#12043,#12068);
#12031=SHAPE_DEFINITION_REPRESENTATION(#12045,#12069);
#12032=SHAPE_DEFINITION_REPRESENTATION(#12046,#12070);
#12033=SHAPE_DEFINITION_REPRESENTATION(#12047,#12071);
#12034=SHAPE_DEFINITION_REPRESENTATION(#12049,#12072);
#12035=SHAPE_DEFINITION_REPRESENTATION(#12050,#12073);
#12036=SHAPE_DEFINITION_REPRESENTATION(#12052,#12074);
#12037=SHAPE_DEFINITION_REPRESENTATION(#12053,#12075);
#12038=SHAPE_DEFINITION_REPRESENTATION(#12055,#12076);
#12039=SHAPE_DEFINITION_REPRESENTATION(#12056,#12077);
#12040=PRODUCT_DEFINITION_SHAPE('',$,#12079);
#12041=PRODUCT_DEFINITION_SHAPE('',$,#12080);
#12042=PRODUCT_DEFINITION_SHAPE('',$,#12081);
#12043=PRODUCT_DEFINITION_SHAPE('',$,#12082);
#12044=PRODUCT_DEFINITION_SHAPE($,$,#237);
#12045=PRODUCT_DEFINITION_SHAPE('',$,#12083);
#12046=PRODUCT_DEFINITION_SHAPE('',$,#12084);
#12047=PRODUCT_DEFINITION_SHAPE('',$,#12085);
#12048=PRODUCT_DEFINITION_SHAPE($,$,#238);
#12049=PRODUCT_DEFINITION_SHAPE('',$,#12086);
#12050=PRODUCT_DEFINITION_SHAPE('',$,#12087);
#12051=PRODUCT_DEFINITION_SHAPE($,$,#239);
#12052=PRODUCT_DEFINITION_SHAPE('',$,#12088);
#12053=PRODUCT_DEFINITION_SHAPE('',$,#12089);
#12054=PRODUCT_DEFINITION_SHAPE($,$,#240);
#12055=PRODUCT_DEFINITION_SHAPE('',$,#12090);
#12056=PRODUCT_DEFINITION_SHAPE('',$,#12091);
#12057=PRODUCT_DEFINITION_SHAPE($,$,#241);
#12058=PRODUCT_DEFINITION_SHAPE($,$,#242);
#12059=PRODUCT_DEFINITION_SHAPE($,$,#243);
#12060=PRODUCT_DEFINITION_SHAPE($,$,#244);
#12061=PRODUCT_DEFINITION_SHAPE($,$,#245);
#12062=PRODUCT_DEFINITION_SHAPE($,$,#246);
#12063=PRODUCT_DEFINITION_SHAPE($,$,#247);
#12064=PRODUCT_DEFINITION_SHAPE($,$,#248);
#12065=SHAPE_REPRESENTATION('',(#6787,#7626),#12009);
#12066=SHAPE_REPRESENTATION('',(#6788,#7612,#7613),#12010);
#12067=SHAPE_REPRESENTATION('',(#6789,#6823),#12011);
#12068=SHAPE_REPRESENTATION('',(#6790),#12012);
#12069=SHAPE_REPRESENTATION('',(#6824,#7607,#7608,#7609,#7610,#7611),#12013);
#12070=SHAPE_REPRESENTATION('',(#6825,#7472),#12014);
#12071=SHAPE_REPRESENTATION('',(#6826),#12015);
#12072=SHAPE_REPRESENTATION('',(#7473,#7530),#12016);
#12073=SHAPE_REPRESENTATION('',(#7474),#12017);
#12074=SHAPE_REPRESENTATION('',(#7531,#7539),#12018);
#12075=SHAPE_REPRESENTATION('',(#7532),#12019);
#12076=SHAPE_REPRESENTATION('',(#7540),#12020);
#12077=SHAPE_REPRESENTATION('',(#7579),#12021);
#12078=PRODUCT_DEFINITION_CONTEXT('part definition',#12119,'design');
#12079=PRODUCT_DEFINITION('cameraaaa','cameraaaa v5',#12092,#12078);
#12080=PRODUCT_DEFINITION('RasPi_Camera','RasPi_Camera v2',#12093,#12078);
#12081=PRODUCT_DEFINITION('RasPi_Camera_Board_Standard',
'RasPi_Camera_Board_Standard',#12094,#12078);
#12082=PRODUCT_DEFINITION('Component8','Component8',#12095,#12078);
#12083=PRODUCT_DEFINITION('OVA5647_FOV','OVA5647_FOV',#12096,#12078);
#12084=PRODUCT_DEFINITION('OVA5647_Standard','OVA5647_Standard',#12097,
#12078);
#12085=PRODUCT_DEFINITION('Component9','Component9',#12098,#12078);
#12086=PRODUCT_DEFINITION('OVA5647_Housing_Standard',
'OVA5647_Housing_Standard',#12099,#12078);
#12087=PRODUCT_DEFINITION('Component10','Component10',#12100,#12078);
#12088=PRODUCT_DEFINITION('OVA5647_IR-Glas_Standard',
'OVA5647_IR-Glas_Standard',#12101,#12078);
#12089=PRODUCT_DEFINITION('Component11','Component11',#12102,#12078);
#12090=PRODUCT_DEFINITION('OVA5647_Lens_FOV','OVA5647_Lens_FOV',#12103,
#12078);
#12091=PRODUCT_DEFINITION('OVA5647_Pigtail_Standard',
'OVA5647_Pigtail_Standard',#12104,#12078);
#12092=PRODUCT_DEFINITION_FORMATION('',$,#12121);
#12093=PRODUCT_DEFINITION_FORMATION('',$,#12122);
#12094=PRODUCT_DEFINITION_FORMATION('',$,#12123);
#12095=PRODUCT_DEFINITION_FORMATION('',$,#12124);
#12096=PRODUCT_DEFINITION_FORMATION('',$,#12125);
#12097=PRODUCT_DEFINITION_FORMATION('',$,#12126);
#12098=PRODUCT_DEFINITION_FORMATION('',$,#12127);
#12099=PRODUCT_DEFINITION_FORMATION('',$,#12128);
#12100=PRODUCT_DEFINITION_FORMATION('',$,#12129);
#12101=PRODUCT_DEFINITION_FORMATION('',$,#12130);
#12102=PRODUCT_DEFINITION_FORMATION('',$,#12131);
#12103=PRODUCT_DEFINITION_FORMATION('',$,#12132);
#12104=PRODUCT_DEFINITION_FORMATION('',$,#12133);
#12105=PRODUCT_RELATED_PRODUCT_CATEGORY('cameraaaa v5','cameraaaa v5',(#12121));
#12106=PRODUCT_RELATED_PRODUCT_CATEGORY('RasPi_Camera v2',
'RasPi_Camera v2',(#12122));
#12107=PRODUCT_RELATED_PRODUCT_CATEGORY('RasPi_Camera_Board_Standard',
'RasPi_Camera_Board_Standard',(#12123));
#12108=PRODUCT_RELATED_PRODUCT_CATEGORY('Component8','Component8',(#12124));
#12109=PRODUCT_RELATED_PRODUCT_CATEGORY('OVA5647_FOV','OVA5647_FOV',(#12125));
#12110=PRODUCT_RELATED_PRODUCT_CATEGORY('OVA5647_Standard',
'OVA5647_Standard',(#12126));
#12111=PRODUCT_RELATED_PRODUCT_CATEGORY('Component9','Component9',(#12127));
#12112=PRODUCT_RELATED_PRODUCT_CATEGORY('OVA5647_Housing_Standard',
'OVA5647_Housing_Standard',(#12128));
#12113=PRODUCT_RELATED_PRODUCT_CATEGORY('Component10','Component10',(#12129));
#12114=PRODUCT_RELATED_PRODUCT_CATEGORY('OVA5647_IR-Glas_Standard',
'OVA5647_IR-Glas_Standard',(#12130));
#12115=PRODUCT_RELATED_PRODUCT_CATEGORY('Component11','Component11',(#12131));
#12116=PRODUCT_RELATED_PRODUCT_CATEGORY('OVA5647_Lens_FOV',
'OVA5647_Lens_FOV',(#12132));
#12117=PRODUCT_RELATED_PRODUCT_CATEGORY('OVA5647_Pigtail_Standard',
'OVA5647_Pigtail_Standard',(#12133));
#12118=APPLICATION_PROTOCOL_DEFINITION('international standard',
'automotive_design',2009,#12119);
#12119=APPLICATION_CONTEXT(
'Core Data for Automotive Mechanical Design Process');
#12120=PRODUCT_CONTEXT('part definition',#12119,'mechanical');
#12121=PRODUCT('cameraaaa','cameraaaa v5',$,(#12120));
#12122=PRODUCT('RasPi_Camera','RasPi_Camera v2','STEP AP214',(#12120));
#12123=PRODUCT('RasPi_Camera_Board_Standard',
'RasPi_Camera_Board_Standard',$,(#12120));
#12124=PRODUCT('Component8','Component8',$,(#12120));
#12125=PRODUCT('OVA5647_FOV','OVA5647_FOV',$,(#12120));
#12126=PRODUCT('OVA5647_Standard','OVA5647_Standard',$,(#12120));
#12127=PRODUCT('Component9','Component9',$,(#12120));
#12128=PRODUCT('OVA5647_Housing_Standard','OVA5647_Housing_Standard',$,
(#12120));
#12129=PRODUCT('Component10','Component10',$,(#12120));
#12130=PRODUCT('OVA5647_IR-Glas_Standard','OVA5647_IR-Glas_Standard',$,
(#12120));
#12131=PRODUCT('Component11','Component11',$,(#12120));
#12132=PRODUCT('OVA5647_Lens_FOV','OVA5647_Lens_FOV',$,(#12120));
#12133=PRODUCT('OVA5647_Pigtail_Standard','OVA5647_Pigtail_Standard',$,
(#12120));
#12134=PRESENTATION_STYLE_ASSIGNMENT((#12149));
#12135=PRESENTATION_STYLE_ASSIGNMENT((#12150));
#12136=PRESENTATION_STYLE_ASSIGNMENT((#12151));
#12137=PRESENTATION_STYLE_ASSIGNMENT((#12152));
#12138=PRESENTATION_STYLE_ASSIGNMENT((#12153));
#12139=PRESENTATION_STYLE_ASSIGNMENT((#12154));
#12140=PRESENTATION_STYLE_ASSIGNMENT((#12155));
#12141=PRESENTATION_STYLE_ASSIGNMENT((#12156));
#12142=PRESENTATION_STYLE_ASSIGNMENT((#12157));
#12143=PRESENTATION_STYLE_ASSIGNMENT((#12158));
#12144=PRESENTATION_STYLE_ASSIGNMENT((#12159));
#12145=PRESENTATION_STYLE_ASSIGNMENT((#12160));
#12146=PRESENTATION_STYLE_ASSIGNMENT((#12161));
#12147=PRESENTATION_STYLE_ASSIGNMENT((#12162));
#12148=PRESENTATION_STYLE_ASSIGNMENT((#12163));
#12149=SURFACE_STYLE_USAGE(.BOTH.,#12164);
#12150=SURFACE_STYLE_USAGE(.BOTH.,#12165);
#12151=SURFACE_STYLE_USAGE(.BOTH.,#12166);
#12152=SURFACE_STYLE_USAGE(.BOTH.,#12167);
#12153=SURFACE_STYLE_USAGE(.BOTH.,#12168);
#12154=SURFACE_STYLE_USAGE(.BOTH.,#12169);
#12155=SURFACE_STYLE_USAGE(.BOTH.,#12170);
#12156=SURFACE_STYLE_USAGE(.BOTH.,#12171);
#12157=SURFACE_STYLE_USAGE(.BOTH.,#12172);
#12158=SURFACE_STYLE_USAGE(.BOTH.,#12173);
#12159=SURFACE_STYLE_USAGE(.BOTH.,#12174);
#12160=SURFACE_STYLE_USAGE(.BOTH.,#12175);
#12161=SURFACE_STYLE_USAGE(.BOTH.,#12176);
#12162=SURFACE_STYLE_USAGE(.BOTH.,#12177);
#12163=SURFACE_STYLE_USAGE(.BOTH.,#12178);
#12164=SURFACE_SIDE_STYLE('',(#12179));
#12165=SURFACE_SIDE_STYLE('',(#12180));
#12166=SURFACE_SIDE_STYLE('',(#12181));
#12167=SURFACE_SIDE_STYLE('',(#12182));
#12168=SURFACE_SIDE_STYLE('',(#12183));
#12169=SURFACE_SIDE_STYLE('',(#12184));
#12170=SURFACE_SIDE_STYLE('',(#12185));
#12171=SURFACE_SIDE_STYLE('',(#12186));
#12172=SURFACE_SIDE_STYLE('',(#12187));
#12173=SURFACE_SIDE_STYLE('',(#12188));
#12174=SURFACE_SIDE_STYLE('',(#12189));
#12175=SURFACE_SIDE_STYLE('',(#12190));
#12176=SURFACE_SIDE_STYLE('',(#12191));
#12177=SURFACE_SIDE_STYLE('',(#12192));
#12178=SURFACE_SIDE_STYLE('',(#12193));
#12179=SURFACE_STYLE_FILL_AREA(#12194);
#12180=SURFACE_STYLE_FILL_AREA(#12195);
#12181=SURFACE_STYLE_FILL_AREA(#12196);
#12182=SURFACE_STYLE_FILL_AREA(#12197);
#12183=SURFACE_STYLE_FILL_AREA(#12198);
#12184=SURFACE_STYLE_FILL_AREA(#12199);
#12185=SURFACE_STYLE_FILL_AREA(#12200);
#12186=SURFACE_STYLE_FILL_AREA(#12201);
#12187=SURFACE_STYLE_FILL_AREA(#12202);
#12188=SURFACE_STYLE_FILL_AREA(#12203);
#12189=SURFACE_STYLE_FILL_AREA(#12204);
#12190=SURFACE_STYLE_FILL_AREA(#12205);
#12191=SURFACE_STYLE_FILL_AREA(#12206);
#12192=SURFACE_STYLE_FILL_AREA(#12207);
#12193=SURFACE_STYLE_FILL_AREA(#12208);
#12194=FILL_AREA_STYLE('Steel - Satin',(#12209));
#12195=FILL_AREA_STYLE('Opaque(202,209,238)',(#12210));
#12196=FILL_AREA_STYLE('Opaque(73,169,84)',(#12211));
#12197=FILL_AREA_STYLE('Opaque(255,255,255)',(#12212));
#12198=FILL_AREA_STYLE('Opaque(158,104,51)',(#12213));
#12199=FILL_AREA_STYLE('Opaque(177,25,25)',(#12214));
#12200=FILL_AREA_STYLE('Opaque(26,26,26)',(#12215));
#12201=FILL_AREA_STYLE('Opaque(221,232,255)',(#12216));
#12202=FILL_AREA_STYLE('Opaque(64,64,64)',(#12217));
#12203=FILL_AREA_STYLE('Opaque(128,128,0)',(#12218));
#12204=FILL_AREA_STYLE('Opaque(128,128,128)',(#12219));
#12205=FILL_AREA_STYLE('Opaque(76,76,76)',(#12220));
#12206=FILL_AREA_STYLE('Opaque(99,102,219)',(#12221));
#12207=FILL_AREA_STYLE('Opaque(192,255,255)',(#12222));
#12208=FILL_AREA_STYLE('Opaque(252,188,132)',(#12223));
#12209=FILL_AREA_STYLE_COLOUR('Steel - Satin',#12224);
#12210=FILL_AREA_STYLE_COLOUR('Opaque(202,209,238)',#12225);
#12211=FILL_AREA_STYLE_COLOUR('Opaque(73,169,84)',#12226);
#12212=FILL_AREA_STYLE_COLOUR('Opaque(255,255,255)',#12227);
#12213=FILL_AREA_STYLE_COLOUR('Opaque(158,104,51)',#12228);
#12214=FILL_AREA_STYLE_COLOUR('Opaque(177,25,25)',#12229);
#12215=FILL_AREA_STYLE_COLOUR('Opaque(26,26,26)',#12230);
#12216=FILL_AREA_STYLE_COLOUR('Opaque(221,232,255)',#12231);
#12217=FILL_AREA_STYLE_COLOUR('Opaque(64,64,64)',#12232);
#12218=FILL_AREA_STYLE_COLOUR('Opaque(128,128,0)',#12233);
#12219=FILL_AREA_STYLE_COLOUR('Opaque(128,128,128)',#12234);
#12220=FILL_AREA_STYLE_COLOUR('Opaque(76,76,76)',#12235);
#12221=FILL_AREA_STYLE_COLOUR('Opaque(99,102,219)',#12236);
#12222=FILL_AREA_STYLE_COLOUR('Opaque(192,255,255)',#12237);
#12223=FILL_AREA_STYLE_COLOUR('Opaque(252,188,132)',#12238);
#12224=COLOUR_RGB('Steel - Satin',0.627450980392157,0.627450980392157,0.627450980392157);
#12225=COLOUR_RGB('Opaque(202,209,238)',0.792156862745098,0.819607843137255,
0.933333333333333);
#12226=COLOUR_RGB('Opaque(73,169,84)',0.286274509803922,0.662745098039216,
0.329411764705882);
#12227=COLOUR_RGB('Opaque(255,255,255)',1.,1.,1.);
#12228=COLOUR_RGB('Opaque(158,104,51)',0.619607843137255,0.407843137254902,
0.2);
#12229=COLOUR_RGB('Opaque(177,25,25)',0.694117647058824,0.0980392156862745,
0.0980392156862745);
#12230=COLOUR_RGB('Opaque(26,26,26)',0.101960784313725,0.101960784313725,
0.101960784313725);
#12231=COLOUR_RGB('Opaque(221,232,255)',0.866666666666667,0.909803921568627,
1.);
#12232=COLOUR_RGB('Opaque(64,64,64)',0.250980392156863,0.250980392156863,
0.250980392156863);
#12233=COLOUR_RGB('Opaque(128,128,0)',0.501960784313725,0.501960784313725,
0.);
#12234=COLOUR_RGB('Opaque(128,128,128)',0.501960784313725,0.501960784313725,
0.501960784313725);
#12235=COLOUR_RGB('Opaque(76,76,76)',0.298039215686275,0.298039215686275,
0.298039215686275);
#12236=COLOUR_RGB('Opaque(99,102,219)',0.388235294117647,0.4,0.858823529411765);
#12237=COLOUR_RGB('Opaque(192,255,255)',0.752941176470588,1.,1.);
#12238=COLOUR_RGB('Opaque(252,188,132)',0.988235294117647,0.737254901960784,
0.517647058823529);
ENDSEC;
END-ISO-10303-21;
