ISO-10303-21;
HEADER;
/* Generated by software containing ST-Developer
 * from STEP Tools, Inc. (www.steptools.com) 
 */

FILE_DESCRIPTION(
/* description */ ('STEP AP214'),
/* implementation_level */ '2;1');

FILE_NAME(
/* name */ 'RasPi_Camera.step',
/* time_stamp */ '2026-03-10T07:25:18+05:30',
/* author */ (''),
/* organization */ (''),
/* preprocessor_version */ 'ST-DEVELOPER v20.1',
/* originating_system */ 'Autodesk Translation Framework v14.21.0.0',
/* authorisation */ '');

FILE_SCHEMA (('AUTOMOTIVE_DESIGN { 1 0 10303 214 3 1 1 }'));
ENDSEC;

DATA;
#10=MECHANICAL_DESIGN_GEOMETRIC_PRESENTATION_REPRESENTATION('',(#6180,#6181,
#6182,#6183,#6184,#6185,#6186,#6187,#6188,#6189,#6190,#6191,#6192,#6193,
#6194,#6195,#6196,#6197,#6198,#6199,#6200,#6201,#6202,#6203,#6204,#6205,
#6206,#6207,#6208,#6209,#6210,#6211,#6212,#6213,#6214,#6215,#6216,#6217,
#6218,#6219,#6220,#6221,#6222,#6223,#6224,#6225,#6226,#6227,#6228,#6229,
#6230,#6231,#6232,#6233,#6234,#6235),#11808);
#11=SPHERICAL_SURFACE('',#7419,2.003125);
#12=SPHERICAL_SURFACE('',#7423,5.55);
#13=CONICAL_SURFACE('',#7350,2.8,0.785398163397451);
#14=CONICAL_SURFACE('',#7416,1.,0.785398163397449);
#15=CONICAL_SURFACE('',#7425,1.8,0.785398163397451);
#16=CONICAL_SURFACE('',#7445,2.3,0.785398163397448);
#17=CONICAL_SURFACE('',#7448,2.3,0.785398163397448);
#18=CONICAL_SURFACE('',#7451,2.3,0.785398163397448);
#19=B_SPLINE_SURFACE_WITH_KNOTS('',3,1,((#10914,#10915),(#10916,#10917),
(#10918,#10919),(#10920,#10921),(#10922,#10923),(#10924,#10925),(#10926,
#10927)),.UNSPECIFIED.,.F.,.F.,.F.,(4,1,1,1,4),(2,2),(0.,0.254588485218727,
0.497697917166443,0.744625341571126,1.),(0.,0.00120000000000002),
 .UNSPECIFIED.);
#20=B_SPLINE_SURFACE_WITH_KNOTS('',3,1,((#10937,#10938),(#10939,#10940),
(#10941,#10942),(#10943,#10944),(#10945,#10946),(#10947,#10948),(#10949,
#10950),(#10951,#10952),(#10953,#10954),(#10955,#10956),(#10957,#10958)),
 .UNSPECIFIED.,.F.,.F.,.F.,(4,1,1,1,1,1,1,1,4),(2,2),(0.,0.144792952228004,
0.273569679900812,0.389293245836186,0.499999999999993,0.610706754163799,
0.726430320099178,0.855207047771985,1.),(0.,0.00120000000000001),
 .UNSPECIFIED.);
#21=B_SPLINE_SURFACE_WITH_KNOTS('',3,1,((#10972,#10973),(#10974,#10975),
(#10976,#10977),(#10978,#10979),(#10980,#10981),(#10982,#10983),(#10984,
#10985)),.UNSPECIFIED.,.F.,.F.,.F.,(4,1,1,1,4),(2,2),(0.,0.255374658428857,
0.502302082833544,0.745411514781254,1.),(0.,0.00120000000000001),
 .UNSPECIFIED.);
#22=B_SPLINE_SURFACE_WITH_KNOTS('',3,1,((#10999,#11000),(#11001,#11002),
(#11003,#11004),(#11005,#11006),(#11007,#11008),(#11009,#11010),(#11011,
#11012)),.UNSPECIFIED.,.F.,.F.,.F.,(4,1,1,1,4),(2,2),(0.,0.285904739590372,
0.541088852658522,0.775001305196195,1.),(0.,0.00120000000000001),
 .UNSPECIFIED.);
#23=B_SPLINE_SURFACE_WITH_KNOTS('',3,1,((#11022,#11023),(#11024,#11025),
(#11026,#11027),(#11028,#11029),(#11030,#11031),(#11032,#11033),(#11034,
#11035),(#11036,#11037),(#11038,#11039),(#11040,#11041),(#11042,#11043)),
 .UNSPECIFIED.,.F.,.F.,.F.,(4,1,1,1,1,1,1,1,4),(2,2),(0.,0.146015181833674,
0.273436583479472,0.39045839227216,0.500000000000005,0.60954160772785,0.726563416520539,
0.853984818166337,1.),(0.,0.00120000000000002),.UNSPECIFIED.);
#24=B_SPLINE_SURFACE_WITH_KNOTS('',3,1,((#11061,#11062),(#11063,#11064),
(#11065,#11066),(#11067,#11068),(#11069,#11070),(#11071,#11072),(#11073,
#11074),(#11075,#11076),(#11077,#11078),(#11079,#11080),(#11081,#11082)),
 .UNSPECIFIED.,.F.,.F.,.F.,(4,1,1,1,1,1,1,1,4),(2,2),(0.,0.143478175337923,
0.273763032189097,0.388435782682222,0.500294871133484,0.608288437085954,
0.726608701993006,0.853590190969602,1.),(0.,0.00120000000000002),
 .UNSPECIFIED.);
#25=B_SPLINE_SURFACE_WITH_KNOTS('',3,1,((#11096,#11097),(#11098,#11099),
(#11100,#11101),(#11102,#11103),(#11104,#11105),(#11106,#11107),(#11108,
#11109),(#11110,#11111),(#11112,#11113),(#11114,#11115),(#11116,#11117)),
 .UNSPECIFIED.,.F.,.F.,.F.,(4,1,1,1,1,1,1,1,4),(2,2),(0.,0.14385171898814,
0.273693804348748,0.389670767950579,0.499999999999994,0.610329232049413,
0.72630619565124,0.856148281011849,1.),(0.,0.00120000000000002),
 .UNSPECIFIED.);
#26=B_SPLINE_SURFACE_WITH_KNOTS('',3,1,((#11637,#11638),(#11639,#11640),
(#11641,#11642),(#11643,#11644),(#11645,#11646),(#11647,#11648),(#11649,
#11650),(#11651,#11652),(#11653,#11654)),.UNSPECIFIED.,.F.,.F.,.F.,(4,1,
1,1,1,1,4),(2,2),(0.,0.14,0.28,0.42,0.559999999997895,0.780000000000162,
1.),(0.,0.672),.UNSPECIFIED.);
#27=B_SPLINE_SURFACE_WITH_KNOTS('',3,1,((#11673,#11674),(#11675,#11676),
(#11677,#11678),(#11679,#11680),(#11681,#11682),(#11683,#11684),(#11685,
#11686),(#11687,#11688),(#11689,#11690)),.UNSPECIFIED.,.F.,.F.,.F.,(4,1,
1,1,1,1,4),(2,2),(0.,0.14,0.28,0.42,0.559999999997895,0.780000000000162,
1.),(0.,0.672),.UNSPECIFIED.);
#28=B_SPLINE_CURVE_WITH_KNOTS('',3,(#10801,#10802,#10803,#10804,#10805,
#10806,#10807,#10808,#10809,#10810,#10811),.UNSPECIFIED.,.F.,.F.,(4,1,1,
1,1,1,1,1,4),(0.,0.14385171898814,0.273693804348748,0.389670767950579,0.499999999999994,
0.610329232049413,0.72630619565124,0.856148281011849,1.),.UNSPECIFIED.);
#29=B_SPLINE_CURVE_WITH_KNOTS('',3,(#10817,#10818,#10819,#10820,#10821,
#10822,#10823),.UNSPECIFIED.,.F.,.F.,(4,1,1,1,4),(0.,0.254588485218727,
0.497697917166443,0.744625341571126,1.),.UNSPECIFIED.);
#30=B_SPLINE_CURVE_WITH_KNOTS('',3,(#10825,#10826,#10827,#10828,#10829,
#10830,#10831,#10832,#10833,#10834,#10835),.UNSPECIFIED.,.F.,.F.,(4,1,1,
1,1,1,1,1,4),(0.,0.144792952228004,0.273569679900812,0.389293245836186,
0.499999999999993,0.610706754163799,0.726430320099178,0.855207047771985,
1.),.UNSPECIFIED.);
#31=B_SPLINE_CURVE_WITH_KNOTS('',3,(#10837,#10838,#10839,#10840,#10841,
#10842,#10843),.UNSPECIFIED.,.F.,.F.,(4,1,1,1,4),(0.,0.255374658428857,
0.502302082833544,0.745411514781254,1.),.UNSPECIFIED.);
#32=B_SPLINE_CURVE_WITH_KNOTS('',3,(#10847,#10848,#10849,#10850,#10851,
#10852,#10853),.UNSPECIFIED.,.F.,.F.,(4,1,1,1,4),(0.,0.285904739590372,
0.541088852658522,0.775001305196195,1.),.UNSPECIFIED.);
#33=B_SPLINE_CURVE_WITH_KNOTS('',3,(#10855,#10856,#10857,#10858,#10859,
#10860,#10861,#10862,#10863,#10864,#10865),.UNSPECIFIED.,.F.,.F.,(4,1,1,
1,1,1,1,1,4),(0.,0.146015181833674,0.273436583479472,0.39045839227216,0.500000000000005,
0.60954160772785,0.726563416520539,0.853984818166337,1.),.UNSPECIFIED.);
#34=B_SPLINE_CURVE_WITH_KNOTS('',3,(#10868,#10869,#10870,#10871,#10872,
#10873,#10874,#10875,#10876,#10877,#10878),.UNSPECIFIED.,.F.,.F.,(4,1,1,
1,1,1,1,1,4),(0.,0.143478175337923,0.273763032189097,0.388435782682222,
0.500294871133484,0.608288437085954,0.726608701993006,0.853590190969602,
1.),.UNSPECIFIED.);
#35=B_SPLINE_CURVE_WITH_KNOTS('',3,(#10929,#10930,#10931,#10932,#10933,
#10934,#10935),.UNSPECIFIED.,.F.,.F.,(4,1,1,1,4),(0.,0.254588485218727,
0.497697917166443,0.744625341571126,1.),.UNSPECIFIED.);
#36=B_SPLINE_CURVE_WITH_KNOTS('',3,(#10960,#10961,#10962,#10963,#10964,
#10965,#10966,#10967,#10968,#10969,#10970),.UNSPECIFIED.,.F.,.F.,(4,1,1,
1,1,1,1,1,4),(0.,0.144792952228004,0.273569679900812,0.389293245836186,
0.499999999999993,0.610706754163799,0.726430320099178,0.855207047771985,
1.),.UNSPECIFIED.);
#37=B_SPLINE_CURVE_WITH_KNOTS('',3,(#10987,#10988,#10989,#10990,#10991,
#10992,#10993),.UNSPECIFIED.,.F.,.F.,(4,1,1,1,4),(0.,0.255374658428857,
0.502302082833544,0.745411514781254,1.),.UNSPECIFIED.);
#38=B_SPLINE_CURVE_WITH_KNOTS('',3,(#11014,#11015,#11016,#11017,#11018,
#11019,#11020),.UNSPECIFIED.,.F.,.F.,(4,1,1,1,4),(0.,0.285904739590372,
0.541088852658522,0.775001305196195,1.),.UNSPECIFIED.);
#39=B_SPLINE_CURVE_WITH_KNOTS('',3,(#11045,#11046,#11047,#11048,#11049,
#11050,#11051,#11052,#11053,#11054,#11055),.UNSPECIFIED.,.F.,.F.,(4,1,1,
1,1,1,1,1,4),(0.,0.146015181833674,0.273436583479472,0.39045839227216,0.500000000000005,
0.60954160772785,0.726563416520539,0.853984818166337,1.),.UNSPECIFIED.);
#40=B_SPLINE_CURVE_WITH_KNOTS('',3,(#11084,#11085,#11086,#11087,#11088,
#11089,#11090,#11091,#11092,#11093,#11094),.UNSPECIFIED.,.F.,.F.,(4,1,1,
1,1,1,1,1,4),(0.,0.143478175337923,0.273763032189097,0.388435782682222,
0.500294871133484,0.608288437085954,0.726608701993006,0.853590190969602,
1.),.UNSPECIFIED.);
#41=B_SPLINE_CURVE_WITH_KNOTS('',3,(#11118,#11119,#11120,#11121,#11122,
#11123,#11124,#11125,#11126,#11127,#11128),.UNSPECIFIED.,.F.,.F.,(4,1,1,
1,1,1,1,1,4),(0.,0.14385171898814,0.273693804348748,0.389670767950579,0.499999999999994,
0.610329232049413,0.72630619565124,0.856148281011849,1.),.UNSPECIFIED.);
#42=B_SPLINE_CURVE_WITH_KNOTS('',3,(#11655,#11656,#11657,#11658),
 .UNSPECIFIED.,.F.,.F.,(4,4),(0.,1.),.UNSPECIFIED.);
#43=B_SPLINE_CURVE_WITH_KNOTS('',3,(#11659,#11660,#11661,#11662),
 .UNSPECIFIED.,.F.,.F.,(4,4),(0.,1.),.UNSPECIFIED.);
#44=B_SPLINE_CURVE_WITH_KNOTS('',3,(#11664,#11665,#11666,#11667,#11668,
#11669,#11670,#11671,#11672),.UNSPECIFIED.,.F.,.F.,(4,1,1,1,1,1,4),(0.,
0.14,0.28,0.42,0.559999999997895,0.780000000000162,1.),.UNSPECIFIED.);
#45=B_SPLINE_CURVE_WITH_KNOTS('',3,(#11691,#11692,#11693,#11694,#11695,
#11696,#11697,#11698,#11699),.UNSPECIFIED.,.F.,.F.,(4,1,1,1,1,1,4),(0.,
0.14,0.28,0.42,0.559999999997895,0.780000000000162,1.),.UNSPECIFIED.);
#46=ELLIPSE('',#6983,0.0367893437460489,0.0300000000000282);
#47=ELLIPSE('',#6984,0.0367893437460489,0.0300000000000282);
#48=ELLIPSE('',#6987,0.036789343746049,0.0300000000000283);
#49=ELLIPSE('',#6988,0.036789343746049,0.0300000000000283);
#50=ELLIPSE('',#6991,0.0367893437460494,0.0300000000000287);
#51=ELLIPSE('',#6992,0.0367893437460494,0.0300000000000287);
#52=ELLIPSE('',#6995,0.0367893437460485,0.0300000000000278);
#53=ELLIPSE('',#6996,0.0367893437460485,0.0300000000000278);
#54=ELLIPSE('',#6999,0.0367893437460503,0.0300000000000296);
#55=ELLIPSE('',#7000,0.0367893437460503,0.0300000000000296);
#56=ELLIPSE('',#7003,0.0367893437460427,0.0300000000000215);
#57=ELLIPSE('',#7004,0.0367893437460427,0.0300000000000215);
#58=ELLIPSE('',#7007,0.0367893437460448,0.0300000000000235);
#59=ELLIPSE('',#7008,0.0367893437460448,0.0300000000000235);
#60=ELLIPSE('',#7011,0.036789343746053,0.030000000000029);
#61=ELLIPSE('',#7012,0.036789343746053,0.030000000000029);
#62=ELLIPSE('',#7015,0.0367893437460373,0.0300000000000172);
#63=ELLIPSE('',#7016,0.0367893437460373,0.0300000000000172);
#64=ELLIPSE('',#7019,0.036789343746056,0.0300000000000318);
#65=ELLIPSE('',#7020,0.036789343746056,0.0300000000000318);
#66=ELLIPSE('',#7023,0.0367893437460525,0.0300000000000302);
#67=ELLIPSE('',#7024,0.0367893437460525,0.0300000000000302);
#68=ELLIPSE('',#7027,0.0367893437460688,0.0300000000000425);
#69=ELLIPSE('',#7028,0.0367893437460688,0.0300000000000425);
#70=ELLIPSE('',#7031,0.036789343746041,0.0300000000000208);
#71=ELLIPSE('',#7032,0.036789343746041,0.0300000000000208);
#72=ELLIPSE('',#7035,0.0367893437460852,0.0300000000000534);
#73=ELLIPSE('',#7036,0.0367893437460852,0.0300000000000534);
#74=ELLIPSE('',#7039,0.0367893437460528,0.0300000000000304);
#75=ELLIPSE('',#7040,0.0367893437460528,0.0300000000000304);
#76=ELLIPSE('',#7043,0.0367893437460254,0.030000000000009);
#77=ELLIPSE('',#7044,0.0367893437460254,0.030000000000009);
#78=ELLIPSE('',#7047,0.036789343746037,0.030000000000017);
#79=ELLIPSE('',#7048,0.036789343746037,0.030000000000017);
#80=ELLIPSE('',#7051,0.0367893437460326,0.0300000000000143);
#81=ELLIPSE('',#7052,0.0367893437460326,0.0300000000000143);
#82=ELLIPSE('',#7055,0.0367893437460325,0.0300000000000142);
#83=ELLIPSE('',#7056,0.0367893437460325,0.0300000000000142);
#84=ELLIPSE('',#7059,0.0367893437460214,0.0300000000000052);
#85=ELLIPSE('',#7060,0.0367893437460214,0.0300000000000052);
#86=ELLIPSE('',#7063,0.036789343746041,0.0300000000000208);
#87=ELLIPSE('',#7064,0.036789343746041,0.0300000000000208);
#88=ELLIPSE('',#7067,0.0367893437460532,0.0300000000000292);
#89=ELLIPSE('',#7068,0.0367893437460532,0.0300000000000292);
#90=ELLIPSE('',#7071,0.0367893437460373,0.0300000000000172);
#91=ELLIPSE('',#7072,0.0367893437460373,0.0300000000000172);
#92=ELLIPSE('',#7075,0.0367893437460427,0.0300000000000215);
#93=ELLIPSE('',#7076,0.0367893437460427,0.0300000000000215);
#94=ELLIPSE('',#7079,0.0367893437460367,0.0300000000000174);
#95=ELLIPSE('',#7080,0.0367893437460367,0.0300000000000174);
#96=ELLIPSE('',#7083,0.0367893437460425,0.0300000000000237);
#97=ELLIPSE('',#7084,0.0367893437460425,0.0300000000000237);
#98=ELLIPSE('',#7087,0.0367893437460426,0.030000000000023);
#99=ELLIPSE('',#7088,0.0367893437460426,0.030000000000023);
#100=ELLIPSE('',#7091,0.0367893437460424,0.0300000000000232);
#101=ELLIPSE('',#7092,0.0367893437460424,0.0300000000000232);
#102=ELLIPSE('',#7095,0.0367893437460424,0.0300000000000236);
#103=ELLIPSE('',#7096,0.0367893437460424,0.0300000000000236);
#104=ELLIPSE('',#7099,0.0367893437460459,0.030000000000026);
#105=ELLIPSE('',#7100,0.0367893437460459,0.030000000000026);
#106=ELLIPSE('',#7103,0.0367893437460469,0.0300000000000268);
#107=ELLIPSE('',#7104,0.0367893437460469,0.0300000000000268);
#108=ELLIPSE('',#7106,0.0367893437460489,0.0300000000000282);
#109=ELLIPSE('',#7110,0.036789343746049,0.0300000000000283);
#110=ELLIPSE('',#7114,0.0367893437460494,0.0300000000000287);
#111=ELLIPSE('',#7118,0.0367893437460485,0.0300000000000278);
#112=ELLIPSE('',#7122,0.0367893437460503,0.0300000000000296);
#113=ELLIPSE('',#7126,0.0367893437460427,0.0300000000000215);
#114=ELLIPSE('',#7130,0.0367893437460448,0.0300000000000235);
#115=ELLIPSE('',#7134,0.036789343746053,0.030000000000029);
#116=ELLIPSE('',#7138,0.0367893437460373,0.0300000000000172);
#117=ELLIPSE('',#7142,0.036789343746056,0.0300000000000318);
#118=ELLIPSE('',#7146,0.0367893437460525,0.0300000000000302);
#119=ELLIPSE('',#7150,0.0367893437460688,0.0300000000000425);
#120=ELLIPSE('',#7154,0.036789343746041,0.0300000000000208);
#121=ELLIPSE('',#7158,0.0367893437460852,0.0300000000000534);
#122=ELLIPSE('',#7162,0.0367893437460528,0.0300000000000304);
#123=ELLIPSE('',#7166,0.0367893437460254,0.030000000000009);
#124=ELLIPSE('',#7170,0.036789343746037,0.030000000000017);
#125=ELLIPSE('',#7174,0.0367893437460326,0.0300000000000143);
#126=ELLIPSE('',#7178,0.0367893437460325,0.0300000000000142);
#127=ELLIPSE('',#7182,0.0367893437460214,0.0300000000000052);
#128=ELLIPSE('',#7186,0.036789343746041,0.0300000000000208);
#129=ELLIPSE('',#7190,0.0367893437460532,0.0300000000000292);
#130=ELLIPSE('',#7194,0.0367893437460373,0.0300000000000172);
#131=ELLIPSE('',#7198,0.0367893437460427,0.0300000000000215);
#132=ELLIPSE('',#7202,0.0367893437460367,0.0300000000000174);
#133=ELLIPSE('',#7206,0.0367893437460425,0.0300000000000237);
#134=ELLIPSE('',#7210,0.0367893437460426,0.030000000000023);
#135=ELLIPSE('',#7214,0.0367893437460424,0.0300000000000232);
#136=ELLIPSE('',#7218,0.0367893437460424,0.0300000000000236);
#137=ELLIPSE('',#7222,0.0367893437460459,0.030000000000026);
#138=ELLIPSE('',#7226,0.0367893437460471,0.0300000000000269);
#139=TOROIDAL_SURFACE('',#6702,0.0999999999999995,0.03);
#140=TOROIDAL_SURFACE('',#6706,0.0999999999999995,0.0299999999999999);
#141=TOROIDAL_SURFACE('',#6710,0.0999999999999995,0.03);
#142=TOROIDAL_SURFACE('',#6714,0.0999999999999995,0.03);
#143=TOROIDAL_SURFACE('',#6718,0.0999999999999995,0.03);
#144=TOROIDAL_SURFACE('',#6722,0.0999999999999995,0.0299999999999999);
#145=TOROIDAL_SURFACE('',#6726,0.0999999999999995,0.0299999999999999);
#146=TOROIDAL_SURFACE('',#6730,0.0999999999999995,0.0299999999999999);
#147=TOROIDAL_SURFACE('',#6734,0.0999999999999995,0.0299999999999999);
#148=TOROIDAL_SURFACE('',#6738,0.0999999999999995,0.0299999999999999);
#149=TOROIDAL_SURFACE('',#6742,0.0999999999999995,0.0299999999999999);
#150=TOROIDAL_SURFACE('',#6746,0.0999999999999995,0.0299999999999999);
#151=TOROIDAL_SURFACE('',#6750,0.0999999999999995,0.0299999999999999);
#152=TOROIDAL_SURFACE('',#6754,0.0999999999999995,0.0299999999999999);
#153=TOROIDAL_SURFACE('',#6758,0.0999999999999995,0.0299999999999999);
#154=TOROIDAL_SURFACE('',#6762,0.0999999999999995,0.0299999999999999);
#155=TOROIDAL_SURFACE('',#6766,0.0999999999999995,0.0299999999999999);
#156=TOROIDAL_SURFACE('',#6770,0.0999999999999995,0.0299999999999999);
#157=TOROIDAL_SURFACE('',#6774,0.0999999999999995,0.0299999999999999);
#158=TOROIDAL_SURFACE('',#6778,0.0999999999999995,0.0299999999999999);
#159=TOROIDAL_SURFACE('',#6782,0.0999999999999995,0.0299999999999999);
#160=TOROIDAL_SURFACE('',#6786,0.0999999999999995,0.0299999999999999);
#161=TOROIDAL_SURFACE('',#6790,0.0999999999999995,0.0299999999999999);
#162=TOROIDAL_SURFACE('',#6794,0.0999999999999995,0.0299999999999999);
#163=TOROIDAL_SURFACE('',#6798,0.0999999999999995,0.0299999999999999);
#164=TOROIDAL_SURFACE('',#6802,0.0999999999999995,0.03);
#165=TOROIDAL_SURFACE('',#6806,0.0999999999999995,0.03);
#166=TOROIDAL_SURFACE('',#6810,0.0999999999999995,0.03);
#167=TOROIDAL_SURFACE('',#6814,0.0999999999999995,0.0299999999999999);
#168=TOROIDAL_SURFACE('',#6818,0.0999999999999995,0.03);
#169=TOROIDAL_SURFACE('',#6822,0.0999999999999995,0.0299999999999999);
#170=TOROIDAL_SURFACE('',#6826,0.0999999999999995,0.03);
#171=TOROIDAL_SURFACE('',#6831,0.0999999999999995,0.0299999999999999);
#172=TOROIDAL_SURFACE('',#6836,0.0999999999999995,0.03);
#173=TOROIDAL_SURFACE('',#6841,0.0999999999999995,0.03);
#174=TOROIDAL_SURFACE('',#6846,0.0999999999999995,0.03);
#175=TOROIDAL_SURFACE('',#6851,0.0999999999999995,0.0299999999999999);
#176=TOROIDAL_SURFACE('',#6856,0.0999999999999995,0.0299999999999999);
#177=TOROIDAL_SURFACE('',#6861,0.0999999999999995,0.0299999999999999);
#178=TOROIDAL_SURFACE('',#6866,0.0999999999999995,0.0299999999999999);
#179=TOROIDAL_SURFACE('',#6871,0.0999999999999995,0.0299999999999999);
#180=TOROIDAL_SURFACE('',#6876,0.0999999999999995,0.0299999999999999);
#181=TOROIDAL_SURFACE('',#6881,0.0999999999999995,0.0299999999999999);
#182=TOROIDAL_SURFACE('',#6886,0.0999999999999995,0.0299999999999999);
#183=TOROIDAL_SURFACE('',#6891,0.0999999999999995,0.0299999999999999);
#184=TOROIDAL_SURFACE('',#6896,0.0999999999999995,0.0299999999999999);
#185=TOROIDAL_SURFACE('',#6901,0.0999999999999995,0.0299999999999999);
#186=TOROIDAL_SURFACE('',#6906,0.0999999999999995,0.0299999999999999);
#187=TOROIDAL_SURFACE('',#6911,0.0999999999999995,0.0299999999999999);
#188=TOROIDAL_SURFACE('',#6916,0.0999999999999995,0.0299999999999999);
#189=TOROIDAL_SURFACE('',#6921,0.0999999999999995,0.0299999999999999);
#190=TOROIDAL_SURFACE('',#6926,0.0999999999999995,0.0299999999999999);
#191=TOROIDAL_SURFACE('',#6931,0.0999999999999995,0.0299999999999999);
#192=TOROIDAL_SURFACE('',#6936,0.0999999999999995,0.0299999999999999);
#193=TOROIDAL_SURFACE('',#6941,0.0999999999999995,0.0299999999999999);
#194=TOROIDAL_SURFACE('',#6946,0.0999999999999995,0.0299999999999999);
#195=TOROIDAL_SURFACE('',#6951,0.0999999999999995,0.03);
#196=TOROIDAL_SURFACE('',#6956,0.0999999999999995,0.03);
#197=TOROIDAL_SURFACE('',#6961,0.0999999999999995,0.03);
#198=TOROIDAL_SURFACE('',#6966,0.0999999999999995,0.0299999999999999);
#199=TOROIDAL_SURFACE('',#6971,0.0999999999999995,0.03);
#200=TOROIDAL_SURFACE('',#6976,0.0999999999999995,0.0299999999999999);
#201=ITEM_DEFINED_TRANSFORMATION($,$,#6665,#6698);
#202=ITEM_DEFINED_TRANSFORMATION($,$,#6701,#7347);
#203=ITEM_DEFINED_TRANSFORMATION($,$,#7349,#7405);
#204=ITEM_DEFINED_TRANSFORMATION($,$,#7407,#7414);
#205=ITEM_DEFINED_TRANSFORMATION($,$,#6700,#7482);
#206=ITEM_DEFINED_TRANSFORMATION($,$,#7348,#7483);
#207=ITEM_DEFINED_TRANSFORMATION($,$,#7406,#7484);
#208=ITEM_DEFINED_TRANSFORMATION($,$,#7415,#7485);
#209=ITEM_DEFINED_TRANSFORMATION($,$,#7454,#7486);
#210=ITEM_DEFINED_TRANSFORMATION($,$,#6664,#7487);
#211=ITEM_DEFINED_TRANSFORMATION($,$,#6699,#7488);
#212=(
REPRESENTATION_RELATIONSHIP($,$,#11850,#11849)
REPRESENTATION_RELATIONSHIP_WITH_TRANSFORMATION(#201)
SHAPE_REPRESENTATION_RELATIONSHIP()
);
#213=(
REPRESENTATION_RELATIONSHIP($,$,#11853,#11852)
REPRESENTATION_RELATIONSHIP_WITH_TRANSFORMATION(#202)
SHAPE_REPRESENTATION_RELATIONSHIP()
);
#214=(
REPRESENTATION_RELATIONSHIP($,$,#11855,#11854)
REPRESENTATION_RELATIONSHIP_WITH_TRANSFORMATION(#203)
SHAPE_REPRESENTATION_RELATIONSHIP()
);
#215=(
REPRESENTATION_RELATIONSHIP($,$,#11857,#11856)
REPRESENTATION_RELATIONSHIP_WITH_TRANSFORMATION(#204)
SHAPE_REPRESENTATION_RELATIONSHIP()
);
#216=(
REPRESENTATION_RELATIONSHIP($,$,#11852,#11851)
REPRESENTATION_RELATIONSHIP_WITH_TRANSFORMATION(#205)
SHAPE_REPRESENTATION_RELATIONSHIP()
);
#217=(
REPRESENTATION_RELATIONSHIP($,$,#11854,#11851)
REPRESENTATION_RELATIONSHIP_WITH_TRANSFORMATION(#206)
SHAPE_REPRESENTATION_RELATIONSHIP()
);
#218=(
REPRESENTATION_RELATIONSHIP($,$,#11856,#11851)
REPRESENTATION_RELATIONSHIP_WITH_TRANSFORMATION(#207)
SHAPE_REPRESENTATION_RELATIONSHIP()
);
#219=(
REPRESENTATION_RELATIONSHIP($,$,#11858,#11851)
REPRESENTATION_RELATIONSHIP_WITH_TRANSFORMATION(#208)
SHAPE_REPRESENTATION_RELATIONSHIP()
);
#220=(
REPRESENTATION_RELATIONSHIP($,$,#11859,#11851)
REPRESENTATION_RELATIONSHIP_WITH_TRANSFORMATION(#209)
SHAPE_REPRESENTATION_RELATIONSHIP()
);
#221=(
REPRESENTATION_RELATIONSHIP($,$,#11849,#11848)
REPRESENTATION_RELATIONSHIP_WITH_TRANSFORMATION(#210)
SHAPE_REPRESENTATION_RELATIONSHIP()
);
#222=(
REPRESENTATION_RELATIONSHIP($,$,#11851,#11848)
REPRESENTATION_RELATIONSHIP_WITH_TRANSFORMATION(#211)
SHAPE_REPRESENTATION_RELATIONSHIP()
);
#223=CONTEXT_DEPENDENT_SHAPE_REPRESENTATION(#212,#11828);
#224=CONTEXT_DEPENDENT_SHAPE_REPRESENTATION(#213,#11832);
#225=CONTEXT_DEPENDENT_SHAPE_REPRESENTATION(#214,#11835);
#226=CONTEXT_DEPENDENT_SHAPE_REPRESENTATION(#215,#11838);
#227=CONTEXT_DEPENDENT_SHAPE_REPRESENTATION(#216,#11841);
#228=CONTEXT_DEPENDENT_SHAPE_REPRESENTATION(#217,#11842);
#229=CONTEXT_DEPENDENT_SHAPE_REPRESENTATION(#218,#11843);
#230=CONTEXT_DEPENDENT_SHAPE_REPRESENTATION(#219,#11844);
#231=CONTEXT_DEPENDENT_SHAPE_REPRESENTATION(#220,#11845);
#232=CONTEXT_DEPENDENT_SHAPE_REPRESENTATION(#221,#11846);
#233=CONTEXT_DEPENDENT_SHAPE_REPRESENTATION(#222,#11847);
#234=NEXT_ASSEMBLY_USAGE_OCCURRENCE('Component8:1','Component8:1',
'Component8:1',#11862,#11863,'Component8:1');
#235=NEXT_ASSEMBLY_USAGE_OCCURRENCE('Component9:1','Component9:1',
'Component9:1',#11865,#11866,'Component9:1');
#236=NEXT_ASSEMBLY_USAGE_OCCURRENCE('Component10:1','Component10:1',
'Component10:1',#11867,#11868,'Component10:1');
#237=NEXT_ASSEMBLY_USAGE_OCCURRENCE('Component11:1','Component11:1',
'Component11:1',#11869,#11870,'Component11:1');
#238=NEXT_ASSEMBLY_USAGE_OCCURRENCE('OVA5647_Standard:1',
'OVA5647_Standard:1','OVA5647_Standard:1',#11864,#11865,
'OVA5647_Standard:1');
#239=NEXT_ASSEMBLY_USAGE_OCCURRENCE('OVA5647_Housing_Standard:1',
'OVA5647_Housing_Standard:1','OVA5647_Housing_Standard:1',#11864,#11867,
'OVA5647_Housing_Standard:1');
#240=NEXT_ASSEMBLY_USAGE_OCCURRENCE('OVA5647_IR-Glas_Standard:1',
'OVA5647_IR-Glas_Standard:1','OVA5647_IR-Glas_Standard:1',#11864,#11869,
'OVA5647_IR-Glas_Standard:1');
#241=NEXT_ASSEMBLY_USAGE_OCCURRENCE('OVA5647_Lens_FOV:1',
'OVA5647_Lens_FOV:1','OVA5647_Lens_FOV:1',#11864,#11871,
'OVA5647_Lens_FOV:1');
#242=NEXT_ASSEMBLY_USAGE_OCCURRENCE('OVA5647_Pigtail_Standard:1',
'OVA5647_Pigtail_Standard:1','OVA5647_Pigtail_Standard:1',#11864,#11872,
'OVA5647_Pigtail_Standard:1');
#243=NEXT_ASSEMBLY_USAGE_OCCURRENCE('RasPi_Camera_Board_Standard:1',
'RasPi_Camera_Board_Standard:1','RasPi_Camera_Board_Standard:1',#11861,
#11862,'RasPi_Camera_Board_Standard:1');
#244=NEXT_ASSEMBLY_USAGE_OCCURRENCE('OVA5647_FOV:1','OVA5647_FOV:1',
'OVA5647_FOV:1',#11861,#11864,'OVA5647_FOV:1');
#245=SHAPE_REPRESENTATION_RELATIONSHIP('SRR','None',#11850,#251);
#246=SHAPE_REPRESENTATION_RELATIONSHIP('SRR','None',#11853,#252);
#247=SHAPE_REPRESENTATION_RELATIONSHIP('SRR','None',#11855,#253);
#248=SHAPE_REPRESENTATION_RELATIONSHIP('SRR','None',#11857,#254);
#249=SHAPE_REPRESENTATION_RELATIONSHIP('SRR','None',#11858,#255);
#250=SHAPE_REPRESENTATION_RELATIONSHIP('SRR','None',#11859,#256);
#251=ADVANCED_BREP_SHAPE_REPRESENTATION('',(#257),#11798);
#252=ADVANCED_BREP_SHAPE_REPRESENTATION('',(#258),#11801);
#253=ADVANCED_BREP_SHAPE_REPRESENTATION('',(#259),#11803);
#254=ADVANCED_BREP_SHAPE_REPRESENTATION('',(#260),#11805);
#255=ADVANCED_BREP_SHAPE_REPRESENTATION('',(#261),#11806);
#256=ADVANCED_BREP_SHAPE_REPRESENTATION('',(#262,#263),#11807);
#257=MANIFOLD_SOLID_BREP('Body1',#6589);
#258=MANIFOLD_SOLID_BREP('Body1',#6590);
#259=MANIFOLD_SOLID_BREP('Body1',#6591);
#260=MANIFOLD_SOLID_BREP('Body1',#6592);
#261=MANIFOLD_SOLID_BREP('Body1',#6593);
#262=MANIFOLD_SOLID_BREP('Body1',#6594);
#263=MANIFOLD_SOLID_BREP('Body2',#6595);
#264=FACE_BOUND('',#968,.T.);
#265=FACE_BOUND('',#969,.T.);
#266=FACE_BOUND('',#970,.T.);
#267=FACE_BOUND('',#971,.T.);
#268=FACE_BOUND('',#972,.T.);
#269=FACE_BOUND('',#974,.T.);
#270=FACE_BOUND('',#975,.T.);
#271=FACE_BOUND('',#976,.T.);
#272=FACE_BOUND('',#977,.T.);
#273=FACE_BOUND('',#982,.T.);
#274=FACE_BOUND('',#1122,.T.);
#275=FACE_BOUND('',#1123,.T.);
#276=FACE_BOUND('',#1124,.T.);
#277=FACE_BOUND('',#1125,.T.);
#278=FACE_BOUND('',#1126,.T.);
#279=FACE_BOUND('',#1127,.T.);
#280=FACE_BOUND('',#1128,.T.);
#281=FACE_BOUND('',#1129,.T.);
#282=FACE_BOUND('',#1130,.T.);
#283=FACE_BOUND('',#1131,.T.);
#284=FACE_BOUND('',#1132,.T.);
#285=FACE_BOUND('',#1133,.T.);
#286=FACE_BOUND('',#1134,.T.);
#287=FACE_BOUND('',#1135,.T.);
#288=FACE_BOUND('',#1136,.T.);
#289=FACE_BOUND('',#1137,.T.);
#290=FACE_BOUND('',#1138,.T.);
#291=FACE_BOUND('',#1139,.T.);
#292=FACE_BOUND('',#1140,.T.);
#293=FACE_BOUND('',#1141,.T.);
#294=FACE_BOUND('',#1142,.T.);
#295=FACE_BOUND('',#1143,.T.);
#296=FACE_BOUND('',#1144,.T.);
#297=FACE_BOUND('',#1145,.T.);
#298=FACE_BOUND('',#1146,.T.);
#299=FACE_BOUND('',#1147,.T.);
#300=FACE_BOUND('',#1148,.T.);
#301=FACE_BOUND('',#1149,.T.);
#302=FACE_BOUND('',#1150,.T.);
#303=FACE_BOUND('',#1151,.T.);
#304=FACE_BOUND('',#1152,.T.);
#305=FACE_BOUND('',#1153,.T.);
#306=FACE_BOUND('',#1154,.T.);
#307=FACE_BOUND('',#1155,.T.);
#308=FACE_BOUND('',#1156,.T.);
#309=FACE_BOUND('',#1157,.T.);
#310=FACE_BOUND('',#1158,.T.);
#311=FACE_BOUND('',#1159,.T.);
#312=FACE_BOUND('',#1160,.T.);
#313=FACE_BOUND('',#1161,.T.);
#314=FACE_BOUND('',#1162,.T.);
#315=FACE_BOUND('',#1163,.T.);
#316=FACE_BOUND('',#1164,.T.);
#317=FACE_BOUND('',#1165,.T.);
#318=FACE_BOUND('',#1166,.T.);
#319=FACE_BOUND('',#1167,.T.);
#320=FACE_BOUND('',#1168,.T.);
#321=FACE_BOUND('',#1169,.T.);
#322=FACE_BOUND('',#1170,.T.);
#323=FACE_BOUND('',#1171,.T.);
#324=FACE_BOUND('',#1172,.T.);
#325=FACE_BOUND('',#1173,.T.);
#326=FACE_BOUND('',#1174,.T.);
#327=FACE_BOUND('',#1175,.T.);
#328=FACE_BOUND('',#1176,.T.);
#329=FACE_BOUND('',#1177,.T.);
#330=FACE_BOUND('',#1178,.T.);
#331=FACE_BOUND('',#1179,.T.);
#332=FACE_BOUND('',#1180,.T.);
#333=FACE_BOUND('',#1181,.T.);
#334=FACE_BOUND('',#1182,.T.);
#335=FACE_BOUND('',#1183,.T.);
#336=FACE_BOUND('',#1184,.T.);
#337=FACE_BOUND('',#1185,.T.);
#338=FACE_BOUND('',#1186,.T.);
#339=FACE_BOUND('',#1187,.T.);
#340=FACE_BOUND('',#1188,.T.);
#341=FACE_BOUND('',#1189,.T.);
#342=FACE_BOUND('',#1190,.T.);
#343=FACE_BOUND('',#1191,.T.);
#344=FACE_BOUND('',#1193,.T.);
#345=FACE_BOUND('',#1194,.T.);
#346=FACE_BOUND('',#1195,.T.);
#347=FACE_BOUND('',#1196,.T.);
#348=FACE_BOUND('',#1197,.T.);
#349=FACE_BOUND('',#1198,.T.);
#350=FACE_BOUND('',#1199,.T.);
#351=FACE_BOUND('',#1200,.T.);
#352=FACE_BOUND('',#1201,.T.);
#353=FACE_BOUND('',#1202,.T.);
#354=FACE_BOUND('',#1203,.T.);
#355=FACE_BOUND('',#1204,.T.);
#356=FACE_BOUND('',#1205,.T.);
#357=FACE_BOUND('',#1206,.T.);
#358=FACE_BOUND('',#1207,.T.);
#359=FACE_BOUND('',#1208,.T.);
#360=FACE_BOUND('',#1209,.T.);
#361=FACE_BOUND('',#1210,.T.);
#362=FACE_BOUND('',#1211,.T.);
#363=FACE_BOUND('',#1212,.T.);
#364=FACE_BOUND('',#1213,.T.);
#365=FACE_BOUND('',#1214,.T.);
#366=FACE_BOUND('',#1215,.T.);
#367=FACE_BOUND('',#1216,.T.);
#368=FACE_BOUND('',#1217,.T.);
#369=FACE_BOUND('',#1218,.T.);
#370=FACE_BOUND('',#1219,.T.);
#371=FACE_BOUND('',#1220,.T.);
#372=FACE_BOUND('',#1221,.T.);
#373=FACE_BOUND('',#1222,.T.);
#374=FACE_BOUND('',#1223,.T.);
#375=FACE_BOUND('',#1224,.T.);
#376=FACE_BOUND('',#1225,.T.);
#377=FACE_BOUND('',#1226,.T.);
#378=FACE_BOUND('',#1227,.T.);
#379=FACE_BOUND('',#1228,.T.);
#380=FACE_BOUND('',#1229,.T.);
#381=FACE_BOUND('',#1230,.T.);
#382=FACE_BOUND('',#1231,.T.);
#383=FACE_BOUND('',#1232,.T.);
#384=FACE_BOUND('',#1233,.T.);
#385=FACE_BOUND('',#1234,.T.);
#386=FACE_BOUND('',#1235,.T.);
#387=FACE_BOUND('',#1236,.T.);
#388=FACE_BOUND('',#1237,.T.);
#389=FACE_BOUND('',#1238,.T.);
#390=FACE_BOUND('',#1239,.T.);
#391=FACE_BOUND('',#1240,.T.);
#392=FACE_BOUND('',#1241,.T.);
#393=FACE_BOUND('',#1242,.T.);
#394=FACE_BOUND('',#1243,.T.);
#395=FACE_BOUND('',#1244,.T.);
#396=FACE_BOUND('',#1245,.T.);
#397=FACE_BOUND('',#1246,.T.);
#398=FACE_BOUND('',#1247,.T.);
#399=FACE_BOUND('',#1248,.T.);
#400=FACE_BOUND('',#1249,.T.);
#401=FACE_BOUND('',#1250,.T.);
#402=FACE_BOUND('',#1251,.T.);
#403=FACE_BOUND('',#1252,.T.);
#404=FACE_BOUND('',#1253,.T.);
#405=FACE_BOUND('',#1254,.T.);
#406=FACE_BOUND('',#1255,.T.);
#407=FACE_BOUND('',#1256,.T.);
#408=FACE_BOUND('',#1386,.T.);
#409=FACE_BOUND('',#1388,.T.);
#410=FACE_BOUND('',#1398,.T.);
#411=FACE_BOUND('',#1406,.T.);
#412=FACE_BOUND('',#1408,.T.);
#413=FACE_BOUND('',#1418,.T.);
#414=FACE_BOUND('',#1433,.T.);
#415=FACE_BOUND('',#1435,.T.);
#416=FACE_BOUND('',#1437,.T.);
#417=FACE_BOUND('',#1439,.T.);
#418=FACE_BOUND('',#1465,.T.);
#419=PLANE('',#6678);
#420=PLANE('',#6679);
#421=PLANE('',#6680);
#422=PLANE('',#6681);
#423=PLANE('',#6682);
#424=PLANE('',#6683);
#425=PLANE('',#6684);
#426=PLANE('',#6685);
#427=PLANE('',#6686);
#428=PLANE('',#6687);
#429=PLANE('',#6688);
#430=PLANE('',#6689);
#431=PLANE('',#6690);
#432=PLANE('',#6691);
#433=PLANE('',#6692);
#434=PLANE('',#6693);
#435=PLANE('',#6694);
#436=PLANE('',#6695);
#437=PLANE('',#6696);
#438=PLANE('',#6697);
#439=PLANE('',#7229);
#440=PLANE('',#7230);
#441=PLANE('',#7231);
#442=PLANE('',#7232);
#443=PLANE('',#7233);
#444=PLANE('',#7234);
#445=PLANE('',#7235);
#446=PLANE('',#7236);
#447=PLANE('',#7237);
#448=PLANE('',#7238);
#449=PLANE('',#7239);
#450=PLANE('',#7240);
#451=PLANE('',#7241);
#452=PLANE('',#7242);
#453=PLANE('',#7243);
#454=PLANE('',#7244);
#455=PLANE('',#7245);
#456=PLANE('',#7246);
#457=PLANE('',#7247);
#458=PLANE('',#7248);
#459=PLANE('',#7249);
#460=PLANE('',#7250);
#461=PLANE('',#7251);
#462=PLANE('',#7252);
#463=PLANE('',#7253);
#464=PLANE('',#7254);
#465=PLANE('',#7255);
#466=PLANE('',#7256);
#467=PLANE('',#7257);
#468=PLANE('',#7258);
#469=PLANE('',#7259);
#470=PLANE('',#7260);
#471=PLANE('',#7261);
#472=PLANE('',#7262);
#473=PLANE('',#7263);
#474=PLANE('',#7264);
#475=PLANE('',#7265);
#476=PLANE('',#7266);
#477=PLANE('',#7267);
#478=PLANE('',#7268);
#479=PLANE('',#7269);
#480=PLANE('',#7270);
#481=PLANE('',#7271);
#482=PLANE('',#7272);
#483=PLANE('',#7273);
#484=PLANE('',#7274);
#485=PLANE('',#7275);
#486=PLANE('',#7276);
#487=PLANE('',#7277);
#488=PLANE('',#7278);
#489=PLANE('',#7279);
#490=PLANE('',#7280);
#491=PLANE('',#7281);
#492=PLANE('',#7282);
#493=PLANE('',#7283);
#494=PLANE('',#7284);
#495=PLANE('',#7285);
#496=PLANE('',#7286);
#497=PLANE('',#7287);
#498=PLANE('',#7288);
#499=PLANE('',#7289);
#500=PLANE('',#7290);
#501=PLANE('',#7291);
#502=PLANE('',#7292);
#503=PLANE('',#7293);
#504=PLANE('',#7294);
#505=PLANE('',#7295);
#506=PLANE('',#7296);
#507=PLANE('',#7297);
#508=PLANE('',#7298);
#509=PLANE('',#7299);
#510=PLANE('',#7300);
#511=PLANE('',#7301);
#512=PLANE('',#7302);
#513=PLANE('',#7303);
#514=PLANE('',#7304);
#515=PLANE('',#7305);
#516=PLANE('',#7306);
#517=PLANE('',#7307);
#518=PLANE('',#7308);
#519=PLANE('',#7309);
#520=PLANE('',#7310);
#521=PLANE('',#7311);
#522=PLANE('',#7312);
#523=PLANE('',#7313);
#524=PLANE('',#7314);
#525=PLANE('',#7315);
#526=PLANE('',#7316);
#527=PLANE('',#7317);
#528=PLANE('',#7318);
#529=PLANE('',#7319);
#530=PLANE('',#7320);
#531=PLANE('',#7321);
#532=PLANE('',#7322);
#533=PLANE('',#7323);
#534=PLANE('',#7324);
#535=PLANE('',#7325);
#536=PLANE('',#7326);
#537=PLANE('',#7327);
#538=PLANE('',#7328);
#539=PLANE('',#7329);
#540=PLANE('',#7330);
#541=PLANE('',#7331);
#542=PLANE('',#7332);
#543=PLANE('',#7333);
#544=PLANE('',#7334);
#545=PLANE('',#7335);
#546=PLANE('',#7336);
#547=PLANE('',#7337);
#548=PLANE('',#7338);
#549=PLANE('',#7339);
#550=PLANE('',#7340);
#551=PLANE('',#7341);
#552=PLANE('',#7342);
#553=PLANE('',#7343);
#554=PLANE('',#7344);
#555=PLANE('',#7345);
#556=PLANE('',#7346);
#557=PLANE('',#7365);
#558=PLANE('',#7366);
#559=PLANE('',#7367);
#560=PLANE('',#7368);
#561=PLANE('',#7369);
#562=PLANE('',#7370);
#563=PLANE('',#7371);
#564=PLANE('',#7372);
#565=PLANE('',#7373);
#566=PLANE('',#7374);
#567=PLANE('',#7375);
#568=PLANE('',#7378);
#569=PLANE('',#7379);
#570=PLANE('',#7382);
#571=PLANE('',#7385);
#572=PLANE('',#7386);
#573=PLANE('',#7391);
#574=PLANE('',#7397);
#575=PLANE('',#7399);
#576=PLANE('',#7401);
#577=PLANE('',#7403);
#578=PLANE('',#7404);
#579=PLANE('',#7408);
#580=PLANE('',#7409);
#581=PLANE('',#7410);
#582=PLANE('',#7411);
#583=PLANE('',#7412);
#584=PLANE('',#7413);
#585=PLANE('',#7438);
#586=PLANE('',#7442);
#587=PLANE('',#7443);
#588=PLANE('',#7444);
#589=PLANE('',#7446);
#590=PLANE('',#7447);
#591=PLANE('',#7449);
#592=PLANE('',#7450);
#593=PLANE('',#7452);
#594=PLANE('',#7453);
#595=PLANE('',#7455);
#596=PLANE('',#7456);
#597=PLANE('',#7457);
#598=PLANE('',#7458);
#599=PLANE('',#7462);
#600=PLANE('',#7466);
#601=PLANE('',#7470);
#602=PLANE('',#7474);
#603=PLANE('',#7475);
#604=PLANE('',#7476);
#605=PLANE('',#7477);
#606=PLANE('',#7478);
#607=PLANE('',#7479);
#608=PLANE('',#7480);
#609=PLANE('',#7481);
#610=FACE_OUTER_BOUND('',#963,.T.);
#611=FACE_OUTER_BOUND('',#964,.T.);
#612=FACE_OUTER_BOUND('',#965,.T.);
#613=FACE_OUTER_BOUND('',#966,.T.);
#614=FACE_OUTER_BOUND('',#967,.T.);
#615=FACE_OUTER_BOUND('',#973,.T.);
#616=FACE_OUTER_BOUND('',#978,.T.);
#617=FACE_OUTER_BOUND('',#979,.T.);
#618=FACE_OUTER_BOUND('',#980,.T.);
#619=FACE_OUTER_BOUND('',#981,.T.);
#620=FACE_OUTER_BOUND('',#983,.T.);
#621=FACE_OUTER_BOUND('',#984,.T.);
#622=FACE_OUTER_BOUND('',#985,.T.);
#623=FACE_OUTER_BOUND('',#986,.T.);
#624=FACE_OUTER_BOUND('',#987,.T.);
#625=FACE_OUTER_BOUND('',#988,.T.);
#626=FACE_OUTER_BOUND('',#989,.T.);
#627=FACE_OUTER_BOUND('',#990,.T.);
#628=FACE_OUTER_BOUND('',#991,.T.);
#629=FACE_OUTER_BOUND('',#992,.T.);
#630=FACE_OUTER_BOUND('',#993,.T.);
#631=FACE_OUTER_BOUND('',#994,.T.);
#632=FACE_OUTER_BOUND('',#995,.T.);
#633=FACE_OUTER_BOUND('',#996,.T.);
#634=FACE_OUTER_BOUND('',#997,.T.);
#635=FACE_OUTER_BOUND('',#998,.T.);
#636=FACE_OUTER_BOUND('',#999,.T.);
#637=FACE_OUTER_BOUND('',#1000,.T.);
#638=FACE_OUTER_BOUND('',#1001,.T.);
#639=FACE_OUTER_BOUND('',#1002,.T.);
#640=FACE_OUTER_BOUND('',#1003,.T.);
#641=FACE_OUTER_BOUND('',#1004,.T.);
#642=FACE_OUTER_BOUND('',#1005,.T.);
#643=FACE_OUTER_BOUND('',#1006,.T.);
#644=FACE_OUTER_BOUND('',#1007,.T.);
#645=FACE_OUTER_BOUND('',#1008,.T.);
#646=FACE_OUTER_BOUND('',#1009,.T.);
#647=FACE_OUTER_BOUND('',#1010,.T.);
#648=FACE_OUTER_BOUND('',#1011,.T.);
#649=FACE_OUTER_BOUND('',#1012,.T.);
#650=FACE_OUTER_BOUND('',#1013,.T.);
#651=FACE_OUTER_BOUND('',#1014,.T.);
#652=FACE_OUTER_BOUND('',#1015,.T.);
#653=FACE_OUTER_BOUND('',#1016,.T.);
#654=FACE_OUTER_BOUND('',#1017,.T.);
#655=FACE_OUTER_BOUND('',#1018,.T.);
#656=FACE_OUTER_BOUND('',#1019,.T.);
#657=FACE_OUTER_BOUND('',#1020,.T.);
#658=FACE_OUTER_BOUND('',#1021,.T.);
#659=FACE_OUTER_BOUND('',#1022,.T.);
#660=FACE_OUTER_BOUND('',#1023,.T.);
#661=FACE_OUTER_BOUND('',#1024,.T.);
#662=FACE_OUTER_BOUND('',#1025,.T.);
#663=FACE_OUTER_BOUND('',#1026,.T.);
#664=FACE_OUTER_BOUND('',#1027,.T.);
#665=FACE_OUTER_BOUND('',#1028,.T.);
#666=FACE_OUTER_BOUND('',#1029,.T.);
#667=FACE_OUTER_BOUND('',#1030,.T.);
#668=FACE_OUTER_BOUND('',#1031,.T.);
#669=FACE_OUTER_BOUND('',#1032,.T.);
#670=FACE_OUTER_BOUND('',#1033,.T.);
#671=FACE_OUTER_BOUND('',#1034,.T.);
#672=FACE_OUTER_BOUND('',#1035,.T.);
#673=FACE_OUTER_BOUND('',#1036,.T.);
#674=FACE_OUTER_BOUND('',#1037,.T.);
#675=FACE_OUTER_BOUND('',#1038,.T.);
#676=FACE_OUTER_BOUND('',#1039,.T.);
#677=FACE_OUTER_BOUND('',#1040,.T.);
#678=FACE_OUTER_BOUND('',#1041,.T.);
#679=FACE_OUTER_BOUND('',#1042,.T.);
#680=FACE_OUTER_BOUND('',#1043,.T.);
#681=FACE_OUTER_BOUND('',#1044,.T.);
#682=FACE_OUTER_BOUND('',#1045,.T.);
#683=FACE_OUTER_BOUND('',#1046,.T.);
#684=FACE_OUTER_BOUND('',#1047,.T.);
#685=FACE_OUTER_BOUND('',#1048,.T.);
#686=FACE_OUTER_BOUND('',#1049,.T.);
#687=FACE_OUTER_BOUND('',#1050,.T.);
#688=FACE_OUTER_BOUND('',#1051,.T.);
#689=FACE_OUTER_BOUND('',#1052,.T.);
#690=FACE_OUTER_BOUND('',#1053,.T.);
#691=FACE_OUTER_BOUND('',#1054,.T.);
#692=FACE_OUTER_BOUND('',#1055,.T.);
#693=FACE_OUTER_BOUND('',#1056,.T.);
#694=FACE_OUTER_BOUND('',#1057,.T.);
#695=FACE_OUTER_BOUND('',#1058,.T.);
#696=FACE_OUTER_BOUND('',#1059,.T.);
#697=FACE_OUTER_BOUND('',#1060,.T.);
#698=FACE_OUTER_BOUND('',#1061,.T.);
#699=FACE_OUTER_BOUND('',#1062,.T.);
#700=FACE_OUTER_BOUND('',#1063,.T.);
#701=FACE_OUTER_BOUND('',#1064,.T.);
#702=FACE_OUTER_BOUND('',#1065,.T.);
#703=FACE_OUTER_BOUND('',#1066,.T.);
#704=FACE_OUTER_BOUND('',#1067,.T.);
#705=FACE_OUTER_BOUND('',#1068,.T.);
#706=FACE_OUTER_BOUND('',#1069,.T.);
#707=FACE_OUTER_BOUND('',#1070,.T.);
#708=FACE_OUTER_BOUND('',#1071,.T.);
#709=FACE_OUTER_BOUND('',#1072,.T.);
#710=FACE_OUTER_BOUND('',#1073,.T.);
#711=FACE_OUTER_BOUND('',#1074,.T.);
#712=FACE_OUTER_BOUND('',#1075,.T.);
#713=FACE_OUTER_BOUND('',#1076,.T.);
#714=FACE_OUTER_BOUND('',#1077,.T.);
#715=FACE_OUTER_BOUND('',#1078,.T.);
#716=FACE_OUTER_BOUND('',#1079,.T.);
#717=FACE_OUTER_BOUND('',#1080,.T.);
#718=FACE_OUTER_BOUND('',#1081,.T.);
#719=FACE_OUTER_BOUND('',#1082,.T.);
#720=FACE_OUTER_BOUND('',#1083,.T.);
#721=FACE_OUTER_BOUND('',#1084,.T.);
#722=FACE_OUTER_BOUND('',#1085,.T.);
#723=FACE_OUTER_BOUND('',#1086,.T.);
#724=FACE_OUTER_BOUND('',#1087,.T.);
#725=FACE_OUTER_BOUND('',#1088,.T.);
#726=FACE_OUTER_BOUND('',#1089,.T.);
#727=FACE_OUTER_BOUND('',#1090,.T.);
#728=FACE_OUTER_BOUND('',#1091,.T.);
#729=FACE_OUTER_BOUND('',#1092,.T.);
#730=FACE_OUTER_BOUND('',#1093,.T.);
#731=FACE_OUTER_BOUND('',#1094,.T.);
#732=FACE_OUTER_BOUND('',#1095,.T.);
#733=FACE_OUTER_BOUND('',#1096,.T.);
#734=FACE_OUTER_BOUND('',#1097,.T.);
#735=FACE_OUTER_BOUND('',#1098,.T.);
#736=FACE_OUTER_BOUND('',#1099,.T.);
#737=FACE_OUTER_BOUND('',#1100,.T.);
#738=FACE_OUTER_BOUND('',#1101,.T.);
#739=FACE_OUTER_BOUND('',#1102,.T.);
#740=FACE_OUTER_BOUND('',#1103,.T.);
#741=FACE_OUTER_BOUND('',#1104,.T.);
#742=FACE_OUTER_BOUND('',#1105,.T.);
#743=FACE_OUTER_BOUND('',#1106,.T.);
#744=FACE_OUTER_BOUND('',#1107,.T.);
#745=FACE_OUTER_BOUND('',#1108,.T.);
#746=FACE_OUTER_BOUND('',#1109,.T.);
#747=FACE_OUTER_BOUND('',#1110,.T.);
#748=FACE_OUTER_BOUND('',#1111,.T.);
#749=FACE_OUTER_BOUND('',#1112,.T.);
#750=FACE_OUTER_BOUND('',#1113,.T.);
#751=FACE_OUTER_BOUND('',#1114,.T.);
#752=FACE_OUTER_BOUND('',#1115,.T.);
#753=FACE_OUTER_BOUND('',#1116,.T.);
#754=FACE_OUTER_BOUND('',#1117,.T.);
#755=FACE_OUTER_BOUND('',#1118,.T.);
#756=FACE_OUTER_BOUND('',#1119,.T.);
#757=FACE_OUTER_BOUND('',#1120,.T.);
#758=FACE_OUTER_BOUND('',#1121,.T.);
#759=FACE_OUTER_BOUND('',#1192,.T.);
#760=FACE_OUTER_BOUND('',#1257,.T.);
#761=FACE_OUTER_BOUND('',#1258,.T.);
#762=FACE_OUTER_BOUND('',#1259,.T.);
#763=FACE_OUTER_BOUND('',#1260,.T.);
#764=FACE_OUTER_BOUND('',#1261,.T.);
#765=FACE_OUTER_BOUND('',#1262,.T.);
#766=FACE_OUTER_BOUND('',#1263,.T.);
#767=FACE_OUTER_BOUND('',#1264,.T.);
#768=FACE_OUTER_BOUND('',#1265,.T.);
#769=FACE_OUTER_BOUND('',#1266,.T.);
#770=FACE_OUTER_BOUND('',#1267,.T.);
#771=FACE_OUTER_BOUND('',#1268,.T.);
#772=FACE_OUTER_BOUND('',#1269,.T.);
#773=FACE_OUTER_BOUND('',#1270,.T.);
#774=FACE_OUTER_BOUND('',#1271,.T.);
#775=FACE_OUTER_BOUND('',#1272,.T.);
#776=FACE_OUTER_BOUND('',#1273,.T.);
#777=FACE_OUTER_BOUND('',#1274,.T.);
#778=FACE_OUTER_BOUND('',#1275,.T.);
#779=FACE_OUTER_BOUND('',#1276,.T.);
#780=FACE_OUTER_BOUND('',#1277,.T.);
#781=FACE_OUTER_BOUND('',#1278,.T.);
#782=FACE_OUTER_BOUND('',#1279,.T.);
#783=FACE_OUTER_BOUND('',#1280,.T.);
#784=FACE_OUTER_BOUND('',#1281,.T.);
#785=FACE_OUTER_BOUND('',#1282,.T.);
#786=FACE_OUTER_BOUND('',#1283,.T.);
#787=FACE_OUTER_BOUND('',#1284,.T.);
#788=FACE_OUTER_BOUND('',#1285,.T.);
#789=FACE_OUTER_BOUND('',#1286,.T.);
#790=FACE_OUTER_BOUND('',#1287,.T.);
#791=FACE_OUTER_BOUND('',#1288,.T.);
#792=FACE_OUTER_BOUND('',#1289,.T.);
#793=FACE_OUTER_BOUND('',#1290,.T.);
#794=FACE_OUTER_BOUND('',#1291,.T.);
#795=FACE_OUTER_BOUND('',#1292,.T.);
#796=FACE_OUTER_BOUND('',#1293,.T.);
#797=FACE_OUTER_BOUND('',#1294,.T.);
#798=FACE_OUTER_BOUND('',#1295,.T.);
#799=FACE_OUTER_BOUND('',#1296,.T.);
#800=FACE_OUTER_BOUND('',#1297,.T.);
#801=FACE_OUTER_BOUND('',#1298,.T.);
#802=FACE_OUTER_BOUND('',#1299,.T.);
#803=FACE_OUTER_BOUND('',#1300,.T.);
#804=FACE_OUTER_BOUND('',#1301,.T.);
#805=FACE_OUTER_BOUND('',#1302,.T.);
#806=FACE_OUTER_BOUND('',#1303,.T.);
#807=FACE_OUTER_BOUND('',#1304,.T.);
#808=FACE_OUTER_BOUND('',#1305,.T.);
#809=FACE_OUTER_BOUND('',#1306,.T.);
#810=FACE_OUTER_BOUND('',#1307,.T.);
#811=FACE_OUTER_BOUND('',#1308,.T.);
#812=FACE_OUTER_BOUND('',#1309,.T.);
#813=FACE_OUTER_BOUND('',#1310,.T.);
#814=FACE_OUTER_BOUND('',#1311,.T.);
#815=FACE_OUTER_BOUND('',#1312,.T.);
#816=FACE_OUTER_BOUND('',#1313,.T.);
#817=FACE_OUTER_BOUND('',#1314,.T.);
#818=FACE_OUTER_BOUND('',#1315,.T.);
#819=FACE_OUTER_BOUND('',#1316,.T.);
#820=FACE_OUTER_BOUND('',#1317,.T.);
#821=FACE_OUTER_BOUND('',#1318,.T.);
#822=FACE_OUTER_BOUND('',#1319,.T.);
#823=FACE_OUTER_BOUND('',#1320,.T.);
#824=FACE_OUTER_BOUND('',#1321,.T.);
#825=FACE_OUTER_BOUND('',#1322,.T.);
#826=FACE_OUTER_BOUND('',#1323,.T.);
#827=FACE_OUTER_BOUND('',#1324,.T.);
#828=FACE_OUTER_BOUND('',#1325,.T.);
#829=FACE_OUTER_BOUND('',#1326,.T.);
#830=FACE_OUTER_BOUND('',#1327,.T.);
#831=FACE_OUTER_BOUND('',#1328,.T.);
#832=FACE_OUTER_BOUND('',#1329,.T.);
#833=FACE_OUTER_BOUND('',#1330,.T.);
#834=FACE_OUTER_BOUND('',#1331,.T.);
#835=FACE_OUTER_BOUND('',#1332,.T.);
#836=FACE_OUTER_BOUND('',#1333,.T.);
#837=FACE_OUTER_BOUND('',#1334,.T.);
#838=FACE_OUTER_BOUND('',#1335,.T.);
#839=FACE_OUTER_BOUND('',#1336,.T.);
#840=FACE_OUTER_BOUND('',#1337,.T.);
#841=FACE_OUTER_BOUND('',#1338,.T.);
#842=FACE_OUTER_BOUND('',#1339,.T.);
#843=FACE_OUTER_BOUND('',#1340,.T.);
#844=FACE_OUTER_BOUND('',#1341,.T.);
#845=FACE_OUTER_BOUND('',#1342,.T.);
#846=FACE_OUTER_BOUND('',#1343,.T.);
#847=FACE_OUTER_BOUND('',#1344,.T.);
#848=FACE_OUTER_BOUND('',#1345,.T.);
#849=FACE_OUTER_BOUND('',#1346,.T.);
#850=FACE_OUTER_BOUND('',#1347,.T.);
#851=FACE_OUTER_BOUND('',#1348,.T.);
#852=FACE_OUTER_BOUND('',#1349,.T.);
#853=FACE_OUTER_BOUND('',#1350,.T.);
#854=FACE_OUTER_BOUND('',#1351,.T.);
#855=FACE_OUTER_BOUND('',#1352,.T.);
#856=FACE_OUTER_BOUND('',#1353,.T.);
#857=FACE_OUTER_BOUND('',#1354,.T.);
#858=FACE_OUTER_BOUND('',#1355,.T.);
#859=FACE_OUTER_BOUND('',#1356,.T.);
#860=FACE_OUTER_BOUND('',#1357,.T.);
#861=FACE_OUTER_BOUND('',#1358,.T.);
#862=FACE_OUTER_BOUND('',#1359,.T.);
#863=FACE_OUTER_BOUND('',#1360,.T.);
#864=FACE_OUTER_BOUND('',#1361,.T.);
#865=FACE_OUTER_BOUND('',#1362,.T.);
#866=FACE_OUTER_BOUND('',#1363,.T.);
#867=FACE_OUTER_BOUND('',#1364,.T.);
#868=FACE_OUTER_BOUND('',#1365,.T.);
#869=FACE_OUTER_BOUND('',#1366,.T.);
#870=FACE_OUTER_BOUND('',#1367,.T.);
#871=FACE_OUTER_BOUND('',#1368,.T.);
#872=FACE_OUTER_BOUND('',#1369,.T.);
#873=FACE_OUTER_BOUND('',#1370,.T.);
#874=FACE_OUTER_BOUND('',#1371,.T.);
#875=FACE_OUTER_BOUND('',#1372,.T.);
#876=FACE_OUTER_BOUND('',#1373,.T.);
#877=FACE_OUTER_BOUND('',#1374,.T.);
#878=FACE_OUTER_BOUND('',#1375,.T.);
#879=FACE_OUTER_BOUND('',#1376,.T.);
#880=FACE_OUTER_BOUND('',#1377,.T.);
#881=FACE_OUTER_BOUND('',#1378,.T.);
#882=FACE_OUTER_BOUND('',#1379,.T.);
#883=FACE_OUTER_BOUND('',#1380,.T.);
#884=FACE_OUTER_BOUND('',#1381,.T.);
#885=FACE_OUTER_BOUND('',#1382,.T.);
#886=FACE_OUTER_BOUND('',#1383,.T.);
#887=FACE_OUTER_BOUND('',#1384,.T.);
#888=FACE_OUTER_BOUND('',#1385,.T.);
#889=FACE_OUTER_BOUND('',#1387,.T.);
#890=FACE_OUTER_BOUND('',#1389,.T.);
#891=FACE_OUTER_BOUND('',#1390,.T.);
#892=FACE_OUTER_BOUND('',#1391,.T.);
#893=FACE_OUTER_BOUND('',#1392,.T.);
#894=FACE_OUTER_BOUND('',#1393,.T.);
#895=FACE_OUTER_BOUND('',#1394,.T.);
#896=FACE_OUTER_BOUND('',#1395,.T.);
#897=FACE_OUTER_BOUND('',#1396,.T.);
#898=FACE_OUTER_BOUND('',#1397,.T.);
#899=FACE_OUTER_BOUND('',#1399,.T.);
#900=FACE_OUTER_BOUND('',#1400,.T.);
#901=FACE_OUTER_BOUND('',#1401,.T.);
#902=FACE_OUTER_BOUND('',#1402,.T.);
#903=FACE_OUTER_BOUND('',#1403,.T.);
#904=FACE_OUTER_BOUND('',#1404,.T.);
#905=FACE_OUTER_BOUND('',#1405,.T.);
#906=FACE_OUTER_BOUND('',#1407,.T.);
#907=FACE_OUTER_BOUND('',#1409,.T.);
#908=FACE_OUTER_BOUND('',#1410,.T.);
#909=FACE_OUTER_BOUND('',#1411,.T.);
#910=FACE_OUTER_BOUND('',#1412,.T.);
#911=FACE_OUTER_BOUND('',#1413,.T.);
#912=FACE_OUTER_BOUND('',#1414,.T.);
#913=FACE_OUTER_BOUND('',#1415,.T.);
#914=FACE_OUTER_BOUND('',#1416,.T.);
#915=FACE_OUTER_BOUND('',#1417,.T.);
#916=FACE_OUTER_BOUND('',#1419,.T.);
#917=FACE_OUTER_BOUND('',#1420,.T.);
#918=FACE_OUTER_BOUND('',#1421,.T.);
#919=FACE_OUTER_BOUND('',#1422,.T.);
#920=FACE_OUTER_BOUND('',#1423,.T.);
#921=FACE_OUTER_BOUND('',#1424,.T.);
#922=FACE_OUTER_BOUND('',#1425,.T.);
#923=FACE_OUTER_BOUND('',#1426,.T.);
#924=FACE_OUTER_BOUND('',#1427,.T.);
#925=FACE_OUTER_BOUND('',#1428,.T.);
#926=FACE_OUTER_BOUND('',#1429,.T.);
#927=FACE_OUTER_BOUND('',#1430,.T.);
#928=FACE_OUTER_BOUND('',#1431,.T.);
#929=FACE_OUTER_BOUND('',#1432,.T.);
#930=FACE_OUTER_BOUND('',#1434,.T.);
#931=FACE_OUTER_BOUND('',#1436,.T.);
#932=FACE_OUTER_BOUND('',#1438,.T.);
#933=FACE_OUTER_BOUND('',#1440,.T.);
#934=FACE_OUTER_BOUND('',#1441,.T.);
#935=FACE_OUTER_BOUND('',#1442,.T.);
#936=FACE_OUTER_BOUND('',#1443,.T.);
#937=FACE_OUTER_BOUND('',#1444,.T.);
#938=FACE_OUTER_BOUND('',#1445,.T.);
#939=FACE_OUTER_BOUND('',#1446,.T.);
#940=FACE_OUTER_BOUND('',#1447,.T.);
#941=FACE_OUTER_BOUND('',#1448,.T.);
#942=FACE_OUTER_BOUND('',#1449,.T.);
#943=FACE_OUTER_BOUND('',#1450,.T.);
#944=FACE_OUTER_BOUND('',#1451,.T.);
#945=FACE_OUTER_BOUND('',#1452,.T.);
#946=FACE_OUTER_BOUND('',#1453,.T.);
#947=FACE_OUTER_BOUND('',#1454,.T.);
#948=FACE_OUTER_BOUND('',#1455,.T.);
#949=FACE_OUTER_BOUND('',#1456,.T.);
#950=FACE_OUTER_BOUND('',#1457,.T.);
#951=FACE_OUTER_BOUND('',#1458,.T.);
#952=FACE_OUTER_BOUND('',#1459,.T.);
#953=FACE_OUTER_BOUND('',#1460,.T.);
#954=FACE_OUTER_BOUND('',#1461,.T.);
#955=FACE_OUTER_BOUND('',#1462,.T.);
#956=FACE_OUTER_BOUND('',#1463,.T.);
#957=FACE_OUTER_BOUND('',#1464,.T.);
#958=FACE_OUTER_BOUND('',#1466,.T.);
#959=FACE_OUTER_BOUND('',#1467,.T.);
#960=FACE_OUTER_BOUND('',#1468,.T.);
#961=FACE_OUTER_BOUND('',#1469,.T.);
#962=FACE_OUTER_BOUND('',#1470,.T.);
#963=EDGE_LOOP('',(#4253,#4254,#4255,#4256));
#964=EDGE_LOOP('',(#4257,#4258,#4259,#4260));
#965=EDGE_LOOP('',(#4261,#4262,#4263,#4264));
#966=EDGE_LOOP('',(#4265,#4266,#4267,#4268));
#967=EDGE_LOOP('',(#4269,#4270,#4271,#4272));
#968=EDGE_LOOP('',(#4273));
#969=EDGE_LOOP('',(#4274));
#970=EDGE_LOOP('',(#4275));
#971=EDGE_LOOP('',(#4276));
#972=EDGE_LOOP('',(#4277,#4278,#4279,#4280));
#973=EDGE_LOOP('',(#4281,#4282,#4283,#4284,#4285,#4286,#4287,#4288));
#974=EDGE_LOOP('',(#4289));
#975=EDGE_LOOP('',(#4290));
#976=EDGE_LOOP('',(#4291));
#977=EDGE_LOOP('',(#4292));
#978=EDGE_LOOP('',(#4293,#4294,#4295,#4296));
#979=EDGE_LOOP('',(#4297,#4298,#4299,#4300));
#980=EDGE_LOOP('',(#4301,#4302,#4303,#4304));
#981=EDGE_LOOP('',(#4305,#4306,#4307,#4308,#4309,#4310,#4311,#4312));
#982=EDGE_LOOP('',(#4313,#4314,#4315,#4316));
#983=EDGE_LOOP('',(#4317,#4318,#4319,#4320));
#984=EDGE_LOOP('',(#4321,#4322,#4323,#4324));
#985=EDGE_LOOP('',(#4325,#4326,#4327,#4328));
#986=EDGE_LOOP('',(#4329,#4330,#4331,#4332));
#987=EDGE_LOOP('',(#4333,#4334,#4335,#4336));
#988=EDGE_LOOP('',(#4337,#4338,#4339,#4340));
#989=EDGE_LOOP('',(#4341,#4342,#4343,#4344));
#990=EDGE_LOOP('',(#4345,#4346,#4347,#4348));
#991=EDGE_LOOP('',(#4349,#4350,#4351,#4352));
#992=EDGE_LOOP('',(#4353,#4354,#4355,#4356));
#993=EDGE_LOOP('',(#4357,#4358,#4359,#4360));
#994=EDGE_LOOP('',(#4361,#4362,#4363,#4364));
#995=EDGE_LOOP('',(#4365,#4366,#4367,#4368));
#996=EDGE_LOOP('',(#4369,#4370,#4371,#4372));
#997=EDGE_LOOP('',(#4373,#4374,#4375,#4376));
#998=EDGE_LOOP('',(#4377,#4378,#4379,#4380));
#999=EDGE_LOOP('',(#4381,#4382,#4383,#4384));
#1000=EDGE_LOOP('',(#4385,#4386,#4387,#4388));
#1001=EDGE_LOOP('',(#4389,#4390,#4391,#4392));
#1002=EDGE_LOOP('',(#4393,#4394,#4395,#4396));
#1003=EDGE_LOOP('',(#4397,#4398,#4399,#4400));
#1004=EDGE_LOOP('',(#4401,#4402,#4403,#4404));
#1005=EDGE_LOOP('',(#4405,#4406,#4407,#4408));
#1006=EDGE_LOOP('',(#4409,#4410,#4411,#4412));
#1007=EDGE_LOOP('',(#4413,#4414,#4415,#4416));
#1008=EDGE_LOOP('',(#4417,#4418,#4419,#4420));
#1009=EDGE_LOOP('',(#4421,#4422,#4423,#4424));
#1010=EDGE_LOOP('',(#4425,#4426,#4427,#4428));
#1011=EDGE_LOOP('',(#4429,#4430,#4431,#4432));
#1012=EDGE_LOOP('',(#4433,#4434,#4435,#4436));
#1013=EDGE_LOOP('',(#4437,#4438,#4439,#4440));
#1014=EDGE_LOOP('',(#4441,#4442,#4443,#4444));
#1015=EDGE_LOOP('',(#4445,#4446,#4447,#4448));
#1016=EDGE_LOOP('',(#4449,#4450,#4451,#4452));
#1017=EDGE_LOOP('',(#4453,#4454,#4455,#4456));
#1018=EDGE_LOOP('',(#4457,#4458,#4459,#4460));
#1019=EDGE_LOOP('',(#4461,#4462,#4463,#4464));
#1020=EDGE_LOOP('',(#4465,#4466,#4467,#4468));
#1021=EDGE_LOOP('',(#4469,#4470,#4471,#4472));
#1022=EDGE_LOOP('',(#4473,#4474,#4475,#4476));
#1023=EDGE_LOOP('',(#4477,#4478,#4479,#4480));
#1024=EDGE_LOOP('',(#4481,#4482,#4483,#4484));
#1025=EDGE_LOOP('',(#4485,#4486,#4487,#4488));
#1026=EDGE_LOOP('',(#4489,#4490,#4491,#4492));
#1027=EDGE_LOOP('',(#4493,#4494,#4495,#4496));
#1028=EDGE_LOOP('',(#4497,#4498,#4499,#4500,#4501));
#1029=EDGE_LOOP('',(#4502,#4503,#4504,#4505,#4506));
#1030=EDGE_LOOP('',(#4507,#4508,#4509,#4510,#4511));
#1031=EDGE_LOOP('',(#4512,#4513,#4514,#4515,#4516));
#1032=EDGE_LOOP('',(#4517,#4518,#4519,#4520,#4521));
#1033=EDGE_LOOP('',(#4522,#4523,#4524,#4525,#4526));
#1034=EDGE_LOOP('',(#4527,#4528,#4529,#4530,#4531));
#1035=EDGE_LOOP('',(#4532,#4533,#4534,#4535,#4536));
#1036=EDGE_LOOP('',(#4537,#4538,#4539,#4540,#4541));
#1037=EDGE_LOOP('',(#4542,#4543,#4544,#4545,#4546));
#1038=EDGE_LOOP('',(#4547,#4548,#4549,#4550,#4551));
#1039=EDGE_LOOP('',(#4552,#4553,#4554,#4555,#4556));
#1040=EDGE_LOOP('',(#4557,#4558,#4559,#4560,#4561));
#1041=EDGE_LOOP('',(#4562,#4563,#4564,#4565,#4566));
#1042=EDGE_LOOP('',(#4567,#4568,#4569,#4570,#4571));
#1043=EDGE_LOOP('',(#4572,#4573,#4574,#4575,#4576));
#1044=EDGE_LOOP('',(#4577,#4578,#4579,#4580,#4581));
#1045=EDGE_LOOP('',(#4582,#4583,#4584,#4585,#4586));
#1046=EDGE_LOOP('',(#4587,#4588,#4589,#4590,#4591));
#1047=EDGE_LOOP('',(#4592,#4593,#4594,#4595,#4596));
#1048=EDGE_LOOP('',(#4597,#4598,#4599,#4600,#4601));
#1049=EDGE_LOOP('',(#4602,#4603,#4604,#4605,#4606));
#1050=EDGE_LOOP('',(#4607,#4608,#4609,#4610,#4611));
#1051=EDGE_LOOP('',(#4612,#4613,#4614,#4615,#4616));
#1052=EDGE_LOOP('',(#4617,#4618,#4619,#4620,#4621));
#1053=EDGE_LOOP('',(#4622,#4623,#4624,#4625,#4626));
#1054=EDGE_LOOP('',(#4627,#4628,#4629,#4630,#4631));
#1055=EDGE_LOOP('',(#4632,#4633,#4634,#4635,#4636));
#1056=EDGE_LOOP('',(#4637,#4638,#4639,#4640,#4641));
#1057=EDGE_LOOP('',(#4642,#4643,#4644,#4645,#4646));
#1058=EDGE_LOOP('',(#4647,#4648,#4649,#4650,#4651));
#1059=EDGE_LOOP('',(#4652,#4653,#4654,#4655,#4656,#4657));
#1060=EDGE_LOOP('',(#4658,#4659,#4660,#4661,#4662,#4663));
#1061=EDGE_LOOP('',(#4664,#4665,#4666,#4667,#4668,#4669));
#1062=EDGE_LOOP('',(#4670,#4671,#4672,#4673,#4674,#4675));
#1063=EDGE_LOOP('',(#4676,#4677,#4678,#4679,#4680,#4681));
#1064=EDGE_LOOP('',(#4682,#4683,#4684,#4685,#4686,#4687));
#1065=EDGE_LOOP('',(#4688,#4689,#4690,#4691,#4692,#4693));
#1066=EDGE_LOOP('',(#4694,#4695,#4696,#4697,#4698,#4699));
#1067=EDGE_LOOP('',(#4700,#4701,#4702,#4703,#4704,#4705));
#1068=EDGE_LOOP('',(#4706,#4707,#4708,#4709,#4710,#4711));
#1069=EDGE_LOOP('',(#4712,#4713,#4714,#4715,#4716,#4717));
#1070=EDGE_LOOP('',(#4718,#4719,#4720,#4721,#4722,#4723));
#1071=EDGE_LOOP('',(#4724,#4725,#4726,#4727,#4728,#4729));
#1072=EDGE_LOOP('',(#4730,#4731,#4732,#4733,#4734,#4735));
#1073=EDGE_LOOP('',(#4736,#4737,#4738,#4739,#4740,#4741));
#1074=EDGE_LOOP('',(#4742,#4743,#4744,#4745,#4746,#4747));
#1075=EDGE_LOOP('',(#4748,#4749,#4750,#4751,#4752,#4753));
#1076=EDGE_LOOP('',(#4754,#4755,#4756,#4757,#4758,#4759));
#1077=EDGE_LOOP('',(#4760,#4761,#4762,#4763,#4764,#4765));
#1078=EDGE_LOOP('',(#4766,#4767,#4768,#4769,#4770,#4771));
#1079=EDGE_LOOP('',(#4772,#4773,#4774,#4775,#4776,#4777));
#1080=EDGE_LOOP('',(#4778,#4779,#4780,#4781,#4782,#4783));
#1081=EDGE_LOOP('',(#4784,#4785,#4786,#4787,#4788,#4789));
#1082=EDGE_LOOP('',(#4790,#4791,#4792,#4793,#4794,#4795));
#1083=EDGE_LOOP('',(#4796,#4797,#4798,#4799,#4800,#4801));
#1084=EDGE_LOOP('',(#4802,#4803,#4804,#4805,#4806,#4807));
#1085=EDGE_LOOP('',(#4808,#4809,#4810,#4811,#4812,#4813));
#1086=EDGE_LOOP('',(#4814,#4815,#4816,#4817,#4818,#4819));
#1087=EDGE_LOOP('',(#4820,#4821,#4822,#4823,#4824,#4825));
#1088=EDGE_LOOP('',(#4826,#4827,#4828,#4829,#4830,#4831));
#1089=EDGE_LOOP('',(#4832,#4833,#4834,#4835,#4836,#4837));
#1090=EDGE_LOOP('',(#4838,#4839,#4840,#4841,#4842,#4843,#4844));
#1091=EDGE_LOOP('',(#4845,#4846,#4847,#4848,#4849,#4850,#4851));
#1092=EDGE_LOOP('',(#4852,#4853,#4854,#4855,#4856,#4857,#4858));
#1093=EDGE_LOOP('',(#4859,#4860,#4861,#4862,#4863,#4864,#4865));
#1094=EDGE_LOOP('',(#4866,#4867,#4868,#4869,#4870,#4871,#4872));
#1095=EDGE_LOOP('',(#4873,#4874,#4875,#4876,#4877,#4878,#4879));
#1096=EDGE_LOOP('',(#4880,#4881,#4882,#4883,#4884,#4885,#4886));
#1097=EDGE_LOOP('',(#4887,#4888,#4889,#4890,#4891,#4892,#4893));
#1098=EDGE_LOOP('',(#4894,#4895,#4896,#4897,#4898,#4899,#4900));
#1099=EDGE_LOOP('',(#4901,#4902,#4903,#4904,#4905,#4906,#4907));
#1100=EDGE_LOOP('',(#4908,#4909,#4910,#4911,#4912,#4913,#4914));
#1101=EDGE_LOOP('',(#4915,#4916,#4917,#4918,#4919,#4920,#4921));
#1102=EDGE_LOOP('',(#4922,#4923,#4924,#4925,#4926,#4927,#4928));
#1103=EDGE_LOOP('',(#4929,#4930,#4931,#4932,#4933,#4934,#4935));
#1104=EDGE_LOOP('',(#4936,#4937,#4938,#4939,#4940,#4941,#4942));
#1105=EDGE_LOOP('',(#4943,#4944,#4945,#4946,#4947,#4948,#4949));
#1106=EDGE_LOOP('',(#4950,#4951,#4952,#4953,#4954,#4955,#4956));
#1107=EDGE_LOOP('',(#4957,#4958,#4959,#4960,#4961,#4962,#4963));
#1108=EDGE_LOOP('',(#4964,#4965,#4966,#4967,#4968,#4969,#4970));
#1109=EDGE_LOOP('',(#4971,#4972,#4973,#4974,#4975,#4976,#4977));
#1110=EDGE_LOOP('',(#4978,#4979,#4980,#4981,#4982,#4983,#4984));
#1111=EDGE_LOOP('',(#4985,#4986,#4987,#4988,#4989,#4990,#4991));
#1112=EDGE_LOOP('',(#4992,#4993,#4994,#4995,#4996,#4997,#4998));
#1113=EDGE_LOOP('',(#4999,#5000,#5001,#5002,#5003,#5004,#5005));
#1114=EDGE_LOOP('',(#5006,#5007,#5008,#5009,#5010,#5011,#5012));
#1115=EDGE_LOOP('',(#5013,#5014,#5015,#5016,#5017,#5018,#5019));
#1116=EDGE_LOOP('',(#5020,#5021,#5022,#5023,#5024,#5025,#5026));
#1117=EDGE_LOOP('',(#5027,#5028,#5029,#5030,#5031,#5032,#5033));
#1118=EDGE_LOOP('',(#5034,#5035,#5036,#5037,#5038,#5039,#5040));
#1119=EDGE_LOOP('',(#5041,#5042,#5043,#5044,#5045,#5046,#5047));
#1120=EDGE_LOOP('',(#5048,#5049,#5050,#5051,#5052,#5053,#5054));
#1121=EDGE_LOOP('',(#5055,#5056,#5057,#5058));
#1122=EDGE_LOOP('',(#5059,#5060,#5061,#5062));
#1123=EDGE_LOOP('',(#5063,#5064,#5065));
#1124=EDGE_LOOP('',(#5066,#5067,#5068));
#1125=EDGE_LOOP('',(#5069,#5070,#5071));
#1126=EDGE_LOOP('',(#5072,#5073,#5074));
#1127=EDGE_LOOP('',(#5075,#5076,#5077));
#1128=EDGE_LOOP('',(#5078,#5079,#5080));
#1129=EDGE_LOOP('',(#5081,#5082,#5083));
#1130=EDGE_LOOP('',(#5084,#5085,#5086));
#1131=EDGE_LOOP('',(#5087,#5088,#5089));
#1132=EDGE_LOOP('',(#5090,#5091,#5092));
#1133=EDGE_LOOP('',(#5093,#5094,#5095));
#1134=EDGE_LOOP('',(#5096,#5097,#5098));
#1135=EDGE_LOOP('',(#5099,#5100,#5101));
#1136=EDGE_LOOP('',(#5102,#5103,#5104));
#1137=EDGE_LOOP('',(#5105,#5106,#5107));
#1138=EDGE_LOOP('',(#5108,#5109,#5110,#5111));
#1139=EDGE_LOOP('',(#5112,#5113,#5114,#5115));
#1140=EDGE_LOOP('',(#5116,#5117,#5118,#5119));
#1141=EDGE_LOOP('',(#5120,#5121,#5122,#5123));
#1142=EDGE_LOOP('',(#5124,#5125,#5126,#5127));
#1143=EDGE_LOOP('',(#5128,#5129,#5130,#5131));
#1144=EDGE_LOOP('',(#5132,#5133,#5134,#5135));
#1145=EDGE_LOOP('',(#5136,#5137,#5138));
#1146=EDGE_LOOP('',(#5139,#5140,#5141));
#1147=EDGE_LOOP('',(#5142,#5143,#5144));
#1148=EDGE_LOOP('',(#5145,#5146,#5147));
#1149=EDGE_LOOP('',(#5148,#5149,#5150));
#1150=EDGE_LOOP('',(#5151,#5152,#5153));
#1151=EDGE_LOOP('',(#5154,#5155,#5156));
#1152=EDGE_LOOP('',(#5157,#5158,#5159));
#1153=EDGE_LOOP('',(#5160,#5161,#5162));
#1154=EDGE_LOOP('',(#5163,#5164,#5165));
#1155=EDGE_LOOP('',(#5166,#5167,#5168));
#1156=EDGE_LOOP('',(#5169,#5170,#5171));
#1157=EDGE_LOOP('',(#5172,#5173,#5174));
#1158=EDGE_LOOP('',(#5175,#5176,#5177));
#1159=EDGE_LOOP('',(#5178,#5179,#5180));
#1160=EDGE_LOOP('',(#5181,#5182,#5183));
#1161=EDGE_LOOP('',(#5184,#5185));
#1162=EDGE_LOOP('',(#5186,#5187));
#1163=EDGE_LOOP('',(#5188,#5189));
#1164=EDGE_LOOP('',(#5190,#5191));
#1165=EDGE_LOOP('',(#5192,#5193));
#1166=EDGE_LOOP('',(#5194,#5195));
#1167=EDGE_LOOP('',(#5196,#5197));
#1168=EDGE_LOOP('',(#5198,#5199));
#1169=EDGE_LOOP('',(#5200,#5201));
#1170=EDGE_LOOP('',(#5202,#5203));
#1171=EDGE_LOOP('',(#5204,#5205));
#1172=EDGE_LOOP('',(#5206,#5207));
#1173=EDGE_LOOP('',(#5208,#5209));
#1174=EDGE_LOOP('',(#5210,#5211));
#1175=EDGE_LOOP('',(#5212,#5213));
#1176=EDGE_LOOP('',(#5214,#5215));
#1177=EDGE_LOOP('',(#5216,#5217));
#1178=EDGE_LOOP('',(#5218,#5219));
#1179=EDGE_LOOP('',(#5220,#5221));
#1180=EDGE_LOOP('',(#5222,#5223));
#1181=EDGE_LOOP('',(#5224,#5225));
#1182=EDGE_LOOP('',(#5226,#5227));
#1183=EDGE_LOOP('',(#5228,#5229));
#1184=EDGE_LOOP('',(#5230,#5231));
#1185=EDGE_LOOP('',(#5232,#5233));
#1186=EDGE_LOOP('',(#5234,#5235));
#1187=EDGE_LOOP('',(#5236,#5237));
#1188=EDGE_LOOP('',(#5238,#5239));
#1189=EDGE_LOOP('',(#5240,#5241));
#1190=EDGE_LOOP('',(#5242,#5243));
#1191=EDGE_LOOP('',(#5244,#5245));
#1192=EDGE_LOOP('',(#5246,#5247,#5248,#5249));
#1193=EDGE_LOOP('',(#5250,#5251,#5252,#5253));
#1194=EDGE_LOOP('',(#5254,#5255,#5256,#5257,#5258,#5259,#5260,#5261,#5262,
#5263,#5264));
#1195=EDGE_LOOP('',(#5265));
#1196=EDGE_LOOP('',(#5266));
#1197=EDGE_LOOP('',(#5267));
#1198=EDGE_LOOP('',(#5268));
#1199=EDGE_LOOP('',(#5269));
#1200=EDGE_LOOP('',(#5270));
#1201=EDGE_LOOP('',(#5271));
#1202=EDGE_LOOP('',(#5272));
#1203=EDGE_LOOP('',(#5273));
#1204=EDGE_LOOP('',(#5274));
#1205=EDGE_LOOP('',(#5275));
#1206=EDGE_LOOP('',(#5276));
#1207=EDGE_LOOP('',(#5277));
#1208=EDGE_LOOP('',(#5278));
#1209=EDGE_LOOP('',(#5279));
#1210=EDGE_LOOP('',(#5280));
#1211=EDGE_LOOP('',(#5281));
#1212=EDGE_LOOP('',(#5282));
#1213=EDGE_LOOP('',(#5283));
#1214=EDGE_LOOP('',(#5284));
#1215=EDGE_LOOP('',(#5285));
#1216=EDGE_LOOP('',(#5286));
#1217=EDGE_LOOP('',(#5287));
#1218=EDGE_LOOP('',(#5288));
#1219=EDGE_LOOP('',(#5289));
#1220=EDGE_LOOP('',(#5290));
#1221=EDGE_LOOP('',(#5291));
#1222=EDGE_LOOP('',(#5292));
#1223=EDGE_LOOP('',(#5293));
#1224=EDGE_LOOP('',(#5294));
#1225=EDGE_LOOP('',(#5295));
#1226=EDGE_LOOP('',(#5296));
#1227=EDGE_LOOP('',(#5297));
#1228=EDGE_LOOP('',(#5298));
#1229=EDGE_LOOP('',(#5299));
#1230=EDGE_LOOP('',(#5300));
#1231=EDGE_LOOP('',(#5301));
#1232=EDGE_LOOP('',(#5302));
#1233=EDGE_LOOP('',(#5303));
#1234=EDGE_LOOP('',(#5304));
#1235=EDGE_LOOP('',(#5305));
#1236=EDGE_LOOP('',(#5306));
#1237=EDGE_LOOP('',(#5307));
#1238=EDGE_LOOP('',(#5308));
#1239=EDGE_LOOP('',(#5309));
#1240=EDGE_LOOP('',(#5310));
#1241=EDGE_LOOP('',(#5311));
#1242=EDGE_LOOP('',(#5312));
#1243=EDGE_LOOP('',(#5313));
#1244=EDGE_LOOP('',(#5314));
#1245=EDGE_LOOP('',(#5315));
#1246=EDGE_LOOP('',(#5316));
#1247=EDGE_LOOP('',(#5317));
#1248=EDGE_LOOP('',(#5318));
#1249=EDGE_LOOP('',(#5319));
#1250=EDGE_LOOP('',(#5320));
#1251=EDGE_LOOP('',(#5321));
#1252=EDGE_LOOP('',(#5322));
#1253=EDGE_LOOP('',(#5323));
#1254=EDGE_LOOP('',(#5324));
#1255=EDGE_LOOP('',(#5325));
#1256=EDGE_LOOP('',(#5326));
#1257=EDGE_LOOP('',(#5327,#5328,#5329,#5330));
#1258=EDGE_LOOP('',(#5331,#5332,#5333,#5334));
#1259=EDGE_LOOP('',(#5335,#5336,#5337,#5338));
#1260=EDGE_LOOP('',(#5339,#5340,#5341,#5342));
#1261=EDGE_LOOP('',(#5343,#5344,#5345,#5346));
#1262=EDGE_LOOP('',(#5347,#5348,#5349,#5350));
#1263=EDGE_LOOP('',(#5351,#5352,#5353,#5354));
#1264=EDGE_LOOP('',(#5355,#5356,#5357,#5358));
#1265=EDGE_LOOP('',(#5359,#5360,#5361,#5362));
#1266=EDGE_LOOP('',(#5363,#5364,#5365,#5366));
#1267=EDGE_LOOP('',(#5367,#5368,#5369,#5370));
#1268=EDGE_LOOP('',(#5371,#5372,#5373,#5374));
#1269=EDGE_LOOP('',(#5375,#5376,#5377,#5378));
#1270=EDGE_LOOP('',(#5379,#5380,#5381,#5382));
#1271=EDGE_LOOP('',(#5383,#5384,#5385,#5386));
#1272=EDGE_LOOP('',(#5387,#5388,#5389,#5390));
#1273=EDGE_LOOP('',(#5391,#5392,#5393,#5394));
#1274=EDGE_LOOP('',(#5395,#5396,#5397,#5398));
#1275=EDGE_LOOP('',(#5399,#5400,#5401,#5402));
#1276=EDGE_LOOP('',(#5403,#5404,#5405,#5406));
#1277=EDGE_LOOP('',(#5407,#5408,#5409,#5410,#5411,#5412,#5413,#5414,#5415,
#5416,#5417));
#1278=EDGE_LOOP('',(#5418,#5419,#5420,#5421));
#1279=EDGE_LOOP('',(#5422,#5423,#5424,#5425));
#1280=EDGE_LOOP('',(#5426,#5427,#5428,#5429));
#1281=EDGE_LOOP('',(#5430,#5431,#5432,#5433));
#1282=EDGE_LOOP('',(#5434,#5435,#5436,#5437));
#1283=EDGE_LOOP('',(#5438,#5439,#5440));
#1284=EDGE_LOOP('',(#5441,#5442,#5443));
#1285=EDGE_LOOP('',(#5444,#5445,#5446));
#1286=EDGE_LOOP('',(#5447,#5448,#5449));
#1287=EDGE_LOOP('',(#5450,#5451,#5452));
#1288=EDGE_LOOP('',(#5453,#5454,#5455));
#1289=EDGE_LOOP('',(#5456,#5457,#5458));
#1290=EDGE_LOOP('',(#5459,#5460,#5461));
#1291=EDGE_LOOP('',(#5462,#5463,#5464));
#1292=EDGE_LOOP('',(#5465,#5466,#5467));
#1293=EDGE_LOOP('',(#5468,#5469,#5470));
#1294=EDGE_LOOP('',(#5471,#5472,#5473));
#1295=EDGE_LOOP('',(#5474,#5475,#5476));
#1296=EDGE_LOOP('',(#5477,#5478,#5479));
#1297=EDGE_LOOP('',(#5480,#5481,#5482));
#1298=EDGE_LOOP('',(#5483,#5484,#5485));
#1299=EDGE_LOOP('',(#5486,#5487,#5488));
#1300=EDGE_LOOP('',(#5489,#5490,#5491));
#1301=EDGE_LOOP('',(#5492,#5493,#5494));
#1302=EDGE_LOOP('',(#5495,#5496,#5497));
#1303=EDGE_LOOP('',(#5498,#5499,#5500));
#1304=EDGE_LOOP('',(#5501,#5502,#5503));
#1305=EDGE_LOOP('',(#5504,#5505,#5506));
#1306=EDGE_LOOP('',(#5507,#5508,#5509));
#1307=EDGE_LOOP('',(#5510,#5511,#5512));
#1308=EDGE_LOOP('',(#5513,#5514,#5515));
#1309=EDGE_LOOP('',(#5516,#5517,#5518));
#1310=EDGE_LOOP('',(#5519,#5520,#5521));
#1311=EDGE_LOOP('',(#5522,#5523,#5524));
#1312=EDGE_LOOP('',(#5525,#5526,#5527));
#1313=EDGE_LOOP('',(#5528,#5529,#5530));
#1314=EDGE_LOOP('',(#5531,#5532));
#1315=EDGE_LOOP('',(#5533,#5534));
#1316=EDGE_LOOP('',(#5535,#5536));
#1317=EDGE_LOOP('',(#5537,#5538));
#1318=EDGE_LOOP('',(#5539,#5540));
#1319=EDGE_LOOP('',(#5541,#5542));
#1320=EDGE_LOOP('',(#5543,#5544));
#1321=EDGE_LOOP('',(#5545,#5546));
#1322=EDGE_LOOP('',(#5547,#5548));
#1323=EDGE_LOOP('',(#5549,#5550));
#1324=EDGE_LOOP('',(#5551,#5552));
#1325=EDGE_LOOP('',(#5553,#5554));
#1326=EDGE_LOOP('',(#5555,#5556));
#1327=EDGE_LOOP('',(#5557,#5558));
#1328=EDGE_LOOP('',(#5559,#5560));
#1329=EDGE_LOOP('',(#5561,#5562));
#1330=EDGE_LOOP('',(#5563,#5564));
#1331=EDGE_LOOP('',(#5565,#5566));
#1332=EDGE_LOOP('',(#5567,#5568));
#1333=EDGE_LOOP('',(#5569,#5570));
#1334=EDGE_LOOP('',(#5571,#5572));
#1335=EDGE_LOOP('',(#5573,#5574));
#1336=EDGE_LOOP('',(#5575,#5576));
#1337=EDGE_LOOP('',(#5577,#5578));
#1338=EDGE_LOOP('',(#5579,#5580));
#1339=EDGE_LOOP('',(#5581,#5582));
#1340=EDGE_LOOP('',(#5583,#5584));
#1341=EDGE_LOOP('',(#5585,#5586));
#1342=EDGE_LOOP('',(#5587,#5588));
#1343=EDGE_LOOP('',(#5589,#5590));
#1344=EDGE_LOOP('',(#5591,#5592));
#1345=EDGE_LOOP('',(#5593,#5594,#5595,#5596));
#1346=EDGE_LOOP('',(#5597,#5598,#5599,#5600));
#1347=EDGE_LOOP('',(#5601,#5602,#5603,#5604));
#1348=EDGE_LOOP('',(#5605,#5606,#5607,#5608));
#1349=EDGE_LOOP('',(#5609,#5610,#5611,#5612));
#1350=EDGE_LOOP('',(#5613,#5614,#5615,#5616));
#1351=EDGE_LOOP('',(#5617,#5618,#5619,#5620));
#1352=EDGE_LOOP('',(#5621,#5622,#5623,#5624));
#1353=EDGE_LOOP('',(#5625,#5626,#5627,#5628));
#1354=EDGE_LOOP('',(#5629,#5630,#5631,#5632));
#1355=EDGE_LOOP('',(#5633,#5634,#5635,#5636));
#1356=EDGE_LOOP('',(#5637,#5638,#5639,#5640));
#1357=EDGE_LOOP('',(#5641,#5642,#5643,#5644));
#1358=EDGE_LOOP('',(#5645,#5646,#5647,#5648));
#1359=EDGE_LOOP('',(#5649,#5650,#5651,#5652));
#1360=EDGE_LOOP('',(#5653,#5654,#5655,#5656));
#1361=EDGE_LOOP('',(#5657,#5658,#5659,#5660));
#1362=EDGE_LOOP('',(#5661,#5662,#5663,#5664));
#1363=EDGE_LOOP('',(#5665,#5666,#5667,#5668));
#1364=EDGE_LOOP('',(#5669,#5670,#5671,#5672));
#1365=EDGE_LOOP('',(#5673,#5674,#5675,#5676));
#1366=EDGE_LOOP('',(#5677,#5678,#5679,#5680));
#1367=EDGE_LOOP('',(#5681,#5682,#5683,#5684));
#1368=EDGE_LOOP('',(#5685,#5686,#5687,#5688));
#1369=EDGE_LOOP('',(#5689,#5690,#5691,#5692));
#1370=EDGE_LOOP('',(#5693,#5694,#5695,#5696));
#1371=EDGE_LOOP('',(#5697,#5698,#5699,#5700));
#1372=EDGE_LOOP('',(#5701,#5702,#5703,#5704));
#1373=EDGE_LOOP('',(#5705,#5706,#5707,#5708));
#1374=EDGE_LOOP('',(#5709,#5710,#5711,#5712));
#1375=EDGE_LOOP('',(#5713,#5714,#5715,#5716));
#1376=EDGE_LOOP('',(#5717,#5718,#5719,#5720));
#1377=EDGE_LOOP('',(#5721,#5722,#5723,#5724));
#1378=EDGE_LOOP('',(#5725,#5726,#5727,#5728));
#1379=EDGE_LOOP('',(#5729,#5730,#5731,#5732));
#1380=EDGE_LOOP('',(#5733,#5734,#5735,#5736,#5737));
#1381=EDGE_LOOP('',(#5738,#5739,#5740,#5741));
#1382=EDGE_LOOP('',(#5742,#5743,#5744,#5745,#5746));
#1383=EDGE_LOOP('',(#5747,#5748,#5749,#5750));
#1384=EDGE_LOOP('',(#5751,#5752,#5753,#5754));
#1385=EDGE_LOOP('',(#5755,#5756,#5757,#5758));
#1386=EDGE_LOOP('',(#5759));
#1387=EDGE_LOOP('',(#5760,#5761,#5762,#5763));
#1388=EDGE_LOOP('',(#5764,#5765,#5766,#5767));
#1389=EDGE_LOOP('',(#5768,#5769,#5770,#5771));
#1390=EDGE_LOOP('',(#5772,#5773,#5774,#5775));
#1391=EDGE_LOOP('',(#5776,#5777,#5778,#5779));
#1392=EDGE_LOOP('',(#5780,#5781,#5782,#5783));
#1393=EDGE_LOOP('',(#5784,#5785,#5786,#5787));
#1394=EDGE_LOOP('',(#5788,#5789,#5790,#5791));
#1395=EDGE_LOOP('',(#5792,#5793,#5794,#5795));
#1396=EDGE_LOOP('',(#5796,#5797,#5798,#5799));
#1397=EDGE_LOOP('',(#5800,#5801,#5802,#5803));
#1398=EDGE_LOOP('',(#5804,#5805,#5806,#5807,#5808,#5809,#5810,#5811));
#1399=EDGE_LOOP('',(#5812,#5813,#5814,#5815));
#1400=EDGE_LOOP('',(#5816,#5817,#5818,#5819));
#1401=EDGE_LOOP('',(#5820,#5821,#5822,#5823));
#1402=EDGE_LOOP('',(#5824,#5825,#5826,#5827));
#1403=EDGE_LOOP('',(#5828,#5829,#5830,#5831));
#1404=EDGE_LOOP('',(#5832,#5833,#5834,#5835));
#1405=EDGE_LOOP('',(#5836));
#1406=EDGE_LOOP('',(#5837,#5838,#5839,#5840,#5841,#5842,#5843,#5844));
#1407=EDGE_LOOP('',(#5845,#5846,#5847,#5848,#5849,#5850,#5851,#5852));
#1408=EDGE_LOOP('',(#5853,#5854,#5855,#5856,#5857,#5858,#5859,#5860));
#1409=EDGE_LOOP('',(#5861,#5862,#5863,#5864));
#1410=EDGE_LOOP('',(#5865,#5866,#5867,#5868));
#1411=EDGE_LOOP('',(#5869,#5870,#5871,#5872));
#1412=EDGE_LOOP('',(#5873,#5874,#5875,#5876));
#1413=EDGE_LOOP('',(#5877,#5878,#5879,#5880));
#1414=EDGE_LOOP('',(#5881,#5882,#5883,#5884));
#1415=EDGE_LOOP('',(#5885,#5886,#5887,#5888));
#1416=EDGE_LOOP('',(#5889,#5890,#5891,#5892));
#1417=EDGE_LOOP('',(#5893));
#1418=EDGE_LOOP('',(#5894));
#1419=EDGE_LOOP('',(#5895,#5896,#5897,#5898));
#1420=EDGE_LOOP('',(#5899,#5900,#5901,#5902));
#1421=EDGE_LOOP('',(#5903,#5904,#5905,#5906));
#1422=EDGE_LOOP('',(#5907,#5908,#5909,#5910));
#1423=EDGE_LOOP('',(#5911,#5912,#5913,#5914));
#1424=EDGE_LOOP('',(#5915,#5916,#5917,#5918));
#1425=EDGE_LOOP('',(#5919,#5920,#5921,#5922));
#1426=EDGE_LOOP('',(#5923));
#1427=EDGE_LOOP('',(#5924,#5925,#5926,#5927));
#1428=EDGE_LOOP('',(#5928));
#1429=EDGE_LOOP('',(#5929,#5930,#5931,#5932));
#1430=EDGE_LOOP('',(#5933,#5934,#5935,#5936));
#1431=EDGE_LOOP('',(#5937,#5938,#5939,#5940,#5941,#5942,#5943,#5944,#5945,
#5946,#5947,#5948,#5949,#5950,#5951));
#1432=EDGE_LOOP('',(#5952,#5953,#5954,#5955,#5956,#5957,#5958,#5959,#5960,
#5961,#5962,#5963));
#1433=EDGE_LOOP('',(#5964));
#1434=EDGE_LOOP('',(#5965));
#1435=EDGE_LOOP('',(#5966));
#1436=EDGE_LOOP('',(#5967));
#1437=EDGE_LOOP('',(#5968));
#1438=EDGE_LOOP('',(#5969));
#1439=EDGE_LOOP('',(#5970));
#1440=EDGE_LOOP('',(#5971,#5972,#5973,#5974));
#1441=EDGE_LOOP('',(#5975,#5976,#5977));
#1442=EDGE_LOOP('',(#5978,#5979,#5980));
#1443=EDGE_LOOP('',(#5981,#5982,#5983,#5984));
#1444=EDGE_LOOP('',(#5985,#5986,#5987));
#1445=EDGE_LOOP('',(#5988,#5989,#5990));
#1446=EDGE_LOOP('',(#5991,#5992,#5993,#5994));
#1447=EDGE_LOOP('',(#5995,#5996,#5997));
#1448=EDGE_LOOP('',(#5998,#5999,#6000));
#1449=EDGE_LOOP('',(#6001,#6002,#6003,#6004));
#1450=EDGE_LOOP('',(#6005,#6006,#6007,#6008));
#1451=EDGE_LOOP('',(#6009,#6010,#6011,#6012));
#1452=EDGE_LOOP('',(#6013,#6014,#6015,#6016));
#1453=EDGE_LOOP('',(#6017,#6018,#6019,#6020));
#1454=EDGE_LOOP('',(#6021,#6022,#6023,#6024));
#1455=EDGE_LOOP('',(#6025,#6026,#6027,#6028));
#1456=EDGE_LOOP('',(#6029,#6030,#6031,#6032));
#1457=EDGE_LOOP('',(#6033,#6034,#6035,#6036));
#1458=EDGE_LOOP('',(#6037,#6038,#6039,#6040));
#1459=EDGE_LOOP('',(#6041,#6042,#6043,#6044));
#1460=EDGE_LOOP('',(#6045,#6046,#6047,#6048));
#1461=EDGE_LOOP('',(#6049,#6050,#6051,#6052));
#1462=EDGE_LOOP('',(#6053,#6054,#6055,#6056));
#1463=EDGE_LOOP('',(#6057,#6058,#6059,#6060,#6061,#6062,#6063,#6064));
#1464=EDGE_LOOP('',(#6065,#6066,#6067,#6068,#6069,#6070,#6071,#6072));
#1465=EDGE_LOOP('',(#6073,#6074,#6075,#6076));
#1466=EDGE_LOOP('',(#6077,#6078,#6079,#6080));
#1467=EDGE_LOOP('',(#6081,#6082,#6083,#6084));
#1468=EDGE_LOOP('',(#6085,#6086,#6087,#6088));
#1469=EDGE_LOOP('',(#6089,#6090,#6091,#6092));
#1470=EDGE_LOOP('',(#6093,#6094,#6095,#6096));
#1471=LINE('',#9593,#1916);
#1472=LINE('',#9599,#1917);
#1473=LINE('',#9605,#1918);
#1474=LINE('',#9611,#1919);
#1475=LINE('',#9616,#1920);
#1476=LINE('',#9618,#1921);
#1477=LINE('',#9620,#1922);
#1478=LINE('',#9621,#1923);
#1479=LINE('',#9624,#1924);
#1480=LINE('',#9626,#1925);
#1481=LINE('',#9628,#1926);
#1482=LINE('',#9629,#1927);
#1483=LINE('',#9633,#1928);
#1484=LINE('',#9635,#1929);
#1485=LINE('',#9637,#1930);
#1486=LINE('',#9639,#1931);
#1487=LINE('',#9641,#1932);
#1488=LINE('',#9643,#1933);
#1489=LINE('',#9645,#1934);
#1490=LINE('',#9646,#1935);
#1491=LINE('',#9648,#1936);
#1492=LINE('',#9649,#1937);
#1493=LINE('',#9651,#1938);
#1494=LINE('',#9653,#1939);
#1495=LINE('',#9656,#1940);
#1496=LINE('',#9658,#1941);
#1497=LINE('',#9659,#1942);
#1498=LINE('',#9662,#1943);
#1499=LINE('',#9664,#1944);
#1500=LINE('',#9666,#1945);
#1501=LINE('',#9667,#1946);
#1502=LINE('',#9670,#1947);
#1503=LINE('',#9671,#1948);
#1504=LINE('',#9674,#1949);
#1505=LINE('',#9675,#1950);
#1506=LINE('',#9677,#1951);
#1507=LINE('',#9681,#1952);
#1508=LINE('',#9683,#1953);
#1509=LINE('',#9684,#1954);
#1510=LINE('',#9687,#1955);
#1511=LINE('',#9688,#1956);
#1512=LINE('',#9691,#1957);
#1513=LINE('',#9692,#1958);
#1514=LINE('',#9694,#1959);
#1515=LINE('',#9698,#1960);
#1516=LINE('',#9700,#1961);
#1517=LINE('',#9701,#1962);
#1518=LINE('',#9704,#1963);
#1519=LINE('',#9705,#1964);
#1520=LINE('',#9708,#1965);
#1521=LINE('',#9709,#1966);
#1522=LINE('',#9711,#1967);
#1523=LINE('',#10157,#1968);
#1524=LINE('',#10165,#1969);
#1525=LINE('',#10173,#1970);
#1526=LINE('',#10181,#1971);
#1527=LINE('',#10189,#1972);
#1528=LINE('',#10197,#1973);
#1529=LINE('',#10205,#1974);
#1530=LINE('',#10213,#1975);
#1531=LINE('',#10221,#1976);
#1532=LINE('',#10229,#1977);
#1533=LINE('',#10237,#1978);
#1534=LINE('',#10245,#1979);
#1535=LINE('',#10253,#1980);
#1536=LINE('',#10261,#1981);
#1537=LINE('',#10269,#1982);
#1538=LINE('',#10277,#1983);
#1539=LINE('',#10285,#1984);
#1540=LINE('',#10293,#1985);
#1541=LINE('',#10301,#1986);
#1542=LINE('',#10309,#1987);
#1543=LINE('',#10317,#1988);
#1544=LINE('',#10325,#1989);
#1545=LINE('',#10333,#1990);
#1546=LINE('',#10341,#1991);
#1547=LINE('',#10349,#1992);
#1548=LINE('',#10357,#1993);
#1549=LINE('',#10365,#1994);
#1550=LINE('',#10373,#1995);
#1551=LINE('',#10381,#1996);
#1552=LINE('',#10389,#1997);
#1553=LINE('',#10397,#1998);
#1554=LINE('',#10405,#1999);
#1555=LINE('',#10413,#2000);
#1556=LINE('',#10421,#2001);
#1557=LINE('',#10429,#2002);
#1558=LINE('',#10437,#2003);
#1559=LINE('',#10445,#2004);
#1560=LINE('',#10453,#2005);
#1561=LINE('',#10461,#2006);
#1562=LINE('',#10469,#2007);
#1563=LINE('',#10477,#2008);
#1564=LINE('',#10485,#2009);
#1565=LINE('',#10493,#2010);
#1566=LINE('',#10501,#2011);
#1567=LINE('',#10509,#2012);
#1568=LINE('',#10517,#2013);
#1569=LINE('',#10525,#2014);
#1570=LINE('',#10533,#2015);
#1571=LINE('',#10541,#2016);
#1572=LINE('',#10549,#2017);
#1573=LINE('',#10557,#2018);
#1574=LINE('',#10565,#2019);
#1575=LINE('',#10573,#2020);
#1576=LINE('',#10581,#2021);
#1577=LINE('',#10589,#2022);
#1578=LINE('',#10597,#2023);
#1579=LINE('',#10605,#2024);
#1580=LINE('',#10613,#2025);
#1581=LINE('',#10621,#2026);
#1582=LINE('',#10629,#2027);
#1583=LINE('',#10637,#2028);
#1584=LINE('',#10645,#2029);
#1585=LINE('',#10650,#2030);
#1586=LINE('',#10652,#2031);
#1587=LINE('',#10654,#2032);
#1588=LINE('',#10655,#2033);
#1589=LINE('',#10658,#2034);
#1590=LINE('',#10660,#2035);
#1591=LINE('',#10662,#2036);
#1592=LINE('',#10663,#2037);
#1593=LINE('',#10664,#2038);
#1594=LINE('',#10665,#2039);
#1595=LINE('',#10666,#2040);
#1596=LINE('',#10667,#2041);
#1597=LINE('',#10668,#2042);
#1598=LINE('',#10669,#2043);
#1599=LINE('',#10670,#2044);
#1600=LINE('',#10671,#2045);
#1601=LINE('',#10672,#2046);
#1602=LINE('',#10673,#2047);
#1603=LINE('',#10674,#2048);
#1604=LINE('',#10675,#2049);
#1605=LINE('',#10676,#2050);
#1606=LINE('',#10677,#2051);
#1607=LINE('',#10678,#2052);
#1608=LINE('',#10681,#2053);
#1609=LINE('',#10683,#2054);
#1610=LINE('',#10685,#2055);
#1611=LINE('',#10686,#2056);
#1612=LINE('',#10689,#2057);
#1613=LINE('',#10691,#2058);
#1614=LINE('',#10693,#2059);
#1615=LINE('',#10694,#2060);
#1616=LINE('',#10697,#2061);
#1617=LINE('',#10699,#2062);
#1618=LINE('',#10701,#2063);
#1619=LINE('',#10702,#2064);
#1620=LINE('',#10705,#2065);
#1621=LINE('',#10707,#2066);
#1622=LINE('',#10709,#2067);
#1623=LINE('',#10710,#2068);
#1624=LINE('',#10713,#2069);
#1625=LINE('',#10715,#2070);
#1626=LINE('',#10717,#2071);
#1627=LINE('',#10718,#2072);
#1628=LINE('',#10721,#2073);
#1629=LINE('',#10723,#2074);
#1630=LINE('',#10725,#2075);
#1631=LINE('',#10726,#2076);
#1632=LINE('',#10729,#2077);
#1633=LINE('',#10731,#2078);
#1634=LINE('',#10733,#2079);
#1635=LINE('',#10734,#2080);
#1636=LINE('',#10735,#2081);
#1637=LINE('',#10736,#2082);
#1638=LINE('',#10737,#2083);
#1639=LINE('',#10738,#2084);
#1640=LINE('',#10739,#2085);
#1641=LINE('',#10740,#2086);
#1642=LINE('',#10741,#2087);
#1643=LINE('',#10742,#2088);
#1644=LINE('',#10743,#2089);
#1645=LINE('',#10744,#2090);
#1646=LINE('',#10745,#2091);
#1647=LINE('',#10746,#2092);
#1648=LINE('',#10747,#2093);
#1649=LINE('',#10748,#2094);
#1650=LINE('',#10749,#2095);
#1651=LINE('',#10750,#2096);
#1652=LINE('',#10751,#2097);
#1653=LINE('',#10752,#2098);
#1654=LINE('',#10753,#2099);
#1655=LINE('',#10754,#2100);
#1656=LINE('',#10755,#2101);
#1657=LINE('',#10756,#2102);
#1658=LINE('',#10757,#2103);
#1659=LINE('',#10758,#2104);
#1660=LINE('',#10759,#2105);
#1661=LINE('',#10760,#2106);
#1662=LINE('',#10761,#2107);
#1663=LINE('',#10762,#2108);
#1664=LINE('',#10763,#2109);
#1665=LINE('',#10764,#2110);
#1666=LINE('',#10765,#2111);
#1667=LINE('',#10766,#2112);
#1668=LINE('',#10767,#2113);
#1669=LINE('',#10768,#2114);
#1670=LINE('',#10769,#2115);
#1671=LINE('',#10770,#2116);
#1672=LINE('',#10771,#2117);
#1673=LINE('',#10772,#2118);
#1674=LINE('',#10773,#2119);
#1675=LINE('',#10774,#2120);
#1676=LINE('',#10775,#2121);
#1677=LINE('',#10776,#2122);
#1678=LINE('',#10777,#2123);
#1679=LINE('',#10778,#2124);
#1680=LINE('',#10779,#2125);
#1681=LINE('',#10780,#2126);
#1682=LINE('',#10781,#2127);
#1683=LINE('',#10785,#2128);
#1684=LINE('',#10787,#2129);
#1685=LINE('',#10789,#2130);
#1686=LINE('',#10790,#2131);
#1687=LINE('',#10793,#2132);
#1688=LINE('',#10795,#2133);
#1689=LINE('',#10797,#2134);
#1690=LINE('',#10798,#2135);
#1691=LINE('',#10813,#2136);
#1692=LINE('',#10815,#2137);
#1693=LINE('',#10845,#2138);
#1694=LINE('',#10867,#2139);
#1695=LINE('',#10880,#2140);
#1696=LINE('',#10881,#2141);
#1697=LINE('',#10883,#2142);
#1698=LINE('',#10885,#2143);
#1699=LINE('',#10889,#2144);
#1700=LINE('',#10891,#2145);
#1701=LINE('',#10892,#2146);
#1702=LINE('',#10895,#2147);
#1703=LINE('',#10896,#2148);
#1704=LINE('',#10899,#2149);
#1705=LINE('',#10900,#2150);
#1706=LINE('',#10902,#2151);
#1707=LINE('',#10906,#2152);
#1708=LINE('',#10908,#2153);
#1709=LINE('',#10909,#2154);
#1710=LINE('',#10912,#2155);
#1711=LINE('',#10913,#2156);
#1712=LINE('',#10936,#2157);
#1713=LINE('',#10971,#2158);
#1714=LINE('',#10994,#2159);
#1715=LINE('',#10997,#2160);
#1716=LINE('',#10998,#2161);
#1717=LINE('',#11021,#2162);
#1718=LINE('',#11056,#2163);
#1719=LINE('',#11059,#2164);
#1720=LINE('',#11060,#2165);
#1721=LINE('',#11095,#2166);
#1722=LINE('',#11132,#2167);
#1723=LINE('',#11134,#2168);
#1724=LINE('',#11135,#2169);
#1725=LINE('',#11138,#2170);
#1726=LINE('',#11139,#2171);
#1727=LINE('',#11142,#2172);
#1728=LINE('',#11143,#2173);
#1729=LINE('',#11145,#2174);
#1730=LINE('',#11211,#2175);
#1731=LINE('',#11213,#2176);
#1732=LINE('',#11214,#2177);
#1733=LINE('',#11217,#2178);
#1734=LINE('',#11218,#2179);
#1735=LINE('',#11221,#2180);
#1736=LINE('',#11222,#2181);
#1737=LINE('',#11224,#2182);
#1738=LINE('',#11228,#2183);
#1739=LINE('',#11230,#2184);
#1740=LINE('',#11231,#2185);
#1741=LINE('',#11234,#2186);
#1742=LINE('',#11235,#2187);
#1743=LINE('',#11238,#2188);
#1744=LINE('',#11239,#2189);
#1745=LINE('',#11241,#2190);
#1746=LINE('',#11245,#2191);
#1747=LINE('',#11247,#2192);
#1748=LINE('',#11248,#2193);
#1749=LINE('',#11251,#2194);
#1750=LINE('',#11252,#2195);
#1751=LINE('',#11255,#2196);
#1752=LINE('',#11256,#2197);
#1753=LINE('',#11258,#2198);
#1754=LINE('',#11262,#2199);
#1755=LINE('',#11264,#2200);
#1756=LINE('',#11265,#2201);
#1757=LINE('',#11268,#2202);
#1758=LINE('',#11269,#2203);
#1759=LINE('',#11272,#2204);
#1760=LINE('',#11273,#2205);
#1761=LINE('',#11275,#2206);
#1762=LINE('',#11279,#2207);
#1763=LINE('',#11281,#2208);
#1764=LINE('',#11282,#2209);
#1765=LINE('',#11285,#2210);
#1766=LINE('',#11286,#2211);
#1767=LINE('',#11289,#2212);
#1768=LINE('',#11290,#2213);
#1769=LINE('',#11292,#2214);
#1770=LINE('',#11296,#2215);
#1771=LINE('',#11298,#2216);
#1772=LINE('',#11299,#2217);
#1773=LINE('',#11302,#2218);
#1774=LINE('',#11303,#2219);
#1775=LINE('',#11306,#2220);
#1776=LINE('',#11307,#2221);
#1777=LINE('',#11309,#2222);
#1778=LINE('',#11313,#2223);
#1779=LINE('',#11315,#2224);
#1780=LINE('',#11316,#2225);
#1781=LINE('',#11319,#2226);
#1782=LINE('',#11320,#2227);
#1783=LINE('',#11323,#2228);
#1784=LINE('',#11324,#2229);
#1785=LINE('',#11326,#2230);
#1786=LINE('',#11337,#2231);
#1787=LINE('',#11343,#2232);
#1788=LINE('',#11347,#2233);
#1789=LINE('',#11354,#2234);
#1790=LINE('',#11357,#2235);
#1791=LINE('',#11363,#2236);
#1792=LINE('',#11366,#2237);
#1793=LINE('',#11370,#2238);
#1794=LINE('',#11372,#2239);
#1795=LINE('',#11374,#2240);
#1796=LINE('',#11375,#2241);
#1797=LINE('',#11379,#2242);
#1798=LINE('',#11381,#2243);
#1799=LINE('',#11383,#2244);
#1800=LINE('',#11384,#2245);
#1801=LINE('',#11387,#2246);
#1802=LINE('',#11389,#2247);
#1803=LINE('',#11391,#2248);
#1804=LINE('',#11392,#2249);
#1805=LINE('',#11394,#2250);
#1806=LINE('',#11395,#2251);
#1807=LINE('',#11397,#2252);
#1808=LINE('',#11399,#2253);
#1809=LINE('',#11403,#2254);
#1810=LINE('',#11405,#2255);
#1811=LINE('',#11406,#2256);
#1812=LINE('',#11409,#2257);
#1813=LINE('',#11410,#2258);
#1814=LINE('',#11413,#2259);
#1815=LINE('',#11414,#2260);
#1816=LINE('',#11416,#2261);
#1817=LINE('',#11418,#2262);
#1818=LINE('',#11420,#2263);
#1819=LINE('',#11424,#2264);
#1820=LINE('',#11427,#2265);
#1821=LINE('',#11429,#2266);
#1822=LINE('',#11432,#2267);
#1823=LINE('',#11433,#2268);
#1824=LINE('',#11437,#2269);
#1825=LINE('',#11440,#2270);
#1826=LINE('',#11441,#2271);
#1827=LINE('',#11445,#2272);
#1828=LINE('',#11447,#2273);
#1829=LINE('',#11451,#2274);
#1830=LINE('',#11455,#2275);
#1831=LINE('',#11459,#2276);
#1832=LINE('',#11463,#2277);
#1833=LINE('',#11470,#2278);
#1834=LINE('',#11474,#2279);
#1835=LINE('',#11478,#2280);
#1836=LINE('',#11481,#2281);
#1837=LINE('',#11483,#2282);
#1838=LINE('',#11484,#2283);
#1839=LINE('',#11486,#2284);
#1840=LINE('',#11488,#2285);
#1841=LINE('',#11490,#2286);
#1842=LINE('',#11492,#2287);
#1843=LINE('',#11494,#2288);
#1844=LINE('',#11496,#2289);
#1845=LINE('',#11505,#2290);
#1846=LINE('',#11507,#2291);
#1847=LINE('',#11509,#2292);
#1848=LINE('',#11510,#2293);
#1849=LINE('',#11513,#2294);
#1850=LINE('',#11515,#2295);
#1851=LINE('',#11516,#2296);
#1852=LINE('',#11519,#2297);
#1853=LINE('',#11521,#2298);
#1854=LINE('',#11522,#2299);
#1855=LINE('',#11524,#2300);
#1856=LINE('',#11525,#2301);
#1857=LINE('',#11534,#2302);
#1858=LINE('',#11541,#2303);
#1859=LINE('',#11548,#2304);
#1860=LINE('',#11554,#2305);
#1861=LINE('',#11559,#2306);
#1862=LINE('',#11563,#2307);
#1863=LINE('',#11567,#2308);
#1864=LINE('',#11571,#2309);
#1865=LINE('',#11573,#2310);
#1866=LINE('',#11578,#2311);
#1867=LINE('',#11582,#2312);
#1868=LINE('',#11586,#2313);
#1869=LINE('',#11589,#2314);
#1870=LINE('',#11591,#2315);
#1871=LINE('',#11594,#2316);
#1872=LINE('',#11596,#2317);
#1873=LINE('',#11599,#2318);
#1874=LINE('',#11604,#2319);
#1875=LINE('',#11605,#2320);
#1876=LINE('',#11609,#2321);
#1877=LINE('',#11610,#2322);
#1878=LINE('',#11614,#2323);
#1879=LINE('',#11615,#2324);
#1880=LINE('',#11622,#2325);
#1881=LINE('',#11624,#2326);
#1882=LINE('',#11626,#2327);
#1883=LINE('',#11627,#2328);
#1884=LINE('',#11631,#2329);
#1885=LINE('',#11633,#2330);
#1886=LINE('',#11635,#2331);
#1887=LINE('',#11636,#2332);
#1888=LINE('',#11706,#2333);
#1889=LINE('',#11709,#2334);
#1890=LINE('',#11712,#2335);
#1891=LINE('',#11714,#2336);
#1892=LINE('',#11715,#2337);
#1893=LINE('',#11720,#2338);
#1894=LINE('',#11724,#2339);
#1895=LINE('',#11726,#2340);
#1896=LINE('',#11727,#2341);
#1897=LINE('',#11732,#2342);
#1898=LINE('',#11736,#2343);
#1899=LINE('',#11738,#2344);
#1900=LINE('',#11739,#2345);
#1901=LINE('',#11744,#2346);
#1902=LINE('',#11747,#2347);
#1903=LINE('',#11748,#2348);
#1904=LINE('',#11753,#2349);
#1905=LINE('',#11755,#2350);
#1906=LINE('',#11757,#2351);
#1907=LINE('',#11758,#2352);
#1908=LINE('',#11761,#2353);
#1909=LINE('',#11763,#2354);
#1910=LINE('',#11764,#2355);
#1911=LINE('',#11767,#2356);
#1912=LINE('',#11769,#2357);
#1913=LINE('',#11770,#2358);
#1914=LINE('',#11772,#2359);
#1915=LINE('',#11773,#2360);
#1916=VECTOR('',#7499,1.05);
#1917=VECTOR('',#7506,1.05);
#1918=VECTOR('',#7513,1.05);
#1919=VECTOR('',#7520,1.05);
#1920=VECTOR('',#7525,1000.);
#1921=VECTOR('',#7526,1000.);
#1922=VECTOR('',#7527,1000.);
#1923=VECTOR('',#7528,1000.);
#1924=VECTOR('',#7529,1000.);
#1925=VECTOR('',#7530,1000.);
#1926=VECTOR('',#7531,1000.);
#1927=VECTOR('',#7532,1000.);
#1928=VECTOR('',#7535,1000.);
#1929=VECTOR('',#7536,1000.);
#1930=VECTOR('',#7537,1000.);
#1931=VECTOR('',#7538,1000.);
#1932=VECTOR('',#7539,1000.);
#1933=VECTOR('',#7540,1000.);
#1934=VECTOR('',#7541,1000.);
#1935=VECTOR('',#7542,1000.);
#1936=VECTOR('',#7545,1000.);
#1937=VECTOR('',#7546,1000.);
#1938=VECTOR('',#7549,1000.);
#1939=VECTOR('',#7552,1000.);
#1940=VECTOR('',#7555,1000.);
#1941=VECTOR('',#7556,1000.);
#1942=VECTOR('',#7557,1000.);
#1943=VECTOR('',#7558,1000.);
#1944=VECTOR('',#7559,1000.);
#1945=VECTOR('',#7560,1000.);
#1946=VECTOR('',#7561,1000.);
#1947=VECTOR('',#7564,1000.);
#1948=VECTOR('',#7565,1000.);
#1949=VECTOR('',#7568,1000.);
#1950=VECTOR('',#7569,1000.);
#1951=VECTOR('',#7572,1000.);
#1952=VECTOR('',#7577,1000.);
#1953=VECTOR('',#7578,1000.);
#1954=VECTOR('',#7579,1000.);
#1955=VECTOR('',#7582,1000.);
#1956=VECTOR('',#7583,1000.);
#1957=VECTOR('',#7586,1000.);
#1958=VECTOR('',#7587,1000.);
#1959=VECTOR('',#7590,1000.);
#1960=VECTOR('',#7595,1000.);
#1961=VECTOR('',#7596,1000.);
#1962=VECTOR('',#7597,1000.);
#1963=VECTOR('',#7600,1000.);
#1964=VECTOR('',#7601,1000.);
#1965=VECTOR('',#7604,1000.);
#1966=VECTOR('',#7605,1000.);
#1967=VECTOR('',#7608,1000.);
#1968=VECTOR('',#8183,0.0300000000000001);
#1969=VECTOR('',#8192,0.0300000000000001);
#1970=VECTOR('',#8201,0.0300000000000001);
#1971=VECTOR('',#8210,0.0300000000000001);
#1972=VECTOR('',#8219,0.0300000000000001);
#1973=VECTOR('',#8228,0.0299999999999997);
#1974=VECTOR('',#8237,0.0299999999999997);
#1975=VECTOR('',#8246,0.0299999999999997);
#1976=VECTOR('',#8255,0.0299999999999997);
#1977=VECTOR('',#8264,0.0299999999999997);
#1978=VECTOR('',#8273,0.0299999999999997);
#1979=VECTOR('',#8282,0.0299999999999997);
#1980=VECTOR('',#8291,0.0299999999999997);
#1981=VECTOR('',#8300,0.0299999999999997);
#1982=VECTOR('',#8309,0.0299999999999997);
#1983=VECTOR('',#8318,0.0299999999999997);
#1984=VECTOR('',#8327,0.0299999999999997);
#1985=VECTOR('',#8336,0.0299999999999997);
#1986=VECTOR('',#8345,0.0299999999999997);
#1987=VECTOR('',#8354,0.0299999999999997);
#1988=VECTOR('',#8363,0.0299999999999997);
#1989=VECTOR('',#8372,0.0299999999999997);
#1990=VECTOR('',#8381,0.0299999999999997);
#1991=VECTOR('',#8390,0.0299999999999997);
#1992=VECTOR('',#8399,0.0299999999999997);
#1993=VECTOR('',#8408,0.0300000000000001);
#1994=VECTOR('',#8417,0.0300000000000001);
#1995=VECTOR('',#8426,0.0300000000000001);
#1996=VECTOR('',#8435,0.0300000000000001);
#1997=VECTOR('',#8444,0.0300000000000001);
#1998=VECTOR('',#8453,0.0300000000000001);
#1999=VECTOR('',#8462,0.0300000000000001);
#2000=VECTOR('',#8471,0.0300000000000001);
#2001=VECTOR('',#8480,0.0300000000000001);
#2002=VECTOR('',#8489,0.0300000000000001);
#2003=VECTOR('',#8498,0.0300000000000001);
#2004=VECTOR('',#8507,0.0299999999999997);
#2005=VECTOR('',#8516,0.0299999999999997);
#2006=VECTOR('',#8525,0.0299999999999997);
#2007=VECTOR('',#8534,0.0299999999999997);
#2008=VECTOR('',#8543,0.0299999999999997);
#2009=VECTOR('',#8552,0.0299999999999997);
#2010=VECTOR('',#8561,0.0299999999999997);
#2011=VECTOR('',#8570,0.0299999999999997);
#2012=VECTOR('',#8579,0.0299999999999997);
#2013=VECTOR('',#8588,0.0299999999999997);
#2014=VECTOR('',#8597,0.0299999999999997);
#2015=VECTOR('',#8606,0.0299999999999997);
#2016=VECTOR('',#8615,0.0299999999999997);
#2017=VECTOR('',#8624,0.0299999999999997);
#2018=VECTOR('',#8633,0.0299999999999997);
#2019=VECTOR('',#8642,0.0299999999999997);
#2020=VECTOR('',#8651,0.0299999999999997);
#2021=VECTOR('',#8660,0.0299999999999997);
#2022=VECTOR('',#8669,0.0299999999999997);
#2023=VECTOR('',#8678,0.0299999999999997);
#2024=VECTOR('',#8687,0.0300000000000001);
#2025=VECTOR('',#8696,0.0300000000000001);
#2026=VECTOR('',#8705,0.0300000000000001);
#2027=VECTOR('',#8714,0.0300000000000001);
#2028=VECTOR('',#8723,0.0300000000000001);
#2029=VECTOR('',#8732,0.0300000000000001);
#2030=VECTOR('',#8737,1000.);
#2031=VECTOR('',#8738,1000.);
#2032=VECTOR('',#8739,1000.);
#2033=VECTOR('',#8740,1000.);
#2034=VECTOR('',#8741,1000.);
#2035=VECTOR('',#8742,1000.);
#2036=VECTOR('',#8743,1000.);
#2037=VECTOR('',#8744,1000.);
#2038=VECTOR('',#8745,1000.);
#2039=VECTOR('',#8746,1000.);
#2040=VECTOR('',#8747,1000.);
#2041=VECTOR('',#8748,1000.);
#2042=VECTOR('',#8749,1000.);
#2043=VECTOR('',#8750,1000.);
#2044=VECTOR('',#8751,1000.);
#2045=VECTOR('',#8752,1000.);
#2046=VECTOR('',#8753,1000.);
#2047=VECTOR('',#8754,1000.);
#2048=VECTOR('',#8755,1000.);
#2049=VECTOR('',#8756,1000.);
#2050=VECTOR('',#8757,1000.);
#2051=VECTOR('',#8758,1000.);
#2052=VECTOR('',#8759,1000.);
#2053=VECTOR('',#8760,1000.);
#2054=VECTOR('',#8761,1000.);
#2055=VECTOR('',#8762,1000.);
#2056=VECTOR('',#8763,1000.);
#2057=VECTOR('',#8764,1000.);
#2058=VECTOR('',#8765,1000.);
#2059=VECTOR('',#8766,1000.);
#2060=VECTOR('',#8767,1000.);
#2061=VECTOR('',#8768,1000.);
#2062=VECTOR('',#8769,1000.);
#2063=VECTOR('',#8770,1000.);
#2064=VECTOR('',#8771,1000.);
#2065=VECTOR('',#8772,1000.);
#2066=VECTOR('',#8773,1000.);
#2067=VECTOR('',#8774,1000.);
#2068=VECTOR('',#8775,1000.);
#2069=VECTOR('',#8776,1000.);
#2070=VECTOR('',#8777,1000.);
#2071=VECTOR('',#8778,1000.);
#2072=VECTOR('',#8779,1000.);
#2073=VECTOR('',#8780,1000.);
#2074=VECTOR('',#8781,1000.);
#2075=VECTOR('',#8782,1000.);
#2076=VECTOR('',#8783,1000.);
#2077=VECTOR('',#8784,1000.);
#2078=VECTOR('',#8785,1000.);
#2079=VECTOR('',#8786,1000.);
#2080=VECTOR('',#8787,1000.);
#2081=VECTOR('',#8788,1000.);
#2082=VECTOR('',#8789,1000.);
#2083=VECTOR('',#8790,1000.);
#2084=VECTOR('',#8791,1000.);
#2085=VECTOR('',#8792,1000.);
#2086=VECTOR('',#8793,1000.);
#2087=VECTOR('',#8794,1000.);
#2088=VECTOR('',#8795,1000.);
#2089=VECTOR('',#8796,1000.);
#2090=VECTOR('',#8797,1000.);
#2091=VECTOR('',#8798,1000.);
#2092=VECTOR('',#8799,1000.);
#2093=VECTOR('',#8800,1000.);
#2094=VECTOR('',#8801,1000.);
#2095=VECTOR('',#8802,1000.);
#2096=VECTOR('',#8803,1000.);
#2097=VECTOR('',#8804,1000.);
#2098=VECTOR('',#8805,1000.);
#2099=VECTOR('',#8806,1000.);
#2100=VECTOR('',#8807,1000.);
#2101=VECTOR('',#8808,1000.);
#2102=VECTOR('',#8809,1000.);
#2103=VECTOR('',#8810,1000.);
#2104=VECTOR('',#8811,1000.);
#2105=VECTOR('',#8812,1000.);
#2106=VECTOR('',#8813,1000.);
#2107=VECTOR('',#8814,1000.);
#2108=VECTOR('',#8815,1000.);
#2109=VECTOR('',#8816,1000.);
#2110=VECTOR('',#8817,1000.);
#2111=VECTOR('',#8818,1000.);
#2112=VECTOR('',#8819,1000.);
#2113=VECTOR('',#8820,1000.);
#2114=VECTOR('',#8821,1000.);
#2115=VECTOR('',#8822,1000.);
#2116=VECTOR('',#8823,1000.);
#2117=VECTOR('',#8824,1000.);
#2118=VECTOR('',#8825,1000.);
#2119=VECTOR('',#8826,1000.);
#2120=VECTOR('',#8827,1000.);
#2121=VECTOR('',#8828,1000.);
#2122=VECTOR('',#8829,1000.);
#2123=VECTOR('',#8830,1000.);
#2124=VECTOR('',#8831,1000.);
#2125=VECTOR('',#8832,1000.);
#2126=VECTOR('',#8833,1000.);
#2127=VECTOR('',#8834,1000.);
#2128=VECTOR('',#8837,1000.);
#2129=VECTOR('',#8838,1000.);
#2130=VECTOR('',#8839,1000.);
#2131=VECTOR('',#8840,1000.);
#2132=VECTOR('',#8841,1000.);
#2133=VECTOR('',#8842,1000.);
#2134=VECTOR('',#8843,1000.);
#2135=VECTOR('',#8844,1000.);
#2136=VECTOR('',#8845,1000.);
#2137=VECTOR('',#8846,1000.);
#2138=VECTOR('',#8847,1000.);
#2139=VECTOR('',#8848,1000.);
#2140=VECTOR('',#8851,1000.);
#2141=VECTOR('',#8852,1000.);
#2142=VECTOR('',#8855,1000.);
#2143=VECTOR('',#8858,1000.);
#2144=VECTOR('',#8863,1000.);
#2145=VECTOR('',#8864,1000.);
#2146=VECTOR('',#8865,1000.);
#2147=VECTOR('',#8868,1000.);
#2148=VECTOR('',#8869,1000.);
#2149=VECTOR('',#8872,1000.);
#2150=VECTOR('',#8873,1000.);
#2151=VECTOR('',#8876,1000.);
#2152=VECTOR('',#8881,1000.);
#2153=VECTOR('',#8882,1000.);
#2154=VECTOR('',#8883,1000.);
#2155=VECTOR('',#8886,1000.);
#2156=VECTOR('',#8887,1000.);
#2157=VECTOR('',#8888,1000.);
#2158=VECTOR('',#8889,1000.);
#2159=VECTOR('',#8890,1000.);
#2160=VECTOR('',#8893,1000.);
#2161=VECTOR('',#8894,1000.);
#2162=VECTOR('',#8895,1000.);
#2163=VECTOR('',#8896,1000.);
#2164=VECTOR('',#8899,1000.);
#2165=VECTOR('',#8900,1000.);
#2166=VECTOR('',#8901,1000.);
#2167=VECTOR('',#8906,1000.);
#2168=VECTOR('',#8907,1000.);
#2169=VECTOR('',#8908,1000.);
#2170=VECTOR('',#8911,1000.);
#2171=VECTOR('',#8912,1000.);
#2172=VECTOR('',#8915,1000.);
#2173=VECTOR('',#8916,1000.);
#2174=VECTOR('',#8919,1000.);
#2175=VECTOR('',#9048,1000.);
#2176=VECTOR('',#9049,1000.);
#2177=VECTOR('',#9050,1000.);
#2178=VECTOR('',#9053,1000.);
#2179=VECTOR('',#9054,1000.);
#2180=VECTOR('',#9057,1000.);
#2181=VECTOR('',#9058,1000.);
#2182=VECTOR('',#9061,1000.);
#2183=VECTOR('',#9066,1000.);
#2184=VECTOR('',#9067,1000.);
#2185=VECTOR('',#9068,1000.);
#2186=VECTOR('',#9071,1000.);
#2187=VECTOR('',#9072,1000.);
#2188=VECTOR('',#9075,1000.);
#2189=VECTOR('',#9076,1000.);
#2190=VECTOR('',#9079,1000.);
#2191=VECTOR('',#9084,1000.);
#2192=VECTOR('',#9085,1000.);
#2193=VECTOR('',#9086,1000.);
#2194=VECTOR('',#9089,1000.);
#2195=VECTOR('',#9090,1000.);
#2196=VECTOR('',#9093,1000.);
#2197=VECTOR('',#9094,1000.);
#2198=VECTOR('',#9097,1000.);
#2199=VECTOR('',#9102,1000.);
#2200=VECTOR('',#9103,1000.);
#2201=VECTOR('',#9104,1000.);
#2202=VECTOR('',#9107,1000.);
#2203=VECTOR('',#9108,1000.);
#2204=VECTOR('',#9111,1000.);
#2205=VECTOR('',#9112,1000.);
#2206=VECTOR('',#9115,1000.);
#2207=VECTOR('',#9120,1000.);
#2208=VECTOR('',#9121,1000.);
#2209=VECTOR('',#9122,1000.);
#2210=VECTOR('',#9125,1000.);
#2211=VECTOR('',#9126,1000.);
#2212=VECTOR('',#9129,1000.);
#2213=VECTOR('',#9130,1000.);
#2214=VECTOR('',#9133,1000.);
#2215=VECTOR('',#9138,1000.);
#2216=VECTOR('',#9139,1000.);
#2217=VECTOR('',#9140,1000.);
#2218=VECTOR('',#9143,1000.);
#2219=VECTOR('',#9144,1000.);
#2220=VECTOR('',#9147,1000.);
#2221=VECTOR('',#9148,1000.);
#2222=VECTOR('',#9151,1000.);
#2223=VECTOR('',#9156,1000.);
#2224=VECTOR('',#9157,1000.);
#2225=VECTOR('',#9158,1000.);
#2226=VECTOR('',#9161,1000.);
#2227=VECTOR('',#9162,1000.);
#2228=VECTOR('',#9165,1000.);
#2229=VECTOR('',#9166,1000.);
#2230=VECTOR('',#9169,1000.);
#2231=VECTOR('',#9184,2.8);
#2232=VECTOR('',#9191,3.8);
#2233=VECTOR('',#9196,2.8);
#2234=VECTOR('',#9203,1000.);
#2235=VECTOR('',#9206,1000.);
#2236=VECTOR('',#9211,1000.);
#2237=VECTOR('',#9214,1000.);
#2238=VECTOR('',#9217,1000.);
#2239=VECTOR('',#9218,1000.);
#2240=VECTOR('',#9219,1000.);
#2241=VECTOR('',#9220,1000.);
#2242=VECTOR('',#9223,1000.);
#2243=VECTOR('',#9224,1000.);
#2244=VECTOR('',#9225,1000.);
#2245=VECTOR('',#9226,1000.);
#2246=VECTOR('',#9227,1000.);
#2247=VECTOR('',#9228,1000.);
#2248=VECTOR('',#9229,1000.);
#2249=VECTOR('',#9230,1000.);
#2250=VECTOR('',#9233,1000.);
#2251=VECTOR('',#9234,1000.);
#2252=VECTOR('',#9237,1000.);
#2253=VECTOR('',#9240,1000.);
#2254=VECTOR('',#9245,1000.);
#2255=VECTOR('',#9246,1000.);
#2256=VECTOR('',#9247,1000.);
#2257=VECTOR('',#9250,1000.);
#2258=VECTOR('',#9251,1000.);
#2259=VECTOR('',#9254,1000.);
#2260=VECTOR('',#9255,1000.);
#2261=VECTOR('',#9258,1000.);
#2262=VECTOR('',#9261,1000.);
#2263=VECTOR('',#9262,1000.);
#2264=VECTOR('',#9265,1000.);
#2265=VECTOR('',#9268,1000.);
#2266=VECTOR('',#9271,1000.);
#2267=VECTOR('',#9274,1000.);
#2268=VECTOR('',#9275,1000.);
#2269=VECTOR('',#9280,1000.);
#2270=VECTOR('',#9283,1000.);
#2271=VECTOR('',#9284,1000.);
#2272=VECTOR('',#9289,1000.);
#2273=VECTOR('',#9292,1000.);
#2274=VECTOR('',#9295,1000.);
#2275=VECTOR('',#9298,1000.);
#2276=VECTOR('',#9301,1000.);
#2277=VECTOR('',#9304,1000.);
#2278=VECTOR('',#9311,1000.);
#2279=VECTOR('',#9314,1000.);
#2280=VECTOR('',#9317,1000.);
#2281=VECTOR('',#9320,1000.);
#2282=VECTOR('',#9323,1000.);
#2283=VECTOR('',#9324,1000.);
#2284=VECTOR('',#9327,1000.);
#2285=VECTOR('',#9330,1000.);
#2286=VECTOR('',#9333,1000.);
#2287=VECTOR('',#9336,1000.);
#2288=VECTOR('',#9339,1000.);
#2289=VECTOR('',#9342,1000.);
#2290=VECTOR('',#9355,1000.);
#2291=VECTOR('',#9356,1000.);
#2292=VECTOR('',#9357,1000.);
#2293=VECTOR('',#9358,1000.);
#2294=VECTOR('',#9361,1000.);
#2295=VECTOR('',#9362,1000.);
#2296=VECTOR('',#9363,1000.);
#2297=VECTOR('',#9366,1000.);
#2298=VECTOR('',#9367,1000.);
#2299=VECTOR('',#9368,1000.);
#2300=VECTOR('',#9371,1000.);
#2301=VECTOR('',#9372,1000.);
#2302=VECTOR('',#9385,1.);
#2303=VECTOR('',#9394,3.);
#2304=VECTOR('',#9403,1.8);
#2305=VECTOR('',#9410,2.75);
#2306=VECTOR('',#9415,1000.);
#2307=VECTOR('',#9418,1000.);
#2308=VECTOR('',#9421,1000.);
#2309=VECTOR('',#9424,1000.);
#2310=VECTOR('',#9425,2.75);
#2311=VECTOR('',#9430,1000.);
#2312=VECTOR('',#9433,1000.);
#2313=VECTOR('',#9438,1000.);
#2314=VECTOR('',#9441,1000.);
#2315=VECTOR('',#9442,1000.);
#2316=VECTOR('',#9445,1000.);
#2317=VECTOR('',#9446,1000.);
#2318=VECTOR('',#9449,1000.);
#2319=VECTOR('',#9458,1000.);
#2320=VECTOR('',#9459,1000.);
#2321=VECTOR('',#9466,1000.);
#2322=VECTOR('',#9467,1000.);
#2323=VECTOR('',#9474,1000.);
#2324=VECTOR('',#9475,1000.);
#2325=VECTOR('',#9484,1000.);
#2326=VECTOR('',#9485,1000.);
#2327=VECTOR('',#9486,1000.);
#2328=VECTOR('',#9487,1000.);
#2329=VECTOR('',#9490,1000.);
#2330=VECTOR('',#9491,1000.);
#2331=VECTOR('',#9492,1000.);
#2332=VECTOR('',#9493,1000.);
#2333=VECTOR('',#9502,1000.);
#2334=VECTOR('',#9505,1000.);
#2335=VECTOR('',#9508,1000.);
#2336=VECTOR('',#9509,1000.);
#2337=VECTOR('',#9510,1000.);
#2338=VECTOR('',#9515,1000.);
#2339=VECTOR('',#9520,1000.);
#2340=VECTOR('',#9521,1000.);
#2341=VECTOR('',#9522,1000.);
#2342=VECTOR('',#9527,1000.);
#2343=VECTOR('',#9532,1000.);
#2344=VECTOR('',#9533,1000.);
#2345=VECTOR('',#9534,1000.);
#2346=VECTOR('',#9539,1000.);
#2347=VECTOR('',#9544,1000.);
#2348=VECTOR('',#9545,1000.);
#2349=VECTOR('',#9550,1000.);
#2350=VECTOR('',#9551,1000.);
#2351=VECTOR('',#9552,1000.);
#2352=VECTOR('',#9553,1000.);
#2353=VECTOR('',#9556,1000.);
#2354=VECTOR('',#9557,1000.);
#2355=VECTOR('',#9558,1000.);
#2356=VECTOR('',#9561,1000.);
#2357=VECTOR('',#9562,1000.);
#2358=VECTOR('',#9563,1000.);
#2359=VECTOR('',#9566,1000.);
#2360=VECTOR('',#9567,1000.);
#2361=CIRCLE('',#6667,1.05);
#2362=CIRCLE('',#6668,1.05);
#2363=CIRCLE('',#6670,1.05);
#2364=CIRCLE('',#6671,1.05);
#2365=CIRCLE('',#6673,1.05);
#2366=CIRCLE('',#6674,1.05);
#2367=CIRCLE('',#6676,1.05);
#2368=CIRCLE('',#6677,1.05);
#2369=CIRCLE('',#6703,0.0300000000000001);
#2370=CIRCLE('',#6704,0.0699999999999995);
#2371=CIRCLE('',#6705,0.0300000000000001);
#2372=CIRCLE('',#6707,0.0300000000000001);
#2373=CIRCLE('',#6708,0.0699999999999995);
#2374=CIRCLE('',#6709,0.0300000000000001);
#2375=CIRCLE('',#6711,0.0300000000000001);
#2376=CIRCLE('',#6712,0.0699999999999995);
#2377=CIRCLE('',#6713,0.0300000000000001);
#2378=CIRCLE('',#6715,0.0300000000000001);
#2379=CIRCLE('',#6716,0.0699999999999995);
#2380=CIRCLE('',#6717,0.0300000000000001);
#2381=CIRCLE('',#6719,0.0300000000000001);
#2382=CIRCLE('',#6720,0.0699999999999995);
#2383=CIRCLE('',#6721,0.0300000000000001);
#2384=CIRCLE('',#6723,0.0300000000000001);
#2385=CIRCLE('',#6724,0.0699999999999995);
#2386=CIRCLE('',#6725,0.0299999999999997);
#2387=CIRCLE('',#6727,0.0300000000000001);
#2388=CIRCLE('',#6728,0.0699999999999995);
#2389=CIRCLE('',#6729,0.0299999999999997);
#2390=CIRCLE('',#6731,0.0300000000000001);
#2391=CIRCLE('',#6732,0.0699999999999995);
#2392=CIRCLE('',#6733,0.0299999999999997);
#2393=CIRCLE('',#6735,0.0300000000000001);
#2394=CIRCLE('',#6736,0.0699999999999995);
#2395=CIRCLE('',#6737,0.0299999999999997);
#2396=CIRCLE('',#6739,0.0300000000000001);
#2397=CIRCLE('',#6740,0.0699999999999995);
#2398=CIRCLE('',#6741,0.0299999999999997);
#2399=CIRCLE('',#6743,0.0300000000000001);
#2400=CIRCLE('',#6744,0.0699999999999995);
#2401=CIRCLE('',#6745,0.0299999999999997);
#2402=CIRCLE('',#6747,0.0300000000000001);
#2403=CIRCLE('',#6748,0.0699999999999995);
#2404=CIRCLE('',#6749,0.0299999999999997);
#2405=CIRCLE('',#6751,0.0300000000000001);
#2406=CIRCLE('',#6752,0.0699999999999995);
#2407=CIRCLE('',#6753,0.0299999999999997);
#2408=CIRCLE('',#6755,0.0300000000000001);
#2409=CIRCLE('',#6756,0.0699999999999995);
#2410=CIRCLE('',#6757,0.0299999999999997);
#2411=CIRCLE('',#6759,0.0300000000000001);
#2412=CIRCLE('',#6760,0.0699999999999995);
#2413=CIRCLE('',#6761,0.0299999999999997);
#2414=CIRCLE('',#6763,0.0300000000000001);
#2415=CIRCLE('',#6764,0.0699999999999995);
#2416=CIRCLE('',#6765,0.0299999999999997);
#2417=CIRCLE('',#6767,0.0300000000000001);
#2418=CIRCLE('',#6768,0.0699999999999995);
#2419=CIRCLE('',#6769,0.0299999999999997);
#2420=CIRCLE('',#6771,0.0300000000000001);
#2421=CIRCLE('',#6772,0.0699999999999995);
#2422=CIRCLE('',#6773,0.0299999999999997);
#2423=CIRCLE('',#6775,0.0300000000000001);
#2424=CIRCLE('',#6776,0.0699999999999995);
#2425=CIRCLE('',#6777,0.0299999999999997);
#2426=CIRCLE('',#6779,0.0300000000000001);
#2427=CIRCLE('',#6780,0.0699999999999995);
#2428=CIRCLE('',#6781,0.0299999999999997);
#2429=CIRCLE('',#6783,0.0300000000000001);
#2430=CIRCLE('',#6784,0.0699999999999995);
#2431=CIRCLE('',#6785,0.0299999999999997);
#2432=CIRCLE('',#6787,0.0300000000000001);
#2433=CIRCLE('',#6788,0.0699999999999995);
#2434=CIRCLE('',#6789,0.0299999999999997);
#2435=CIRCLE('',#6791,0.0300000000000001);
#2436=CIRCLE('',#6792,0.0699999999999995);
#2437=CIRCLE('',#6793,0.0299999999999997);
#2438=CIRCLE('',#6795,0.0300000000000001);
#2439=CIRCLE('',#6796,0.0699999999999995);
#2440=CIRCLE('',#6797,0.0299999999999997);
#2441=CIRCLE('',#6799,0.0300000000000001);
#2442=CIRCLE('',#6800,0.0699999999999995);
#2443=CIRCLE('',#6801,0.0299999999999997);
#2444=CIRCLE('',#6803,0.0300000000000001);
#2445=CIRCLE('',#6804,0.0699999999999995);
#2446=CIRCLE('',#6805,0.0300000000000001);
#2447=CIRCLE('',#6807,0.0300000000000001);
#2448=CIRCLE('',#6808,0.0699999999999995);
#2449=CIRCLE('',#6809,0.0300000000000001);
#2450=CIRCLE('',#6811,0.0300000000000001);
#2451=CIRCLE('',#6812,0.0699999999999995);
#2452=CIRCLE('',#6813,0.0300000000000001);
#2453=CIRCLE('',#6815,0.0300000000000001);
#2454=CIRCLE('',#6816,0.0699999999999995);
#2455=CIRCLE('',#6817,0.0300000000000001);
#2456=CIRCLE('',#6819,0.0300000000000001);
#2457=CIRCLE('',#6820,0.0699999999999995);
#2458=CIRCLE('',#6821,0.0300000000000001);
#2459=CIRCLE('',#6823,0.0300000000000001);
#2460=CIRCLE('',#6824,0.0699999999999995);
#2461=CIRCLE('',#6825,0.0300000000000001);
#2462=CIRCLE('',#6827,0.0300000000000001);
#2463=CIRCLE('',#6828,0.0699999999999995);
#2464=CIRCLE('',#6829,0.0300000000000001);
#2465=CIRCLE('',#6830,0.0300000000000001);
#2466=CIRCLE('',#6832,0.0300000000000001);
#2467=CIRCLE('',#6833,0.0699999999999995);
#2468=CIRCLE('',#6834,0.0300000000000001);
#2469=CIRCLE('',#6835,0.0300000000000001);
#2470=CIRCLE('',#6837,0.0300000000000001);
#2471=CIRCLE('',#6838,0.0699999999999995);
#2472=CIRCLE('',#6839,0.0300000000000001);
#2473=CIRCLE('',#6840,0.0300000000000001);
#2474=CIRCLE('',#6842,0.0300000000000001);
#2475=CIRCLE('',#6843,0.0699999999999995);
#2476=CIRCLE('',#6844,0.0300000000000001);
#2477=CIRCLE('',#6845,0.0300000000000001);
#2478=CIRCLE('',#6847,0.0300000000000001);
#2479=CIRCLE('',#6848,0.0699999999999995);
#2480=CIRCLE('',#6849,0.0300000000000001);
#2481=CIRCLE('',#6850,0.0300000000000001);
#2482=CIRCLE('',#6852,0.0300000000000001);
#2483=CIRCLE('',#6853,0.0699999999999995);
#2484=CIRCLE('',#6854,0.0299999999999997);
#2485=CIRCLE('',#6855,0.0299999999999997);
#2486=CIRCLE('',#6857,0.0300000000000001);
#2487=CIRCLE('',#6858,0.0699999999999995);
#2488=CIRCLE('',#6859,0.0299999999999997);
#2489=CIRCLE('',#6860,0.0299999999999997);
#2490=CIRCLE('',#6862,0.0300000000000001);
#2491=CIRCLE('',#6863,0.0699999999999995);
#2492=CIRCLE('',#6864,0.0299999999999997);
#2493=CIRCLE('',#6865,0.0299999999999997);
#2494=CIRCLE('',#6867,0.0300000000000001);
#2495=CIRCLE('',#6868,0.0699999999999995);
#2496=CIRCLE('',#6869,0.0299999999999997);
#2497=CIRCLE('',#6870,0.0299999999999997);
#2498=CIRCLE('',#6872,0.0300000000000001);
#2499=CIRCLE('',#6873,0.0699999999999995);
#2500=CIRCLE('',#6874,0.0299999999999997);
#2501=CIRCLE('',#6875,0.0299999999999997);
#2502=CIRCLE('',#6877,0.0300000000000001);
#2503=CIRCLE('',#6878,0.0699999999999995);
#2504=CIRCLE('',#6879,0.0299999999999997);
#2505=CIRCLE('',#6880,0.0299999999999997);
#2506=CIRCLE('',#6882,0.0300000000000001);
#2507=CIRCLE('',#6883,0.0699999999999995);
#2508=CIRCLE('',#6884,0.0299999999999997);
#2509=CIRCLE('',#6885,0.0299999999999997);
#2510=CIRCLE('',#6887,0.0300000000000001);
#2511=CIRCLE('',#6888,0.0699999999999995);
#2512=CIRCLE('',#6889,0.0299999999999997);
#2513=CIRCLE('',#6890,0.0299999999999997);
#2514=CIRCLE('',#6892,0.0300000000000001);
#2515=CIRCLE('',#6893,0.0699999999999995);
#2516=CIRCLE('',#6894,0.0299999999999997);
#2517=CIRCLE('',#6895,0.0299999999999997);
#2518=CIRCLE('',#6897,0.0300000000000001);
#2519=CIRCLE('',#6898,0.0699999999999995);
#2520=CIRCLE('',#6899,0.0299999999999997);
#2521=CIRCLE('',#6900,0.0299999999999997);
#2522=CIRCLE('',#6902,0.0300000000000001);
#2523=CIRCLE('',#6903,0.0699999999999995);
#2524=CIRCLE('',#6904,0.0299999999999997);
#2525=CIRCLE('',#6905,0.0299999999999997);
#2526=CIRCLE('',#6907,0.0300000000000001);
#2527=CIRCLE('',#6908,0.0699999999999995);
#2528=CIRCLE('',#6909,0.0299999999999997);
#2529=CIRCLE('',#6910,0.0299999999999997);
#2530=CIRCLE('',#6912,0.0300000000000001);
#2531=CIRCLE('',#6913,0.0699999999999995);
#2532=CIRCLE('',#6914,0.0299999999999997);
#2533=CIRCLE('',#6915,0.0299999999999997);
#2534=CIRCLE('',#6917,0.0300000000000001);
#2535=CIRCLE('',#6918,0.0699999999999995);
#2536=CIRCLE('',#6919,0.0299999999999997);
#2537=CIRCLE('',#6920,0.0299999999999997);
#2538=CIRCLE('',#6922,0.0300000000000001);
#2539=CIRCLE('',#6923,0.0699999999999995);
#2540=CIRCLE('',#6924,0.0299999999999997);
#2541=CIRCLE('',#6925,0.0299999999999997);
#2542=CIRCLE('',#6927,0.0300000000000001);
#2543=CIRCLE('',#6928,0.0699999999999995);
#2544=CIRCLE('',#6929,0.0299999999999997);
#2545=CIRCLE('',#6930,0.0299999999999997);
#2546=CIRCLE('',#6932,0.0300000000000001);
#2547=CIRCLE('',#6933,0.0699999999999995);
#2548=CIRCLE('',#6934,0.0299999999999997);
#2549=CIRCLE('',#6935,0.0299999999999997);
#2550=CIRCLE('',#6937,0.0300000000000001);
#2551=CIRCLE('',#6938,0.0699999999999995);
#2552=CIRCLE('',#6939,0.0299999999999997);
#2553=CIRCLE('',#6940,0.0299999999999997);
#2554=CIRCLE('',#6942,0.0300000000000001);
#2555=CIRCLE('',#6943,0.0699999999999995);
#2556=CIRCLE('',#6944,0.0299999999999997);
#2557=CIRCLE('',#6945,0.0299999999999997);
#2558=CIRCLE('',#6947,0.0300000000000001);
#2559=CIRCLE('',#6948,0.0699999999999995);
#2560=CIRCLE('',#6949,0.0299999999999997);
#2561=CIRCLE('',#6950,0.0299999999999997);
#2562=CIRCLE('',#6952,0.0300000000000001);
#2563=CIRCLE('',#6953,0.0699999999999995);
#2564=CIRCLE('',#6954,0.0300000000000001);
#2565=CIRCLE('',#6955,0.0300000000000001);
#2566=CIRCLE('',#6957,0.0300000000000001);
#2567=CIRCLE('',#6958,0.0699999999999995);
#2568=CIRCLE('',#6959,0.0300000000000001);
#2569=CIRCLE('',#6960,0.0300000000000001);
#2570=CIRCLE('',#6962,0.0300000000000001);
#2571=CIRCLE('',#6963,0.0699999999999995);
#2572=CIRCLE('',#6964,0.0300000000000001);
#2573=CIRCLE('',#6965,0.0300000000000001);
#2574=CIRCLE('',#6967,0.0300000000000001);
#2575=CIRCLE('',#6968,0.0699999999999995);
#2576=CIRCLE('',#6969,0.0300000000000001);
#2577=CIRCLE('',#6970,0.0300000000000001);
#2578=CIRCLE('',#6972,0.0300000000000001);
#2579=CIRCLE('',#6973,0.0699999999999995);
#2580=CIRCLE('',#6974,0.0300000000000001);
#2581=CIRCLE('',#6975,0.0300000000000001);
#2582=CIRCLE('',#6977,0.0300000000000001);
#2583=CIRCLE('',#6978,0.0699999999999995);
#2584=CIRCLE('',#6979,0.0300000000000001);
#2585=CIRCLE('',#6980,0.0300000000000001);
#2586=CIRCLE('',#6982,0.0300000000000001);
#2587=CIRCLE('',#6986,0.0300000000000001);
#2588=CIRCLE('',#6990,0.0300000000000001);
#2589=CIRCLE('',#6994,0.0300000000000001);
#2590=CIRCLE('',#6998,0.0300000000000001);
#2591=CIRCLE('',#7002,0.0299999999999997);
#2592=CIRCLE('',#7006,0.0299999999999997);
#2593=CIRCLE('',#7010,0.0299999999999997);
#2594=CIRCLE('',#7014,0.0299999999999997);
#2595=CIRCLE('',#7018,0.0299999999999997);
#2596=CIRCLE('',#7022,0.0299999999999997);
#2597=CIRCLE('',#7026,0.0299999999999997);
#2598=CIRCLE('',#7030,0.0299999999999997);
#2599=CIRCLE('',#7034,0.0299999999999997);
#2600=CIRCLE('',#7038,0.0299999999999997);
#2601=CIRCLE('',#7042,0.0299999999999997);
#2602=CIRCLE('',#7046,0.0299999999999997);
#2603=CIRCLE('',#7050,0.0299999999999997);
#2604=CIRCLE('',#7054,0.0299999999999997);
#2605=CIRCLE('',#7058,0.0299999999999997);
#2606=CIRCLE('',#7062,0.0299999999999997);
#2607=CIRCLE('',#7066,0.0299999999999997);
#2608=CIRCLE('',#7070,0.0299999999999997);
#2609=CIRCLE('',#7074,0.0299999999999997);
#2610=CIRCLE('',#7078,0.0299999999999997);
#2611=CIRCLE('',#7082,0.0300000000000001);
#2612=CIRCLE('',#7086,0.0300000000000001);
#2613=CIRCLE('',#7090,0.0300000000000001);
#2614=CIRCLE('',#7094,0.0300000000000001);
#2615=CIRCLE('',#7098,0.0300000000000001);
#2616=CIRCLE('',#7102,0.0300000000000001);
#2617=CIRCLE('',#7107,0.0300000000000001);
#2618=CIRCLE('',#7108,0.0300000000000001);
#2619=CIRCLE('',#7111,0.0300000000000001);
#2620=CIRCLE('',#7112,0.0300000000000001);
#2621=CIRCLE('',#7115,0.0300000000000001);
#2622=CIRCLE('',#7116,0.0300000000000001);
#2623=CIRCLE('',#7119,0.0300000000000001);
#2624=CIRCLE('',#7120,0.0300000000000001);
#2625=CIRCLE('',#7123,0.0300000000000001);
#2626=CIRCLE('',#7124,0.0300000000000001);
#2627=CIRCLE('',#7127,0.0299999999999997);
#2628=CIRCLE('',#7128,0.0299999999999997);
#2629=CIRCLE('',#7131,0.0299999999999997);
#2630=CIRCLE('',#7132,0.0299999999999997);
#2631=CIRCLE('',#7135,0.0299999999999997);
#2632=CIRCLE('',#7136,0.0299999999999997);
#2633=CIRCLE('',#7139,0.0299999999999997);
#2634=CIRCLE('',#7140,0.0299999999999997);
#2635=CIRCLE('',#7143,0.0299999999999997);
#2636=CIRCLE('',#7144,0.0299999999999997);
#2637=CIRCLE('',#7147,0.0299999999999997);
#2638=CIRCLE('',#7148,0.0299999999999997);
#2639=CIRCLE('',#7151,0.0299999999999997);
#2640=CIRCLE('',#7152,0.0299999999999997);
#2641=CIRCLE('',#7155,0.0299999999999997);
#2642=CIRCLE('',#7156,0.0299999999999997);
#2643=CIRCLE('',#7159,0.0299999999999997);
#2644=CIRCLE('',#7160,0.0299999999999997);
#2645=CIRCLE('',#7163,0.0299999999999997);
#2646=CIRCLE('',#7164,0.0299999999999997);
#2647=CIRCLE('',#7167,0.0299999999999997);
#2648=CIRCLE('',#7168,0.0299999999999997);
#2649=CIRCLE('',#7171,0.0299999999999997);
#2650=CIRCLE('',#7172,0.0299999999999997);
#2651=CIRCLE('',#7175,0.0299999999999997);
#2652=CIRCLE('',#7176,0.0299999999999997);
#2653=CIRCLE('',#7179,0.0299999999999997);
#2654=CIRCLE('',#7180,0.0299999999999997);
#2655=CIRCLE('',#7183,0.0299999999999997);
#2656=CIRCLE('',#7184,0.0299999999999997);
#2657=CIRCLE('',#7187,0.0299999999999997);
#2658=CIRCLE('',#7188,0.0299999999999997);
#2659=CIRCLE('',#7191,0.0299999999999997);
#2660=CIRCLE('',#7192,0.0299999999999997);
#2661=CIRCLE('',#7195,0.0299999999999997);
#2662=CIRCLE('',#7196,0.0299999999999997);
#2663=CIRCLE('',#7199,0.0299999999999997);
#2664=CIRCLE('',#7200,0.0299999999999997);
#2665=CIRCLE('',#7203,0.0299999999999997);
#2666=CIRCLE('',#7204,0.0299999999999997);
#2667=CIRCLE('',#7207,0.0300000000000001);
#2668=CIRCLE('',#7208,0.0300000000000001);
#2669=CIRCLE('',#7211,0.0300000000000001);
#2670=CIRCLE('',#7212,0.0300000000000001);
#2671=CIRCLE('',#7215,0.0300000000000001);
#2672=CIRCLE('',#7216,0.0300000000000001);
#2673=CIRCLE('',#7219,0.0300000000000001);
#2674=CIRCLE('',#7220,0.0300000000000001);
#2675=CIRCLE('',#7223,0.0300000000000001);
#2676=CIRCLE('',#7224,0.0300000000000001);
#2677=CIRCLE('',#7227,0.0300000000000001);
#2678=CIRCLE('',#7228,0.0300000000000001);
#2679=CIRCLE('',#7351,2.8);
#2680=CIRCLE('',#7352,2.8);
#2681=CIRCLE('',#7353,3.2);
#2682=CIRCLE('',#7355,3.8);
#2683=CIRCLE('',#7356,3.8);
#2684=CIRCLE('',#7358,2.8);
#2685=CIRCLE('',#7360,0.35);
#2686=CIRCLE('',#7361,0.35);
#2687=CIRCLE('',#7363,0.35);
#2688=CIRCLE('',#7364,0.35);
#2689=CIRCLE('',#7376,0.35);
#2690=CIRCLE('',#7377,0.35);
#2691=CIRCLE('',#7381,0.35);
#2692=CIRCLE('',#7384,0.35);
#2693=CIRCLE('',#7387,0.6);
#2694=CIRCLE('',#7388,0.6);
#2695=CIRCLE('',#7389,0.6);
#2696=CIRCLE('',#7390,0.600000000000001);
#2697=CIRCLE('',#7392,0.6);
#2698=CIRCLE('',#7393,0.600000000000001);
#2699=CIRCLE('',#7394,0.6);
#2700=CIRCLE('',#7395,0.6);
#2701=CIRCLE('',#7417,0.625);
#2702=CIRCLE('',#7418,1.);
#2703=CIRCLE('',#7421,3.);
#2704=CIRCLE('',#7422,3.);
#2705=CIRCLE('',#7424,1.8);
#2706=CIRCLE('',#7426,2.1);
#2707=CIRCLE('',#7428,2.75);
#2708=CIRCLE('',#7429,2.75);
#2709=CIRCLE('',#7431,2.75);
#2710=CIRCLE('',#7432,2.75);
#2711=CIRCLE('',#7433,2.75);
#2712=CIRCLE('',#7434,2.75);
#2713=CIRCLE('',#7435,2.75);
#2714=CIRCLE('',#7436,2.75);
#2715=CIRCLE('',#7437,2.75);
#2716=CIRCLE('',#7439,2.3);
#2717=CIRCLE('',#7440,2.3);
#2718=CIRCLE('',#7441,2.3);
#2719=CIRCLE('',#7460,0.5);
#2720=CIRCLE('',#7461,0.5);
#2721=CIRCLE('',#7464,0.5);
#2722=CIRCLE('',#7465,0.5);
#2723=CIRCLE('',#7468,0.5);
#2724=CIRCLE('',#7469,0.5);
#2725=CIRCLE('',#7472,0.5);
#2726=CIRCLE('',#7473,0.5);
#2727=VERTEX_POINT('',#9590);
#2728=VERTEX_POINT('',#9592);
#2729=VERTEX_POINT('',#9596);
#2730=VERTEX_POINT('',#9598);
#2731=VERTEX_POINT('',#9602);
#2732=VERTEX_POINT('',#9604);
#2733=VERTEX_POINT('',#9608);
#2734=VERTEX_POINT('',#9610);
#2735=VERTEX_POINT('',#9614);
#2736=VERTEX_POINT('',#9615);
#2737=VERTEX_POINT('',#9617);
#2738=VERTEX_POINT('',#9619);
#2739=VERTEX_POINT('',#9622);
#2740=VERTEX_POINT('',#9623);
#2741=VERTEX_POINT('',#9625);
#2742=VERTEX_POINT('',#9627);
#2743=VERTEX_POINT('',#9631);
#2744=VERTEX_POINT('',#9632);
#2745=VERTEX_POINT('',#9634);
#2746=VERTEX_POINT('',#9636);
#2747=VERTEX_POINT('',#9638);
#2748=VERTEX_POINT('',#9640);
#2749=VERTEX_POINT('',#9642);
#2750=VERTEX_POINT('',#9644);
#2751=VERTEX_POINT('',#9655);
#2752=VERTEX_POINT('',#9657);
#2753=VERTEX_POINT('',#9660);
#2754=VERTEX_POINT('',#9661);
#2755=VERTEX_POINT('',#9663);
#2756=VERTEX_POINT('',#9665);
#2757=VERTEX_POINT('',#9669);
#2758=VERTEX_POINT('',#9673);
#2759=VERTEX_POINT('',#9680);
#2760=VERTEX_POINT('',#9682);
#2761=VERTEX_POINT('',#9686);
#2762=VERTEX_POINT('',#9690);
#2763=VERTEX_POINT('',#9697);
#2764=VERTEX_POINT('',#9699);
#2765=VERTEX_POINT('',#9703);
#2766=VERTEX_POINT('',#9707);
#2767=VERTEX_POINT('',#9718);
#2768=VERTEX_POINT('',#9720);
#2769=VERTEX_POINT('',#9724);
#2770=VERTEX_POINT('',#9726);
#2771=VERTEX_POINT('',#9730);
#2772=VERTEX_POINT('',#9732);
#2773=VERTEX_POINT('',#9736);
#2774=VERTEX_POINT('',#9738);
#2775=VERTEX_POINT('',#9742);
#2776=VERTEX_POINT('',#9744);
#2777=VERTEX_POINT('',#9748);
#2778=VERTEX_POINT('',#9750);
#2779=VERTEX_POINT('',#9754);
#2780=VERTEX_POINT('',#9756);
#2781=VERTEX_POINT('',#9760);
#2782=VERTEX_POINT('',#9762);
#2783=VERTEX_POINT('',#9766);
#2784=VERTEX_POINT('',#9768);
#2785=VERTEX_POINT('',#9772);
#2786=VERTEX_POINT('',#9774);
#2787=VERTEX_POINT('',#9778);
#2788=VERTEX_POINT('',#9780);
#2789=VERTEX_POINT('',#9784);
#2790=VERTEX_POINT('',#9786);
#2791=VERTEX_POINT('',#9790);
#2792=VERTEX_POINT('',#9792);
#2793=VERTEX_POINT('',#9796);
#2794=VERTEX_POINT('',#9798);
#2795=VERTEX_POINT('',#9802);
#2796=VERTEX_POINT('',#9804);
#2797=VERTEX_POINT('',#9808);
#2798=VERTEX_POINT('',#9810);
#2799=VERTEX_POINT('',#9814);
#2800=VERTEX_POINT('',#9816);
#2801=VERTEX_POINT('',#9820);
#2802=VERTEX_POINT('',#9822);
#2803=VERTEX_POINT('',#9826);
#2804=VERTEX_POINT('',#9828);
#2805=VERTEX_POINT('',#9832);
#2806=VERTEX_POINT('',#9834);
#2807=VERTEX_POINT('',#9838);
#2808=VERTEX_POINT('',#9840);
#2809=VERTEX_POINT('',#9844);
#2810=VERTEX_POINT('',#9846);
#2811=VERTEX_POINT('',#9850);
#2812=VERTEX_POINT('',#9852);
#2813=VERTEX_POINT('',#9856);
#2814=VERTEX_POINT('',#9858);
#2815=VERTEX_POINT('',#9862);
#2816=VERTEX_POINT('',#9864);
#2817=VERTEX_POINT('',#9868);
#2818=VERTEX_POINT('',#9870);
#2819=VERTEX_POINT('',#9874);
#2820=VERTEX_POINT('',#9876);
#2821=VERTEX_POINT('',#9880);
#2822=VERTEX_POINT('',#9882);
#2823=VERTEX_POINT('',#9886);
#2824=VERTEX_POINT('',#9888);
#2825=VERTEX_POINT('',#9892);
#2826=VERTEX_POINT('',#9894);
#2827=VERTEX_POINT('',#9898);
#2828=VERTEX_POINT('',#9900);
#2829=VERTEX_POINT('',#9904);
#2830=VERTEX_POINT('',#9906);
#2831=VERTEX_POINT('',#9908);
#2832=VERTEX_POINT('',#9912);
#2833=VERTEX_POINT('',#9914);
#2834=VERTEX_POINT('',#9916);
#2835=VERTEX_POINT('',#9920);
#2836=VERTEX_POINT('',#9922);
#2837=VERTEX_POINT('',#9924);
#2838=VERTEX_POINT('',#9928);
#2839=VERTEX_POINT('',#9930);
#2840=VERTEX_POINT('',#9932);
#2841=VERTEX_POINT('',#9936);
#2842=VERTEX_POINT('',#9938);
#2843=VERTEX_POINT('',#9940);
#2844=VERTEX_POINT('',#9944);
#2845=VERTEX_POINT('',#9946);
#2846=VERTEX_POINT('',#9948);
#2847=VERTEX_POINT('',#9952);
#2848=VERTEX_POINT('',#9954);
#2849=VERTEX_POINT('',#9956);
#2850=VERTEX_POINT('',#9960);
#2851=VERTEX_POINT('',#9962);
#2852=VERTEX_POINT('',#9964);
#2853=VERTEX_POINT('',#9968);
#2854=VERTEX_POINT('',#9970);
#2855=VERTEX_POINT('',#9972);
#2856=VERTEX_POINT('',#9976);
#2857=VERTEX_POINT('',#9978);
#2858=VERTEX_POINT('',#9980);
#2859=VERTEX_POINT('',#9984);
#2860=VERTEX_POINT('',#9986);
#2861=VERTEX_POINT('',#9988);
#2862=VERTEX_POINT('',#9992);
#2863=VERTEX_POINT('',#9994);
#2864=VERTEX_POINT('',#9996);
#2865=VERTEX_POINT('',#10000);
#2866=VERTEX_POINT('',#10002);
#2867=VERTEX_POINT('',#10004);
#2868=VERTEX_POINT('',#10008);
#2869=VERTEX_POINT('',#10010);
#2870=VERTEX_POINT('',#10012);
#2871=VERTEX_POINT('',#10016);
#2872=VERTEX_POINT('',#10018);
#2873=VERTEX_POINT('',#10020);
#2874=VERTEX_POINT('',#10024);
#2875=VERTEX_POINT('',#10026);
#2876=VERTEX_POINT('',#10028);
#2877=VERTEX_POINT('',#10032);
#2878=VERTEX_POINT('',#10034);
#2879=VERTEX_POINT('',#10036);
#2880=VERTEX_POINT('',#10040);
#2881=VERTEX_POINT('',#10042);
#2882=VERTEX_POINT('',#10044);
#2883=VERTEX_POINT('',#10048);
#2884=VERTEX_POINT('',#10050);
#2885=VERTEX_POINT('',#10052);
#2886=VERTEX_POINT('',#10056);
#2887=VERTEX_POINT('',#10058);
#2888=VERTEX_POINT('',#10060);
#2889=VERTEX_POINT('',#10064);
#2890=VERTEX_POINT('',#10066);
#2891=VERTEX_POINT('',#10068);
#2892=VERTEX_POINT('',#10072);
#2893=VERTEX_POINT('',#10074);
#2894=VERTEX_POINT('',#10076);
#2895=VERTEX_POINT('',#10080);
#2896=VERTEX_POINT('',#10082);
#2897=VERTEX_POINT('',#10084);
#2898=VERTEX_POINT('',#10088);
#2899=VERTEX_POINT('',#10090);
#2900=VERTEX_POINT('',#10092);
#2901=VERTEX_POINT('',#10096);
#2902=VERTEX_POINT('',#10098);
#2903=VERTEX_POINT('',#10100);
#2904=VERTEX_POINT('',#10104);
#2905=VERTEX_POINT('',#10106);
#2906=VERTEX_POINT('',#10108);
#2907=VERTEX_POINT('',#10112);
#2908=VERTEX_POINT('',#10114);
#2909=VERTEX_POINT('',#10116);
#2910=VERTEX_POINT('',#10120);
#2911=VERTEX_POINT('',#10122);
#2912=VERTEX_POINT('',#10124);
#2913=VERTEX_POINT('',#10128);
#2914=VERTEX_POINT('',#10130);
#2915=VERTEX_POINT('',#10132);
#2916=VERTEX_POINT('',#10136);
#2917=VERTEX_POINT('',#10138);
#2918=VERTEX_POINT('',#10140);
#2919=VERTEX_POINT('',#10144);
#2920=VERTEX_POINT('',#10146);
#2921=VERTEX_POINT('',#10148);
#2922=VERTEX_POINT('',#10152);
#2923=VERTEX_POINT('',#10153);
#2924=VERTEX_POINT('',#10155);
#2925=VERTEX_POINT('',#10160);
#2926=VERTEX_POINT('',#10161);
#2927=VERTEX_POINT('',#10163);
#2928=VERTEX_POINT('',#10168);
#2929=VERTEX_POINT('',#10169);
#2930=VERTEX_POINT('',#10171);
#2931=VERTEX_POINT('',#10176);
#2932=VERTEX_POINT('',#10177);
#2933=VERTEX_POINT('',#10179);
#2934=VERTEX_POINT('',#10184);
#2935=VERTEX_POINT('',#10185);
#2936=VERTEX_POINT('',#10187);
#2937=VERTEX_POINT('',#10192);
#2938=VERTEX_POINT('',#10193);
#2939=VERTEX_POINT('',#10195);
#2940=VERTEX_POINT('',#10200);
#2941=VERTEX_POINT('',#10201);
#2942=VERTEX_POINT('',#10203);
#2943=VERTEX_POINT('',#10208);
#2944=VERTEX_POINT('',#10209);
#2945=VERTEX_POINT('',#10211);
#2946=VERTEX_POINT('',#10216);
#2947=VERTEX_POINT('',#10217);
#2948=VERTEX_POINT('',#10219);
#2949=VERTEX_POINT('',#10224);
#2950=VERTEX_POINT('',#10225);
#2951=VERTEX_POINT('',#10227);
#2952=VERTEX_POINT('',#10232);
#2953=VERTEX_POINT('',#10233);
#2954=VERTEX_POINT('',#10235);
#2955=VERTEX_POINT('',#10240);
#2956=VERTEX_POINT('',#10241);
#2957=VERTEX_POINT('',#10243);
#2958=VERTEX_POINT('',#10248);
#2959=VERTEX_POINT('',#10249);
#2960=VERTEX_POINT('',#10251);
#2961=VERTEX_POINT('',#10256);
#2962=VERTEX_POINT('',#10257);
#2963=VERTEX_POINT('',#10259);
#2964=VERTEX_POINT('',#10264);
#2965=VERTEX_POINT('',#10265);
#2966=VERTEX_POINT('',#10267);
#2967=VERTEX_POINT('',#10272);
#2968=VERTEX_POINT('',#10273);
#2969=VERTEX_POINT('',#10275);
#2970=VERTEX_POINT('',#10280);
#2971=VERTEX_POINT('',#10281);
#2972=VERTEX_POINT('',#10283);
#2973=VERTEX_POINT('',#10288);
#2974=VERTEX_POINT('',#10289);
#2975=VERTEX_POINT('',#10291);
#2976=VERTEX_POINT('',#10296);
#2977=VERTEX_POINT('',#10297);
#2978=VERTEX_POINT('',#10299);
#2979=VERTEX_POINT('',#10304);
#2980=VERTEX_POINT('',#10305);
#2981=VERTEX_POINT('',#10307);
#2982=VERTEX_POINT('',#10312);
#2983=VERTEX_POINT('',#10313);
#2984=VERTEX_POINT('',#10315);
#2985=VERTEX_POINT('',#10320);
#2986=VERTEX_POINT('',#10321);
#2987=VERTEX_POINT('',#10323);
#2988=VERTEX_POINT('',#10328);
#2989=VERTEX_POINT('',#10329);
#2990=VERTEX_POINT('',#10331);
#2991=VERTEX_POINT('',#10336);
#2992=VERTEX_POINT('',#10337);
#2993=VERTEX_POINT('',#10339);
#2994=VERTEX_POINT('',#10344);
#2995=VERTEX_POINT('',#10345);
#2996=VERTEX_POINT('',#10347);
#2997=VERTEX_POINT('',#10352);
#2998=VERTEX_POINT('',#10353);
#2999=VERTEX_POINT('',#10355);
#3000=VERTEX_POINT('',#10360);
#3001=VERTEX_POINT('',#10361);
#3002=VERTEX_POINT('',#10363);
#3003=VERTEX_POINT('',#10368);
#3004=VERTEX_POINT('',#10369);
#3005=VERTEX_POINT('',#10371);
#3006=VERTEX_POINT('',#10376);
#3007=VERTEX_POINT('',#10377);
#3008=VERTEX_POINT('',#10379);
#3009=VERTEX_POINT('',#10384);
#3010=VERTEX_POINT('',#10385);
#3011=VERTEX_POINT('',#10387);
#3012=VERTEX_POINT('',#10392);
#3013=VERTEX_POINT('',#10393);
#3014=VERTEX_POINT('',#10395);
#3015=VERTEX_POINT('',#10400);
#3016=VERTEX_POINT('',#10401);
#3017=VERTEX_POINT('',#10403);
#3018=VERTEX_POINT('',#10408);
#3019=VERTEX_POINT('',#10409);
#3020=VERTEX_POINT('',#10411);
#3021=VERTEX_POINT('',#10416);
#3022=VERTEX_POINT('',#10417);
#3023=VERTEX_POINT('',#10419);
#3024=VERTEX_POINT('',#10424);
#3025=VERTEX_POINT('',#10425);
#3026=VERTEX_POINT('',#10427);
#3027=VERTEX_POINT('',#10432);
#3028=VERTEX_POINT('',#10433);
#3029=VERTEX_POINT('',#10435);
#3030=VERTEX_POINT('',#10440);
#3031=VERTEX_POINT('',#10441);
#3032=VERTEX_POINT('',#10443);
#3033=VERTEX_POINT('',#10448);
#3034=VERTEX_POINT('',#10449);
#3035=VERTEX_POINT('',#10451);
#3036=VERTEX_POINT('',#10456);
#3037=VERTEX_POINT('',#10457);
#3038=VERTEX_POINT('',#10459);
#3039=VERTEX_POINT('',#10464);
#3040=VERTEX_POINT('',#10465);
#3041=VERTEX_POINT('',#10467);
#3042=VERTEX_POINT('',#10472);
#3043=VERTEX_POINT('',#10473);
#3044=VERTEX_POINT('',#10475);
#3045=VERTEX_POINT('',#10480);
#3046=VERTEX_POINT('',#10481);
#3047=VERTEX_POINT('',#10483);
#3048=VERTEX_POINT('',#10488);
#3049=VERTEX_POINT('',#10489);
#3050=VERTEX_POINT('',#10491);
#3051=VERTEX_POINT('',#10496);
#3052=VERTEX_POINT('',#10497);
#3053=VERTEX_POINT('',#10499);
#3054=VERTEX_POINT('',#10504);
#3055=VERTEX_POINT('',#10505);
#3056=VERTEX_POINT('',#10507);
#3057=VERTEX_POINT('',#10512);
#3058=VERTEX_POINT('',#10513);
#3059=VERTEX_POINT('',#10515);
#3060=VERTEX_POINT('',#10520);
#3061=VERTEX_POINT('',#10521);
#3062=VERTEX_POINT('',#10523);
#3063=VERTEX_POINT('',#10528);
#3064=VERTEX_POINT('',#10529);
#3065=VERTEX_POINT('',#10531);
#3066=VERTEX_POINT('',#10536);
#3067=VERTEX_POINT('',#10537);
#3068=VERTEX_POINT('',#10539);
#3069=VERTEX_POINT('',#10544);
#3070=VERTEX_POINT('',#10545);
#3071=VERTEX_POINT('',#10547);
#3072=VERTEX_POINT('',#10552);
#3073=VERTEX_POINT('',#10553);
#3074=VERTEX_POINT('',#10555);
#3075=VERTEX_POINT('',#10560);
#3076=VERTEX_POINT('',#10561);
#3077=VERTEX_POINT('',#10563);
#3078=VERTEX_POINT('',#10568);
#3079=VERTEX_POINT('',#10569);
#3080=VERTEX_POINT('',#10571);
#3081=VERTEX_POINT('',#10576);
#3082=VERTEX_POINT('',#10577);
#3083=VERTEX_POINT('',#10579);
#3084=VERTEX_POINT('',#10584);
#3085=VERTEX_POINT('',#10585);
#3086=VERTEX_POINT('',#10587);
#3087=VERTEX_POINT('',#10592);
#3088=VERTEX_POINT('',#10593);
#3089=VERTEX_POINT('',#10595);
#3090=VERTEX_POINT('',#10600);
#3091=VERTEX_POINT('',#10601);
#3092=VERTEX_POINT('',#10603);
#3093=VERTEX_POINT('',#10608);
#3094=VERTEX_POINT('',#10609);
#3095=VERTEX_POINT('',#10611);
#3096=VERTEX_POINT('',#10616);
#3097=VERTEX_POINT('',#10617);
#3098=VERTEX_POINT('',#10619);
#3099=VERTEX_POINT('',#10624);
#3100=VERTEX_POINT('',#10625);
#3101=VERTEX_POINT('',#10627);
#3102=VERTEX_POINT('',#10632);
#3103=VERTEX_POINT('',#10633);
#3104=VERTEX_POINT('',#10635);
#3105=VERTEX_POINT('',#10640);
#3106=VERTEX_POINT('',#10641);
#3107=VERTEX_POINT('',#10643);
#3108=VERTEX_POINT('',#10648);
#3109=VERTEX_POINT('',#10649);
#3110=VERTEX_POINT('',#10651);
#3111=VERTEX_POINT('',#10653);
#3112=VERTEX_POINT('',#10656);
#3113=VERTEX_POINT('',#10657);
#3114=VERTEX_POINT('',#10659);
#3115=VERTEX_POINT('',#10661);
#3116=VERTEX_POINT('',#10679);
#3117=VERTEX_POINT('',#10680);
#3118=VERTEX_POINT('',#10682);
#3119=VERTEX_POINT('',#10684);
#3120=VERTEX_POINT('',#10687);
#3121=VERTEX_POINT('',#10688);
#3122=VERTEX_POINT('',#10690);
#3123=VERTEX_POINT('',#10692);
#3124=VERTEX_POINT('',#10695);
#3125=VERTEX_POINT('',#10696);
#3126=VERTEX_POINT('',#10698);
#3127=VERTEX_POINT('',#10700);
#3128=VERTEX_POINT('',#10703);
#3129=VERTEX_POINT('',#10704);
#3130=VERTEX_POINT('',#10706);
#3131=VERTEX_POINT('',#10708);
#3132=VERTEX_POINT('',#10711);
#3133=VERTEX_POINT('',#10712);
#3134=VERTEX_POINT('',#10714);
#3135=VERTEX_POINT('',#10716);
#3136=VERTEX_POINT('',#10719);
#3137=VERTEX_POINT('',#10720);
#3138=VERTEX_POINT('',#10722);
#3139=VERTEX_POINT('',#10724);
#3140=VERTEX_POINT('',#10727);
#3141=VERTEX_POINT('',#10728);
#3142=VERTEX_POINT('',#10730);
#3143=VERTEX_POINT('',#10732);
#3144=VERTEX_POINT('',#10783);
#3145=VERTEX_POINT('',#10784);
#3146=VERTEX_POINT('',#10786);
#3147=VERTEX_POINT('',#10788);
#3148=VERTEX_POINT('',#10791);
#3149=VERTEX_POINT('',#10792);
#3150=VERTEX_POINT('',#10794);
#3151=VERTEX_POINT('',#10796);
#3152=VERTEX_POINT('',#10799);
#3153=VERTEX_POINT('',#10800);
#3154=VERTEX_POINT('',#10812);
#3155=VERTEX_POINT('',#10814);
#3156=VERTEX_POINT('',#10816);
#3157=VERTEX_POINT('',#10824);
#3158=VERTEX_POINT('',#10836);
#3159=VERTEX_POINT('',#10844);
#3160=VERTEX_POINT('',#10846);
#3161=VERTEX_POINT('',#10854);
#3162=VERTEX_POINT('',#10866);
#3163=VERTEX_POINT('',#10888);
#3164=VERTEX_POINT('',#10890);
#3165=VERTEX_POINT('',#10894);
#3166=VERTEX_POINT('',#10898);
#3167=VERTEX_POINT('',#10905);
#3168=VERTEX_POINT('',#10907);
#3169=VERTEX_POINT('',#10911);
#3170=VERTEX_POINT('',#10928);
#3171=VERTEX_POINT('',#10959);
#3172=VERTEX_POINT('',#10986);
#3173=VERTEX_POINT('',#10996);
#3174=VERTEX_POINT('',#11013);
#3175=VERTEX_POINT('',#11044);
#3176=VERTEX_POINT('',#11058);
#3177=VERTEX_POINT('',#11083);
#3178=VERTEX_POINT('',#11131);
#3179=VERTEX_POINT('',#11133);
#3180=VERTEX_POINT('',#11137);
#3181=VERTEX_POINT('',#11141);
#3182=VERTEX_POINT('',#11210);
#3183=VERTEX_POINT('',#11212);
#3184=VERTEX_POINT('',#11216);
#3185=VERTEX_POINT('',#11220);
#3186=VERTEX_POINT('',#11227);
#3187=VERTEX_POINT('',#11229);
#3188=VERTEX_POINT('',#11233);
#3189=VERTEX_POINT('',#11237);
#3190=VERTEX_POINT('',#11244);
#3191=VERTEX_POINT('',#11246);
#3192=VERTEX_POINT('',#11250);
#3193=VERTEX_POINT('',#11254);
#3194=VERTEX_POINT('',#11261);
#3195=VERTEX_POINT('',#11263);
#3196=VERTEX_POINT('',#11267);
#3197=VERTEX_POINT('',#11271);
#3198=VERTEX_POINT('',#11278);
#3199=VERTEX_POINT('',#11280);
#3200=VERTEX_POINT('',#11284);
#3201=VERTEX_POINT('',#11288);
#3202=VERTEX_POINT('',#11295);
#3203=VERTEX_POINT('',#11297);
#3204=VERTEX_POINT('',#11301);
#3205=VERTEX_POINT('',#11305);
#3206=VERTEX_POINT('',#11312);
#3207=VERTEX_POINT('',#11314);
#3208=VERTEX_POINT('',#11318);
#3209=VERTEX_POINT('',#11322);
#3210=VERTEX_POINT('',#11332);
#3211=VERTEX_POINT('',#11333);
#3212=VERTEX_POINT('',#11336);
#3213=VERTEX_POINT('',#11340);
#3214=VERTEX_POINT('',#11342);
#3215=VERTEX_POINT('',#11346);
#3216=VERTEX_POINT('',#11350);
#3217=VERTEX_POINT('',#11351);
#3218=VERTEX_POINT('',#11353);
#3219=VERTEX_POINT('',#11355);
#3220=VERTEX_POINT('',#11359);
#3221=VERTEX_POINT('',#11360);
#3222=VERTEX_POINT('',#11362);
#3223=VERTEX_POINT('',#11364);
#3224=VERTEX_POINT('',#11368);
#3225=VERTEX_POINT('',#11369);
#3226=VERTEX_POINT('',#11371);
#3227=VERTEX_POINT('',#11373);
#3228=VERTEX_POINT('',#11377);
#3229=VERTEX_POINT('',#11378);
#3230=VERTEX_POINT('',#11380);
#3231=VERTEX_POINT('',#11382);
#3232=VERTEX_POINT('',#11385);
#3233=VERTEX_POINT('',#11386);
#3234=VERTEX_POINT('',#11388);
#3235=VERTEX_POINT('',#11390);
#3236=VERTEX_POINT('',#11402);
#3237=VERTEX_POINT('',#11404);
#3238=VERTEX_POINT('',#11408);
#3239=VERTEX_POINT('',#11412);
#3240=VERTEX_POINT('',#11419);
#3241=VERTEX_POINT('',#11421);
#3242=VERTEX_POINT('',#11423);
#3243=VERTEX_POINT('',#11425);
#3244=VERTEX_POINT('',#11431);
#3245=VERTEX_POINT('',#11435);
#3246=VERTEX_POINT('',#11439);
#3247=VERTEX_POINT('',#11443);
#3248=VERTEX_POINT('',#11449);
#3249=VERTEX_POINT('',#11450);
#3250=VERTEX_POINT('',#11452);
#3251=VERTEX_POINT('',#11454);
#3252=VERTEX_POINT('',#11456);
#3253=VERTEX_POINT('',#11458);
#3254=VERTEX_POINT('',#11460);
#3255=VERTEX_POINT('',#11462);
#3256=VERTEX_POINT('',#11466);
#3257=VERTEX_POINT('',#11467);
#3258=VERTEX_POINT('',#11469);
#3259=VERTEX_POINT('',#11471);
#3260=VERTEX_POINT('',#11473);
#3261=VERTEX_POINT('',#11475);
#3262=VERTEX_POINT('',#11477);
#3263=VERTEX_POINT('',#11479);
#3264=VERTEX_POINT('',#11503);
#3265=VERTEX_POINT('',#11504);
#3266=VERTEX_POINT('',#11506);
#3267=VERTEX_POINT('',#11508);
#3268=VERTEX_POINT('',#11512);
#3269=VERTEX_POINT('',#11514);
#3270=VERTEX_POINT('',#11518);
#3271=VERTEX_POINT('',#11520);
#3272=VERTEX_POINT('',#11531);
#3273=VERTEX_POINT('',#11533);
#3274=VERTEX_POINT('',#11538);
#3275=VERTEX_POINT('',#11540);
#3276=VERTEX_POINT('',#11544);
#3277=VERTEX_POINT('',#11547);
#3278=VERTEX_POINT('',#11551);
#3279=VERTEX_POINT('',#11553);
#3280=VERTEX_POINT('',#11557);
#3281=VERTEX_POINT('',#11558);
#3282=VERTEX_POINT('',#11560);
#3283=VERTEX_POINT('',#11562);
#3284=VERTEX_POINT('',#11564);
#3285=VERTEX_POINT('',#11566);
#3286=VERTEX_POINT('',#11568);
#3287=VERTEX_POINT('',#11570);
#3288=VERTEX_POINT('',#11572);
#3289=VERTEX_POINT('',#11575);
#3290=VERTEX_POINT('',#11577);
#3291=VERTEX_POINT('',#11579);
#3292=VERTEX_POINT('',#11581);
#3293=VERTEX_POINT('',#11585);
#3294=VERTEX_POINT('',#11587);
#3295=VERTEX_POINT('',#11590);
#3296=VERTEX_POINT('',#11592);
#3297=VERTEX_POINT('',#11595);
#3298=VERTEX_POINT('',#11597);
#3299=VERTEX_POINT('',#11620);
#3300=VERTEX_POINT('',#11621);
#3301=VERTEX_POINT('',#11623);
#3302=VERTEX_POINT('',#11625);
#3303=VERTEX_POINT('',#11629);
#3304=VERTEX_POINT('',#11630);
#3305=VERTEX_POINT('',#11632);
#3306=VERTEX_POINT('',#11634);
#3307=VERTEX_POINT('',#11702);
#3308=VERTEX_POINT('',#11703);
#3309=VERTEX_POINT('',#11705);
#3310=VERTEX_POINT('',#11707);
#3311=VERTEX_POINT('',#11711);
#3312=VERTEX_POINT('',#11713);
#3313=VERTEX_POINT('',#11717);
#3314=VERTEX_POINT('',#11719);
#3315=VERTEX_POINT('',#11723);
#3316=VERTEX_POINT('',#11725);
#3317=VERTEX_POINT('',#11729);
#3318=VERTEX_POINT('',#11731);
#3319=VERTEX_POINT('',#11735);
#3320=VERTEX_POINT('',#11737);
#3321=VERTEX_POINT('',#11741);
#3322=VERTEX_POINT('',#11743);
#3323=VERTEX_POINT('',#11751);
#3324=VERTEX_POINT('',#11752);
#3325=VERTEX_POINT('',#11754);
#3326=VERTEX_POINT('',#11756);
#3327=VERTEX_POINT('',#11760);
#3328=VERTEX_POINT('',#11762);
#3329=VERTEX_POINT('',#11766);
#3330=VERTEX_POINT('',#11768);
#3331=EDGE_CURVE('',#2727,#2727,#2361,.T.);
#3332=EDGE_CURVE('',#2727,#2728,#1471,.T.);
#3333=EDGE_CURVE('',#2728,#2728,#2362,.T.);
#3334=EDGE_CURVE('',#2729,#2729,#2363,.T.);
#3335=EDGE_CURVE('',#2729,#2730,#1472,.T.);
#3336=EDGE_CURVE('',#2730,#2730,#2364,.T.);
#3337=EDGE_CURVE('',#2731,#2731,#2365,.T.);
#3338=EDGE_CURVE('',#2731,#2732,#1473,.T.);
#3339=EDGE_CURVE('',#2732,#2732,#2366,.T.);
#3340=EDGE_CURVE('',#2733,#2733,#2367,.T.);
#3341=EDGE_CURVE('',#2733,#2734,#1474,.T.);
#3342=EDGE_CURVE('',#2734,#2734,#2368,.T.);
#3343=EDGE_CURVE('',#2735,#2736,#1475,.T.);
#3344=EDGE_CURVE('',#2736,#2737,#1476,.T.);
#3345=EDGE_CURVE('',#2737,#2738,#1477,.T.);
#3346=EDGE_CURVE('',#2738,#2735,#1478,.T.);
#3347=EDGE_CURVE('',#2739,#2740,#1479,.T.);
#3348=EDGE_CURVE('',#2741,#2739,#1480,.T.);
#3349=EDGE_CURVE('',#2742,#2741,#1481,.T.);
#3350=EDGE_CURVE('',#2740,#2742,#1482,.T.);
#3351=EDGE_CURVE('',#2743,#2744,#1483,.T.);
#3352=EDGE_CURVE('',#2745,#2743,#1484,.T.);
#3353=EDGE_CURVE('',#2746,#2745,#1485,.T.);
#3354=EDGE_CURVE('',#2747,#2746,#1486,.T.);
#3355=EDGE_CURVE('',#2748,#2747,#1487,.T.);
#3356=EDGE_CURVE('',#2749,#2748,#1488,.T.);
#3357=EDGE_CURVE('',#2750,#2749,#1489,.T.);
#3358=EDGE_CURVE('',#2744,#2750,#1490,.T.);
#3359=EDGE_CURVE('',#2746,#2735,#1491,.T.);
#3360=EDGE_CURVE('',#2745,#2736,#1492,.T.);
#3361=EDGE_CURVE('',#2747,#2738,#1493,.T.);
#3362=EDGE_CURVE('',#2748,#2737,#1494,.T.);
#3363=EDGE_CURVE('',#2751,#2743,#1495,.T.);
#3364=EDGE_CURVE('',#2752,#2751,#1496,.T.);
#3365=EDGE_CURVE('',#2752,#2749,#1497,.T.);
#3366=EDGE_CURVE('',#2753,#2754,#1498,.T.);
#3367=EDGE_CURVE('',#2755,#2753,#1499,.T.);
#3368=EDGE_CURVE('',#2756,#2755,#1500,.T.);
#3369=EDGE_CURVE('',#2754,#2756,#1501,.T.);
#3370=EDGE_CURVE('',#2757,#2744,#1502,.T.);
#3371=EDGE_CURVE('',#2751,#2757,#1503,.T.);
#3372=EDGE_CURVE('',#2758,#2750,#1504,.T.);
#3373=EDGE_CURVE('',#2757,#2758,#1505,.T.);
#3374=EDGE_CURVE('',#2758,#2752,#1506,.T.);
#3375=EDGE_CURVE('',#2759,#2739,#1507,.T.);
#3376=EDGE_CURVE('',#2760,#2759,#1508,.T.);
#3377=EDGE_CURVE('',#2760,#2741,#1509,.T.);
#3378=EDGE_CURVE('',#2761,#2740,#1510,.T.);
#3379=EDGE_CURVE('',#2759,#2761,#1511,.T.);
#3380=EDGE_CURVE('',#2762,#2742,#1512,.T.);
#3381=EDGE_CURVE('',#2761,#2762,#1513,.T.);
#3382=EDGE_CURVE('',#2762,#2760,#1514,.T.);
#3383=EDGE_CURVE('',#2763,#2754,#1515,.T.);
#3384=EDGE_CURVE('',#2764,#2763,#1516,.T.);
#3385=EDGE_CURVE('',#2764,#2753,#1517,.T.);
#3386=EDGE_CURVE('',#2765,#2764,#1518,.T.);
#3387=EDGE_CURVE('',#2765,#2755,#1519,.T.);
#3388=EDGE_CURVE('',#2766,#2765,#1520,.T.);
#3389=EDGE_CURVE('',#2766,#2756,#1521,.T.);
#3390=EDGE_CURVE('',#2763,#2766,#1522,.T.);
#3391=EDGE_CURVE('',#2767,#2767,#2369,.T.);
#3392=EDGE_CURVE('',#2767,#2768,#2370,.T.);
#3393=EDGE_CURVE('',#2768,#2768,#2371,.T.);
#3394=EDGE_CURVE('',#2769,#2769,#2372,.T.);
#3395=EDGE_CURVE('',#2769,#2770,#2373,.T.);
#3396=EDGE_CURVE('',#2770,#2770,#2374,.T.);
#3397=EDGE_CURVE('',#2771,#2771,#2375,.T.);
#3398=EDGE_CURVE('',#2771,#2772,#2376,.T.);
#3399=EDGE_CURVE('',#2772,#2772,#2377,.T.);
#3400=EDGE_CURVE('',#2773,#2773,#2378,.T.);
#3401=EDGE_CURVE('',#2773,#2774,#2379,.T.);
#3402=EDGE_CURVE('',#2774,#2774,#2380,.T.);
#3403=EDGE_CURVE('',#2775,#2775,#2381,.T.);
#3404=EDGE_CURVE('',#2775,#2776,#2382,.T.);
#3405=EDGE_CURVE('',#2776,#2776,#2383,.T.);
#3406=EDGE_CURVE('',#2777,#2777,#2384,.T.);
#3407=EDGE_CURVE('',#2777,#2778,#2385,.T.);
#3408=EDGE_CURVE('',#2778,#2778,#2386,.T.);
#3409=EDGE_CURVE('',#2779,#2779,#2387,.T.);
#3410=EDGE_CURVE('',#2779,#2780,#2388,.T.);
#3411=EDGE_CURVE('',#2780,#2780,#2389,.T.);
#3412=EDGE_CURVE('',#2781,#2781,#2390,.T.);
#3413=EDGE_CURVE('',#2781,#2782,#2391,.T.);
#3414=EDGE_CURVE('',#2782,#2782,#2392,.T.);
#3415=EDGE_CURVE('',#2783,#2783,#2393,.T.);
#3416=EDGE_CURVE('',#2783,#2784,#2394,.T.);
#3417=EDGE_CURVE('',#2784,#2784,#2395,.T.);
#3418=EDGE_CURVE('',#2785,#2785,#2396,.T.);
#3419=EDGE_CURVE('',#2785,#2786,#2397,.T.);
#3420=EDGE_CURVE('',#2786,#2786,#2398,.T.);
#3421=EDGE_CURVE('',#2787,#2787,#2399,.T.);
#3422=EDGE_CURVE('',#2787,#2788,#2400,.T.);
#3423=EDGE_CURVE('',#2788,#2788,#2401,.T.);
#3424=EDGE_CURVE('',#2789,#2789,#2402,.T.);
#3425=EDGE_CURVE('',#2789,#2790,#2403,.T.);
#3426=EDGE_CURVE('',#2790,#2790,#2404,.T.);
#3427=EDGE_CURVE('',#2791,#2791,#2405,.T.);
#3428=EDGE_CURVE('',#2791,#2792,#2406,.T.);
#3429=EDGE_CURVE('',#2792,#2792,#2407,.T.);
#3430=EDGE_CURVE('',#2793,#2793,#2408,.T.);
#3431=EDGE_CURVE('',#2793,#2794,#2409,.T.);
#3432=EDGE_CURVE('',#2794,#2794,#2410,.T.);
#3433=EDGE_CURVE('',#2795,#2795,#2411,.T.);
#3434=EDGE_CURVE('',#2795,#2796,#2412,.T.);
#3435=EDGE_CURVE('',#2796,#2796,#2413,.T.);
#3436=EDGE_CURVE('',#2797,#2797,#2414,.T.);
#3437=EDGE_CURVE('',#2797,#2798,#2415,.T.);
#3438=EDGE_CURVE('',#2798,#2798,#2416,.T.);
#3439=EDGE_CURVE('',#2799,#2799,#2417,.T.);
#3440=EDGE_CURVE('',#2799,#2800,#2418,.T.);
#3441=EDGE_CURVE('',#2800,#2800,#2419,.T.);
#3442=EDGE_CURVE('',#2801,#2801,#2420,.T.);
#3443=EDGE_CURVE('',#2801,#2802,#2421,.T.);
#3444=EDGE_CURVE('',#2802,#2802,#2422,.T.);
#3445=EDGE_CURVE('',#2803,#2803,#2423,.T.);
#3446=EDGE_CURVE('',#2803,#2804,#2424,.T.);
#3447=EDGE_CURVE('',#2804,#2804,#2425,.T.);
#3448=EDGE_CURVE('',#2805,#2805,#2426,.T.);
#3449=EDGE_CURVE('',#2805,#2806,#2427,.T.);
#3450=EDGE_CURVE('',#2806,#2806,#2428,.T.);
#3451=EDGE_CURVE('',#2807,#2807,#2429,.T.);
#3452=EDGE_CURVE('',#2807,#2808,#2430,.T.);
#3453=EDGE_CURVE('',#2808,#2808,#2431,.T.);
#3454=EDGE_CURVE('',#2809,#2809,#2432,.T.);
#3455=EDGE_CURVE('',#2809,#2810,#2433,.T.);
#3456=EDGE_CURVE('',#2810,#2810,#2434,.T.);
#3457=EDGE_CURVE('',#2811,#2811,#2435,.T.);
#3458=EDGE_CURVE('',#2811,#2812,#2436,.T.);
#3459=EDGE_CURVE('',#2812,#2812,#2437,.T.);
#3460=EDGE_CURVE('',#2813,#2813,#2438,.T.);
#3461=EDGE_CURVE('',#2813,#2814,#2439,.T.);
#3462=EDGE_CURVE('',#2814,#2814,#2440,.T.);
#3463=EDGE_CURVE('',#2815,#2815,#2441,.T.);
#3464=EDGE_CURVE('',#2815,#2816,#2442,.T.);
#3465=EDGE_CURVE('',#2816,#2816,#2443,.T.);
#3466=EDGE_CURVE('',#2817,#2817,#2444,.T.);
#3467=EDGE_CURVE('',#2817,#2818,#2445,.T.);
#3468=EDGE_CURVE('',#2818,#2818,#2446,.T.);
#3469=EDGE_CURVE('',#2819,#2819,#2447,.T.);
#3470=EDGE_CURVE('',#2819,#2820,#2448,.T.);
#3471=EDGE_CURVE('',#2820,#2820,#2449,.T.);
#3472=EDGE_CURVE('',#2821,#2821,#2450,.T.);
#3473=EDGE_CURVE('',#2821,#2822,#2451,.T.);
#3474=EDGE_CURVE('',#2822,#2822,#2452,.T.);
#3475=EDGE_CURVE('',#2823,#2823,#2453,.T.);
#3476=EDGE_CURVE('',#2823,#2824,#2454,.T.);
#3477=EDGE_CURVE('',#2824,#2824,#2455,.T.);
#3478=EDGE_CURVE('',#2825,#2825,#2456,.T.);
#3479=EDGE_CURVE('',#2825,#2826,#2457,.T.);
#3480=EDGE_CURVE('',#2826,#2826,#2458,.T.);
#3481=EDGE_CURVE('',#2827,#2827,#2459,.T.);
#3482=EDGE_CURVE('',#2827,#2828,#2460,.T.);
#3483=EDGE_CURVE('',#2828,#2828,#2461,.T.);
#3484=EDGE_CURVE('',#2829,#2829,#2462,.T.);
#3485=EDGE_CURVE('',#2829,#2830,#2463,.T.);
#3486=EDGE_CURVE('',#2831,#2830,#2464,.T.);
#3487=EDGE_CURVE('',#2830,#2831,#2465,.T.);
#3488=EDGE_CURVE('',#2832,#2832,#2466,.T.);
#3489=EDGE_CURVE('',#2832,#2833,#2467,.T.);
#3490=EDGE_CURVE('',#2834,#2833,#2468,.T.);
#3491=EDGE_CURVE('',#2833,#2834,#2469,.T.);
#3492=EDGE_CURVE('',#2835,#2835,#2470,.T.);
#3493=EDGE_CURVE('',#2835,#2836,#2471,.T.);
#3494=EDGE_CURVE('',#2837,#2836,#2472,.T.);
#3495=EDGE_CURVE('',#2836,#2837,#2473,.T.);
#3496=EDGE_CURVE('',#2838,#2838,#2474,.T.);
#3497=EDGE_CURVE('',#2838,#2839,#2475,.T.);
#3498=EDGE_CURVE('',#2840,#2839,#2476,.T.);
#3499=EDGE_CURVE('',#2839,#2840,#2477,.T.);
#3500=EDGE_CURVE('',#2841,#2841,#2478,.T.);
#3501=EDGE_CURVE('',#2841,#2842,#2479,.T.);
#3502=EDGE_CURVE('',#2843,#2842,#2480,.T.);
#3503=EDGE_CURVE('',#2842,#2843,#2481,.T.);
#3504=EDGE_CURVE('',#2844,#2844,#2482,.T.);
#3505=EDGE_CURVE('',#2844,#2845,#2483,.T.);
#3506=EDGE_CURVE('',#2846,#2845,#2484,.T.);
#3507=EDGE_CURVE('',#2845,#2846,#2485,.T.);
#3508=EDGE_CURVE('',#2847,#2847,#2486,.T.);
#3509=EDGE_CURVE('',#2847,#2848,#2487,.T.);
#3510=EDGE_CURVE('',#2849,#2848,#2488,.T.);
#3511=EDGE_CURVE('',#2848,#2849,#2489,.T.);
#3512=EDGE_CURVE('',#2850,#2850,#2490,.T.);
#3513=EDGE_CURVE('',#2850,#2851,#2491,.T.);
#3514=EDGE_CURVE('',#2852,#2851,#2492,.T.);
#3515=EDGE_CURVE('',#2851,#2852,#2493,.T.);
#3516=EDGE_CURVE('',#2853,#2853,#2494,.T.);
#3517=EDGE_CURVE('',#2853,#2854,#2495,.T.);
#3518=EDGE_CURVE('',#2855,#2854,#2496,.T.);
#3519=EDGE_CURVE('',#2854,#2855,#2497,.T.);
#3520=EDGE_CURVE('',#2856,#2856,#2498,.T.);
#3521=EDGE_CURVE('',#2856,#2857,#2499,.T.);
#3522=EDGE_CURVE('',#2858,#2857,#2500,.T.);
#3523=EDGE_CURVE('',#2857,#2858,#2501,.T.);
#3524=EDGE_CURVE('',#2859,#2859,#2502,.T.);
#3525=EDGE_CURVE('',#2859,#2860,#2503,.T.);
#3526=EDGE_CURVE('',#2861,#2860,#2504,.T.);
#3527=EDGE_CURVE('',#2860,#2861,#2505,.T.);
#3528=EDGE_CURVE('',#2862,#2862,#2506,.T.);
#3529=EDGE_CURVE('',#2862,#2863,#2507,.T.);
#3530=EDGE_CURVE('',#2864,#2863,#2508,.T.);
#3531=EDGE_CURVE('',#2863,#2864,#2509,.T.);
#3532=EDGE_CURVE('',#2865,#2865,#2510,.T.);
#3533=EDGE_CURVE('',#2865,#2866,#2511,.T.);
#3534=EDGE_CURVE('',#2867,#2866,#2512,.T.);
#3535=EDGE_CURVE('',#2866,#2867,#2513,.T.);
#3536=EDGE_CURVE('',#2868,#2868,#2514,.T.);
#3537=EDGE_CURVE('',#2868,#2869,#2515,.T.);
#3538=EDGE_CURVE('',#2870,#2869,#2516,.T.);
#3539=EDGE_CURVE('',#2869,#2870,#2517,.T.);
#3540=EDGE_CURVE('',#2871,#2871,#2518,.T.);
#3541=EDGE_CURVE('',#2871,#2872,#2519,.T.);
#3542=EDGE_CURVE('',#2873,#2872,#2520,.T.);
#3543=EDGE_CURVE('',#2872,#2873,#2521,.T.);
#3544=EDGE_CURVE('',#2874,#2874,#2522,.T.);
#3545=EDGE_CURVE('',#2874,#2875,#2523,.T.);
#3546=EDGE_CURVE('',#2876,#2875,#2524,.T.);
#3547=EDGE_CURVE('',#2875,#2876,#2525,.T.);
#3548=EDGE_CURVE('',#2877,#2877,#2526,.T.);
#3549=EDGE_CURVE('',#2877,#2878,#2527,.T.);
#3550=EDGE_CURVE('',#2879,#2878,#2528,.T.);
#3551=EDGE_CURVE('',#2878,#2879,#2529,.T.);
#3552=EDGE_CURVE('',#2880,#2880,#2530,.T.);
#3553=EDGE_CURVE('',#2880,#2881,#2531,.T.);
#3554=EDGE_CURVE('',#2882,#2881,#2532,.T.);
#3555=EDGE_CURVE('',#2881,#2882,#2533,.T.);
#3556=EDGE_CURVE('',#2883,#2883,#2534,.T.);
#3557=EDGE_CURVE('',#2883,#2884,#2535,.T.);
#3558=EDGE_CURVE('',#2885,#2884,#2536,.T.);
#3559=EDGE_CURVE('',#2884,#2885,#2537,.T.);
#3560=EDGE_CURVE('',#2886,#2886,#2538,.T.);
#3561=EDGE_CURVE('',#2886,#2887,#2539,.T.);
#3562=EDGE_CURVE('',#2888,#2887,#2540,.T.);
#3563=EDGE_CURVE('',#2887,#2888,#2541,.T.);
#3564=EDGE_CURVE('',#2889,#2889,#2542,.T.);
#3565=EDGE_CURVE('',#2889,#2890,#2543,.T.);
#3566=EDGE_CURVE('',#2891,#2890,#2544,.T.);
#3567=EDGE_CURVE('',#2890,#2891,#2545,.T.);
#3568=EDGE_CURVE('',#2892,#2892,#2546,.T.);
#3569=EDGE_CURVE('',#2892,#2893,#2547,.T.);
#3570=EDGE_CURVE('',#2894,#2893,#2548,.T.);
#3571=EDGE_CURVE('',#2893,#2894,#2549,.T.);
#3572=EDGE_CURVE('',#2895,#2895,#2550,.T.);
#3573=EDGE_CURVE('',#2895,#2896,#2551,.T.);
#3574=EDGE_CURVE('',#2897,#2896,#2552,.T.);
#3575=EDGE_CURVE('',#2896,#2897,#2553,.T.);
#3576=EDGE_CURVE('',#2898,#2898,#2554,.T.);
#3577=EDGE_CURVE('',#2898,#2899,#2555,.T.);
#3578=EDGE_CURVE('',#2900,#2899,#2556,.T.);
#3579=EDGE_CURVE('',#2899,#2900,#2557,.T.);
#3580=EDGE_CURVE('',#2901,#2901,#2558,.T.);
#3581=EDGE_CURVE('',#2901,#2902,#2559,.T.);
#3582=EDGE_CURVE('',#2903,#2902,#2560,.T.);
#3583=EDGE_CURVE('',#2902,#2903,#2561,.T.);
#3584=EDGE_CURVE('',#2904,#2904,#2562,.T.);
#3585=EDGE_CURVE('',#2904,#2905,#2563,.T.);
#3586=EDGE_CURVE('',#2906,#2905,#2564,.T.);
#3587=EDGE_CURVE('',#2905,#2906,#2565,.T.);
#3588=EDGE_CURVE('',#2907,#2907,#2566,.T.);
#3589=EDGE_CURVE('',#2907,#2908,#2567,.T.);
#3590=EDGE_CURVE('',#2909,#2908,#2568,.T.);
#3591=EDGE_CURVE('',#2908,#2909,#2569,.T.);
#3592=EDGE_CURVE('',#2910,#2910,#2570,.T.);
#3593=EDGE_CURVE('',#2910,#2911,#2571,.T.);
#3594=EDGE_CURVE('',#2912,#2911,#2572,.T.);
#3595=EDGE_CURVE('',#2911,#2912,#2573,.T.);
#3596=EDGE_CURVE('',#2913,#2913,#2574,.T.);
#3597=EDGE_CURVE('',#2913,#2914,#2575,.T.);
#3598=EDGE_CURVE('',#2915,#2914,#2576,.T.);
#3599=EDGE_CURVE('',#2914,#2915,#2577,.T.);
#3600=EDGE_CURVE('',#2916,#2916,#2578,.T.);
#3601=EDGE_CURVE('',#2916,#2917,#2579,.T.);
#3602=EDGE_CURVE('',#2918,#2917,#2580,.T.);
#3603=EDGE_CURVE('',#2917,#2918,#2581,.T.);
#3604=EDGE_CURVE('',#2919,#2919,#2582,.T.);
#3605=EDGE_CURVE('',#2919,#2920,#2583,.T.);
#3606=EDGE_CURVE('',#2921,#2920,#2584,.T.);
#3607=EDGE_CURVE('',#2920,#2921,#2585,.T.);
#3608=EDGE_CURVE('',#2922,#2923,#2586,.T.);
#3609=EDGE_CURVE('',#2924,#2923,#46,.T.);
#3610=EDGE_CURVE('',#2924,#2768,#1523,.T.);
#3611=EDGE_CURVE('',#2922,#2924,#47,.T.);
#3612=EDGE_CURVE('',#2925,#2926,#2587,.T.);
#3613=EDGE_CURVE('',#2927,#2926,#48,.T.);
#3614=EDGE_CURVE('',#2927,#2770,#1524,.T.);
#3615=EDGE_CURVE('',#2925,#2927,#49,.T.);
#3616=EDGE_CURVE('',#2928,#2929,#2588,.T.);
#3617=EDGE_CURVE('',#2930,#2929,#50,.T.);
#3618=EDGE_CURVE('',#2930,#2772,#1525,.T.);
#3619=EDGE_CURVE('',#2928,#2930,#51,.T.);
#3620=EDGE_CURVE('',#2931,#2932,#2589,.T.);
#3621=EDGE_CURVE('',#2933,#2932,#52,.T.);
#3622=EDGE_CURVE('',#2933,#2774,#1526,.T.);
#3623=EDGE_CURVE('',#2931,#2933,#53,.T.);
#3624=EDGE_CURVE('',#2934,#2935,#2590,.T.);
#3625=EDGE_CURVE('',#2936,#2935,#54,.T.);
#3626=EDGE_CURVE('',#2936,#2776,#1527,.T.);
#3627=EDGE_CURVE('',#2934,#2936,#55,.T.);
#3628=EDGE_CURVE('',#2937,#2938,#2591,.T.);
#3629=EDGE_CURVE('',#2939,#2938,#56,.T.);
#3630=EDGE_CURVE('',#2939,#2778,#1528,.T.);
#3631=EDGE_CURVE('',#2937,#2939,#57,.T.);
#3632=EDGE_CURVE('',#2940,#2941,#2592,.T.);
#3633=EDGE_CURVE('',#2942,#2941,#58,.T.);
#3634=EDGE_CURVE('',#2942,#2780,#1529,.T.);
#3635=EDGE_CURVE('',#2940,#2942,#59,.T.);
#3636=EDGE_CURVE('',#2943,#2944,#2593,.T.);
#3637=EDGE_CURVE('',#2945,#2944,#60,.T.);
#3638=EDGE_CURVE('',#2945,#2782,#1530,.T.);
#3639=EDGE_CURVE('',#2943,#2945,#61,.T.);
#3640=EDGE_CURVE('',#2946,#2947,#2594,.T.);
#3641=EDGE_CURVE('',#2948,#2947,#62,.T.);
#3642=EDGE_CURVE('',#2948,#2784,#1531,.T.);
#3643=EDGE_CURVE('',#2946,#2948,#63,.T.);
#3644=EDGE_CURVE('',#2949,#2950,#2595,.T.);
#3645=EDGE_CURVE('',#2951,#2950,#64,.T.);
#3646=EDGE_CURVE('',#2951,#2786,#1532,.T.);
#3647=EDGE_CURVE('',#2949,#2951,#65,.T.);
#3648=EDGE_CURVE('',#2952,#2953,#2596,.T.);
#3649=EDGE_CURVE('',#2954,#2953,#66,.T.);
#3650=EDGE_CURVE('',#2954,#2788,#1533,.T.);
#3651=EDGE_CURVE('',#2952,#2954,#67,.T.);
#3652=EDGE_CURVE('',#2955,#2956,#2597,.T.);
#3653=EDGE_CURVE('',#2957,#2956,#68,.T.);
#3654=EDGE_CURVE('',#2957,#2790,#1534,.T.);
#3655=EDGE_CURVE('',#2955,#2957,#69,.T.);
#3656=EDGE_CURVE('',#2958,#2959,#2598,.T.);
#3657=EDGE_CURVE('',#2960,#2959,#70,.T.);
#3658=EDGE_CURVE('',#2960,#2792,#1535,.T.);
#3659=EDGE_CURVE('',#2958,#2960,#71,.T.);
#3660=EDGE_CURVE('',#2961,#2962,#2599,.T.);
#3661=EDGE_CURVE('',#2963,#2962,#72,.T.);
#3662=EDGE_CURVE('',#2963,#2794,#1536,.T.);
#3663=EDGE_CURVE('',#2961,#2963,#73,.T.);
#3664=EDGE_CURVE('',#2964,#2965,#2600,.T.);
#3665=EDGE_CURVE('',#2966,#2965,#74,.T.);
#3666=EDGE_CURVE('',#2966,#2796,#1537,.T.);
#3667=EDGE_CURVE('',#2964,#2966,#75,.T.);
#3668=EDGE_CURVE('',#2967,#2968,#2601,.T.);
#3669=EDGE_CURVE('',#2969,#2968,#76,.T.);
#3670=EDGE_CURVE('',#2969,#2798,#1538,.T.);
#3671=EDGE_CURVE('',#2967,#2969,#77,.T.);
#3672=EDGE_CURVE('',#2970,#2971,#2602,.T.);
#3673=EDGE_CURVE('',#2972,#2971,#78,.T.);
#3674=EDGE_CURVE('',#2972,#2800,#1539,.T.);
#3675=EDGE_CURVE('',#2970,#2972,#79,.T.);
#3676=EDGE_CURVE('',#2973,#2974,#2603,.T.);
#3677=EDGE_CURVE('',#2975,#2974,#80,.T.);
#3678=EDGE_CURVE('',#2975,#2802,#1540,.T.);
#3679=EDGE_CURVE('',#2973,#2975,#81,.T.);
#3680=EDGE_CURVE('',#2976,#2977,#2604,.T.);
#3681=EDGE_CURVE('',#2978,#2977,#82,.T.);
#3682=EDGE_CURVE('',#2978,#2804,#1541,.T.);
#3683=EDGE_CURVE('',#2976,#2978,#83,.T.);
#3684=EDGE_CURVE('',#2979,#2980,#2605,.T.);
#3685=EDGE_CURVE('',#2981,#2980,#84,.T.);
#3686=EDGE_CURVE('',#2981,#2806,#1542,.T.);
#3687=EDGE_CURVE('',#2979,#2981,#85,.T.);
#3688=EDGE_CURVE('',#2982,#2983,#2606,.T.);
#3689=EDGE_CURVE('',#2984,#2983,#86,.T.);
#3690=EDGE_CURVE('',#2984,#2808,#1543,.T.);
#3691=EDGE_CURVE('',#2982,#2984,#87,.T.);
#3692=EDGE_CURVE('',#2985,#2986,#2607,.T.);
#3693=EDGE_CURVE('',#2987,#2986,#88,.T.);
#3694=EDGE_CURVE('',#2987,#2810,#1544,.T.);
#3695=EDGE_CURVE('',#2985,#2987,#89,.T.);
#3696=EDGE_CURVE('',#2988,#2989,#2608,.T.);
#3697=EDGE_CURVE('',#2990,#2989,#90,.T.);
#3698=EDGE_CURVE('',#2990,#2812,#1545,.T.);
#3699=EDGE_CURVE('',#2988,#2990,#91,.T.);
#3700=EDGE_CURVE('',#2991,#2992,#2609,.T.);
#3701=EDGE_CURVE('',#2993,#2992,#92,.T.);
#3702=EDGE_CURVE('',#2993,#2814,#1546,.T.);
#3703=EDGE_CURVE('',#2991,#2993,#93,.T.);
#3704=EDGE_CURVE('',#2994,#2995,#2610,.T.);
#3705=EDGE_CURVE('',#2996,#2995,#94,.T.);
#3706=EDGE_CURVE('',#2996,#2816,#1547,.T.);
#3707=EDGE_CURVE('',#2994,#2996,#95,.T.);
#3708=EDGE_CURVE('',#2997,#2998,#2611,.T.);
#3709=EDGE_CURVE('',#2999,#2998,#96,.T.);
#3710=EDGE_CURVE('',#2999,#2818,#1548,.T.);
#3711=EDGE_CURVE('',#2997,#2999,#97,.T.);
#3712=EDGE_CURVE('',#3000,#3001,#2612,.T.);
#3713=EDGE_CURVE('',#3002,#3001,#98,.T.);
#3714=EDGE_CURVE('',#3002,#2820,#1549,.T.);
#3715=EDGE_CURVE('',#3000,#3002,#99,.T.);
#3716=EDGE_CURVE('',#3003,#3004,#2613,.T.);
#3717=EDGE_CURVE('',#3005,#3004,#100,.T.);
#3718=EDGE_CURVE('',#3005,#2822,#1550,.T.);
#3719=EDGE_CURVE('',#3003,#3005,#101,.T.);
#3720=EDGE_CURVE('',#3006,#3007,#2614,.T.);
#3721=EDGE_CURVE('',#3008,#3007,#102,.T.);
#3722=EDGE_CURVE('',#3008,#2824,#1551,.T.);
#3723=EDGE_CURVE('',#3006,#3008,#103,.T.);
#3724=EDGE_CURVE('',#3009,#3010,#2615,.T.);
#3725=EDGE_CURVE('',#3011,#3010,#104,.T.);
#3726=EDGE_CURVE('',#3011,#2826,#1552,.T.);
#3727=EDGE_CURVE('',#3009,#3011,#105,.T.);
#3728=EDGE_CURVE('',#3012,#3013,#2616,.T.);
#3729=EDGE_CURVE('',#3014,#3013,#106,.T.);
#3730=EDGE_CURVE('',#3014,#2828,#1553,.T.);
#3731=EDGE_CURVE('',#3012,#3014,#107,.T.);
#3732=EDGE_CURVE('',#3015,#3016,#108,.T.);
#3733=EDGE_CURVE('',#3017,#3016,#2617,.T.);
#3734=EDGE_CURVE('',#3017,#2831,#1554,.T.);
#3735=EDGE_CURVE('',#3015,#3017,#2618,.T.);
#3736=EDGE_CURVE('',#3018,#3019,#109,.T.);
#3737=EDGE_CURVE('',#3020,#3019,#2619,.T.);
#3738=EDGE_CURVE('',#3020,#2834,#1555,.T.);
#3739=EDGE_CURVE('',#3018,#3020,#2620,.T.);
#3740=EDGE_CURVE('',#3021,#3022,#110,.T.);
#3741=EDGE_CURVE('',#3023,#3022,#2621,.T.);
#3742=EDGE_CURVE('',#3023,#2837,#1556,.T.);
#3743=EDGE_CURVE('',#3021,#3023,#2622,.T.);
#3744=EDGE_CURVE('',#3024,#3025,#111,.T.);
#3745=EDGE_CURVE('',#3026,#3025,#2623,.T.);
#3746=EDGE_CURVE('',#3026,#2840,#1557,.T.);
#3747=EDGE_CURVE('',#3024,#3026,#2624,.T.);
#3748=EDGE_CURVE('',#3027,#3028,#112,.T.);
#3749=EDGE_CURVE('',#3029,#3028,#2625,.T.);
#3750=EDGE_CURVE('',#3029,#2843,#1558,.T.);
#3751=EDGE_CURVE('',#3027,#3029,#2626,.T.);
#3752=EDGE_CURVE('',#3030,#3031,#113,.T.);
#3753=EDGE_CURVE('',#3032,#3031,#2627,.T.);
#3754=EDGE_CURVE('',#3032,#2846,#1559,.T.);
#3755=EDGE_CURVE('',#3030,#3032,#2628,.T.);
#3756=EDGE_CURVE('',#3033,#3034,#114,.T.);
#3757=EDGE_CURVE('',#3035,#3034,#2629,.T.);
#3758=EDGE_CURVE('',#3035,#2849,#1560,.T.);
#3759=EDGE_CURVE('',#3033,#3035,#2630,.T.);
#3760=EDGE_CURVE('',#3036,#3037,#115,.T.);
#3761=EDGE_CURVE('',#3038,#3037,#2631,.T.);
#3762=EDGE_CURVE('',#3038,#2852,#1561,.T.);
#3763=EDGE_CURVE('',#3036,#3038,#2632,.T.);
#3764=EDGE_CURVE('',#3039,#3040,#116,.T.);
#3765=EDGE_CURVE('',#3041,#3040,#2633,.T.);
#3766=EDGE_CURVE('',#3041,#2855,#1562,.T.);
#3767=EDGE_CURVE('',#3039,#3041,#2634,.T.);
#3768=EDGE_CURVE('',#3042,#3043,#117,.T.);
#3769=EDGE_CURVE('',#3044,#3043,#2635,.T.);
#3770=EDGE_CURVE('',#3044,#2858,#1563,.T.);
#3771=EDGE_CURVE('',#3042,#3044,#2636,.T.);
#3772=EDGE_CURVE('',#3045,#3046,#118,.T.);
#3773=EDGE_CURVE('',#3047,#3046,#2637,.T.);
#3774=EDGE_CURVE('',#3047,#2861,#1564,.T.);
#3775=EDGE_CURVE('',#3045,#3047,#2638,.T.);
#3776=EDGE_CURVE('',#3048,#3049,#119,.T.);
#3777=EDGE_CURVE('',#3050,#3049,#2639,.T.);
#3778=EDGE_CURVE('',#3050,#2864,#1565,.T.);
#3779=EDGE_CURVE('',#3048,#3050,#2640,.T.);
#3780=EDGE_CURVE('',#3051,#3052,#120,.T.);
#3781=EDGE_CURVE('',#3053,#3052,#2641,.T.);
#3782=EDGE_CURVE('',#3053,#2867,#1566,.T.);
#3783=EDGE_CURVE('',#3051,#3053,#2642,.T.);
#3784=EDGE_CURVE('',#3054,#3055,#121,.T.);
#3785=EDGE_CURVE('',#3056,#3055,#2643,.T.);
#3786=EDGE_CURVE('',#3056,#2870,#1567,.T.);
#3787=EDGE_CURVE('',#3054,#3056,#2644,.T.);
#3788=EDGE_CURVE('',#3057,#3058,#122,.T.);
#3789=EDGE_CURVE('',#3059,#3058,#2645,.T.);
#3790=EDGE_CURVE('',#3059,#2873,#1568,.T.);
#3791=EDGE_CURVE('',#3057,#3059,#2646,.T.);
#3792=EDGE_CURVE('',#3060,#3061,#123,.T.);
#3793=EDGE_CURVE('',#3062,#3061,#2647,.T.);
#3794=EDGE_CURVE('',#3062,#2876,#1569,.T.);
#3795=EDGE_CURVE('',#3060,#3062,#2648,.T.);
#3796=EDGE_CURVE('',#3063,#3064,#124,.T.);
#3797=EDGE_CURVE('',#3065,#3064,#2649,.T.);
#3798=EDGE_CURVE('',#3065,#2879,#1570,.T.);
#3799=EDGE_CURVE('',#3063,#3065,#2650,.T.);
#3800=EDGE_CURVE('',#3066,#3067,#125,.T.);
#3801=EDGE_CURVE('',#3068,#3067,#2651,.T.);
#3802=EDGE_CURVE('',#3068,#2882,#1571,.T.);
#3803=EDGE_CURVE('',#3066,#3068,#2652,.T.);
#3804=EDGE_CURVE('',#3069,#3070,#126,.T.);
#3805=EDGE_CURVE('',#3071,#3070,#2653,.T.);
#3806=EDGE_CURVE('',#3071,#2885,#1572,.T.);
#3807=EDGE_CURVE('',#3069,#3071,#2654,.T.);
#3808=EDGE_CURVE('',#3072,#3073,#127,.T.);
#3809=EDGE_CURVE('',#3074,#3073,#2655,.T.);
#3810=EDGE_CURVE('',#3074,#2888,#1573,.T.);
#3811=EDGE_CURVE('',#3072,#3074,#2656,.T.);
#3812=EDGE_CURVE('',#3075,#3076,#128,.T.);
#3813=EDGE_CURVE('',#3077,#3076,#2657,.T.);
#3814=EDGE_CURVE('',#3077,#2891,#1574,.T.);
#3815=EDGE_CURVE('',#3075,#3077,#2658,.T.);
#3816=EDGE_CURVE('',#3078,#3079,#129,.T.);
#3817=EDGE_CURVE('',#3080,#3079,#2659,.T.);
#3818=EDGE_CURVE('',#3080,#2894,#1575,.T.);
#3819=EDGE_CURVE('',#3078,#3080,#2660,.T.);
#3820=EDGE_CURVE('',#3081,#3082,#130,.T.);
#3821=EDGE_CURVE('',#3083,#3082,#2661,.T.);
#3822=EDGE_CURVE('',#3083,#2897,#1576,.T.);
#3823=EDGE_CURVE('',#3081,#3083,#2662,.T.);
#3824=EDGE_CURVE('',#3084,#3085,#131,.T.);
#3825=EDGE_CURVE('',#3086,#3085,#2663,.T.);
#3826=EDGE_CURVE('',#3086,#2900,#1577,.T.);
#3827=EDGE_CURVE('',#3084,#3086,#2664,.T.);
#3828=EDGE_CURVE('',#3087,#3088,#132,.T.);
#3829=EDGE_CURVE('',#3089,#3088,#2665,.T.);
#3830=EDGE_CURVE('',#3089,#2903,#1578,.T.);
#3831=EDGE_CURVE('',#3087,#3089,#2666,.T.);
#3832=EDGE_CURVE('',#3090,#3091,#133,.T.);
#3833=EDGE_CURVE('',#3092,#3091,#2667,.T.);
#3834=EDGE_CURVE('',#3092,#2906,#1579,.T.);
#3835=EDGE_CURVE('',#3090,#3092,#2668,.T.);
#3836=EDGE_CURVE('',#3093,#3094,#134,.T.);
#3837=EDGE_CURVE('',#3095,#3094,#2669,.T.);
#3838=EDGE_CURVE('',#3095,#2909,#1580,.T.);
#3839=EDGE_CURVE('',#3093,#3095,#2670,.T.);
#3840=EDGE_CURVE('',#3096,#3097,#135,.T.);
#3841=EDGE_CURVE('',#3098,#3097,#2671,.T.);
#3842=EDGE_CURVE('',#3098,#2912,#1581,.T.);
#3843=EDGE_CURVE('',#3096,#3098,#2672,.T.);
#3844=EDGE_CURVE('',#3099,#3100,#136,.T.);
#3845=EDGE_CURVE('',#3101,#3100,#2673,.T.);
#3846=EDGE_CURVE('',#3101,#2915,#1582,.T.);
#3847=EDGE_CURVE('',#3099,#3101,#2674,.T.);
#3848=EDGE_CURVE('',#3102,#3103,#137,.T.);
#3849=EDGE_CURVE('',#3104,#3103,#2675,.T.);
#3850=EDGE_CURVE('',#3104,#2918,#1583,.T.);
#3851=EDGE_CURVE('',#3102,#3104,#2676,.T.);
#3852=EDGE_CURVE('',#3105,#3106,#138,.T.);
#3853=EDGE_CURVE('',#3107,#3106,#2677,.T.);
#3854=EDGE_CURVE('',#3107,#2921,#1584,.T.);
#3855=EDGE_CURVE('',#3105,#3107,#2678,.T.);
#3856=EDGE_CURVE('',#3108,#3109,#1585,.T.);
#3857=EDGE_CURVE('',#3109,#3110,#1586,.T.);
#3858=EDGE_CURVE('',#3110,#3111,#1587,.T.);
#3859=EDGE_CURVE('',#3111,#3108,#1588,.T.);
#3860=EDGE_CURVE('',#3112,#3113,#1589,.T.);
#3861=EDGE_CURVE('',#3114,#3112,#1590,.T.);
#3862=EDGE_CURVE('',#3115,#3114,#1591,.T.);
#3863=EDGE_CURVE('',#3113,#3115,#1592,.T.);
#3864=EDGE_CURVE('',#3009,#3010,#1593,.T.);
#3865=EDGE_CURVE('',#3003,#3004,#1594,.T.);
#3866=EDGE_CURVE('',#2997,#2998,#1595,.T.);
#3867=EDGE_CURVE('',#2991,#2992,#1596,.T.);
#3868=EDGE_CURVE('',#2985,#2986,#1597,.T.);
#3869=EDGE_CURVE('',#2979,#2980,#1598,.T.);
#3870=EDGE_CURVE('',#2973,#2974,#1599,.T.);
#3871=EDGE_CURVE('',#2967,#2968,#1600,.T.);
#3872=EDGE_CURVE('',#2962,#2961,#1601,.T.);
#3873=EDGE_CURVE('',#2956,#2955,#1602,.T.);
#3874=EDGE_CURVE('',#2950,#2949,#1603,.T.);
#3875=EDGE_CURVE('',#2944,#2943,#1604,.T.);
#3876=EDGE_CURVE('',#2938,#2937,#1605,.T.);
#3877=EDGE_CURVE('',#2932,#2931,#1606,.T.);
#3878=EDGE_CURVE('',#2926,#2925,#1607,.T.);
#3879=EDGE_CURVE('',#3116,#3117,#1608,.T.);
#3880=EDGE_CURVE('',#3118,#3116,#1609,.T.);
#3881=EDGE_CURVE('',#3119,#3118,#1610,.T.);
#3882=EDGE_CURVE('',#3117,#3119,#1611,.T.);
#3883=EDGE_CURVE('',#3120,#3121,#1612,.T.);
#3884=EDGE_CURVE('',#3122,#3120,#1613,.T.);
#3885=EDGE_CURVE('',#3123,#3122,#1614,.T.);
#3886=EDGE_CURVE('',#3121,#3123,#1615,.T.);
#3887=EDGE_CURVE('',#3124,#3125,#1616,.T.);
#3888=EDGE_CURVE('',#3126,#3124,#1617,.T.);
#3889=EDGE_CURVE('',#3127,#3126,#1618,.T.);
#3890=EDGE_CURVE('',#3125,#3127,#1619,.T.);
#3891=EDGE_CURVE('',#3128,#3129,#1620,.T.);
#3892=EDGE_CURVE('',#3130,#3128,#1621,.T.);
#3893=EDGE_CURVE('',#3131,#3130,#1622,.T.);
#3894=EDGE_CURVE('',#3129,#3131,#1623,.T.);
#3895=EDGE_CURVE('',#3132,#3133,#1624,.T.);
#3896=EDGE_CURVE('',#3134,#3132,#1625,.T.);
#3897=EDGE_CURVE('',#3135,#3134,#1626,.T.);
#3898=EDGE_CURVE('',#3133,#3135,#1627,.T.);
#3899=EDGE_CURVE('',#3136,#3137,#1628,.T.);
#3900=EDGE_CURVE('',#3138,#3136,#1629,.T.);
#3901=EDGE_CURVE('',#3139,#3138,#1630,.T.);
#3902=EDGE_CURVE('',#3137,#3139,#1631,.T.);
#3903=EDGE_CURVE('',#3140,#3141,#1632,.T.);
#3904=EDGE_CURVE('',#3142,#3140,#1633,.T.);
#3905=EDGE_CURVE('',#3143,#3142,#1634,.T.);
#3906=EDGE_CURVE('',#3141,#3143,#1635,.T.);
#3907=EDGE_CURVE('',#2923,#2922,#1636,.T.);
#3908=EDGE_CURVE('',#2929,#2928,#1637,.T.);
#3909=EDGE_CURVE('',#2935,#2934,#1638,.T.);
#3910=EDGE_CURVE('',#2941,#2940,#1639,.T.);
#3911=EDGE_CURVE('',#2947,#2946,#1640,.T.);
#3912=EDGE_CURVE('',#2953,#2952,#1641,.T.);
#3913=EDGE_CURVE('',#2959,#2958,#1642,.T.);
#3914=EDGE_CURVE('',#2965,#2964,#1643,.T.);
#3915=EDGE_CURVE('',#2970,#2971,#1644,.T.);
#3916=EDGE_CURVE('',#2976,#2977,#1645,.T.);
#3917=EDGE_CURVE('',#2982,#2983,#1646,.T.);
#3918=EDGE_CURVE('',#2988,#2989,#1647,.T.);
#3919=EDGE_CURVE('',#2994,#2995,#1648,.T.);
#3920=EDGE_CURVE('',#3000,#3001,#1649,.T.);
#3921=EDGE_CURVE('',#3006,#3007,#1650,.T.);
#3922=EDGE_CURVE('',#3012,#3013,#1651,.T.);
#3923=EDGE_CURVE('',#3015,#3016,#1652,.T.);
#3924=EDGE_CURVE('',#3018,#3019,#1653,.T.);
#3925=EDGE_CURVE('',#3021,#3022,#1654,.T.);
#3926=EDGE_CURVE('',#3024,#3025,#1655,.T.);
#3927=EDGE_CURVE('',#3027,#3028,#1656,.T.);
#3928=EDGE_CURVE('',#3030,#3031,#1657,.T.);
#3929=EDGE_CURVE('',#3033,#3034,#1658,.T.);
#3930=EDGE_CURVE('',#3036,#3037,#1659,.T.);
#3931=EDGE_CURVE('',#3039,#3040,#1660,.T.);
#3932=EDGE_CURVE('',#3042,#3043,#1661,.T.);
#3933=EDGE_CURVE('',#3045,#3046,#1662,.T.);
#3934=EDGE_CURVE('',#3048,#3049,#1663,.T.);
#3935=EDGE_CURVE('',#3051,#3052,#1664,.T.);
#3936=EDGE_CURVE('',#3054,#3055,#1665,.T.);
#3937=EDGE_CURVE('',#3057,#3058,#1666,.T.);
#3938=EDGE_CURVE('',#3061,#3060,#1667,.T.);
#3939=EDGE_CURVE('',#3064,#3063,#1668,.T.);
#3940=EDGE_CURVE('',#3067,#3066,#1669,.T.);
#3941=EDGE_CURVE('',#3070,#3069,#1670,.T.);
#3942=EDGE_CURVE('',#3073,#3072,#1671,.T.);
#3943=EDGE_CURVE('',#3076,#3075,#1672,.T.);
#3944=EDGE_CURVE('',#3079,#3078,#1673,.T.);
#3945=EDGE_CURVE('',#3082,#3081,#1674,.T.);
#3946=EDGE_CURVE('',#3085,#3084,#1675,.T.);
#3947=EDGE_CURVE('',#3088,#3087,#1676,.T.);
#3948=EDGE_CURVE('',#3091,#3090,#1677,.T.);
#3949=EDGE_CURVE('',#3094,#3093,#1678,.T.);
#3950=EDGE_CURVE('',#3097,#3096,#1679,.T.);
#3951=EDGE_CURVE('',#3100,#3099,#1680,.T.);
#3952=EDGE_CURVE('',#3103,#3102,#1681,.T.);
#3953=EDGE_CURVE('',#3106,#3105,#1682,.T.);
#3954=EDGE_CURVE('',#3144,#3145,#1683,.T.);
#3955=EDGE_CURVE('',#3145,#3146,#1684,.T.);
#3956=EDGE_CURVE('',#3146,#3147,#1685,.T.);
#3957=EDGE_CURVE('',#3147,#3144,#1686,.T.);
#3958=EDGE_CURVE('',#3148,#3149,#1687,.T.);
#3959=EDGE_CURVE('',#3150,#3148,#1688,.T.);
#3960=EDGE_CURVE('',#3151,#3150,#1689,.T.);
#3961=EDGE_CURVE('',#3149,#3151,#1690,.T.);
#3962=EDGE_CURVE('',#3152,#3153,#28,.T.);
#3963=EDGE_CURVE('',#3153,#3154,#1691,.T.);
#3964=EDGE_CURVE('',#3154,#3155,#1692,.T.);
#3965=EDGE_CURVE('',#3155,#3156,#29,.T.);
#3966=EDGE_CURVE('',#3156,#3157,#30,.T.);
#3967=EDGE_CURVE('',#3157,#3158,#31,.T.);
#3968=EDGE_CURVE('',#3158,#3159,#1693,.T.);
#3969=EDGE_CURVE('',#3159,#3160,#32,.T.);
#3970=EDGE_CURVE('',#3160,#3161,#33,.T.);
#3971=EDGE_CURVE('',#3161,#3162,#1694,.T.);
#3972=EDGE_CURVE('',#3162,#3152,#34,.T.);
#3973=EDGE_CURVE('',#3145,#3113,#1695,.T.);
#3974=EDGE_CURVE('',#3144,#3112,#1696,.T.);
#3975=EDGE_CURVE('',#3146,#3115,#1697,.T.);
#3976=EDGE_CURVE('',#3147,#3114,#1698,.T.);
#3977=EDGE_CURVE('',#3163,#3149,#1699,.T.);
#3978=EDGE_CURVE('',#3164,#3163,#1700,.T.);
#3979=EDGE_CURVE('',#3164,#3148,#1701,.T.);
#3980=EDGE_CURVE('',#3165,#3164,#1702,.T.);
#3981=EDGE_CURVE('',#3165,#3150,#1703,.T.);
#3982=EDGE_CURVE('',#3166,#3165,#1704,.T.);
#3983=EDGE_CURVE('',#3166,#3151,#1705,.T.);
#3984=EDGE_CURVE('',#3163,#3166,#1706,.T.);
#3985=EDGE_CURVE('',#3167,#3153,#1707,.T.);
#3986=EDGE_CURVE('',#3167,#3168,#1708,.T.);
#3987=EDGE_CURVE('',#3168,#3154,#1709,.T.);
#3988=EDGE_CURVE('',#3168,#3169,#1710,.T.);
#3989=EDGE_CURVE('',#3169,#3155,#1711,.T.);
#3990=EDGE_CURVE('',#3169,#3170,#35,.T.);
#3991=EDGE_CURVE('',#3170,#3156,#1712,.T.);
#3992=EDGE_CURVE('',#3170,#3171,#36,.T.);
#3993=EDGE_CURVE('',#3171,#3157,#1713,.T.);
#3994=EDGE_CURVE('',#3171,#3172,#37,.T.);
#3995=EDGE_CURVE('',#3172,#3158,#1714,.T.);
#3996=EDGE_CURVE('',#3172,#3173,#1715,.T.);
#3997=EDGE_CURVE('',#3173,#3159,#1716,.T.);
#3998=EDGE_CURVE('',#3173,#3174,#38,.T.);
#3999=EDGE_CURVE('',#3174,#3160,#1717,.T.);
#4000=EDGE_CURVE('',#3174,#3175,#39,.T.);
#4001=EDGE_CURVE('',#3175,#3161,#1718,.T.);
#4002=EDGE_CURVE('',#3175,#3176,#1719,.T.);
#4003=EDGE_CURVE('',#3176,#3162,#1720,.T.);
#4004=EDGE_CURVE('',#3176,#3177,#40,.T.);
#4005=EDGE_CURVE('',#3177,#3152,#1721,.T.);
#4006=EDGE_CURVE('',#3177,#3167,#41,.T.);
#4007=EDGE_CURVE('',#3178,#3108,#1722,.T.);
#4008=EDGE_CURVE('',#3178,#3179,#1723,.T.);
#4009=EDGE_CURVE('',#3179,#3109,#1724,.T.);
#4010=EDGE_CURVE('',#3180,#3111,#1725,.T.);
#4011=EDGE_CURVE('',#3180,#3178,#1726,.T.);
#4012=EDGE_CURVE('',#3181,#3110,#1727,.T.);
#4013=EDGE_CURVE('',#3181,#3180,#1728,.T.);
#4014=EDGE_CURVE('',#3179,#3181,#1729,.T.);
#4015=EDGE_CURVE('',#3182,#3116,#1730,.T.);
#4016=EDGE_CURVE('',#3183,#3182,#1731,.T.);
#4017=EDGE_CURVE('',#3183,#3118,#1732,.T.);
#4018=EDGE_CURVE('',#3184,#3117,#1733,.T.);
#4019=EDGE_CURVE('',#3182,#3184,#1734,.T.);
#4020=EDGE_CURVE('',#3185,#3119,#1735,.T.);
#4021=EDGE_CURVE('',#3184,#3185,#1736,.T.);
#4022=EDGE_CURVE('',#3185,#3183,#1737,.T.);
#4023=EDGE_CURVE('',#3186,#3140,#1738,.T.);
#4024=EDGE_CURVE('',#3187,#3186,#1739,.T.);
#4025=EDGE_CURVE('',#3187,#3142,#1740,.T.);
#4026=EDGE_CURVE('',#3188,#3141,#1741,.T.);
#4027=EDGE_CURVE('',#3186,#3188,#1742,.T.);
#4028=EDGE_CURVE('',#3189,#3143,#1743,.T.);
#4029=EDGE_CURVE('',#3188,#3189,#1744,.T.);
#4030=EDGE_CURVE('',#3189,#3187,#1745,.T.);
#4031=EDGE_CURVE('',#3190,#3120,#1746,.T.);
#4032=EDGE_CURVE('',#3191,#3190,#1747,.T.);
#4033=EDGE_CURVE('',#3191,#3122,#1748,.T.);
#4034=EDGE_CURVE('',#3192,#3121,#1749,.T.);
#4035=EDGE_CURVE('',#3190,#3192,#1750,.T.);
#4036=EDGE_CURVE('',#3193,#3123,#1751,.T.);
#4037=EDGE_CURVE('',#3192,#3193,#1752,.T.);
#4038=EDGE_CURVE('',#3193,#3191,#1753,.T.);
#4039=EDGE_CURVE('',#3194,#3136,#1754,.T.);
#4040=EDGE_CURVE('',#3195,#3194,#1755,.T.);
#4041=EDGE_CURVE('',#3195,#3138,#1756,.T.);
#4042=EDGE_CURVE('',#3196,#3137,#1757,.T.);
#4043=EDGE_CURVE('',#3194,#3196,#1758,.T.);
#4044=EDGE_CURVE('',#3197,#3139,#1759,.T.);
#4045=EDGE_CURVE('',#3196,#3197,#1760,.T.);
#4046=EDGE_CURVE('',#3197,#3195,#1761,.T.);
#4047=EDGE_CURVE('',#3198,#3124,#1762,.T.);
#4048=EDGE_CURVE('',#3199,#3198,#1763,.T.);
#4049=EDGE_CURVE('',#3199,#3126,#1764,.T.);
#4050=EDGE_CURVE('',#3200,#3125,#1765,.T.);
#4051=EDGE_CURVE('',#3198,#3200,#1766,.T.);
#4052=EDGE_CURVE('',#3201,#3127,#1767,.T.);
#4053=EDGE_CURVE('',#3200,#3201,#1768,.T.);
#4054=EDGE_CURVE('',#3201,#3199,#1769,.T.);
#4055=EDGE_CURVE('',#3202,#3132,#1770,.T.);
#4056=EDGE_CURVE('',#3203,#3202,#1771,.T.);
#4057=EDGE_CURVE('',#3203,#3134,#1772,.T.);
#4058=EDGE_CURVE('',#3204,#3133,#1773,.T.);
#4059=EDGE_CURVE('',#3202,#3204,#1774,.T.);
#4060=EDGE_CURVE('',#3205,#3135,#1775,.T.);
#4061=EDGE_CURVE('',#3204,#3205,#1776,.T.);
#4062=EDGE_CURVE('',#3205,#3203,#1777,.T.);
#4063=EDGE_CURVE('',#3206,#3128,#1778,.T.);
#4064=EDGE_CURVE('',#3207,#3206,#1779,.T.);
#4065=EDGE_CURVE('',#3207,#3130,#1780,.T.);
#4066=EDGE_CURVE('',#3208,#3129,#1781,.T.);
#4067=EDGE_CURVE('',#3206,#3208,#1782,.T.);
#4068=EDGE_CURVE('',#3209,#3131,#1783,.T.);
#4069=EDGE_CURVE('',#3208,#3209,#1784,.T.);
#4070=EDGE_CURVE('',#3209,#3207,#1785,.T.);
#4071=EDGE_CURVE('',#3210,#3211,#2679,.T.);
#4072=EDGE_CURVE('',#3211,#3210,#2680,.T.);
#4073=EDGE_CURVE('',#3211,#3212,#1786,.T.);
#4074=EDGE_CURVE('',#3212,#3212,#2681,.T.);
#4075=EDGE_CURVE('',#3213,#3213,#2682,.T.);
#4076=EDGE_CURVE('',#3213,#3214,#1787,.T.);
#4077=EDGE_CURVE('',#3214,#3214,#2683,.T.);
#4078=EDGE_CURVE('',#3210,#3215,#1788,.T.);
#4079=EDGE_CURVE('',#3215,#3215,#2684,.T.);
#4080=EDGE_CURVE('',#3216,#3217,#2685,.T.);
#4081=EDGE_CURVE('',#3217,#3218,#1789,.T.);
#4082=EDGE_CURVE('',#3219,#3218,#2686,.T.);
#4083=EDGE_CURVE('',#3216,#3219,#1790,.T.);
#4084=EDGE_CURVE('',#3220,#3221,#2687,.T.);
#4085=EDGE_CURVE('',#3221,#3222,#1791,.T.);
#4086=EDGE_CURVE('',#3223,#3222,#2688,.T.);
#4087=EDGE_CURVE('',#3220,#3223,#1792,.T.);
#4088=EDGE_CURVE('',#3224,#3225,#1793,.T.);
#4089=EDGE_CURVE('',#3225,#3226,#1794,.T.);
#4090=EDGE_CURVE('',#3226,#3227,#1795,.T.);
#4091=EDGE_CURVE('',#3227,#3224,#1796,.T.);
#4092=EDGE_CURVE('',#3228,#3229,#1797,.T.);
#4093=EDGE_CURVE('',#3230,#3228,#1798,.T.);
#4094=EDGE_CURVE('',#3231,#3230,#1799,.T.);
#4095=EDGE_CURVE('',#3229,#3231,#1800,.T.);
#4096=EDGE_CURVE('',#3232,#3233,#1801,.T.);
#4097=EDGE_CURVE('',#3233,#3234,#1802,.T.);
#4098=EDGE_CURVE('',#3234,#3235,#1803,.T.);
#4099=EDGE_CURVE('',#3235,#3232,#1804,.T.);
#4100=EDGE_CURVE('',#3224,#3229,#1805,.T.);
#4101=EDGE_CURVE('',#3227,#3228,#1806,.T.);
#4102=EDGE_CURVE('',#3225,#3231,#1807,.T.);
#4103=EDGE_CURVE('',#3226,#3230,#1808,.T.);
#4104=EDGE_CURVE('',#3236,#3232,#1809,.T.);
#4105=EDGE_CURVE('',#3236,#3237,#1810,.T.);
#4106=EDGE_CURVE('',#3237,#3233,#1811,.T.);
#4107=EDGE_CURVE('',#3237,#3238,#1812,.T.);
#4108=EDGE_CURVE('',#3238,#3234,#1813,.T.);
#4109=EDGE_CURVE('',#3238,#3239,#1814,.T.);
#4110=EDGE_CURVE('',#3239,#3235,#1815,.T.);
#4111=EDGE_CURVE('',#3239,#3236,#1816,.T.);
#4112=EDGE_CURVE('',#3222,#3219,#1817,.T.);
#4113=EDGE_CURVE('',#3218,#3240,#1818,.T.);
#4114=EDGE_CURVE('',#3240,#3241,#2689,.T.);
#4115=EDGE_CURVE('',#3241,#3242,#1819,.T.);
#4116=EDGE_CURVE('',#3242,#3243,#2690,.T.);
#4117=EDGE_CURVE('',#3243,#3223,#1820,.T.);
#4118=EDGE_CURVE('',#3221,#3216,#1821,.T.);
#4119=EDGE_CURVE('',#3217,#3244,#1822,.T.);
#4120=EDGE_CURVE('',#3244,#3240,#1823,.T.);
#4121=EDGE_CURVE('',#3244,#3245,#2691,.T.);
#4122=EDGE_CURVE('',#3245,#3241,#1824,.T.);
#4123=EDGE_CURVE('',#3245,#3246,#1825,.T.);
#4124=EDGE_CURVE('',#3246,#3242,#1826,.T.);
#4125=EDGE_CURVE('',#3246,#3247,#2692,.T.);
#4126=EDGE_CURVE('',#3247,#3243,#1827,.T.);
#4127=EDGE_CURVE('',#3247,#3220,#1828,.T.);
#4128=EDGE_CURVE('',#3248,#3249,#1829,.T.);
#4129=EDGE_CURVE('',#3250,#3248,#2693,.T.);
#4130=EDGE_CURVE('',#3251,#3250,#1830,.T.);
#4131=EDGE_CURVE('',#3252,#3251,#2694,.T.);
#4132=EDGE_CURVE('',#3253,#3252,#1831,.T.);
#4133=EDGE_CURVE('',#3254,#3253,#2695,.T.);
#4134=EDGE_CURVE('',#3255,#3254,#1832,.T.);
#4135=EDGE_CURVE('',#3249,#3255,#2696,.T.);
#4136=EDGE_CURVE('',#3256,#3257,#2697,.T.);
#4137=EDGE_CURVE('',#3257,#3258,#1833,.T.);
#4138=EDGE_CURVE('',#3258,#3259,#2698,.T.);
#4139=EDGE_CURVE('',#3259,#3260,#1834,.T.);
#4140=EDGE_CURVE('',#3260,#3261,#2699,.T.);
#4141=EDGE_CURVE('',#3261,#3262,#1835,.T.);
#4142=EDGE_CURVE('',#3262,#3263,#2700,.T.);
#4143=EDGE_CURVE('',#3263,#3256,#1836,.T.);
#4144=EDGE_CURVE('',#3250,#3256,#1837,.T.);
#4145=EDGE_CURVE('',#3248,#3257,#1838,.T.);
#4146=EDGE_CURVE('',#3249,#3258,#1839,.T.);
#4147=EDGE_CURVE('',#3255,#3259,#1840,.T.);
#4148=EDGE_CURVE('',#3254,#3260,#1841,.T.);
#4149=EDGE_CURVE('',#3253,#3261,#1842,.T.);
#4150=EDGE_CURVE('',#3252,#3262,#1843,.T.);
#4151=EDGE_CURVE('',#3251,#3263,#1844,.T.);
#4152=EDGE_CURVE('',#3264,#3265,#1845,.T.);
#4153=EDGE_CURVE('',#3266,#3265,#1846,.T.);
#4154=EDGE_CURVE('',#3267,#3266,#1847,.T.);
#4155=EDGE_CURVE('',#3267,#3264,#1848,.T.);
#4156=EDGE_CURVE('',#3265,#3268,#1849,.T.);
#4157=EDGE_CURVE('',#3269,#3268,#1850,.T.);
#4158=EDGE_CURVE('',#3266,#3269,#1851,.T.);
#4159=EDGE_CURVE('',#3268,#3270,#1852,.T.);
#4160=EDGE_CURVE('',#3271,#3270,#1853,.T.);
#4161=EDGE_CURVE('',#3269,#3271,#1854,.T.);
#4162=EDGE_CURVE('',#3270,#3264,#1855,.T.);
#4163=EDGE_CURVE('',#3271,#3267,#1856,.T.);
#4164=EDGE_CURVE('',#3272,#3272,#2701,.T.);
#4165=EDGE_CURVE('',#3272,#3273,#1857,.T.);
#4166=EDGE_CURVE('',#3273,#3273,#2702,.T.);
#4167=EDGE_CURVE('',#3274,#3274,#2703,.T.);
#4168=EDGE_CURVE('',#3274,#3275,#1858,.T.);
#4169=EDGE_CURVE('',#3275,#3275,#2704,.T.);
#4170=EDGE_CURVE('',#3276,#3276,#2705,.T.);
#4171=EDGE_CURVE('',#3276,#3277,#1859,.T.);
#4172=EDGE_CURVE('',#3277,#3277,#2706,.T.);
#4173=EDGE_CURVE('',#3278,#3278,#2707,.T.);
#4174=EDGE_CURVE('',#3278,#3279,#1860,.T.);
#4175=EDGE_CURVE('',#3279,#3279,#2708,.T.);
#4176=EDGE_CURVE('',#3280,#3281,#1861,.T.);
#4177=EDGE_CURVE('',#3282,#3281,#2709,.T.);
#4178=EDGE_CURVE('',#3283,#3282,#1862,.T.);
#4179=EDGE_CURVE('',#3284,#3283,#2710,.T.);
#4180=EDGE_CURVE('',#3284,#3285,#1863,.T.);
#4181=EDGE_CURVE('',#3286,#3285,#2711,.T.);
#4182=EDGE_CURVE('',#3287,#3286,#1864,.T.);
#4183=EDGE_CURVE('',#3287,#3288,#1865,.T.);
#4184=EDGE_CURVE('',#3288,#3288,#2712,.T.);
#4185=EDGE_CURVE('',#3289,#3287,#2713,.T.);
#4186=EDGE_CURVE('',#3289,#3290,#1866,.T.);
#4187=EDGE_CURVE('',#3291,#3290,#2714,.T.);
#4188=EDGE_CURVE('',#3292,#3291,#1867,.T.);
#4189=EDGE_CURVE('',#3280,#3292,#2715,.T.);
#4190=EDGE_CURVE('',#3281,#3293,#1868,.T.);
#4191=EDGE_CURVE('',#3293,#3294,#2716,.T.);
#4192=EDGE_CURVE('',#3291,#3294,#1869,.T.);
#4193=EDGE_CURVE('',#3290,#3295,#1870,.T.);
#4194=EDGE_CURVE('',#3295,#3296,#2717,.T.);
#4195=EDGE_CURVE('',#3286,#3296,#1871,.T.);
#4196=EDGE_CURVE('',#3285,#3297,#1872,.T.);
#4197=EDGE_CURVE('',#3297,#3298,#2718,.T.);
#4198=EDGE_CURVE('',#3282,#3298,#1873,.T.);
#4199=EDGE_CURVE('',#3295,#3289,#1874,.T.);
#4200=EDGE_CURVE('',#3296,#3287,#1875,.T.);
#4201=EDGE_CURVE('',#3297,#3284,#1876,.T.);
#4202=EDGE_CURVE('',#3298,#3283,#1877,.T.);
#4203=EDGE_CURVE('',#3293,#3280,#1878,.T.);
#4204=EDGE_CURVE('',#3294,#3292,#1879,.T.);
#4205=EDGE_CURVE('',#3299,#3300,#1880,.T.);
#4206=EDGE_CURVE('',#3300,#3301,#1881,.T.);
#4207=EDGE_CURVE('',#3301,#3302,#1882,.T.);
#4208=EDGE_CURVE('',#3302,#3299,#1883,.T.);
#4209=EDGE_CURVE('',#3303,#3304,#1884,.T.);
#4210=EDGE_CURVE('',#3305,#3303,#1885,.T.);
#4211=EDGE_CURVE('',#3306,#3305,#1886,.T.);
#4212=EDGE_CURVE('',#3304,#3306,#1887,.T.);
#4213=EDGE_CURVE('',#3303,#3299,#42,.T.);
#4214=EDGE_CURVE('',#3305,#3302,#43,.T.);
#4215=EDGE_CURVE('',#3306,#3301,#44,.T.);
#4216=EDGE_CURVE('',#3304,#3300,#45,.T.);
#4217=EDGE_CURVE('',#3307,#3308,#2719,.T.);
#4218=EDGE_CURVE('',#3309,#3307,#1888,.T.);
#4219=EDGE_CURVE('',#3309,#3310,#2720,.T.);
#4220=EDGE_CURVE('',#3310,#3308,#1889,.T.);
#4221=EDGE_CURVE('',#3311,#3307,#1890,.T.);
#4222=EDGE_CURVE('',#3312,#3311,#1891,.T.);
#4223=EDGE_CURVE('',#3312,#3309,#1892,.T.);
#4224=EDGE_CURVE('',#3313,#3311,#2721,.T.);
#4225=EDGE_CURVE('',#3314,#3313,#1893,.T.);
#4226=EDGE_CURVE('',#3314,#3312,#2722,.T.);
#4227=EDGE_CURVE('',#3315,#3313,#1894,.T.);
#4228=EDGE_CURVE('',#3316,#3315,#1895,.T.);
#4229=EDGE_CURVE('',#3316,#3314,#1896,.T.);
#4230=EDGE_CURVE('',#3317,#3315,#2723,.T.);
#4231=EDGE_CURVE('',#3318,#3317,#1897,.T.);
#4232=EDGE_CURVE('',#3318,#3316,#2724,.T.);
#4233=EDGE_CURVE('',#3319,#3317,#1898,.T.);
#4234=EDGE_CURVE('',#3320,#3319,#1899,.T.);
#4235=EDGE_CURVE('',#3320,#3318,#1900,.T.);
#4236=EDGE_CURVE('',#3321,#3319,#2725,.T.);
#4237=EDGE_CURVE('',#3322,#3321,#1901,.T.);
#4238=EDGE_CURVE('',#3322,#3320,#2726,.T.);
#4239=EDGE_CURVE('',#3308,#3321,#1902,.T.);
#4240=EDGE_CURVE('',#3310,#3322,#1903,.T.);
#4241=EDGE_CURVE('',#3323,#3324,#1904,.T.);
#4242=EDGE_CURVE('',#3323,#3325,#1905,.T.);
#4243=EDGE_CURVE('',#3325,#3326,#1906,.T.);
#4244=EDGE_CURVE('',#3324,#3326,#1907,.T.);
#4245=EDGE_CURVE('',#3326,#3327,#1908,.T.);
#4246=EDGE_CURVE('',#3328,#3327,#1909,.T.);
#4247=EDGE_CURVE('',#3324,#3328,#1910,.T.);
#4248=EDGE_CURVE('',#3327,#3329,#1911,.T.);
#4249=EDGE_CURVE('',#3330,#3329,#1912,.T.);
#4250=EDGE_CURVE('',#3328,#3330,#1913,.T.);
#4251=EDGE_CURVE('',#3329,#3325,#1914,.T.);
#4252=EDGE_CURVE('',#3330,#3323,#1915,.T.);
#4253=ORIENTED_EDGE('',*,*,#3331,.F.);
#4254=ORIENTED_EDGE('',*,*,#3332,.T.);
#4255=ORIENTED_EDGE('',*,*,#3333,.T.);
#4256=ORIENTED_EDGE('',*,*,#3332,.F.);
#4257=ORIENTED_EDGE('',*,*,#3334,.F.);
#4258=ORIENTED_EDGE('',*,*,#3335,.T.);
#4259=ORIENTED_EDGE('',*,*,#3336,.T.);
#4260=ORIENTED_EDGE('',*,*,#3335,.F.);
#4261=ORIENTED_EDGE('',*,*,#3337,.F.);
#4262=ORIENTED_EDGE('',*,*,#3338,.T.);
#4263=ORIENTED_EDGE('',*,*,#3339,.T.);
#4264=ORIENTED_EDGE('',*,*,#3338,.F.);
#4265=ORIENTED_EDGE('',*,*,#3340,.F.);
#4266=ORIENTED_EDGE('',*,*,#3341,.T.);
#4267=ORIENTED_EDGE('',*,*,#3342,.T.);
#4268=ORIENTED_EDGE('',*,*,#3341,.F.);
#4269=ORIENTED_EDGE('',*,*,#3343,.T.);
#4270=ORIENTED_EDGE('',*,*,#3344,.T.);
#4271=ORIENTED_EDGE('',*,*,#3345,.T.);
#4272=ORIENTED_EDGE('',*,*,#3346,.T.);
#4273=ORIENTED_EDGE('',*,*,#3342,.F.);
#4274=ORIENTED_EDGE('',*,*,#3339,.F.);
#4275=ORIENTED_EDGE('',*,*,#3336,.F.);
#4276=ORIENTED_EDGE('',*,*,#3333,.F.);
#4277=ORIENTED_EDGE('',*,*,#3347,.F.);
#4278=ORIENTED_EDGE('',*,*,#3348,.F.);
#4279=ORIENTED_EDGE('',*,*,#3349,.F.);
#4280=ORIENTED_EDGE('',*,*,#3350,.F.);
#4281=ORIENTED_EDGE('',*,*,#3351,.F.);
#4282=ORIENTED_EDGE('',*,*,#3352,.F.);
#4283=ORIENTED_EDGE('',*,*,#3353,.F.);
#4284=ORIENTED_EDGE('',*,*,#3354,.F.);
#4285=ORIENTED_EDGE('',*,*,#3355,.F.);
#4286=ORIENTED_EDGE('',*,*,#3356,.F.);
#4287=ORIENTED_EDGE('',*,*,#3357,.F.);
#4288=ORIENTED_EDGE('',*,*,#3358,.F.);
#4289=ORIENTED_EDGE('',*,*,#3340,.T.);
#4290=ORIENTED_EDGE('',*,*,#3337,.T.);
#4291=ORIENTED_EDGE('',*,*,#3334,.T.);
#4292=ORIENTED_EDGE('',*,*,#3331,.T.);
#4293=ORIENTED_EDGE('',*,*,#3343,.F.);
#4294=ORIENTED_EDGE('',*,*,#3359,.F.);
#4295=ORIENTED_EDGE('',*,*,#3353,.T.);
#4296=ORIENTED_EDGE('',*,*,#3360,.T.);
#4297=ORIENTED_EDGE('',*,*,#3346,.F.);
#4298=ORIENTED_EDGE('',*,*,#3361,.F.);
#4299=ORIENTED_EDGE('',*,*,#3354,.T.);
#4300=ORIENTED_EDGE('',*,*,#3359,.T.);
#4301=ORIENTED_EDGE('',*,*,#3345,.F.);
#4302=ORIENTED_EDGE('',*,*,#3362,.F.);
#4303=ORIENTED_EDGE('',*,*,#3355,.T.);
#4304=ORIENTED_EDGE('',*,*,#3361,.T.);
#4305=ORIENTED_EDGE('',*,*,#3344,.F.);
#4306=ORIENTED_EDGE('',*,*,#3360,.F.);
#4307=ORIENTED_EDGE('',*,*,#3352,.T.);
#4308=ORIENTED_EDGE('',*,*,#3363,.F.);
#4309=ORIENTED_EDGE('',*,*,#3364,.F.);
#4310=ORIENTED_EDGE('',*,*,#3365,.T.);
#4311=ORIENTED_EDGE('',*,*,#3356,.T.);
#4312=ORIENTED_EDGE('',*,*,#3362,.T.);
#4313=ORIENTED_EDGE('',*,*,#3366,.F.);
#4314=ORIENTED_EDGE('',*,*,#3367,.F.);
#4315=ORIENTED_EDGE('',*,*,#3368,.F.);
#4316=ORIENTED_EDGE('',*,*,#3369,.F.);
#4317=ORIENTED_EDGE('',*,*,#3351,.T.);
#4318=ORIENTED_EDGE('',*,*,#3370,.F.);
#4319=ORIENTED_EDGE('',*,*,#3371,.F.);
#4320=ORIENTED_EDGE('',*,*,#3363,.T.);
#4321=ORIENTED_EDGE('',*,*,#3358,.T.);
#4322=ORIENTED_EDGE('',*,*,#3372,.F.);
#4323=ORIENTED_EDGE('',*,*,#3373,.F.);
#4324=ORIENTED_EDGE('',*,*,#3370,.T.);
#4325=ORIENTED_EDGE('',*,*,#3357,.T.);
#4326=ORIENTED_EDGE('',*,*,#3365,.F.);
#4327=ORIENTED_EDGE('',*,*,#3374,.F.);
#4328=ORIENTED_EDGE('',*,*,#3372,.T.);
#4329=ORIENTED_EDGE('',*,*,#3371,.T.);
#4330=ORIENTED_EDGE('',*,*,#3373,.T.);
#4331=ORIENTED_EDGE('',*,*,#3374,.T.);
#4332=ORIENTED_EDGE('',*,*,#3364,.T.);
#4333=ORIENTED_EDGE('',*,*,#3348,.T.);
#4334=ORIENTED_EDGE('',*,*,#3375,.F.);
#4335=ORIENTED_EDGE('',*,*,#3376,.F.);
#4336=ORIENTED_EDGE('',*,*,#3377,.T.);
#4337=ORIENTED_EDGE('',*,*,#3347,.T.);
#4338=ORIENTED_EDGE('',*,*,#3378,.F.);
#4339=ORIENTED_EDGE('',*,*,#3379,.F.);
#4340=ORIENTED_EDGE('',*,*,#3375,.T.);
#4341=ORIENTED_EDGE('',*,*,#3350,.T.);
#4342=ORIENTED_EDGE('',*,*,#3380,.F.);
#4343=ORIENTED_EDGE('',*,*,#3381,.F.);
#4344=ORIENTED_EDGE('',*,*,#3378,.T.);
#4345=ORIENTED_EDGE('',*,*,#3349,.T.);
#4346=ORIENTED_EDGE('',*,*,#3377,.F.);
#4347=ORIENTED_EDGE('',*,*,#3382,.F.);
#4348=ORIENTED_EDGE('',*,*,#3380,.T.);
#4349=ORIENTED_EDGE('',*,*,#3376,.T.);
#4350=ORIENTED_EDGE('',*,*,#3379,.T.);
#4351=ORIENTED_EDGE('',*,*,#3381,.T.);
#4352=ORIENTED_EDGE('',*,*,#3382,.T.);
#4353=ORIENTED_EDGE('',*,*,#3366,.T.);
#4354=ORIENTED_EDGE('',*,*,#3383,.F.);
#4355=ORIENTED_EDGE('',*,*,#3384,.F.);
#4356=ORIENTED_EDGE('',*,*,#3385,.T.);
#4357=ORIENTED_EDGE('',*,*,#3367,.T.);
#4358=ORIENTED_EDGE('',*,*,#3385,.F.);
#4359=ORIENTED_EDGE('',*,*,#3386,.F.);
#4360=ORIENTED_EDGE('',*,*,#3387,.T.);
#4361=ORIENTED_EDGE('',*,*,#3368,.T.);
#4362=ORIENTED_EDGE('',*,*,#3387,.F.);
#4363=ORIENTED_EDGE('',*,*,#3388,.F.);
#4364=ORIENTED_EDGE('',*,*,#3389,.T.);
#4365=ORIENTED_EDGE('',*,*,#3369,.T.);
#4366=ORIENTED_EDGE('',*,*,#3389,.F.);
#4367=ORIENTED_EDGE('',*,*,#3390,.F.);
#4368=ORIENTED_EDGE('',*,*,#3383,.T.);
#4369=ORIENTED_EDGE('',*,*,#3384,.T.);
#4370=ORIENTED_EDGE('',*,*,#3390,.T.);
#4371=ORIENTED_EDGE('',*,*,#3388,.T.);
#4372=ORIENTED_EDGE('',*,*,#3386,.T.);
#4373=ORIENTED_EDGE('',*,*,#3391,.T.);
#4374=ORIENTED_EDGE('',*,*,#3392,.T.);
#4375=ORIENTED_EDGE('',*,*,#3393,.T.);
#4376=ORIENTED_EDGE('',*,*,#3392,.F.);
#4377=ORIENTED_EDGE('',*,*,#3394,.T.);
#4378=ORIENTED_EDGE('',*,*,#3395,.T.);
#4379=ORIENTED_EDGE('',*,*,#3396,.T.);
#4380=ORIENTED_EDGE('',*,*,#3395,.F.);
#4381=ORIENTED_EDGE('',*,*,#3397,.T.);
#4382=ORIENTED_EDGE('',*,*,#3398,.T.);
#4383=ORIENTED_EDGE('',*,*,#3399,.T.);
#4384=ORIENTED_EDGE('',*,*,#3398,.F.);
#4385=ORIENTED_EDGE('',*,*,#3400,.T.);
#4386=ORIENTED_EDGE('',*,*,#3401,.T.);
#4387=ORIENTED_EDGE('',*,*,#3402,.T.);
#4388=ORIENTED_EDGE('',*,*,#3401,.F.);
#4389=ORIENTED_EDGE('',*,*,#3403,.T.);
#4390=ORIENTED_EDGE('',*,*,#3404,.T.);
#4391=ORIENTED_EDGE('',*,*,#3405,.T.);
#4392=ORIENTED_EDGE('',*,*,#3404,.F.);
#4393=ORIENTED_EDGE('',*,*,#3406,.T.);
#4394=ORIENTED_EDGE('',*,*,#3407,.T.);
#4395=ORIENTED_EDGE('',*,*,#3408,.T.);
#4396=ORIENTED_EDGE('',*,*,#3407,.F.);
#4397=ORIENTED_EDGE('',*,*,#3409,.T.);
#4398=ORIENTED_EDGE('',*,*,#3410,.T.);
#4399=ORIENTED_EDGE('',*,*,#3411,.T.);
#4400=ORIENTED_EDGE('',*,*,#3410,.F.);
#4401=ORIENTED_EDGE('',*,*,#3412,.T.);
#4402=ORIENTED_EDGE('',*,*,#3413,.T.);
#4403=ORIENTED_EDGE('',*,*,#3414,.T.);
#4404=ORIENTED_EDGE('',*,*,#3413,.F.);
#4405=ORIENTED_EDGE('',*,*,#3415,.T.);
#4406=ORIENTED_EDGE('',*,*,#3416,.T.);
#4407=ORIENTED_EDGE('',*,*,#3417,.T.);
#4408=ORIENTED_EDGE('',*,*,#3416,.F.);
#4409=ORIENTED_EDGE('',*,*,#3418,.T.);
#4410=ORIENTED_EDGE('',*,*,#3419,.T.);
#4411=ORIENTED_EDGE('',*,*,#3420,.T.);
#4412=ORIENTED_EDGE('',*,*,#3419,.F.);
#4413=ORIENTED_EDGE('',*,*,#3421,.T.);
#4414=ORIENTED_EDGE('',*,*,#3422,.T.);
#4415=ORIENTED_EDGE('',*,*,#3423,.T.);
#4416=ORIENTED_EDGE('',*,*,#3422,.F.);
#4417=ORIENTED_EDGE('',*,*,#3424,.T.);
#4418=ORIENTED_EDGE('',*,*,#3425,.T.);
#4419=ORIENTED_EDGE('',*,*,#3426,.T.);
#4420=ORIENTED_EDGE('',*,*,#3425,.F.);
#4421=ORIENTED_EDGE('',*,*,#3427,.T.);
#4422=ORIENTED_EDGE('',*,*,#3428,.T.);
#4423=ORIENTED_EDGE('',*,*,#3429,.T.);
#4424=ORIENTED_EDGE('',*,*,#3428,.F.);
#4425=ORIENTED_EDGE('',*,*,#3430,.T.);
#4426=ORIENTED_EDGE('',*,*,#3431,.T.);
#4427=ORIENTED_EDGE('',*,*,#3432,.T.);
#4428=ORIENTED_EDGE('',*,*,#3431,.F.);
#4429=ORIENTED_EDGE('',*,*,#3433,.T.);
#4430=ORIENTED_EDGE('',*,*,#3434,.T.);
#4431=ORIENTED_EDGE('',*,*,#3435,.T.);
#4432=ORIENTED_EDGE('',*,*,#3434,.F.);
#4433=ORIENTED_EDGE('',*,*,#3436,.T.);
#4434=ORIENTED_EDGE('',*,*,#3437,.T.);
#4435=ORIENTED_EDGE('',*,*,#3438,.T.);
#4436=ORIENTED_EDGE('',*,*,#3437,.F.);
#4437=ORIENTED_EDGE('',*,*,#3439,.T.);
#4438=ORIENTED_EDGE('',*,*,#3440,.T.);
#4439=ORIENTED_EDGE('',*,*,#3441,.T.);
#4440=ORIENTED_EDGE('',*,*,#3440,.F.);
#4441=ORIENTED_EDGE('',*,*,#3442,.T.);
#4442=ORIENTED_EDGE('',*,*,#3443,.T.);
#4443=ORIENTED_EDGE('',*,*,#3444,.T.);
#4444=ORIENTED_EDGE('',*,*,#3443,.F.);
#4445=ORIENTED_EDGE('',*,*,#3445,.T.);
#4446=ORIENTED_EDGE('',*,*,#3446,.T.);
#4447=ORIENTED_EDGE('',*,*,#3447,.T.);
#4448=ORIENTED_EDGE('',*,*,#3446,.F.);
#4449=ORIENTED_EDGE('',*,*,#3448,.T.);
#4450=ORIENTED_EDGE('',*,*,#3449,.T.);
#4451=ORIENTED_EDGE('',*,*,#3450,.T.);
#4452=ORIENTED_EDGE('',*,*,#3449,.F.);
#4453=ORIENTED_EDGE('',*,*,#3451,.T.);
#4454=ORIENTED_EDGE('',*,*,#3452,.T.);
#4455=ORIENTED_EDGE('',*,*,#3453,.T.);
#4456=ORIENTED_EDGE('',*,*,#3452,.F.);
#4457=ORIENTED_EDGE('',*,*,#3454,.T.);
#4458=ORIENTED_EDGE('',*,*,#3455,.T.);
#4459=ORIENTED_EDGE('',*,*,#3456,.T.);
#4460=ORIENTED_EDGE('',*,*,#3455,.F.);
#4461=ORIENTED_EDGE('',*,*,#3457,.T.);
#4462=ORIENTED_EDGE('',*,*,#3458,.T.);
#4463=ORIENTED_EDGE('',*,*,#3459,.T.);
#4464=ORIENTED_EDGE('',*,*,#3458,.F.);
#4465=ORIENTED_EDGE('',*,*,#3460,.T.);
#4466=ORIENTED_EDGE('',*,*,#3461,.T.);
#4467=ORIENTED_EDGE('',*,*,#3462,.T.);
#4468=ORIENTED_EDGE('',*,*,#3461,.F.);
#4469=ORIENTED_EDGE('',*,*,#3463,.T.);
#4470=ORIENTED_EDGE('',*,*,#3464,.T.);
#4471=ORIENTED_EDGE('',*,*,#3465,.T.);
#4472=ORIENTED_EDGE('',*,*,#3464,.F.);
#4473=ORIENTED_EDGE('',*,*,#3466,.T.);
#4474=ORIENTED_EDGE('',*,*,#3467,.T.);
#4475=ORIENTED_EDGE('',*,*,#3468,.T.);
#4476=ORIENTED_EDGE('',*,*,#3467,.F.);
#4477=ORIENTED_EDGE('',*,*,#3469,.T.);
#4478=ORIENTED_EDGE('',*,*,#3470,.T.);
#4479=ORIENTED_EDGE('',*,*,#3471,.T.);
#4480=ORIENTED_EDGE('',*,*,#3470,.F.);
#4481=ORIENTED_EDGE('',*,*,#3472,.T.);
#4482=ORIENTED_EDGE('',*,*,#3473,.T.);
#4483=ORIENTED_EDGE('',*,*,#3474,.T.);
#4484=ORIENTED_EDGE('',*,*,#3473,.F.);
#4485=ORIENTED_EDGE('',*,*,#3475,.T.);
#4486=ORIENTED_EDGE('',*,*,#3476,.T.);
#4487=ORIENTED_EDGE('',*,*,#3477,.T.);
#4488=ORIENTED_EDGE('',*,*,#3476,.F.);
#4489=ORIENTED_EDGE('',*,*,#3478,.T.);
#4490=ORIENTED_EDGE('',*,*,#3479,.T.);
#4491=ORIENTED_EDGE('',*,*,#3480,.T.);
#4492=ORIENTED_EDGE('',*,*,#3479,.F.);
#4493=ORIENTED_EDGE('',*,*,#3481,.T.);
#4494=ORIENTED_EDGE('',*,*,#3482,.T.);
#4495=ORIENTED_EDGE('',*,*,#3483,.T.);
#4496=ORIENTED_EDGE('',*,*,#3482,.F.);
#4497=ORIENTED_EDGE('',*,*,#3484,.T.);
#4498=ORIENTED_EDGE('',*,*,#3485,.T.);
#4499=ORIENTED_EDGE('',*,*,#3486,.F.);
#4500=ORIENTED_EDGE('',*,*,#3487,.F.);
#4501=ORIENTED_EDGE('',*,*,#3485,.F.);
#4502=ORIENTED_EDGE('',*,*,#3488,.T.);
#4503=ORIENTED_EDGE('',*,*,#3489,.T.);
#4504=ORIENTED_EDGE('',*,*,#3490,.F.);
#4505=ORIENTED_EDGE('',*,*,#3491,.F.);
#4506=ORIENTED_EDGE('',*,*,#3489,.F.);
#4507=ORIENTED_EDGE('',*,*,#3492,.T.);
#4508=ORIENTED_EDGE('',*,*,#3493,.T.);
#4509=ORIENTED_EDGE('',*,*,#3494,.F.);
#4510=ORIENTED_EDGE('',*,*,#3495,.F.);
#4511=ORIENTED_EDGE('',*,*,#3493,.F.);
#4512=ORIENTED_EDGE('',*,*,#3496,.T.);
#4513=ORIENTED_EDGE('',*,*,#3497,.T.);
#4514=ORIENTED_EDGE('',*,*,#3498,.F.);
#4515=ORIENTED_EDGE('',*,*,#3499,.F.);
#4516=ORIENTED_EDGE('',*,*,#3497,.F.);
#4517=ORIENTED_EDGE('',*,*,#3500,.T.);
#4518=ORIENTED_EDGE('',*,*,#3501,.T.);
#4519=ORIENTED_EDGE('',*,*,#3502,.F.);
#4520=ORIENTED_EDGE('',*,*,#3503,.F.);
#4521=ORIENTED_EDGE('',*,*,#3501,.F.);
#4522=ORIENTED_EDGE('',*,*,#3504,.T.);
#4523=ORIENTED_EDGE('',*,*,#3505,.T.);
#4524=ORIENTED_EDGE('',*,*,#3506,.F.);
#4525=ORIENTED_EDGE('',*,*,#3507,.F.);
#4526=ORIENTED_EDGE('',*,*,#3505,.F.);
#4527=ORIENTED_EDGE('',*,*,#3508,.T.);
#4528=ORIENTED_EDGE('',*,*,#3509,.T.);
#4529=ORIENTED_EDGE('',*,*,#3510,.F.);
#4530=ORIENTED_EDGE('',*,*,#3511,.F.);
#4531=ORIENTED_EDGE('',*,*,#3509,.F.);
#4532=ORIENTED_EDGE('',*,*,#3512,.T.);
#4533=ORIENTED_EDGE('',*,*,#3513,.T.);
#4534=ORIENTED_EDGE('',*,*,#3514,.F.);
#4535=ORIENTED_EDGE('',*,*,#3515,.F.);
#4536=ORIENTED_EDGE('',*,*,#3513,.F.);
#4537=ORIENTED_EDGE('',*,*,#3516,.T.);
#4538=ORIENTED_EDGE('',*,*,#3517,.T.);
#4539=ORIENTED_EDGE('',*,*,#3518,.F.);
#4540=ORIENTED_EDGE('',*,*,#3519,.F.);
#4541=ORIENTED_EDGE('',*,*,#3517,.F.);
#4542=ORIENTED_EDGE('',*,*,#3520,.T.);
#4543=ORIENTED_EDGE('',*,*,#3521,.T.);
#4544=ORIENTED_EDGE('',*,*,#3522,.F.);
#4545=ORIENTED_EDGE('',*,*,#3523,.F.);
#4546=ORIENTED_EDGE('',*,*,#3521,.F.);
#4547=ORIENTED_EDGE('',*,*,#3524,.T.);
#4548=ORIENTED_EDGE('',*,*,#3525,.T.);
#4549=ORIENTED_EDGE('',*,*,#3526,.F.);
#4550=ORIENTED_EDGE('',*,*,#3527,.F.);
#4551=ORIENTED_EDGE('',*,*,#3525,.F.);
#4552=ORIENTED_EDGE('',*,*,#3528,.T.);
#4553=ORIENTED_EDGE('',*,*,#3529,.T.);
#4554=ORIENTED_EDGE('',*,*,#3530,.F.);
#4555=ORIENTED_EDGE('',*,*,#3531,.F.);
#4556=ORIENTED_EDGE('',*,*,#3529,.F.);
#4557=ORIENTED_EDGE('',*,*,#3532,.T.);
#4558=ORIENTED_EDGE('',*,*,#3533,.T.);
#4559=ORIENTED_EDGE('',*,*,#3534,.F.);
#4560=ORIENTED_EDGE('',*,*,#3535,.F.);
#4561=ORIENTED_EDGE('',*,*,#3533,.F.);
#4562=ORIENTED_EDGE('',*,*,#3536,.T.);
#4563=ORIENTED_EDGE('',*,*,#3537,.T.);
#4564=ORIENTED_EDGE('',*,*,#3538,.F.);
#4565=ORIENTED_EDGE('',*,*,#3539,.F.);
#4566=ORIENTED_EDGE('',*,*,#3537,.F.);
#4567=ORIENTED_EDGE('',*,*,#3540,.T.);
#4568=ORIENTED_EDGE('',*,*,#3541,.T.);
#4569=ORIENTED_EDGE('',*,*,#3542,.F.);
#4570=ORIENTED_EDGE('',*,*,#3543,.F.);
#4571=ORIENTED_EDGE('',*,*,#3541,.F.);
#4572=ORIENTED_EDGE('',*,*,#3544,.T.);
#4573=ORIENTED_EDGE('',*,*,#3545,.T.);
#4574=ORIENTED_EDGE('',*,*,#3546,.F.);
#4575=ORIENTED_EDGE('',*,*,#3547,.F.);
#4576=ORIENTED_EDGE('',*,*,#3545,.F.);
#4577=ORIENTED_EDGE('',*,*,#3548,.T.);
#4578=ORIENTED_EDGE('',*,*,#3549,.T.);
#4579=ORIENTED_EDGE('',*,*,#3550,.F.);
#4580=ORIENTED_EDGE('',*,*,#3551,.F.);
#4581=ORIENTED_EDGE('',*,*,#3549,.F.);
#4582=ORIENTED_EDGE('',*,*,#3552,.T.);
#4583=ORIENTED_EDGE('',*,*,#3553,.T.);
#4584=ORIENTED_EDGE('',*,*,#3554,.F.);
#4585=ORIENTED_EDGE('',*,*,#3555,.F.);
#4586=ORIENTED_EDGE('',*,*,#3553,.F.);
#4587=ORIENTED_EDGE('',*,*,#3556,.T.);
#4588=ORIENTED_EDGE('',*,*,#3557,.T.);
#4589=ORIENTED_EDGE('',*,*,#3558,.F.);
#4590=ORIENTED_EDGE('',*,*,#3559,.F.);
#4591=ORIENTED_EDGE('',*,*,#3557,.F.);
#4592=ORIENTED_EDGE('',*,*,#3560,.T.);
#4593=ORIENTED_EDGE('',*,*,#3561,.T.);
#4594=ORIENTED_EDGE('',*,*,#3562,.F.);
#4595=ORIENTED_EDGE('',*,*,#3563,.F.);
#4596=ORIENTED_EDGE('',*,*,#3561,.F.);
#4597=ORIENTED_EDGE('',*,*,#3564,.T.);
#4598=ORIENTED_EDGE('',*,*,#3565,.T.);
#4599=ORIENTED_EDGE('',*,*,#3566,.F.);
#4600=ORIENTED_EDGE('',*,*,#3567,.F.);
#4601=ORIENTED_EDGE('',*,*,#3565,.F.);
#4602=ORIENTED_EDGE('',*,*,#3568,.T.);
#4603=ORIENTED_EDGE('',*,*,#3569,.T.);
#4604=ORIENTED_EDGE('',*,*,#3570,.F.);
#4605=ORIENTED_EDGE('',*,*,#3571,.F.);
#4606=ORIENTED_EDGE('',*,*,#3569,.F.);
#4607=ORIENTED_EDGE('',*,*,#3572,.T.);
#4608=ORIENTED_EDGE('',*,*,#3573,.T.);
#4609=ORIENTED_EDGE('',*,*,#3574,.F.);
#4610=ORIENTED_EDGE('',*,*,#3575,.F.);
#4611=ORIENTED_EDGE('',*,*,#3573,.F.);
#4612=ORIENTED_EDGE('',*,*,#3576,.T.);
#4613=ORIENTED_EDGE('',*,*,#3577,.T.);
#4614=ORIENTED_EDGE('',*,*,#3578,.F.);
#4615=ORIENTED_EDGE('',*,*,#3579,.F.);
#4616=ORIENTED_EDGE('',*,*,#3577,.F.);
#4617=ORIENTED_EDGE('',*,*,#3580,.T.);
#4618=ORIENTED_EDGE('',*,*,#3581,.T.);
#4619=ORIENTED_EDGE('',*,*,#3582,.F.);
#4620=ORIENTED_EDGE('',*,*,#3583,.F.);
#4621=ORIENTED_EDGE('',*,*,#3581,.F.);
#4622=ORIENTED_EDGE('',*,*,#3584,.T.);
#4623=ORIENTED_EDGE('',*,*,#3585,.T.);
#4624=ORIENTED_EDGE('',*,*,#3586,.F.);
#4625=ORIENTED_EDGE('',*,*,#3587,.F.);
#4626=ORIENTED_EDGE('',*,*,#3585,.F.);
#4627=ORIENTED_EDGE('',*,*,#3588,.T.);
#4628=ORIENTED_EDGE('',*,*,#3589,.T.);
#4629=ORIENTED_EDGE('',*,*,#3590,.F.);
#4630=ORIENTED_EDGE('',*,*,#3591,.F.);
#4631=ORIENTED_EDGE('',*,*,#3589,.F.);
#4632=ORIENTED_EDGE('',*,*,#3592,.T.);
#4633=ORIENTED_EDGE('',*,*,#3593,.T.);
#4634=ORIENTED_EDGE('',*,*,#3594,.F.);
#4635=ORIENTED_EDGE('',*,*,#3595,.F.);
#4636=ORIENTED_EDGE('',*,*,#3593,.F.);
#4637=ORIENTED_EDGE('',*,*,#3596,.T.);
#4638=ORIENTED_EDGE('',*,*,#3597,.T.);
#4639=ORIENTED_EDGE('',*,*,#3598,.F.);
#4640=ORIENTED_EDGE('',*,*,#3599,.F.);
#4641=ORIENTED_EDGE('',*,*,#3597,.F.);
#4642=ORIENTED_EDGE('',*,*,#3600,.T.);
#4643=ORIENTED_EDGE('',*,*,#3601,.T.);
#4644=ORIENTED_EDGE('',*,*,#3602,.F.);
#4645=ORIENTED_EDGE('',*,*,#3603,.F.);
#4646=ORIENTED_EDGE('',*,*,#3601,.F.);
#4647=ORIENTED_EDGE('',*,*,#3604,.T.);
#4648=ORIENTED_EDGE('',*,*,#3605,.T.);
#4649=ORIENTED_EDGE('',*,*,#3606,.F.);
#4650=ORIENTED_EDGE('',*,*,#3607,.F.);
#4651=ORIENTED_EDGE('',*,*,#3605,.F.);
#4652=ORIENTED_EDGE('',*,*,#3608,.T.);
#4653=ORIENTED_EDGE('',*,*,#3609,.F.);
#4654=ORIENTED_EDGE('',*,*,#3610,.T.);
#4655=ORIENTED_EDGE('',*,*,#3393,.F.);
#4656=ORIENTED_EDGE('',*,*,#3610,.F.);
#4657=ORIENTED_EDGE('',*,*,#3611,.F.);
#4658=ORIENTED_EDGE('',*,*,#3612,.T.);
#4659=ORIENTED_EDGE('',*,*,#3613,.F.);
#4660=ORIENTED_EDGE('',*,*,#3614,.T.);
#4661=ORIENTED_EDGE('',*,*,#3396,.F.);
#4662=ORIENTED_EDGE('',*,*,#3614,.F.);
#4663=ORIENTED_EDGE('',*,*,#3615,.F.);
#4664=ORIENTED_EDGE('',*,*,#3616,.T.);
#4665=ORIENTED_EDGE('',*,*,#3617,.F.);
#4666=ORIENTED_EDGE('',*,*,#3618,.T.);
#4667=ORIENTED_EDGE('',*,*,#3399,.F.);
#4668=ORIENTED_EDGE('',*,*,#3618,.F.);
#4669=ORIENTED_EDGE('',*,*,#3619,.F.);
#4670=ORIENTED_EDGE('',*,*,#3620,.T.);
#4671=ORIENTED_EDGE('',*,*,#3621,.F.);
#4672=ORIENTED_EDGE('',*,*,#3622,.T.);
#4673=ORIENTED_EDGE('',*,*,#3402,.F.);
#4674=ORIENTED_EDGE('',*,*,#3622,.F.);
#4675=ORIENTED_EDGE('',*,*,#3623,.F.);
#4676=ORIENTED_EDGE('',*,*,#3624,.T.);
#4677=ORIENTED_EDGE('',*,*,#3625,.F.);
#4678=ORIENTED_EDGE('',*,*,#3626,.T.);
#4679=ORIENTED_EDGE('',*,*,#3405,.F.);
#4680=ORIENTED_EDGE('',*,*,#3626,.F.);
#4681=ORIENTED_EDGE('',*,*,#3627,.F.);
#4682=ORIENTED_EDGE('',*,*,#3628,.T.);
#4683=ORIENTED_EDGE('',*,*,#3629,.F.);
#4684=ORIENTED_EDGE('',*,*,#3630,.T.);
#4685=ORIENTED_EDGE('',*,*,#3408,.F.);
#4686=ORIENTED_EDGE('',*,*,#3630,.F.);
#4687=ORIENTED_EDGE('',*,*,#3631,.F.);
#4688=ORIENTED_EDGE('',*,*,#3632,.T.);
#4689=ORIENTED_EDGE('',*,*,#3633,.F.);
#4690=ORIENTED_EDGE('',*,*,#3634,.T.);
#4691=ORIENTED_EDGE('',*,*,#3411,.F.);
#4692=ORIENTED_EDGE('',*,*,#3634,.F.);
#4693=ORIENTED_EDGE('',*,*,#3635,.F.);
#4694=ORIENTED_EDGE('',*,*,#3636,.T.);
#4695=ORIENTED_EDGE('',*,*,#3637,.F.);
#4696=ORIENTED_EDGE('',*,*,#3638,.T.);
#4697=ORIENTED_EDGE('',*,*,#3414,.F.);
#4698=ORIENTED_EDGE('',*,*,#3638,.F.);
#4699=ORIENTED_EDGE('',*,*,#3639,.F.);
#4700=ORIENTED_EDGE('',*,*,#3640,.T.);
#4701=ORIENTED_EDGE('',*,*,#3641,.F.);
#4702=ORIENTED_EDGE('',*,*,#3642,.T.);
#4703=ORIENTED_EDGE('',*,*,#3417,.F.);
#4704=ORIENTED_EDGE('',*,*,#3642,.F.);
#4705=ORIENTED_EDGE('',*,*,#3643,.F.);
#4706=ORIENTED_EDGE('',*,*,#3644,.T.);
#4707=ORIENTED_EDGE('',*,*,#3645,.F.);
#4708=ORIENTED_EDGE('',*,*,#3646,.T.);
#4709=ORIENTED_EDGE('',*,*,#3420,.F.);
#4710=ORIENTED_EDGE('',*,*,#3646,.F.);
#4711=ORIENTED_EDGE('',*,*,#3647,.F.);
#4712=ORIENTED_EDGE('',*,*,#3648,.T.);
#4713=ORIENTED_EDGE('',*,*,#3649,.F.);
#4714=ORIENTED_EDGE('',*,*,#3650,.T.);
#4715=ORIENTED_EDGE('',*,*,#3423,.F.);
#4716=ORIENTED_EDGE('',*,*,#3650,.F.);
#4717=ORIENTED_EDGE('',*,*,#3651,.F.);
#4718=ORIENTED_EDGE('',*,*,#3652,.T.);
#4719=ORIENTED_EDGE('',*,*,#3653,.F.);
#4720=ORIENTED_EDGE('',*,*,#3654,.T.);
#4721=ORIENTED_EDGE('',*,*,#3426,.F.);
#4722=ORIENTED_EDGE('',*,*,#3654,.F.);
#4723=ORIENTED_EDGE('',*,*,#3655,.F.);
#4724=ORIENTED_EDGE('',*,*,#3656,.T.);
#4725=ORIENTED_EDGE('',*,*,#3657,.F.);
#4726=ORIENTED_EDGE('',*,*,#3658,.T.);
#4727=ORIENTED_EDGE('',*,*,#3429,.F.);
#4728=ORIENTED_EDGE('',*,*,#3658,.F.);
#4729=ORIENTED_EDGE('',*,*,#3659,.F.);
#4730=ORIENTED_EDGE('',*,*,#3660,.T.);
#4731=ORIENTED_EDGE('',*,*,#3661,.F.);
#4732=ORIENTED_EDGE('',*,*,#3662,.T.);
#4733=ORIENTED_EDGE('',*,*,#3432,.F.);
#4734=ORIENTED_EDGE('',*,*,#3662,.F.);
#4735=ORIENTED_EDGE('',*,*,#3663,.F.);
#4736=ORIENTED_EDGE('',*,*,#3664,.T.);
#4737=ORIENTED_EDGE('',*,*,#3665,.F.);
#4738=ORIENTED_EDGE('',*,*,#3666,.T.);
#4739=ORIENTED_EDGE('',*,*,#3435,.F.);
#4740=ORIENTED_EDGE('',*,*,#3666,.F.);
#4741=ORIENTED_EDGE('',*,*,#3667,.F.);
#4742=ORIENTED_EDGE('',*,*,#3668,.T.);
#4743=ORIENTED_EDGE('',*,*,#3669,.F.);
#4744=ORIENTED_EDGE('',*,*,#3670,.T.);
#4745=ORIENTED_EDGE('',*,*,#3438,.F.);
#4746=ORIENTED_EDGE('',*,*,#3670,.F.);
#4747=ORIENTED_EDGE('',*,*,#3671,.F.);
#4748=ORIENTED_EDGE('',*,*,#3672,.T.);
#4749=ORIENTED_EDGE('',*,*,#3673,.F.);
#4750=ORIENTED_EDGE('',*,*,#3674,.T.);
#4751=ORIENTED_EDGE('',*,*,#3441,.F.);
#4752=ORIENTED_EDGE('',*,*,#3674,.F.);
#4753=ORIENTED_EDGE('',*,*,#3675,.F.);
#4754=ORIENTED_EDGE('',*,*,#3676,.T.);
#4755=ORIENTED_EDGE('',*,*,#3677,.F.);
#4756=ORIENTED_EDGE('',*,*,#3678,.T.);
#4757=ORIENTED_EDGE('',*,*,#3444,.F.);
#4758=ORIENTED_EDGE('',*,*,#3678,.F.);
#4759=ORIENTED_EDGE('',*,*,#3679,.F.);
#4760=ORIENTED_EDGE('',*,*,#3680,.T.);
#4761=ORIENTED_EDGE('',*,*,#3681,.F.);
#4762=ORIENTED_EDGE('',*,*,#3682,.T.);
#4763=ORIENTED_EDGE('',*,*,#3447,.F.);
#4764=ORIENTED_EDGE('',*,*,#3682,.F.);
#4765=ORIENTED_EDGE('',*,*,#3683,.F.);
#4766=ORIENTED_EDGE('',*,*,#3684,.T.);
#4767=ORIENTED_EDGE('',*,*,#3685,.F.);
#4768=ORIENTED_EDGE('',*,*,#3686,.T.);
#4769=ORIENTED_EDGE('',*,*,#3450,.F.);
#4770=ORIENTED_EDGE('',*,*,#3686,.F.);
#4771=ORIENTED_EDGE('',*,*,#3687,.F.);
#4772=ORIENTED_EDGE('',*,*,#3688,.T.);
#4773=ORIENTED_EDGE('',*,*,#3689,.F.);
#4774=ORIENTED_EDGE('',*,*,#3690,.T.);
#4775=ORIENTED_EDGE('',*,*,#3453,.F.);
#4776=ORIENTED_EDGE('',*,*,#3690,.F.);
#4777=ORIENTED_EDGE('',*,*,#3691,.F.);
#4778=ORIENTED_EDGE('',*,*,#3692,.T.);
#4779=ORIENTED_EDGE('',*,*,#3693,.F.);
#4780=ORIENTED_EDGE('',*,*,#3694,.T.);
#4781=ORIENTED_EDGE('',*,*,#3456,.F.);
#4782=ORIENTED_EDGE('',*,*,#3694,.F.);
#4783=ORIENTED_EDGE('',*,*,#3695,.F.);
#4784=ORIENTED_EDGE('',*,*,#3696,.T.);
#4785=ORIENTED_EDGE('',*,*,#3697,.F.);
#4786=ORIENTED_EDGE('',*,*,#3698,.T.);
#4787=ORIENTED_EDGE('',*,*,#3459,.F.);
#4788=ORIENTED_EDGE('',*,*,#3698,.F.);
#4789=ORIENTED_EDGE('',*,*,#3699,.F.);
#4790=ORIENTED_EDGE('',*,*,#3700,.T.);
#4791=ORIENTED_EDGE('',*,*,#3701,.F.);
#4792=ORIENTED_EDGE('',*,*,#3702,.T.);
#4793=ORIENTED_EDGE('',*,*,#3462,.F.);
#4794=ORIENTED_EDGE('',*,*,#3702,.F.);
#4795=ORIENTED_EDGE('',*,*,#3703,.F.);
#4796=ORIENTED_EDGE('',*,*,#3704,.T.);
#4797=ORIENTED_EDGE('',*,*,#3705,.F.);
#4798=ORIENTED_EDGE('',*,*,#3706,.T.);
#4799=ORIENTED_EDGE('',*,*,#3465,.F.);
#4800=ORIENTED_EDGE('',*,*,#3706,.F.);
#4801=ORIENTED_EDGE('',*,*,#3707,.F.);
#4802=ORIENTED_EDGE('',*,*,#3708,.T.);
#4803=ORIENTED_EDGE('',*,*,#3709,.F.);
#4804=ORIENTED_EDGE('',*,*,#3710,.T.);
#4805=ORIENTED_EDGE('',*,*,#3468,.F.);
#4806=ORIENTED_EDGE('',*,*,#3710,.F.);
#4807=ORIENTED_EDGE('',*,*,#3711,.F.);
#4808=ORIENTED_EDGE('',*,*,#3712,.T.);
#4809=ORIENTED_EDGE('',*,*,#3713,.F.);
#4810=ORIENTED_EDGE('',*,*,#3714,.T.);
#4811=ORIENTED_EDGE('',*,*,#3471,.F.);
#4812=ORIENTED_EDGE('',*,*,#3714,.F.);
#4813=ORIENTED_EDGE('',*,*,#3715,.F.);
#4814=ORIENTED_EDGE('',*,*,#3716,.T.);
#4815=ORIENTED_EDGE('',*,*,#3717,.F.);
#4816=ORIENTED_EDGE('',*,*,#3718,.T.);
#4817=ORIENTED_EDGE('',*,*,#3474,.F.);
#4818=ORIENTED_EDGE('',*,*,#3718,.F.);
#4819=ORIENTED_EDGE('',*,*,#3719,.F.);
#4820=ORIENTED_EDGE('',*,*,#3720,.T.);
#4821=ORIENTED_EDGE('',*,*,#3721,.F.);
#4822=ORIENTED_EDGE('',*,*,#3722,.T.);
#4823=ORIENTED_EDGE('',*,*,#3477,.F.);
#4824=ORIENTED_EDGE('',*,*,#3722,.F.);
#4825=ORIENTED_EDGE('',*,*,#3723,.F.);
#4826=ORIENTED_EDGE('',*,*,#3724,.T.);
#4827=ORIENTED_EDGE('',*,*,#3725,.F.);
#4828=ORIENTED_EDGE('',*,*,#3726,.T.);
#4829=ORIENTED_EDGE('',*,*,#3480,.F.);
#4830=ORIENTED_EDGE('',*,*,#3726,.F.);
#4831=ORIENTED_EDGE('',*,*,#3727,.F.);
#4832=ORIENTED_EDGE('',*,*,#3728,.T.);
#4833=ORIENTED_EDGE('',*,*,#3729,.F.);
#4834=ORIENTED_EDGE('',*,*,#3730,.T.);
#4835=ORIENTED_EDGE('',*,*,#3483,.F.);
#4836=ORIENTED_EDGE('',*,*,#3730,.F.);
#4837=ORIENTED_EDGE('',*,*,#3731,.F.);
#4838=ORIENTED_EDGE('',*,*,#3732,.T.);
#4839=ORIENTED_EDGE('',*,*,#3733,.F.);
#4840=ORIENTED_EDGE('',*,*,#3734,.T.);
#4841=ORIENTED_EDGE('',*,*,#3486,.T.);
#4842=ORIENTED_EDGE('',*,*,#3487,.T.);
#4843=ORIENTED_EDGE('',*,*,#3734,.F.);
#4844=ORIENTED_EDGE('',*,*,#3735,.F.);
#4845=ORIENTED_EDGE('',*,*,#3736,.T.);
#4846=ORIENTED_EDGE('',*,*,#3737,.F.);
#4847=ORIENTED_EDGE('',*,*,#3738,.T.);
#4848=ORIENTED_EDGE('',*,*,#3490,.T.);
#4849=ORIENTED_EDGE('',*,*,#3491,.T.);
#4850=ORIENTED_EDGE('',*,*,#3738,.F.);
#4851=ORIENTED_EDGE('',*,*,#3739,.F.);
#4852=ORIENTED_EDGE('',*,*,#3740,.T.);
#4853=ORIENTED_EDGE('',*,*,#3741,.F.);
#4854=ORIENTED_EDGE('',*,*,#3742,.T.);
#4855=ORIENTED_EDGE('',*,*,#3494,.T.);
#4856=ORIENTED_EDGE('',*,*,#3495,.T.);
#4857=ORIENTED_EDGE('',*,*,#3742,.F.);
#4858=ORIENTED_EDGE('',*,*,#3743,.F.);
#4859=ORIENTED_EDGE('',*,*,#3744,.T.);
#4860=ORIENTED_EDGE('',*,*,#3745,.F.);
#4861=ORIENTED_EDGE('',*,*,#3746,.T.);
#4862=ORIENTED_EDGE('',*,*,#3498,.T.);
#4863=ORIENTED_EDGE('',*,*,#3499,.T.);
#4864=ORIENTED_EDGE('',*,*,#3746,.F.);
#4865=ORIENTED_EDGE('',*,*,#3747,.F.);
#4866=ORIENTED_EDGE('',*,*,#3748,.T.);
#4867=ORIENTED_EDGE('',*,*,#3749,.F.);
#4868=ORIENTED_EDGE('',*,*,#3750,.T.);
#4869=ORIENTED_EDGE('',*,*,#3502,.T.);
#4870=ORIENTED_EDGE('',*,*,#3503,.T.);
#4871=ORIENTED_EDGE('',*,*,#3750,.F.);
#4872=ORIENTED_EDGE('',*,*,#3751,.F.);
#4873=ORIENTED_EDGE('',*,*,#3752,.T.);
#4874=ORIENTED_EDGE('',*,*,#3753,.F.);
#4875=ORIENTED_EDGE('',*,*,#3754,.T.);
#4876=ORIENTED_EDGE('',*,*,#3506,.T.);
#4877=ORIENTED_EDGE('',*,*,#3507,.T.);
#4878=ORIENTED_EDGE('',*,*,#3754,.F.);
#4879=ORIENTED_EDGE('',*,*,#3755,.F.);
#4880=ORIENTED_EDGE('',*,*,#3756,.T.);
#4881=ORIENTED_EDGE('',*,*,#3757,.F.);
#4882=ORIENTED_EDGE('',*,*,#3758,.T.);
#4883=ORIENTED_EDGE('',*,*,#3510,.T.);
#4884=ORIENTED_EDGE('',*,*,#3511,.T.);
#4885=ORIENTED_EDGE('',*,*,#3758,.F.);
#4886=ORIENTED_EDGE('',*,*,#3759,.F.);
#4887=ORIENTED_EDGE('',*,*,#3760,.T.);
#4888=ORIENTED_EDGE('',*,*,#3761,.F.);
#4889=ORIENTED_EDGE('',*,*,#3762,.T.);
#4890=ORIENTED_EDGE('',*,*,#3514,.T.);
#4891=ORIENTED_EDGE('',*,*,#3515,.T.);
#4892=ORIENTED_EDGE('',*,*,#3762,.F.);
#4893=ORIENTED_EDGE('',*,*,#3763,.F.);
#4894=ORIENTED_EDGE('',*,*,#3764,.T.);
#4895=ORIENTED_EDGE('',*,*,#3765,.F.);
#4896=ORIENTED_EDGE('',*,*,#3766,.T.);
#4897=ORIENTED_EDGE('',*,*,#3518,.T.);
#4898=ORIENTED_EDGE('',*,*,#3519,.T.);
#4899=ORIENTED_EDGE('',*,*,#3766,.F.);
#4900=ORIENTED_EDGE('',*,*,#3767,.F.);
#4901=ORIENTED_EDGE('',*,*,#3768,.T.);
#4902=ORIENTED_EDGE('',*,*,#3769,.F.);
#4903=ORIENTED_EDGE('',*,*,#3770,.T.);
#4904=ORIENTED_EDGE('',*,*,#3522,.T.);
#4905=ORIENTED_EDGE('',*,*,#3523,.T.);
#4906=ORIENTED_EDGE('',*,*,#3770,.F.);
#4907=ORIENTED_EDGE('',*,*,#3771,.F.);
#4908=ORIENTED_EDGE('',*,*,#3772,.T.);
#4909=ORIENTED_EDGE('',*,*,#3773,.F.);
#4910=ORIENTED_EDGE('',*,*,#3774,.T.);
#4911=ORIENTED_EDGE('',*,*,#3526,.T.);
#4912=ORIENTED_EDGE('',*,*,#3527,.T.);
#4913=ORIENTED_EDGE('',*,*,#3774,.F.);
#4914=ORIENTED_EDGE('',*,*,#3775,.F.);
#4915=ORIENTED_EDGE('',*,*,#3776,.T.);
#4916=ORIENTED_EDGE('',*,*,#3777,.F.);
#4917=ORIENTED_EDGE('',*,*,#3778,.T.);
#4918=ORIENTED_EDGE('',*,*,#3530,.T.);
#4919=ORIENTED_EDGE('',*,*,#3531,.T.);
#4920=ORIENTED_EDGE('',*,*,#3778,.F.);
#4921=ORIENTED_EDGE('',*,*,#3779,.F.);
#4922=ORIENTED_EDGE('',*,*,#3780,.T.);
#4923=ORIENTED_EDGE('',*,*,#3781,.F.);
#4924=ORIENTED_EDGE('',*,*,#3782,.T.);
#4925=ORIENTED_EDGE('',*,*,#3534,.T.);
#4926=ORIENTED_EDGE('',*,*,#3535,.T.);
#4927=ORIENTED_EDGE('',*,*,#3782,.F.);
#4928=ORIENTED_EDGE('',*,*,#3783,.F.);
#4929=ORIENTED_EDGE('',*,*,#3784,.T.);
#4930=ORIENTED_EDGE('',*,*,#3785,.F.);
#4931=ORIENTED_EDGE('',*,*,#3786,.T.);
#4932=ORIENTED_EDGE('',*,*,#3538,.T.);
#4933=ORIENTED_EDGE('',*,*,#3539,.T.);
#4934=ORIENTED_EDGE('',*,*,#3786,.F.);
#4935=ORIENTED_EDGE('',*,*,#3787,.F.);
#4936=ORIENTED_EDGE('',*,*,#3788,.T.);
#4937=ORIENTED_EDGE('',*,*,#3789,.F.);
#4938=ORIENTED_EDGE('',*,*,#3790,.T.);
#4939=ORIENTED_EDGE('',*,*,#3542,.T.);
#4940=ORIENTED_EDGE('',*,*,#3543,.T.);
#4941=ORIENTED_EDGE('',*,*,#3790,.F.);
#4942=ORIENTED_EDGE('',*,*,#3791,.F.);
#4943=ORIENTED_EDGE('',*,*,#3792,.T.);
#4944=ORIENTED_EDGE('',*,*,#3793,.F.);
#4945=ORIENTED_EDGE('',*,*,#3794,.T.);
#4946=ORIENTED_EDGE('',*,*,#3546,.T.);
#4947=ORIENTED_EDGE('',*,*,#3547,.T.);
#4948=ORIENTED_EDGE('',*,*,#3794,.F.);
#4949=ORIENTED_EDGE('',*,*,#3795,.F.);
#4950=ORIENTED_EDGE('',*,*,#3796,.T.);
#4951=ORIENTED_EDGE('',*,*,#3797,.F.);
#4952=ORIENTED_EDGE('',*,*,#3798,.T.);
#4953=ORIENTED_EDGE('',*,*,#3550,.T.);
#4954=ORIENTED_EDGE('',*,*,#3551,.T.);
#4955=ORIENTED_EDGE('',*,*,#3798,.F.);
#4956=ORIENTED_EDGE('',*,*,#3799,.F.);
#4957=ORIENTED_EDGE('',*,*,#3800,.T.);
#4958=ORIENTED_EDGE('',*,*,#3801,.F.);
#4959=ORIENTED_EDGE('',*,*,#3802,.T.);
#4960=ORIENTED_EDGE('',*,*,#3554,.T.);
#4961=ORIENTED_EDGE('',*,*,#3555,.T.);
#4962=ORIENTED_EDGE('',*,*,#3802,.F.);
#4963=ORIENTED_EDGE('',*,*,#3803,.F.);
#4964=ORIENTED_EDGE('',*,*,#3804,.T.);
#4965=ORIENTED_EDGE('',*,*,#3805,.F.);
#4966=ORIENTED_EDGE('',*,*,#3806,.T.);
#4967=ORIENTED_EDGE('',*,*,#3558,.T.);
#4968=ORIENTED_EDGE('',*,*,#3559,.T.);
#4969=ORIENTED_EDGE('',*,*,#3806,.F.);
#4970=ORIENTED_EDGE('',*,*,#3807,.F.);
#4971=ORIENTED_EDGE('',*,*,#3808,.T.);
#4972=ORIENTED_EDGE('',*,*,#3809,.F.);
#4973=ORIENTED_EDGE('',*,*,#3810,.T.);
#4974=ORIENTED_EDGE('',*,*,#3562,.T.);
#4975=ORIENTED_EDGE('',*,*,#3563,.T.);
#4976=ORIENTED_EDGE('',*,*,#3810,.F.);
#4977=ORIENTED_EDGE('',*,*,#3811,.F.);
#4978=ORIENTED_EDGE('',*,*,#3812,.T.);
#4979=ORIENTED_EDGE('',*,*,#3813,.F.);
#4980=ORIENTED_EDGE('',*,*,#3814,.T.);
#4981=ORIENTED_EDGE('',*,*,#3566,.T.);
#4982=ORIENTED_EDGE('',*,*,#3567,.T.);
#4983=ORIENTED_EDGE('',*,*,#3814,.F.);
#4984=ORIENTED_EDGE('',*,*,#3815,.F.);
#4985=ORIENTED_EDGE('',*,*,#3816,.T.);
#4986=ORIENTED_EDGE('',*,*,#3817,.F.);
#4987=ORIENTED_EDGE('',*,*,#3818,.T.);
#4988=ORIENTED_EDGE('',*,*,#3570,.T.);
#4989=ORIENTED_EDGE('',*,*,#3571,.T.);
#4990=ORIENTED_EDGE('',*,*,#3818,.F.);
#4991=ORIENTED_EDGE('',*,*,#3819,.F.);
#4992=ORIENTED_EDGE('',*,*,#3820,.T.);
#4993=ORIENTED_EDGE('',*,*,#3821,.F.);
#4994=ORIENTED_EDGE('',*,*,#3822,.T.);
#4995=ORIENTED_EDGE('',*,*,#3574,.T.);
#4996=ORIENTED_EDGE('',*,*,#3575,.T.);
#4997=ORIENTED_EDGE('',*,*,#3822,.F.);
#4998=ORIENTED_EDGE('',*,*,#3823,.F.);
#4999=ORIENTED_EDGE('',*,*,#3824,.T.);
#5000=ORIENTED_EDGE('',*,*,#3825,.F.);
#5001=ORIENTED_EDGE('',*,*,#3826,.T.);
#5002=ORIENTED_EDGE('',*,*,#3578,.T.);
#5003=ORIENTED_EDGE('',*,*,#3579,.T.);
#5004=ORIENTED_EDGE('',*,*,#3826,.F.);
#5005=ORIENTED_EDGE('',*,*,#3827,.F.);
#5006=ORIENTED_EDGE('',*,*,#3828,.T.);
#5007=ORIENTED_EDGE('',*,*,#3829,.F.);
#5008=ORIENTED_EDGE('',*,*,#3830,.T.);
#5009=ORIENTED_EDGE('',*,*,#3582,.T.);
#5010=ORIENTED_EDGE('',*,*,#3583,.T.);
#5011=ORIENTED_EDGE('',*,*,#3830,.F.);
#5012=ORIENTED_EDGE('',*,*,#3831,.F.);
#5013=ORIENTED_EDGE('',*,*,#3832,.T.);
#5014=ORIENTED_EDGE('',*,*,#3833,.F.);
#5015=ORIENTED_EDGE('',*,*,#3834,.T.);
#5016=ORIENTED_EDGE('',*,*,#3586,.T.);
#5017=ORIENTED_EDGE('',*,*,#3587,.T.);
#5018=ORIENTED_EDGE('',*,*,#3834,.F.);
#5019=ORIENTED_EDGE('',*,*,#3835,.F.);
#5020=ORIENTED_EDGE('',*,*,#3836,.T.);
#5021=ORIENTED_EDGE('',*,*,#3837,.F.);
#5022=ORIENTED_EDGE('',*,*,#3838,.T.);
#5023=ORIENTED_EDGE('',*,*,#3590,.T.);
#5024=ORIENTED_EDGE('',*,*,#3591,.T.);
#5025=ORIENTED_EDGE('',*,*,#3838,.F.);
#5026=ORIENTED_EDGE('',*,*,#3839,.F.);
#5027=ORIENTED_EDGE('',*,*,#3840,.T.);
#5028=ORIENTED_EDGE('',*,*,#3841,.F.);
#5029=ORIENTED_EDGE('',*,*,#3842,.T.);
#5030=ORIENTED_EDGE('',*,*,#3594,.T.);
#5031=ORIENTED_EDGE('',*,*,#3595,.T.);
#5032=ORIENTED_EDGE('',*,*,#3842,.F.);
#5033=ORIENTED_EDGE('',*,*,#3843,.F.);
#5034=ORIENTED_EDGE('',*,*,#3844,.T.);
#5035=ORIENTED_EDGE('',*,*,#3845,.F.);
#5036=ORIENTED_EDGE('',*,*,#3846,.T.);
#5037=ORIENTED_EDGE('',*,*,#3598,.T.);
#5038=ORIENTED_EDGE('',*,*,#3599,.T.);
#5039=ORIENTED_EDGE('',*,*,#3846,.F.);
#5040=ORIENTED_EDGE('',*,*,#3847,.F.);
#5041=ORIENTED_EDGE('',*,*,#3848,.T.);
#5042=ORIENTED_EDGE('',*,*,#3849,.F.);
#5043=ORIENTED_EDGE('',*,*,#3850,.T.);
#5044=ORIENTED_EDGE('',*,*,#3602,.T.);
#5045=ORIENTED_EDGE('',*,*,#3603,.T.);
#5046=ORIENTED_EDGE('',*,*,#3850,.F.);
#5047=ORIENTED_EDGE('',*,*,#3851,.F.);
#5048=ORIENTED_EDGE('',*,*,#3852,.T.);
#5049=ORIENTED_EDGE('',*,*,#3853,.F.);
#5050=ORIENTED_EDGE('',*,*,#3854,.T.);
#5051=ORIENTED_EDGE('',*,*,#3606,.T.);
#5052=ORIENTED_EDGE('',*,*,#3607,.T.);
#5053=ORIENTED_EDGE('',*,*,#3854,.F.);
#5054=ORIENTED_EDGE('',*,*,#3855,.F.);
#5055=ORIENTED_EDGE('',*,*,#3856,.T.);
#5056=ORIENTED_EDGE('',*,*,#3857,.T.);
#5057=ORIENTED_EDGE('',*,*,#3858,.T.);
#5058=ORIENTED_EDGE('',*,*,#3859,.T.);
#5059=ORIENTED_EDGE('',*,*,#3860,.F.);
#5060=ORIENTED_EDGE('',*,*,#3861,.F.);
#5061=ORIENTED_EDGE('',*,*,#3862,.F.);
#5062=ORIENTED_EDGE('',*,*,#3863,.F.);
#5063=ORIENTED_EDGE('',*,*,#3864,.F.);
#5064=ORIENTED_EDGE('',*,*,#3727,.T.);
#5065=ORIENTED_EDGE('',*,*,#3725,.T.);
#5066=ORIENTED_EDGE('',*,*,#3865,.F.);
#5067=ORIENTED_EDGE('',*,*,#3719,.T.);
#5068=ORIENTED_EDGE('',*,*,#3717,.T.);
#5069=ORIENTED_EDGE('',*,*,#3866,.F.);
#5070=ORIENTED_EDGE('',*,*,#3711,.T.);
#5071=ORIENTED_EDGE('',*,*,#3709,.T.);
#5072=ORIENTED_EDGE('',*,*,#3867,.F.);
#5073=ORIENTED_EDGE('',*,*,#3703,.T.);
#5074=ORIENTED_EDGE('',*,*,#3701,.T.);
#5075=ORIENTED_EDGE('',*,*,#3868,.F.);
#5076=ORIENTED_EDGE('',*,*,#3695,.T.);
#5077=ORIENTED_EDGE('',*,*,#3693,.T.);
#5078=ORIENTED_EDGE('',*,*,#3869,.F.);
#5079=ORIENTED_EDGE('',*,*,#3687,.T.);
#5080=ORIENTED_EDGE('',*,*,#3685,.T.);
#5081=ORIENTED_EDGE('',*,*,#3870,.F.);
#5082=ORIENTED_EDGE('',*,*,#3679,.T.);
#5083=ORIENTED_EDGE('',*,*,#3677,.T.);
#5084=ORIENTED_EDGE('',*,*,#3871,.F.);
#5085=ORIENTED_EDGE('',*,*,#3671,.T.);
#5086=ORIENTED_EDGE('',*,*,#3669,.T.);
#5087=ORIENTED_EDGE('',*,*,#3872,.T.);
#5088=ORIENTED_EDGE('',*,*,#3663,.T.);
#5089=ORIENTED_EDGE('',*,*,#3661,.T.);
#5090=ORIENTED_EDGE('',*,*,#3873,.T.);
#5091=ORIENTED_EDGE('',*,*,#3655,.T.);
#5092=ORIENTED_EDGE('',*,*,#3653,.T.);
#5093=ORIENTED_EDGE('',*,*,#3874,.T.);
#5094=ORIENTED_EDGE('',*,*,#3647,.T.);
#5095=ORIENTED_EDGE('',*,*,#3645,.T.);
#5096=ORIENTED_EDGE('',*,*,#3875,.T.);
#5097=ORIENTED_EDGE('',*,*,#3639,.T.);
#5098=ORIENTED_EDGE('',*,*,#3637,.T.);
#5099=ORIENTED_EDGE('',*,*,#3876,.T.);
#5100=ORIENTED_EDGE('',*,*,#3631,.T.);
#5101=ORIENTED_EDGE('',*,*,#3629,.T.);
#5102=ORIENTED_EDGE('',*,*,#3877,.T.);
#5103=ORIENTED_EDGE('',*,*,#3623,.T.);
#5104=ORIENTED_EDGE('',*,*,#3621,.T.);
#5105=ORIENTED_EDGE('',*,*,#3878,.T.);
#5106=ORIENTED_EDGE('',*,*,#3615,.T.);
#5107=ORIENTED_EDGE('',*,*,#3613,.T.);
#5108=ORIENTED_EDGE('',*,*,#3879,.F.);
#5109=ORIENTED_EDGE('',*,*,#3880,.F.);
#5110=ORIENTED_EDGE('',*,*,#3881,.F.);
#5111=ORIENTED_EDGE('',*,*,#3882,.F.);
#5112=ORIENTED_EDGE('',*,*,#3883,.F.);
#5113=ORIENTED_EDGE('',*,*,#3884,.F.);
#5114=ORIENTED_EDGE('',*,*,#3885,.F.);
#5115=ORIENTED_EDGE('',*,*,#3886,.F.);
#5116=ORIENTED_EDGE('',*,*,#3887,.F.);
#5117=ORIENTED_EDGE('',*,*,#3888,.F.);
#5118=ORIENTED_EDGE('',*,*,#3889,.F.);
#5119=ORIENTED_EDGE('',*,*,#3890,.F.);
#5120=ORIENTED_EDGE('',*,*,#3891,.F.);
#5121=ORIENTED_EDGE('',*,*,#3892,.F.);
#5122=ORIENTED_EDGE('',*,*,#3893,.F.);
#5123=ORIENTED_EDGE('',*,*,#3894,.F.);
#5124=ORIENTED_EDGE('',*,*,#3895,.F.);
#5125=ORIENTED_EDGE('',*,*,#3896,.F.);
#5126=ORIENTED_EDGE('',*,*,#3897,.F.);
#5127=ORIENTED_EDGE('',*,*,#3898,.F.);
#5128=ORIENTED_EDGE('',*,*,#3899,.F.);
#5129=ORIENTED_EDGE('',*,*,#3900,.F.);
#5130=ORIENTED_EDGE('',*,*,#3901,.F.);
#5131=ORIENTED_EDGE('',*,*,#3902,.F.);
#5132=ORIENTED_EDGE('',*,*,#3903,.F.);
#5133=ORIENTED_EDGE('',*,*,#3904,.F.);
#5134=ORIENTED_EDGE('',*,*,#3905,.F.);
#5135=ORIENTED_EDGE('',*,*,#3906,.F.);
#5136=ORIENTED_EDGE('',*,*,#3907,.T.);
#5137=ORIENTED_EDGE('',*,*,#3611,.T.);
#5138=ORIENTED_EDGE('',*,*,#3609,.T.);
#5139=ORIENTED_EDGE('',*,*,#3908,.T.);
#5140=ORIENTED_EDGE('',*,*,#3619,.T.);
#5141=ORIENTED_EDGE('',*,*,#3617,.T.);
#5142=ORIENTED_EDGE('',*,*,#3909,.T.);
#5143=ORIENTED_EDGE('',*,*,#3627,.T.);
#5144=ORIENTED_EDGE('',*,*,#3625,.T.);
#5145=ORIENTED_EDGE('',*,*,#3910,.T.);
#5146=ORIENTED_EDGE('',*,*,#3635,.T.);
#5147=ORIENTED_EDGE('',*,*,#3633,.T.);
#5148=ORIENTED_EDGE('',*,*,#3911,.T.);
#5149=ORIENTED_EDGE('',*,*,#3643,.T.);
#5150=ORIENTED_EDGE('',*,*,#3641,.T.);
#5151=ORIENTED_EDGE('',*,*,#3912,.T.);
#5152=ORIENTED_EDGE('',*,*,#3651,.T.);
#5153=ORIENTED_EDGE('',*,*,#3649,.T.);
#5154=ORIENTED_EDGE('',*,*,#3913,.T.);
#5155=ORIENTED_EDGE('',*,*,#3659,.T.);
#5156=ORIENTED_EDGE('',*,*,#3657,.T.);
#5157=ORIENTED_EDGE('',*,*,#3914,.T.);
#5158=ORIENTED_EDGE('',*,*,#3667,.T.);
#5159=ORIENTED_EDGE('',*,*,#3665,.T.);
#5160=ORIENTED_EDGE('',*,*,#3915,.F.);
#5161=ORIENTED_EDGE('',*,*,#3675,.T.);
#5162=ORIENTED_EDGE('',*,*,#3673,.T.);
#5163=ORIENTED_EDGE('',*,*,#3916,.F.);
#5164=ORIENTED_EDGE('',*,*,#3683,.T.);
#5165=ORIENTED_EDGE('',*,*,#3681,.T.);
#5166=ORIENTED_EDGE('',*,*,#3917,.F.);
#5167=ORIENTED_EDGE('',*,*,#3691,.T.);
#5168=ORIENTED_EDGE('',*,*,#3689,.T.);
#5169=ORIENTED_EDGE('',*,*,#3918,.F.);
#5170=ORIENTED_EDGE('',*,*,#3699,.T.);
#5171=ORIENTED_EDGE('',*,*,#3697,.T.);
#5172=ORIENTED_EDGE('',*,*,#3919,.F.);
#5173=ORIENTED_EDGE('',*,*,#3707,.T.);
#5174=ORIENTED_EDGE('',*,*,#3705,.T.);
#5175=ORIENTED_EDGE('',*,*,#3920,.F.);
#5176=ORIENTED_EDGE('',*,*,#3715,.T.);
#5177=ORIENTED_EDGE('',*,*,#3713,.T.);
#5178=ORIENTED_EDGE('',*,*,#3921,.F.);
#5179=ORIENTED_EDGE('',*,*,#3723,.T.);
#5180=ORIENTED_EDGE('',*,*,#3721,.T.);
#5181=ORIENTED_EDGE('',*,*,#3922,.F.);
#5182=ORIENTED_EDGE('',*,*,#3731,.T.);
#5183=ORIENTED_EDGE('',*,*,#3729,.T.);
#5184=ORIENTED_EDGE('',*,*,#3732,.F.);
#5185=ORIENTED_EDGE('',*,*,#3923,.T.);
#5186=ORIENTED_EDGE('',*,*,#3736,.F.);
#5187=ORIENTED_EDGE('',*,*,#3924,.T.);
#5188=ORIENTED_EDGE('',*,*,#3740,.F.);
#5189=ORIENTED_EDGE('',*,*,#3925,.T.);
#5190=ORIENTED_EDGE('',*,*,#3744,.F.);
#5191=ORIENTED_EDGE('',*,*,#3926,.T.);
#5192=ORIENTED_EDGE('',*,*,#3748,.F.);
#5193=ORIENTED_EDGE('',*,*,#3927,.T.);
#5194=ORIENTED_EDGE('',*,*,#3752,.F.);
#5195=ORIENTED_EDGE('',*,*,#3928,.T.);
#5196=ORIENTED_EDGE('',*,*,#3756,.F.);
#5197=ORIENTED_EDGE('',*,*,#3929,.T.);
#5198=ORIENTED_EDGE('',*,*,#3760,.F.);
#5199=ORIENTED_EDGE('',*,*,#3930,.T.);
#5200=ORIENTED_EDGE('',*,*,#3764,.F.);
#5201=ORIENTED_EDGE('',*,*,#3931,.T.);
#5202=ORIENTED_EDGE('',*,*,#3768,.F.);
#5203=ORIENTED_EDGE('',*,*,#3932,.T.);
#5204=ORIENTED_EDGE('',*,*,#3772,.F.);
#5205=ORIENTED_EDGE('',*,*,#3933,.T.);
#5206=ORIENTED_EDGE('',*,*,#3776,.F.);
#5207=ORIENTED_EDGE('',*,*,#3934,.T.);
#5208=ORIENTED_EDGE('',*,*,#3780,.F.);
#5209=ORIENTED_EDGE('',*,*,#3935,.T.);
#5210=ORIENTED_EDGE('',*,*,#3784,.F.);
#5211=ORIENTED_EDGE('',*,*,#3936,.T.);
#5212=ORIENTED_EDGE('',*,*,#3788,.F.);
#5213=ORIENTED_EDGE('',*,*,#3937,.T.);
#5214=ORIENTED_EDGE('',*,*,#3792,.F.);
#5215=ORIENTED_EDGE('',*,*,#3938,.F.);
#5216=ORIENTED_EDGE('',*,*,#3796,.F.);
#5217=ORIENTED_EDGE('',*,*,#3939,.F.);
#5218=ORIENTED_EDGE('',*,*,#3800,.F.);
#5219=ORIENTED_EDGE('',*,*,#3940,.F.);
#5220=ORIENTED_EDGE('',*,*,#3804,.F.);
#5221=ORIENTED_EDGE('',*,*,#3941,.F.);
#5222=ORIENTED_EDGE('',*,*,#3808,.F.);
#5223=ORIENTED_EDGE('',*,*,#3942,.F.);
#5224=ORIENTED_EDGE('',*,*,#3812,.F.);
#5225=ORIENTED_EDGE('',*,*,#3943,.F.);
#5226=ORIENTED_EDGE('',*,*,#3816,.F.);
#5227=ORIENTED_EDGE('',*,*,#3944,.F.);
#5228=ORIENTED_EDGE('',*,*,#3820,.F.);
#5229=ORIENTED_EDGE('',*,*,#3945,.F.);
#5230=ORIENTED_EDGE('',*,*,#3824,.F.);
#5231=ORIENTED_EDGE('',*,*,#3946,.F.);
#5232=ORIENTED_EDGE('',*,*,#3828,.F.);
#5233=ORIENTED_EDGE('',*,*,#3947,.F.);
#5234=ORIENTED_EDGE('',*,*,#3832,.F.);
#5235=ORIENTED_EDGE('',*,*,#3948,.F.);
#5236=ORIENTED_EDGE('',*,*,#3836,.F.);
#5237=ORIENTED_EDGE('',*,*,#3949,.F.);
#5238=ORIENTED_EDGE('',*,*,#3840,.F.);
#5239=ORIENTED_EDGE('',*,*,#3950,.F.);
#5240=ORIENTED_EDGE('',*,*,#3844,.F.);
#5241=ORIENTED_EDGE('',*,*,#3951,.F.);
#5242=ORIENTED_EDGE('',*,*,#3848,.F.);
#5243=ORIENTED_EDGE('',*,*,#3952,.F.);
#5244=ORIENTED_EDGE('',*,*,#3852,.F.);
#5245=ORIENTED_EDGE('',*,*,#3953,.F.);
#5246=ORIENTED_EDGE('',*,*,#3954,.T.);
#5247=ORIENTED_EDGE('',*,*,#3955,.T.);
#5248=ORIENTED_EDGE('',*,*,#3956,.T.);
#5249=ORIENTED_EDGE('',*,*,#3957,.T.);
#5250=ORIENTED_EDGE('',*,*,#3958,.F.);
#5251=ORIENTED_EDGE('',*,*,#3959,.F.);
#5252=ORIENTED_EDGE('',*,*,#3960,.F.);
#5253=ORIENTED_EDGE('',*,*,#3961,.F.);
#5254=ORIENTED_EDGE('',*,*,#3962,.T.);
#5255=ORIENTED_EDGE('',*,*,#3963,.T.);
#5256=ORIENTED_EDGE('',*,*,#3964,.T.);
#5257=ORIENTED_EDGE('',*,*,#3965,.T.);
#5258=ORIENTED_EDGE('',*,*,#3966,.T.);
#5259=ORIENTED_EDGE('',*,*,#3967,.T.);
#5260=ORIENTED_EDGE('',*,*,#3968,.T.);
#5261=ORIENTED_EDGE('',*,*,#3969,.T.);
#5262=ORIENTED_EDGE('',*,*,#3970,.T.);
#5263=ORIENTED_EDGE('',*,*,#3971,.T.);
#5264=ORIENTED_EDGE('',*,*,#3972,.T.);
#5265=ORIENTED_EDGE('',*,*,#3391,.F.);
#5266=ORIENTED_EDGE('',*,*,#3394,.F.);
#5267=ORIENTED_EDGE('',*,*,#3397,.F.);
#5268=ORIENTED_EDGE('',*,*,#3400,.F.);
#5269=ORIENTED_EDGE('',*,*,#3403,.F.);
#5270=ORIENTED_EDGE('',*,*,#3406,.F.);
#5271=ORIENTED_EDGE('',*,*,#3409,.F.);
#5272=ORIENTED_EDGE('',*,*,#3412,.F.);
#5273=ORIENTED_EDGE('',*,*,#3415,.F.);
#5274=ORIENTED_EDGE('',*,*,#3418,.F.);
#5275=ORIENTED_EDGE('',*,*,#3421,.F.);
#5276=ORIENTED_EDGE('',*,*,#3424,.F.);
#5277=ORIENTED_EDGE('',*,*,#3427,.F.);
#5278=ORIENTED_EDGE('',*,*,#3430,.F.);
#5279=ORIENTED_EDGE('',*,*,#3433,.F.);
#5280=ORIENTED_EDGE('',*,*,#3436,.F.);
#5281=ORIENTED_EDGE('',*,*,#3439,.F.);
#5282=ORIENTED_EDGE('',*,*,#3442,.F.);
#5283=ORIENTED_EDGE('',*,*,#3445,.F.);
#5284=ORIENTED_EDGE('',*,*,#3448,.F.);
#5285=ORIENTED_EDGE('',*,*,#3451,.F.);
#5286=ORIENTED_EDGE('',*,*,#3454,.F.);
#5287=ORIENTED_EDGE('',*,*,#3457,.F.);
#5288=ORIENTED_EDGE('',*,*,#3460,.F.);
#5289=ORIENTED_EDGE('',*,*,#3463,.F.);
#5290=ORIENTED_EDGE('',*,*,#3466,.F.);
#5291=ORIENTED_EDGE('',*,*,#3469,.F.);
#5292=ORIENTED_EDGE('',*,*,#3472,.F.);
#5293=ORIENTED_EDGE('',*,*,#3475,.F.);
#5294=ORIENTED_EDGE('',*,*,#3478,.F.);
#5295=ORIENTED_EDGE('',*,*,#3481,.F.);
#5296=ORIENTED_EDGE('',*,*,#3484,.F.);
#5297=ORIENTED_EDGE('',*,*,#3488,.F.);
#5298=ORIENTED_EDGE('',*,*,#3492,.F.);
#5299=ORIENTED_EDGE('',*,*,#3496,.F.);
#5300=ORIENTED_EDGE('',*,*,#3500,.F.);
#5301=ORIENTED_EDGE('',*,*,#3504,.F.);
#5302=ORIENTED_EDGE('',*,*,#3508,.F.);
#5303=ORIENTED_EDGE('',*,*,#3512,.F.);
#5304=ORIENTED_EDGE('',*,*,#3516,.F.);
#5305=ORIENTED_EDGE('',*,*,#3520,.F.);
#5306=ORIENTED_EDGE('',*,*,#3524,.F.);
#5307=ORIENTED_EDGE('',*,*,#3528,.F.);
#5308=ORIENTED_EDGE('',*,*,#3532,.F.);
#5309=ORIENTED_EDGE('',*,*,#3536,.F.);
#5310=ORIENTED_EDGE('',*,*,#3540,.F.);
#5311=ORIENTED_EDGE('',*,*,#3544,.F.);
#5312=ORIENTED_EDGE('',*,*,#3548,.F.);
#5313=ORIENTED_EDGE('',*,*,#3552,.F.);
#5314=ORIENTED_EDGE('',*,*,#3556,.F.);
#5315=ORIENTED_EDGE('',*,*,#3560,.F.);
#5316=ORIENTED_EDGE('',*,*,#3564,.F.);
#5317=ORIENTED_EDGE('',*,*,#3568,.F.);
#5318=ORIENTED_EDGE('',*,*,#3572,.F.);
#5319=ORIENTED_EDGE('',*,*,#3576,.F.);
#5320=ORIENTED_EDGE('',*,*,#3580,.F.);
#5321=ORIENTED_EDGE('',*,*,#3584,.F.);
#5322=ORIENTED_EDGE('',*,*,#3588,.F.);
#5323=ORIENTED_EDGE('',*,*,#3592,.F.);
#5324=ORIENTED_EDGE('',*,*,#3596,.F.);
#5325=ORIENTED_EDGE('',*,*,#3600,.F.);
#5326=ORIENTED_EDGE('',*,*,#3604,.F.);
#5327=ORIENTED_EDGE('',*,*,#3860,.T.);
#5328=ORIENTED_EDGE('',*,*,#3973,.F.);
#5329=ORIENTED_EDGE('',*,*,#3954,.F.);
#5330=ORIENTED_EDGE('',*,*,#3974,.T.);
#5331=ORIENTED_EDGE('',*,*,#3863,.T.);
#5332=ORIENTED_EDGE('',*,*,#3975,.F.);
#5333=ORIENTED_EDGE('',*,*,#3955,.F.);
#5334=ORIENTED_EDGE('',*,*,#3973,.T.);
#5335=ORIENTED_EDGE('',*,*,#3862,.T.);
#5336=ORIENTED_EDGE('',*,*,#3976,.F.);
#5337=ORIENTED_EDGE('',*,*,#3956,.F.);
#5338=ORIENTED_EDGE('',*,*,#3975,.T.);
#5339=ORIENTED_EDGE('',*,*,#3861,.T.);
#5340=ORIENTED_EDGE('',*,*,#3974,.F.);
#5341=ORIENTED_EDGE('',*,*,#3957,.F.);
#5342=ORIENTED_EDGE('',*,*,#3976,.T.);
#5343=ORIENTED_EDGE('',*,*,#3958,.T.);
#5344=ORIENTED_EDGE('',*,*,#3977,.F.);
#5345=ORIENTED_EDGE('',*,*,#3978,.F.);
#5346=ORIENTED_EDGE('',*,*,#3979,.T.);
#5347=ORIENTED_EDGE('',*,*,#3959,.T.);
#5348=ORIENTED_EDGE('',*,*,#3979,.F.);
#5349=ORIENTED_EDGE('',*,*,#3980,.F.);
#5350=ORIENTED_EDGE('',*,*,#3981,.T.);
#5351=ORIENTED_EDGE('',*,*,#3960,.T.);
#5352=ORIENTED_EDGE('',*,*,#3981,.F.);
#5353=ORIENTED_EDGE('',*,*,#3982,.F.);
#5354=ORIENTED_EDGE('',*,*,#3983,.T.);
#5355=ORIENTED_EDGE('',*,*,#3961,.T.);
#5356=ORIENTED_EDGE('',*,*,#3983,.F.);
#5357=ORIENTED_EDGE('',*,*,#3984,.F.);
#5358=ORIENTED_EDGE('',*,*,#3977,.T.);
#5359=ORIENTED_EDGE('',*,*,#3978,.T.);
#5360=ORIENTED_EDGE('',*,*,#3984,.T.);
#5361=ORIENTED_EDGE('',*,*,#3982,.T.);
#5362=ORIENTED_EDGE('',*,*,#3980,.T.);
#5363=ORIENTED_EDGE('',*,*,#3963,.F.);
#5364=ORIENTED_EDGE('',*,*,#3985,.F.);
#5365=ORIENTED_EDGE('',*,*,#3986,.T.);
#5366=ORIENTED_EDGE('',*,*,#3987,.T.);
#5367=ORIENTED_EDGE('',*,*,#3964,.F.);
#5368=ORIENTED_EDGE('',*,*,#3987,.F.);
#5369=ORIENTED_EDGE('',*,*,#3988,.T.);
#5370=ORIENTED_EDGE('',*,*,#3989,.T.);
#5371=ORIENTED_EDGE('',*,*,#3965,.F.);
#5372=ORIENTED_EDGE('',*,*,#3989,.F.);
#5373=ORIENTED_EDGE('',*,*,#3990,.T.);
#5374=ORIENTED_EDGE('',*,*,#3991,.T.);
#5375=ORIENTED_EDGE('',*,*,#3966,.F.);
#5376=ORIENTED_EDGE('',*,*,#3991,.F.);
#5377=ORIENTED_EDGE('',*,*,#3992,.T.);
#5378=ORIENTED_EDGE('',*,*,#3993,.T.);
#5379=ORIENTED_EDGE('',*,*,#3967,.F.);
#5380=ORIENTED_EDGE('',*,*,#3993,.F.);
#5381=ORIENTED_EDGE('',*,*,#3994,.T.);
#5382=ORIENTED_EDGE('',*,*,#3995,.T.);
#5383=ORIENTED_EDGE('',*,*,#3968,.F.);
#5384=ORIENTED_EDGE('',*,*,#3995,.F.);
#5385=ORIENTED_EDGE('',*,*,#3996,.T.);
#5386=ORIENTED_EDGE('',*,*,#3997,.T.);
#5387=ORIENTED_EDGE('',*,*,#3969,.F.);
#5388=ORIENTED_EDGE('',*,*,#3997,.F.);
#5389=ORIENTED_EDGE('',*,*,#3998,.T.);
#5390=ORIENTED_EDGE('',*,*,#3999,.T.);
#5391=ORIENTED_EDGE('',*,*,#3970,.F.);
#5392=ORIENTED_EDGE('',*,*,#3999,.F.);
#5393=ORIENTED_EDGE('',*,*,#4000,.T.);
#5394=ORIENTED_EDGE('',*,*,#4001,.T.);
#5395=ORIENTED_EDGE('',*,*,#3971,.F.);
#5396=ORIENTED_EDGE('',*,*,#4001,.F.);
#5397=ORIENTED_EDGE('',*,*,#4002,.T.);
#5398=ORIENTED_EDGE('',*,*,#4003,.T.);
#5399=ORIENTED_EDGE('',*,*,#3972,.F.);
#5400=ORIENTED_EDGE('',*,*,#4003,.F.);
#5401=ORIENTED_EDGE('',*,*,#4004,.T.);
#5402=ORIENTED_EDGE('',*,*,#4005,.T.);
#5403=ORIENTED_EDGE('',*,*,#3962,.F.);
#5404=ORIENTED_EDGE('',*,*,#4005,.F.);
#5405=ORIENTED_EDGE('',*,*,#4006,.T.);
#5406=ORIENTED_EDGE('',*,*,#3985,.T.);
#5407=ORIENTED_EDGE('',*,*,#3986,.F.);
#5408=ORIENTED_EDGE('',*,*,#4006,.F.);
#5409=ORIENTED_EDGE('',*,*,#4004,.F.);
#5410=ORIENTED_EDGE('',*,*,#4002,.F.);
#5411=ORIENTED_EDGE('',*,*,#4000,.F.);
#5412=ORIENTED_EDGE('',*,*,#3998,.F.);
#5413=ORIENTED_EDGE('',*,*,#3996,.F.);
#5414=ORIENTED_EDGE('',*,*,#3994,.F.);
#5415=ORIENTED_EDGE('',*,*,#3992,.F.);
#5416=ORIENTED_EDGE('',*,*,#3990,.F.);
#5417=ORIENTED_EDGE('',*,*,#3988,.F.);
#5418=ORIENTED_EDGE('',*,*,#3856,.F.);
#5419=ORIENTED_EDGE('',*,*,#4007,.F.);
#5420=ORIENTED_EDGE('',*,*,#4008,.T.);
#5421=ORIENTED_EDGE('',*,*,#4009,.T.);
#5422=ORIENTED_EDGE('',*,*,#3859,.F.);
#5423=ORIENTED_EDGE('',*,*,#4010,.F.);
#5424=ORIENTED_EDGE('',*,*,#4011,.T.);
#5425=ORIENTED_EDGE('',*,*,#4007,.T.);
#5426=ORIENTED_EDGE('',*,*,#3858,.F.);
#5427=ORIENTED_EDGE('',*,*,#4012,.F.);
#5428=ORIENTED_EDGE('',*,*,#4013,.T.);
#5429=ORIENTED_EDGE('',*,*,#4010,.T.);
#5430=ORIENTED_EDGE('',*,*,#3857,.F.);
#5431=ORIENTED_EDGE('',*,*,#4009,.F.);
#5432=ORIENTED_EDGE('',*,*,#4014,.T.);
#5433=ORIENTED_EDGE('',*,*,#4012,.T.);
#5434=ORIENTED_EDGE('',*,*,#4008,.F.);
#5435=ORIENTED_EDGE('',*,*,#4011,.F.);
#5436=ORIENTED_EDGE('',*,*,#4013,.F.);
#5437=ORIENTED_EDGE('',*,*,#4014,.F.);
#5438=ORIENTED_EDGE('',*,*,#3855,.T.);
#5439=ORIENTED_EDGE('',*,*,#3853,.T.);
#5440=ORIENTED_EDGE('',*,*,#3953,.T.);
#5441=ORIENTED_EDGE('',*,*,#3851,.T.);
#5442=ORIENTED_EDGE('',*,*,#3849,.T.);
#5443=ORIENTED_EDGE('',*,*,#3952,.T.);
#5444=ORIENTED_EDGE('',*,*,#3847,.T.);
#5445=ORIENTED_EDGE('',*,*,#3845,.T.);
#5446=ORIENTED_EDGE('',*,*,#3951,.T.);
#5447=ORIENTED_EDGE('',*,*,#3843,.T.);
#5448=ORIENTED_EDGE('',*,*,#3841,.T.);
#5449=ORIENTED_EDGE('',*,*,#3950,.T.);
#5450=ORIENTED_EDGE('',*,*,#3839,.T.);
#5451=ORIENTED_EDGE('',*,*,#3837,.T.);
#5452=ORIENTED_EDGE('',*,*,#3949,.T.);
#5453=ORIENTED_EDGE('',*,*,#3835,.T.);
#5454=ORIENTED_EDGE('',*,*,#3833,.T.);
#5455=ORIENTED_EDGE('',*,*,#3948,.T.);
#5456=ORIENTED_EDGE('',*,*,#3831,.T.);
#5457=ORIENTED_EDGE('',*,*,#3829,.T.);
#5458=ORIENTED_EDGE('',*,*,#3947,.T.);
#5459=ORIENTED_EDGE('',*,*,#3827,.T.);
#5460=ORIENTED_EDGE('',*,*,#3825,.T.);
#5461=ORIENTED_EDGE('',*,*,#3946,.T.);
#5462=ORIENTED_EDGE('',*,*,#3823,.T.);
#5463=ORIENTED_EDGE('',*,*,#3821,.T.);
#5464=ORIENTED_EDGE('',*,*,#3945,.T.);
#5465=ORIENTED_EDGE('',*,*,#3819,.T.);
#5466=ORIENTED_EDGE('',*,*,#3817,.T.);
#5467=ORIENTED_EDGE('',*,*,#3944,.T.);
#5468=ORIENTED_EDGE('',*,*,#3815,.T.);
#5469=ORIENTED_EDGE('',*,*,#3813,.T.);
#5470=ORIENTED_EDGE('',*,*,#3943,.T.);
#5471=ORIENTED_EDGE('',*,*,#3811,.T.);
#5472=ORIENTED_EDGE('',*,*,#3809,.T.);
#5473=ORIENTED_EDGE('',*,*,#3942,.T.);
#5474=ORIENTED_EDGE('',*,*,#3807,.T.);
#5475=ORIENTED_EDGE('',*,*,#3805,.T.);
#5476=ORIENTED_EDGE('',*,*,#3941,.T.);
#5477=ORIENTED_EDGE('',*,*,#3803,.T.);
#5478=ORIENTED_EDGE('',*,*,#3801,.T.);
#5479=ORIENTED_EDGE('',*,*,#3940,.T.);
#5480=ORIENTED_EDGE('',*,*,#3799,.T.);
#5481=ORIENTED_EDGE('',*,*,#3797,.T.);
#5482=ORIENTED_EDGE('',*,*,#3939,.T.);
#5483=ORIENTED_EDGE('',*,*,#3795,.T.);
#5484=ORIENTED_EDGE('',*,*,#3793,.T.);
#5485=ORIENTED_EDGE('',*,*,#3938,.T.);
#5486=ORIENTED_EDGE('',*,*,#3937,.F.);
#5487=ORIENTED_EDGE('',*,*,#3791,.T.);
#5488=ORIENTED_EDGE('',*,*,#3789,.T.);
#5489=ORIENTED_EDGE('',*,*,#3936,.F.);
#5490=ORIENTED_EDGE('',*,*,#3787,.T.);
#5491=ORIENTED_EDGE('',*,*,#3785,.T.);
#5492=ORIENTED_EDGE('',*,*,#3935,.F.);
#5493=ORIENTED_EDGE('',*,*,#3783,.T.);
#5494=ORIENTED_EDGE('',*,*,#3781,.T.);
#5495=ORIENTED_EDGE('',*,*,#3934,.F.);
#5496=ORIENTED_EDGE('',*,*,#3779,.T.);
#5497=ORIENTED_EDGE('',*,*,#3777,.T.);
#5498=ORIENTED_EDGE('',*,*,#3933,.F.);
#5499=ORIENTED_EDGE('',*,*,#3775,.T.);
#5500=ORIENTED_EDGE('',*,*,#3773,.T.);
#5501=ORIENTED_EDGE('',*,*,#3932,.F.);
#5502=ORIENTED_EDGE('',*,*,#3771,.T.);
#5503=ORIENTED_EDGE('',*,*,#3769,.T.);
#5504=ORIENTED_EDGE('',*,*,#3931,.F.);
#5505=ORIENTED_EDGE('',*,*,#3767,.T.);
#5506=ORIENTED_EDGE('',*,*,#3765,.T.);
#5507=ORIENTED_EDGE('',*,*,#3930,.F.);
#5508=ORIENTED_EDGE('',*,*,#3763,.T.);
#5509=ORIENTED_EDGE('',*,*,#3761,.T.);
#5510=ORIENTED_EDGE('',*,*,#3929,.F.);
#5511=ORIENTED_EDGE('',*,*,#3759,.T.);
#5512=ORIENTED_EDGE('',*,*,#3757,.T.);
#5513=ORIENTED_EDGE('',*,*,#3928,.F.);
#5514=ORIENTED_EDGE('',*,*,#3755,.T.);
#5515=ORIENTED_EDGE('',*,*,#3753,.T.);
#5516=ORIENTED_EDGE('',*,*,#3927,.F.);
#5517=ORIENTED_EDGE('',*,*,#3751,.T.);
#5518=ORIENTED_EDGE('',*,*,#3749,.T.);
#5519=ORIENTED_EDGE('',*,*,#3926,.F.);
#5520=ORIENTED_EDGE('',*,*,#3747,.T.);
#5521=ORIENTED_EDGE('',*,*,#3745,.T.);
#5522=ORIENTED_EDGE('',*,*,#3925,.F.);
#5523=ORIENTED_EDGE('',*,*,#3743,.T.);
#5524=ORIENTED_EDGE('',*,*,#3741,.T.);
#5525=ORIENTED_EDGE('',*,*,#3924,.F.);
#5526=ORIENTED_EDGE('',*,*,#3739,.T.);
#5527=ORIENTED_EDGE('',*,*,#3737,.T.);
#5528=ORIENTED_EDGE('',*,*,#3923,.F.);
#5529=ORIENTED_EDGE('',*,*,#3735,.T.);
#5530=ORIENTED_EDGE('',*,*,#3733,.T.);
#5531=ORIENTED_EDGE('',*,*,#3728,.F.);
#5532=ORIENTED_EDGE('',*,*,#3922,.T.);
#5533=ORIENTED_EDGE('',*,*,#3724,.F.);
#5534=ORIENTED_EDGE('',*,*,#3864,.T.);
#5535=ORIENTED_EDGE('',*,*,#3720,.F.);
#5536=ORIENTED_EDGE('',*,*,#3921,.T.);
#5537=ORIENTED_EDGE('',*,*,#3716,.F.);
#5538=ORIENTED_EDGE('',*,*,#3865,.T.);
#5539=ORIENTED_EDGE('',*,*,#3712,.F.);
#5540=ORIENTED_EDGE('',*,*,#3920,.T.);
#5541=ORIENTED_EDGE('',*,*,#3708,.F.);
#5542=ORIENTED_EDGE('',*,*,#3866,.T.);
#5543=ORIENTED_EDGE('',*,*,#3704,.F.);
#5544=ORIENTED_EDGE('',*,*,#3919,.T.);
#5545=ORIENTED_EDGE('',*,*,#3700,.F.);
#5546=ORIENTED_EDGE('',*,*,#3867,.T.);
#5547=ORIENTED_EDGE('',*,*,#3696,.F.);
#5548=ORIENTED_EDGE('',*,*,#3918,.T.);
#5549=ORIENTED_EDGE('',*,*,#3692,.F.);
#5550=ORIENTED_EDGE('',*,*,#3868,.T.);
#5551=ORIENTED_EDGE('',*,*,#3688,.F.);
#5552=ORIENTED_EDGE('',*,*,#3917,.T.);
#5553=ORIENTED_EDGE('',*,*,#3684,.F.);
#5554=ORIENTED_EDGE('',*,*,#3869,.T.);
#5555=ORIENTED_EDGE('',*,*,#3680,.F.);
#5556=ORIENTED_EDGE('',*,*,#3916,.T.);
#5557=ORIENTED_EDGE('',*,*,#3676,.F.);
#5558=ORIENTED_EDGE('',*,*,#3870,.T.);
#5559=ORIENTED_EDGE('',*,*,#3672,.F.);
#5560=ORIENTED_EDGE('',*,*,#3915,.T.);
#5561=ORIENTED_EDGE('',*,*,#3668,.F.);
#5562=ORIENTED_EDGE('',*,*,#3871,.T.);
#5563=ORIENTED_EDGE('',*,*,#3914,.F.);
#5564=ORIENTED_EDGE('',*,*,#3664,.F.);
#5565=ORIENTED_EDGE('',*,*,#3872,.F.);
#5566=ORIENTED_EDGE('',*,*,#3660,.F.);
#5567=ORIENTED_EDGE('',*,*,#3913,.F.);
#5568=ORIENTED_EDGE('',*,*,#3656,.F.);
#5569=ORIENTED_EDGE('',*,*,#3873,.F.);
#5570=ORIENTED_EDGE('',*,*,#3652,.F.);
#5571=ORIENTED_EDGE('',*,*,#3912,.F.);
#5572=ORIENTED_EDGE('',*,*,#3648,.F.);
#5573=ORIENTED_EDGE('',*,*,#3874,.F.);
#5574=ORIENTED_EDGE('',*,*,#3644,.F.);
#5575=ORIENTED_EDGE('',*,*,#3911,.F.);
#5576=ORIENTED_EDGE('',*,*,#3640,.F.);
#5577=ORIENTED_EDGE('',*,*,#3875,.F.);
#5578=ORIENTED_EDGE('',*,*,#3636,.F.);
#5579=ORIENTED_EDGE('',*,*,#3910,.F.);
#5580=ORIENTED_EDGE('',*,*,#3632,.F.);
#5581=ORIENTED_EDGE('',*,*,#3876,.F.);
#5582=ORIENTED_EDGE('',*,*,#3628,.F.);
#5583=ORIENTED_EDGE('',*,*,#3909,.F.);
#5584=ORIENTED_EDGE('',*,*,#3624,.F.);
#5585=ORIENTED_EDGE('',*,*,#3877,.F.);
#5586=ORIENTED_EDGE('',*,*,#3620,.F.);
#5587=ORIENTED_EDGE('',*,*,#3908,.F.);
#5588=ORIENTED_EDGE('',*,*,#3616,.F.);
#5589=ORIENTED_EDGE('',*,*,#3878,.F.);
#5590=ORIENTED_EDGE('',*,*,#3612,.F.);
#5591=ORIENTED_EDGE('',*,*,#3907,.F.);
#5592=ORIENTED_EDGE('',*,*,#3608,.F.);
#5593=ORIENTED_EDGE('',*,*,#3880,.T.);
#5594=ORIENTED_EDGE('',*,*,#4015,.F.);
#5595=ORIENTED_EDGE('',*,*,#4016,.F.);
#5596=ORIENTED_EDGE('',*,*,#4017,.T.);
#5597=ORIENTED_EDGE('',*,*,#3879,.T.);
#5598=ORIENTED_EDGE('',*,*,#4018,.F.);
#5599=ORIENTED_EDGE('',*,*,#4019,.F.);
#5600=ORIENTED_EDGE('',*,*,#4015,.T.);
#5601=ORIENTED_EDGE('',*,*,#3882,.T.);
#5602=ORIENTED_EDGE('',*,*,#4020,.F.);
#5603=ORIENTED_EDGE('',*,*,#4021,.F.);
#5604=ORIENTED_EDGE('',*,*,#4018,.T.);
#5605=ORIENTED_EDGE('',*,*,#3881,.T.);
#5606=ORIENTED_EDGE('',*,*,#4017,.F.);
#5607=ORIENTED_EDGE('',*,*,#4022,.F.);
#5608=ORIENTED_EDGE('',*,*,#4020,.T.);
#5609=ORIENTED_EDGE('',*,*,#4016,.T.);
#5610=ORIENTED_EDGE('',*,*,#4019,.T.);
#5611=ORIENTED_EDGE('',*,*,#4021,.T.);
#5612=ORIENTED_EDGE('',*,*,#4022,.T.);
#5613=ORIENTED_EDGE('',*,*,#3904,.T.);
#5614=ORIENTED_EDGE('',*,*,#4023,.F.);
#5615=ORIENTED_EDGE('',*,*,#4024,.F.);
#5616=ORIENTED_EDGE('',*,*,#4025,.T.);
#5617=ORIENTED_EDGE('',*,*,#3903,.T.);
#5618=ORIENTED_EDGE('',*,*,#4026,.F.);
#5619=ORIENTED_EDGE('',*,*,#4027,.F.);
#5620=ORIENTED_EDGE('',*,*,#4023,.T.);
#5621=ORIENTED_EDGE('',*,*,#3906,.T.);
#5622=ORIENTED_EDGE('',*,*,#4028,.F.);
#5623=ORIENTED_EDGE('',*,*,#4029,.F.);
#5624=ORIENTED_EDGE('',*,*,#4026,.T.);
#5625=ORIENTED_EDGE('',*,*,#3905,.T.);
#5626=ORIENTED_EDGE('',*,*,#4025,.F.);
#5627=ORIENTED_EDGE('',*,*,#4030,.F.);
#5628=ORIENTED_EDGE('',*,*,#4028,.T.);
#5629=ORIENTED_EDGE('',*,*,#4024,.T.);
#5630=ORIENTED_EDGE('',*,*,#4027,.T.);
#5631=ORIENTED_EDGE('',*,*,#4029,.T.);
#5632=ORIENTED_EDGE('',*,*,#4030,.T.);
#5633=ORIENTED_EDGE('',*,*,#3884,.T.);
#5634=ORIENTED_EDGE('',*,*,#4031,.F.);
#5635=ORIENTED_EDGE('',*,*,#4032,.F.);
#5636=ORIENTED_EDGE('',*,*,#4033,.T.);
#5637=ORIENTED_EDGE('',*,*,#3883,.T.);
#5638=ORIENTED_EDGE('',*,*,#4034,.F.);
#5639=ORIENTED_EDGE('',*,*,#4035,.F.);
#5640=ORIENTED_EDGE('',*,*,#4031,.T.);
#5641=ORIENTED_EDGE('',*,*,#3886,.T.);
#5642=ORIENTED_EDGE('',*,*,#4036,.F.);
#5643=ORIENTED_EDGE('',*,*,#4037,.F.);
#5644=ORIENTED_EDGE('',*,*,#4034,.T.);
#5645=ORIENTED_EDGE('',*,*,#3885,.T.);
#5646=ORIENTED_EDGE('',*,*,#4033,.F.);
#5647=ORIENTED_EDGE('',*,*,#4038,.F.);
#5648=ORIENTED_EDGE('',*,*,#4036,.T.);
#5649=ORIENTED_EDGE('',*,*,#4032,.T.);
#5650=ORIENTED_EDGE('',*,*,#4035,.T.);
#5651=ORIENTED_EDGE('',*,*,#4037,.T.);
#5652=ORIENTED_EDGE('',*,*,#4038,.T.);
#5653=ORIENTED_EDGE('',*,*,#3900,.T.);
#5654=ORIENTED_EDGE('',*,*,#4039,.F.);
#5655=ORIENTED_EDGE('',*,*,#4040,.F.);
#5656=ORIENTED_EDGE('',*,*,#4041,.T.);
#5657=ORIENTED_EDGE('',*,*,#3899,.T.);
#5658=ORIENTED_EDGE('',*,*,#4042,.F.);
#5659=ORIENTED_EDGE('',*,*,#4043,.F.);
#5660=ORIENTED_EDGE('',*,*,#4039,.T.);
#5661=ORIENTED_EDGE('',*,*,#3902,.T.);
#5662=ORIENTED_EDGE('',*,*,#4044,.F.);
#5663=ORIENTED_EDGE('',*,*,#4045,.F.);
#5664=ORIENTED_EDGE('',*,*,#4042,.T.);
#5665=ORIENTED_EDGE('',*,*,#3901,.T.);
#5666=ORIENTED_EDGE('',*,*,#4041,.F.);
#5667=ORIENTED_EDGE('',*,*,#4046,.F.);
#5668=ORIENTED_EDGE('',*,*,#4044,.T.);
#5669=ORIENTED_EDGE('',*,*,#4040,.T.);
#5670=ORIENTED_EDGE('',*,*,#4043,.T.);
#5671=ORIENTED_EDGE('',*,*,#4045,.T.);
#5672=ORIENTED_EDGE('',*,*,#4046,.T.);
#5673=ORIENTED_EDGE('',*,*,#3888,.T.);
#5674=ORIENTED_EDGE('',*,*,#4047,.F.);
#5675=ORIENTED_EDGE('',*,*,#4048,.F.);
#5676=ORIENTED_EDGE('',*,*,#4049,.T.);
#5677=ORIENTED_EDGE('',*,*,#3887,.T.);
#5678=ORIENTED_EDGE('',*,*,#4050,.F.);
#5679=ORIENTED_EDGE('',*,*,#4051,.F.);
#5680=ORIENTED_EDGE('',*,*,#4047,.T.);
#5681=ORIENTED_EDGE('',*,*,#3890,.T.);
#5682=ORIENTED_EDGE('',*,*,#4052,.F.);
#5683=ORIENTED_EDGE('',*,*,#4053,.F.);
#5684=ORIENTED_EDGE('',*,*,#4050,.T.);
#5685=ORIENTED_EDGE('',*,*,#3889,.T.);
#5686=ORIENTED_EDGE('',*,*,#4049,.F.);
#5687=ORIENTED_EDGE('',*,*,#4054,.F.);
#5688=ORIENTED_EDGE('',*,*,#4052,.T.);
#5689=ORIENTED_EDGE('',*,*,#4048,.T.);
#5690=ORIENTED_EDGE('',*,*,#4051,.T.);
#5691=ORIENTED_EDGE('',*,*,#4053,.T.);
#5692=ORIENTED_EDGE('',*,*,#4054,.T.);
#5693=ORIENTED_EDGE('',*,*,#3896,.T.);
#5694=ORIENTED_EDGE('',*,*,#4055,.F.);
#5695=ORIENTED_EDGE('',*,*,#4056,.F.);
#5696=ORIENTED_EDGE('',*,*,#4057,.T.);
#5697=ORIENTED_EDGE('',*,*,#3895,.T.);
#5698=ORIENTED_EDGE('',*,*,#4058,.F.);
#5699=ORIENTED_EDGE('',*,*,#4059,.F.);
#5700=ORIENTED_EDGE('',*,*,#4055,.T.);
#5701=ORIENTED_EDGE('',*,*,#3898,.T.);
#5702=ORIENTED_EDGE('',*,*,#4060,.F.);
#5703=ORIENTED_EDGE('',*,*,#4061,.F.);
#5704=ORIENTED_EDGE('',*,*,#4058,.T.);
#5705=ORIENTED_EDGE('',*,*,#3897,.T.);
#5706=ORIENTED_EDGE('',*,*,#4057,.F.);
#5707=ORIENTED_EDGE('',*,*,#4062,.F.);
#5708=ORIENTED_EDGE('',*,*,#4060,.T.);
#5709=ORIENTED_EDGE('',*,*,#4056,.T.);
#5710=ORIENTED_EDGE('',*,*,#4059,.T.);
#5711=ORIENTED_EDGE('',*,*,#4061,.T.);
#5712=ORIENTED_EDGE('',*,*,#4062,.T.);
#5713=ORIENTED_EDGE('',*,*,#3892,.T.);
#5714=ORIENTED_EDGE('',*,*,#4063,.F.);
#5715=ORIENTED_EDGE('',*,*,#4064,.F.);
#5716=ORIENTED_EDGE('',*,*,#4065,.T.);
#5717=ORIENTED_EDGE('',*,*,#3891,.T.);
#5718=ORIENTED_EDGE('',*,*,#4066,.F.);
#5719=ORIENTED_EDGE('',*,*,#4067,.F.);
#5720=ORIENTED_EDGE('',*,*,#4063,.T.);
#5721=ORIENTED_EDGE('',*,*,#3894,.T.);
#5722=ORIENTED_EDGE('',*,*,#4068,.F.);
#5723=ORIENTED_EDGE('',*,*,#4069,.F.);
#5724=ORIENTED_EDGE('',*,*,#4066,.T.);
#5725=ORIENTED_EDGE('',*,*,#3893,.T.);
#5726=ORIENTED_EDGE('',*,*,#4065,.F.);
#5727=ORIENTED_EDGE('',*,*,#4070,.F.);
#5728=ORIENTED_EDGE('',*,*,#4068,.T.);
#5729=ORIENTED_EDGE('',*,*,#4064,.T.);
#5730=ORIENTED_EDGE('',*,*,#4067,.T.);
#5731=ORIENTED_EDGE('',*,*,#4069,.T.);
#5732=ORIENTED_EDGE('',*,*,#4070,.T.);
#5733=ORIENTED_EDGE('',*,*,#4071,.F.);
#5734=ORIENTED_EDGE('',*,*,#4072,.F.);
#5735=ORIENTED_EDGE('',*,*,#4073,.T.);
#5736=ORIENTED_EDGE('',*,*,#4074,.F.);
#5737=ORIENTED_EDGE('',*,*,#4073,.F.);
#5738=ORIENTED_EDGE('',*,*,#4075,.T.);
#5739=ORIENTED_EDGE('',*,*,#4076,.T.);
#5740=ORIENTED_EDGE('',*,*,#4077,.F.);
#5741=ORIENTED_EDGE('',*,*,#4076,.F.);
#5742=ORIENTED_EDGE('',*,*,#4071,.T.);
#5743=ORIENTED_EDGE('',*,*,#4072,.T.);
#5744=ORIENTED_EDGE('',*,*,#4078,.T.);
#5745=ORIENTED_EDGE('',*,*,#4079,.T.);
#5746=ORIENTED_EDGE('',*,*,#4078,.F.);
#5747=ORIENTED_EDGE('',*,*,#4080,.T.);
#5748=ORIENTED_EDGE('',*,*,#4081,.T.);
#5749=ORIENTED_EDGE('',*,*,#4082,.F.);
#5750=ORIENTED_EDGE('',*,*,#4083,.F.);
#5751=ORIENTED_EDGE('',*,*,#4084,.T.);
#5752=ORIENTED_EDGE('',*,*,#4085,.T.);
#5753=ORIENTED_EDGE('',*,*,#4086,.F.);
#5754=ORIENTED_EDGE('',*,*,#4087,.F.);
#5755=ORIENTED_EDGE('',*,*,#4088,.T.);
#5756=ORIENTED_EDGE('',*,*,#4089,.T.);
#5757=ORIENTED_EDGE('',*,*,#4090,.T.);
#5758=ORIENTED_EDGE('',*,*,#4091,.T.);
#5759=ORIENTED_EDGE('',*,*,#4075,.F.);
#5760=ORIENTED_EDGE('',*,*,#4092,.F.);
#5761=ORIENTED_EDGE('',*,*,#4093,.F.);
#5762=ORIENTED_EDGE('',*,*,#4094,.F.);
#5763=ORIENTED_EDGE('',*,*,#4095,.F.);
#5764=ORIENTED_EDGE('',*,*,#4096,.T.);
#5765=ORIENTED_EDGE('',*,*,#4097,.T.);
#5766=ORIENTED_EDGE('',*,*,#4098,.T.);
#5767=ORIENTED_EDGE('',*,*,#4099,.T.);
#5768=ORIENTED_EDGE('',*,*,#4092,.T.);
#5769=ORIENTED_EDGE('',*,*,#4100,.F.);
#5770=ORIENTED_EDGE('',*,*,#4091,.F.);
#5771=ORIENTED_EDGE('',*,*,#4101,.T.);
#5772=ORIENTED_EDGE('',*,*,#4095,.T.);
#5773=ORIENTED_EDGE('',*,*,#4102,.F.);
#5774=ORIENTED_EDGE('',*,*,#4088,.F.);
#5775=ORIENTED_EDGE('',*,*,#4100,.T.);
#5776=ORIENTED_EDGE('',*,*,#4094,.T.);
#5777=ORIENTED_EDGE('',*,*,#4103,.F.);
#5778=ORIENTED_EDGE('',*,*,#4089,.F.);
#5779=ORIENTED_EDGE('',*,*,#4102,.T.);
#5780=ORIENTED_EDGE('',*,*,#4093,.T.);
#5781=ORIENTED_EDGE('',*,*,#4101,.F.);
#5782=ORIENTED_EDGE('',*,*,#4090,.F.);
#5783=ORIENTED_EDGE('',*,*,#4103,.T.);
#5784=ORIENTED_EDGE('',*,*,#4096,.F.);
#5785=ORIENTED_EDGE('',*,*,#4104,.F.);
#5786=ORIENTED_EDGE('',*,*,#4105,.T.);
#5787=ORIENTED_EDGE('',*,*,#4106,.T.);
#5788=ORIENTED_EDGE('',*,*,#4097,.F.);
#5789=ORIENTED_EDGE('',*,*,#4106,.F.);
#5790=ORIENTED_EDGE('',*,*,#4107,.T.);
#5791=ORIENTED_EDGE('',*,*,#4108,.T.);
#5792=ORIENTED_EDGE('',*,*,#4098,.F.);
#5793=ORIENTED_EDGE('',*,*,#4108,.F.);
#5794=ORIENTED_EDGE('',*,*,#4109,.T.);
#5795=ORIENTED_EDGE('',*,*,#4110,.T.);
#5796=ORIENTED_EDGE('',*,*,#4099,.F.);
#5797=ORIENTED_EDGE('',*,*,#4110,.F.);
#5798=ORIENTED_EDGE('',*,*,#4111,.T.);
#5799=ORIENTED_EDGE('',*,*,#4104,.T.);
#5800=ORIENTED_EDGE('',*,*,#4105,.F.);
#5801=ORIENTED_EDGE('',*,*,#4111,.F.);
#5802=ORIENTED_EDGE('',*,*,#4109,.F.);
#5803=ORIENTED_EDGE('',*,*,#4107,.F.);
#5804=ORIENTED_EDGE('',*,*,#4086,.T.);
#5805=ORIENTED_EDGE('',*,*,#4112,.T.);
#5806=ORIENTED_EDGE('',*,*,#4082,.T.);
#5807=ORIENTED_EDGE('',*,*,#4113,.T.);
#5808=ORIENTED_EDGE('',*,*,#4114,.T.);
#5809=ORIENTED_EDGE('',*,*,#4115,.T.);
#5810=ORIENTED_EDGE('',*,*,#4116,.T.);
#5811=ORIENTED_EDGE('',*,*,#4117,.T.);
#5812=ORIENTED_EDGE('',*,*,#4112,.F.);
#5813=ORIENTED_EDGE('',*,*,#4085,.F.);
#5814=ORIENTED_EDGE('',*,*,#4118,.T.);
#5815=ORIENTED_EDGE('',*,*,#4083,.T.);
#5816=ORIENTED_EDGE('',*,*,#4113,.F.);
#5817=ORIENTED_EDGE('',*,*,#4081,.F.);
#5818=ORIENTED_EDGE('',*,*,#4119,.T.);
#5819=ORIENTED_EDGE('',*,*,#4120,.T.);
#5820=ORIENTED_EDGE('',*,*,#4114,.F.);
#5821=ORIENTED_EDGE('',*,*,#4120,.F.);
#5822=ORIENTED_EDGE('',*,*,#4121,.T.);
#5823=ORIENTED_EDGE('',*,*,#4122,.T.);
#5824=ORIENTED_EDGE('',*,*,#4115,.F.);
#5825=ORIENTED_EDGE('',*,*,#4122,.F.);
#5826=ORIENTED_EDGE('',*,*,#4123,.T.);
#5827=ORIENTED_EDGE('',*,*,#4124,.T.);
#5828=ORIENTED_EDGE('',*,*,#4116,.F.);
#5829=ORIENTED_EDGE('',*,*,#4124,.F.);
#5830=ORIENTED_EDGE('',*,*,#4125,.T.);
#5831=ORIENTED_EDGE('',*,*,#4126,.T.);
#5832=ORIENTED_EDGE('',*,*,#4117,.F.);
#5833=ORIENTED_EDGE('',*,*,#4126,.F.);
#5834=ORIENTED_EDGE('',*,*,#4127,.T.);
#5835=ORIENTED_EDGE('',*,*,#4087,.T.);
#5836=ORIENTED_EDGE('',*,*,#4079,.F.);
#5837=ORIENTED_EDGE('',*,*,#4128,.F.);
#5838=ORIENTED_EDGE('',*,*,#4129,.F.);
#5839=ORIENTED_EDGE('',*,*,#4130,.F.);
#5840=ORIENTED_EDGE('',*,*,#4131,.F.);
#5841=ORIENTED_EDGE('',*,*,#4132,.F.);
#5842=ORIENTED_EDGE('',*,*,#4133,.F.);
#5843=ORIENTED_EDGE('',*,*,#4134,.F.);
#5844=ORIENTED_EDGE('',*,*,#4135,.F.);
#5845=ORIENTED_EDGE('',*,*,#4084,.F.);
#5846=ORIENTED_EDGE('',*,*,#4127,.F.);
#5847=ORIENTED_EDGE('',*,*,#4125,.F.);
#5848=ORIENTED_EDGE('',*,*,#4123,.F.);
#5849=ORIENTED_EDGE('',*,*,#4121,.F.);
#5850=ORIENTED_EDGE('',*,*,#4119,.F.);
#5851=ORIENTED_EDGE('',*,*,#4080,.F.);
#5852=ORIENTED_EDGE('',*,*,#4118,.F.);
#5853=ORIENTED_EDGE('',*,*,#4136,.T.);
#5854=ORIENTED_EDGE('',*,*,#4137,.T.);
#5855=ORIENTED_EDGE('',*,*,#4138,.T.);
#5856=ORIENTED_EDGE('',*,*,#4139,.T.);
#5857=ORIENTED_EDGE('',*,*,#4140,.T.);
#5858=ORIENTED_EDGE('',*,*,#4141,.T.);
#5859=ORIENTED_EDGE('',*,*,#4142,.T.);
#5860=ORIENTED_EDGE('',*,*,#4143,.T.);
#5861=ORIENTED_EDGE('',*,*,#4136,.F.);
#5862=ORIENTED_EDGE('',*,*,#4144,.F.);
#5863=ORIENTED_EDGE('',*,*,#4129,.T.);
#5864=ORIENTED_EDGE('',*,*,#4145,.T.);
#5865=ORIENTED_EDGE('',*,*,#4137,.F.);
#5866=ORIENTED_EDGE('',*,*,#4145,.F.);
#5867=ORIENTED_EDGE('',*,*,#4128,.T.);
#5868=ORIENTED_EDGE('',*,*,#4146,.T.);
#5869=ORIENTED_EDGE('',*,*,#4138,.F.);
#5870=ORIENTED_EDGE('',*,*,#4146,.F.);
#5871=ORIENTED_EDGE('',*,*,#4135,.T.);
#5872=ORIENTED_EDGE('',*,*,#4147,.T.);
#5873=ORIENTED_EDGE('',*,*,#4139,.F.);
#5874=ORIENTED_EDGE('',*,*,#4147,.F.);
#5875=ORIENTED_EDGE('',*,*,#4134,.T.);
#5876=ORIENTED_EDGE('',*,*,#4148,.T.);
#5877=ORIENTED_EDGE('',*,*,#4140,.F.);
#5878=ORIENTED_EDGE('',*,*,#4148,.F.);
#5879=ORIENTED_EDGE('',*,*,#4133,.T.);
#5880=ORIENTED_EDGE('',*,*,#4149,.T.);
#5881=ORIENTED_EDGE('',*,*,#4141,.F.);
#5882=ORIENTED_EDGE('',*,*,#4149,.F.);
#5883=ORIENTED_EDGE('',*,*,#4132,.T.);
#5884=ORIENTED_EDGE('',*,*,#4150,.T.);
#5885=ORIENTED_EDGE('',*,*,#4142,.F.);
#5886=ORIENTED_EDGE('',*,*,#4150,.F.);
#5887=ORIENTED_EDGE('',*,*,#4131,.T.);
#5888=ORIENTED_EDGE('',*,*,#4151,.T.);
#5889=ORIENTED_EDGE('',*,*,#4143,.F.);
#5890=ORIENTED_EDGE('',*,*,#4151,.F.);
#5891=ORIENTED_EDGE('',*,*,#4130,.T.);
#5892=ORIENTED_EDGE('',*,*,#4144,.T.);
#5893=ORIENTED_EDGE('',*,*,#4077,.T.);
#5894=ORIENTED_EDGE('',*,*,#4074,.T.);
#5895=ORIENTED_EDGE('',*,*,#4152,.T.);
#5896=ORIENTED_EDGE('',*,*,#4153,.F.);
#5897=ORIENTED_EDGE('',*,*,#4154,.F.);
#5898=ORIENTED_EDGE('',*,*,#4155,.T.);
#5899=ORIENTED_EDGE('',*,*,#4156,.T.);
#5900=ORIENTED_EDGE('',*,*,#4157,.F.);
#5901=ORIENTED_EDGE('',*,*,#4158,.F.);
#5902=ORIENTED_EDGE('',*,*,#4153,.T.);
#5903=ORIENTED_EDGE('',*,*,#4159,.T.);
#5904=ORIENTED_EDGE('',*,*,#4160,.F.);
#5905=ORIENTED_EDGE('',*,*,#4161,.F.);
#5906=ORIENTED_EDGE('',*,*,#4157,.T.);
#5907=ORIENTED_EDGE('',*,*,#4162,.T.);
#5908=ORIENTED_EDGE('',*,*,#4155,.F.);
#5909=ORIENTED_EDGE('',*,*,#4163,.F.);
#5910=ORIENTED_EDGE('',*,*,#4160,.T.);
#5911=ORIENTED_EDGE('',*,*,#4154,.T.);
#5912=ORIENTED_EDGE('',*,*,#4158,.T.);
#5913=ORIENTED_EDGE('',*,*,#4161,.T.);
#5914=ORIENTED_EDGE('',*,*,#4163,.T.);
#5915=ORIENTED_EDGE('',*,*,#4152,.F.);
#5916=ORIENTED_EDGE('',*,*,#4162,.F.);
#5917=ORIENTED_EDGE('',*,*,#4159,.F.);
#5918=ORIENTED_EDGE('',*,*,#4156,.F.);
#5919=ORIENTED_EDGE('',*,*,#4164,.F.);
#5920=ORIENTED_EDGE('',*,*,#4165,.T.);
#5921=ORIENTED_EDGE('',*,*,#4166,.T.);
#5922=ORIENTED_EDGE('',*,*,#4165,.F.);
#5923=ORIENTED_EDGE('',*,*,#4164,.T.);
#5924=ORIENTED_EDGE('',*,*,#4167,.F.);
#5925=ORIENTED_EDGE('',*,*,#4168,.T.);
#5926=ORIENTED_EDGE('',*,*,#4169,.T.);
#5927=ORIENTED_EDGE('',*,*,#4168,.F.);
#5928=ORIENTED_EDGE('',*,*,#4170,.F.);
#5929=ORIENTED_EDGE('',*,*,#4170,.T.);
#5930=ORIENTED_EDGE('',*,*,#4171,.T.);
#5931=ORIENTED_EDGE('',*,*,#4172,.F.);
#5932=ORIENTED_EDGE('',*,*,#4171,.F.);
#5933=ORIENTED_EDGE('',*,*,#4173,.T.);
#5934=ORIENTED_EDGE('',*,*,#4174,.T.);
#5935=ORIENTED_EDGE('',*,*,#4175,.T.);
#5936=ORIENTED_EDGE('',*,*,#4174,.F.);
#5937=ORIENTED_EDGE('',*,*,#4176,.T.);
#5938=ORIENTED_EDGE('',*,*,#4177,.F.);
#5939=ORIENTED_EDGE('',*,*,#4178,.F.);
#5940=ORIENTED_EDGE('',*,*,#4179,.F.);
#5941=ORIENTED_EDGE('',*,*,#4180,.T.);
#5942=ORIENTED_EDGE('',*,*,#4181,.F.);
#5943=ORIENTED_EDGE('',*,*,#4182,.F.);
#5944=ORIENTED_EDGE('',*,*,#4183,.T.);
#5945=ORIENTED_EDGE('',*,*,#4184,.F.);
#5946=ORIENTED_EDGE('',*,*,#4183,.F.);
#5947=ORIENTED_EDGE('',*,*,#4185,.F.);
#5948=ORIENTED_EDGE('',*,*,#4186,.T.);
#5949=ORIENTED_EDGE('',*,*,#4187,.F.);
#5950=ORIENTED_EDGE('',*,*,#4188,.F.);
#5951=ORIENTED_EDGE('',*,*,#4189,.F.);
#5952=ORIENTED_EDGE('',*,*,#4190,.T.);
#5953=ORIENTED_EDGE('',*,*,#4191,.T.);
#5954=ORIENTED_EDGE('',*,*,#4192,.F.);
#5955=ORIENTED_EDGE('',*,*,#4187,.T.);
#5956=ORIENTED_EDGE('',*,*,#4193,.T.);
#5957=ORIENTED_EDGE('',*,*,#4194,.T.);
#5958=ORIENTED_EDGE('',*,*,#4195,.F.);
#5959=ORIENTED_EDGE('',*,*,#4181,.T.);
#5960=ORIENTED_EDGE('',*,*,#4196,.T.);
#5961=ORIENTED_EDGE('',*,*,#4197,.T.);
#5962=ORIENTED_EDGE('',*,*,#4198,.F.);
#5963=ORIENTED_EDGE('',*,*,#4177,.T.);
#5964=ORIENTED_EDGE('',*,*,#4166,.F.);
#5965=ORIENTED_EDGE('',*,*,#4175,.F.);
#5966=ORIENTED_EDGE('',*,*,#4172,.T.);
#5967=ORIENTED_EDGE('',*,*,#4167,.T.);
#5968=ORIENTED_EDGE('',*,*,#4173,.F.);
#5969=ORIENTED_EDGE('',*,*,#4169,.F.);
#5970=ORIENTED_EDGE('',*,*,#4184,.T.);
#5971=ORIENTED_EDGE('',*,*,#4199,.T.);
#5972=ORIENTED_EDGE('',*,*,#4185,.T.);
#5973=ORIENTED_EDGE('',*,*,#4200,.F.);
#5974=ORIENTED_EDGE('',*,*,#4194,.F.);
#5975=ORIENTED_EDGE('',*,*,#4193,.F.);
#5976=ORIENTED_EDGE('',*,*,#4186,.F.);
#5977=ORIENTED_EDGE('',*,*,#4199,.F.);
#5978=ORIENTED_EDGE('',*,*,#4195,.T.);
#5979=ORIENTED_EDGE('',*,*,#4200,.T.);
#5980=ORIENTED_EDGE('',*,*,#4182,.T.);
#5981=ORIENTED_EDGE('',*,*,#4201,.T.);
#5982=ORIENTED_EDGE('',*,*,#4179,.T.);
#5983=ORIENTED_EDGE('',*,*,#4202,.F.);
#5984=ORIENTED_EDGE('',*,*,#4197,.F.);
#5985=ORIENTED_EDGE('',*,*,#4196,.F.);
#5986=ORIENTED_EDGE('',*,*,#4180,.F.);
#5987=ORIENTED_EDGE('',*,*,#4201,.F.);
#5988=ORIENTED_EDGE('',*,*,#4198,.T.);
#5989=ORIENTED_EDGE('',*,*,#4202,.T.);
#5990=ORIENTED_EDGE('',*,*,#4178,.T.);
#5991=ORIENTED_EDGE('',*,*,#4203,.T.);
#5992=ORIENTED_EDGE('',*,*,#4189,.T.);
#5993=ORIENTED_EDGE('',*,*,#4204,.F.);
#5994=ORIENTED_EDGE('',*,*,#4191,.F.);
#5995=ORIENTED_EDGE('',*,*,#4190,.F.);
#5996=ORIENTED_EDGE('',*,*,#4176,.F.);
#5997=ORIENTED_EDGE('',*,*,#4203,.F.);
#5998=ORIENTED_EDGE('',*,*,#4192,.T.);
#5999=ORIENTED_EDGE('',*,*,#4204,.T.);
#6000=ORIENTED_EDGE('',*,*,#4188,.T.);
#6001=ORIENTED_EDGE('',*,*,#4205,.T.);
#6002=ORIENTED_EDGE('',*,*,#4206,.T.);
#6003=ORIENTED_EDGE('',*,*,#4207,.T.);
#6004=ORIENTED_EDGE('',*,*,#4208,.T.);
#6005=ORIENTED_EDGE('',*,*,#4209,.F.);
#6006=ORIENTED_EDGE('',*,*,#4210,.F.);
#6007=ORIENTED_EDGE('',*,*,#4211,.F.);
#6008=ORIENTED_EDGE('',*,*,#4212,.F.);
#6009=ORIENTED_EDGE('',*,*,#4210,.T.);
#6010=ORIENTED_EDGE('',*,*,#4213,.T.);
#6011=ORIENTED_EDGE('',*,*,#4208,.F.);
#6012=ORIENTED_EDGE('',*,*,#4214,.F.);
#6013=ORIENTED_EDGE('',*,*,#4211,.T.);
#6014=ORIENTED_EDGE('',*,*,#4214,.T.);
#6015=ORIENTED_EDGE('',*,*,#4207,.F.);
#6016=ORIENTED_EDGE('',*,*,#4215,.F.);
#6017=ORIENTED_EDGE('',*,*,#4212,.T.);
#6018=ORIENTED_EDGE('',*,*,#4215,.T.);
#6019=ORIENTED_EDGE('',*,*,#4206,.F.);
#6020=ORIENTED_EDGE('',*,*,#4216,.F.);
#6021=ORIENTED_EDGE('',*,*,#4209,.T.);
#6022=ORIENTED_EDGE('',*,*,#4216,.T.);
#6023=ORIENTED_EDGE('',*,*,#4205,.F.);
#6024=ORIENTED_EDGE('',*,*,#4213,.F.);
#6025=ORIENTED_EDGE('',*,*,#4217,.F.);
#6026=ORIENTED_EDGE('',*,*,#4218,.F.);
#6027=ORIENTED_EDGE('',*,*,#4219,.T.);
#6028=ORIENTED_EDGE('',*,*,#4220,.T.);
#6029=ORIENTED_EDGE('',*,*,#4221,.F.);
#6030=ORIENTED_EDGE('',*,*,#4222,.F.);
#6031=ORIENTED_EDGE('',*,*,#4223,.T.);
#6032=ORIENTED_EDGE('',*,*,#4218,.T.);
#6033=ORIENTED_EDGE('',*,*,#4224,.F.);
#6034=ORIENTED_EDGE('',*,*,#4225,.F.);
#6035=ORIENTED_EDGE('',*,*,#4226,.T.);
#6036=ORIENTED_EDGE('',*,*,#4222,.T.);
#6037=ORIENTED_EDGE('',*,*,#4227,.F.);
#6038=ORIENTED_EDGE('',*,*,#4228,.F.);
#6039=ORIENTED_EDGE('',*,*,#4229,.T.);
#6040=ORIENTED_EDGE('',*,*,#4225,.T.);
#6041=ORIENTED_EDGE('',*,*,#4230,.F.);
#6042=ORIENTED_EDGE('',*,*,#4231,.F.);
#6043=ORIENTED_EDGE('',*,*,#4232,.T.);
#6044=ORIENTED_EDGE('',*,*,#4228,.T.);
#6045=ORIENTED_EDGE('',*,*,#4233,.F.);
#6046=ORIENTED_EDGE('',*,*,#4234,.F.);
#6047=ORIENTED_EDGE('',*,*,#4235,.T.);
#6048=ORIENTED_EDGE('',*,*,#4231,.T.);
#6049=ORIENTED_EDGE('',*,*,#4236,.F.);
#6050=ORIENTED_EDGE('',*,*,#4237,.F.);
#6051=ORIENTED_EDGE('',*,*,#4238,.T.);
#6052=ORIENTED_EDGE('',*,*,#4234,.T.);
#6053=ORIENTED_EDGE('',*,*,#4239,.F.);
#6054=ORIENTED_EDGE('',*,*,#4220,.F.);
#6055=ORIENTED_EDGE('',*,*,#4240,.T.);
#6056=ORIENTED_EDGE('',*,*,#4237,.T.);
#6057=ORIENTED_EDGE('',*,*,#4219,.F.);
#6058=ORIENTED_EDGE('',*,*,#4223,.F.);
#6059=ORIENTED_EDGE('',*,*,#4226,.F.);
#6060=ORIENTED_EDGE('',*,*,#4229,.F.);
#6061=ORIENTED_EDGE('',*,*,#4232,.F.);
#6062=ORIENTED_EDGE('',*,*,#4235,.F.);
#6063=ORIENTED_EDGE('',*,*,#4238,.F.);
#6064=ORIENTED_EDGE('',*,*,#4240,.F.);
#6065=ORIENTED_EDGE('',*,*,#4217,.T.);
#6066=ORIENTED_EDGE('',*,*,#4239,.T.);
#6067=ORIENTED_EDGE('',*,*,#4236,.T.);
#6068=ORIENTED_EDGE('',*,*,#4233,.T.);
#6069=ORIENTED_EDGE('',*,*,#4230,.T.);
#6070=ORIENTED_EDGE('',*,*,#4227,.T.);
#6071=ORIENTED_EDGE('',*,*,#4224,.T.);
#6072=ORIENTED_EDGE('',*,*,#4221,.T.);
#6073=ORIENTED_EDGE('',*,*,#4241,.F.);
#6074=ORIENTED_EDGE('',*,*,#4242,.T.);
#6075=ORIENTED_EDGE('',*,*,#4243,.T.);
#6076=ORIENTED_EDGE('',*,*,#4244,.F.);
#6077=ORIENTED_EDGE('',*,*,#4245,.T.);
#6078=ORIENTED_EDGE('',*,*,#4246,.F.);
#6079=ORIENTED_EDGE('',*,*,#4247,.F.);
#6080=ORIENTED_EDGE('',*,*,#4244,.T.);
#6081=ORIENTED_EDGE('',*,*,#4248,.T.);
#6082=ORIENTED_EDGE('',*,*,#4249,.F.);
#6083=ORIENTED_EDGE('',*,*,#4250,.F.);
#6084=ORIENTED_EDGE('',*,*,#4246,.T.);
#6085=ORIENTED_EDGE('',*,*,#4251,.T.);
#6086=ORIENTED_EDGE('',*,*,#4242,.F.);
#6087=ORIENTED_EDGE('',*,*,#4252,.F.);
#6088=ORIENTED_EDGE('',*,*,#4249,.T.);
#6089=ORIENTED_EDGE('',*,*,#4247,.T.);
#6090=ORIENTED_EDGE('',*,*,#4250,.T.);
#6091=ORIENTED_EDGE('',*,*,#4252,.T.);
#6092=ORIENTED_EDGE('',*,*,#4241,.T.);
#6093=ORIENTED_EDGE('',*,*,#4245,.F.);
#6094=ORIENTED_EDGE('',*,*,#4243,.F.);
#6095=ORIENTED_EDGE('',*,*,#4251,.F.);
#6096=ORIENTED_EDGE('',*,*,#4248,.F.);
#6097=CYLINDRICAL_SURFACE('',#6666,1.05);
#6098=CYLINDRICAL_SURFACE('',#6669,1.05);
#6099=CYLINDRICAL_SURFACE('',#6672,1.05);
#6100=CYLINDRICAL_SURFACE('',#6675,1.05);
#6101=CYLINDRICAL_SURFACE('',#6981,0.0300000000000001);
#6102=CYLINDRICAL_SURFACE('',#6985,0.0300000000000001);
#6103=CYLINDRICAL_SURFACE('',#6989,0.0300000000000001);
#6104=CYLINDRICAL_SURFACE('',#6993,0.0300000000000001);
#6105=CYLINDRICAL_SURFACE('',#6997,0.0300000000000001);
#6106=CYLINDRICAL_SURFACE('',#7001,0.0299999999999997);
#6107=CYLINDRICAL_SURFACE('',#7005,0.0299999999999997);
#6108=CYLINDRICAL_SURFACE('',#7009,0.0299999999999997);
#6109=CYLINDRICAL_SURFACE('',#7013,0.0299999999999997);
#6110=CYLINDRICAL_SURFACE('',#7017,0.0299999999999997);
#6111=CYLINDRICAL_SURFACE('',#7021,0.0299999999999997);
#6112=CYLINDRICAL_SURFACE('',#7025,0.0299999999999997);
#6113=CYLINDRICAL_SURFACE('',#7029,0.0299999999999997);
#6114=CYLINDRICAL_SURFACE('',#7033,0.0299999999999997);
#6115=CYLINDRICAL_SURFACE('',#7037,0.0299999999999997);
#6116=CYLINDRICAL_SURFACE('',#7041,0.0299999999999997);
#6117=CYLINDRICAL_SURFACE('',#7045,0.0299999999999997);
#6118=CYLINDRICAL_SURFACE('',#7049,0.0299999999999997);
#6119=CYLINDRICAL_SURFACE('',#7053,0.0299999999999997);
#6120=CYLINDRICAL_SURFACE('',#7057,0.0299999999999997);
#6121=CYLINDRICAL_SURFACE('',#7061,0.0299999999999997);
#6122=CYLINDRICAL_SURFACE('',#7065,0.0299999999999997);
#6123=CYLINDRICAL_SURFACE('',#7069,0.0299999999999997);
#6124=CYLINDRICAL_SURFACE('',#7073,0.0299999999999997);
#6125=CYLINDRICAL_SURFACE('',#7077,0.0299999999999997);
#6126=CYLINDRICAL_SURFACE('',#7081,0.0300000000000001);
#6127=CYLINDRICAL_SURFACE('',#7085,0.0300000000000001);
#6128=CYLINDRICAL_SURFACE('',#7089,0.0300000000000001);
#6129=CYLINDRICAL_SURFACE('',#7093,0.0300000000000001);
#6130=CYLINDRICAL_SURFACE('',#7097,0.0300000000000001);
#6131=CYLINDRICAL_SURFACE('',#7101,0.0300000000000001);
#6132=CYLINDRICAL_SURFACE('',#7105,0.0300000000000001);
#6133=CYLINDRICAL_SURFACE('',#7109,0.0300000000000001);
#6134=CYLINDRICAL_SURFACE('',#7113,0.0300000000000001);
#6135=CYLINDRICAL_SURFACE('',#7117,0.0300000000000001);
#6136=CYLINDRICAL_SURFACE('',#7121,0.0300000000000001);
#6137=CYLINDRICAL_SURFACE('',#7125,0.0299999999999997);
#6138=CYLINDRICAL_SURFACE('',#7129,0.0299999999999997);
#6139=CYLINDRICAL_SURFACE('',#7133,0.0299999999999997);
#6140=CYLINDRICAL_SURFACE('',#7137,0.0299999999999997);
#6141=CYLINDRICAL_SURFACE('',#7141,0.0299999999999997);
#6142=CYLINDRICAL_SURFACE('',#7145,0.0299999999999997);
#6143=CYLINDRICAL_SURFACE('',#7149,0.0299999999999997);
#6144=CYLINDRICAL_SURFACE('',#7153,0.0299999999999997);
#6145=CYLINDRICAL_SURFACE('',#7157,0.0299999999999997);
#6146=CYLINDRICAL_SURFACE('',#7161,0.0299999999999997);
#6147=CYLINDRICAL_SURFACE('',#7165,0.0299999999999997);
#6148=CYLINDRICAL_SURFACE('',#7169,0.0299999999999997);
#6149=CYLINDRICAL_SURFACE('',#7173,0.0299999999999997);
#6150=CYLINDRICAL_SURFACE('',#7177,0.0299999999999997);
#6151=CYLINDRICAL_SURFACE('',#7181,0.0299999999999997);
#6152=CYLINDRICAL_SURFACE('',#7185,0.0299999999999997);
#6153=CYLINDRICAL_SURFACE('',#7189,0.0299999999999997);
#6154=CYLINDRICAL_SURFACE('',#7193,0.0299999999999997);
#6155=CYLINDRICAL_SURFACE('',#7197,0.0299999999999997);
#6156=CYLINDRICAL_SURFACE('',#7201,0.0299999999999997);
#6157=CYLINDRICAL_SURFACE('',#7205,0.0300000000000001);
#6158=CYLINDRICAL_SURFACE('',#7209,0.0300000000000001);
#6159=CYLINDRICAL_SURFACE('',#7213,0.0300000000000001);
#6160=CYLINDRICAL_SURFACE('',#7217,0.0300000000000001);
#6161=CYLINDRICAL_SURFACE('',#7221,0.0300000000000001);
#6162=CYLINDRICAL_SURFACE('',#7225,0.0300000000000001);
#6163=CYLINDRICAL_SURFACE('',#7354,3.8);
#6164=CYLINDRICAL_SURFACE('',#7357,2.8);
#6165=CYLINDRICAL_SURFACE('',#7359,0.35);
#6166=CYLINDRICAL_SURFACE('',#7362,0.35);
#6167=CYLINDRICAL_SURFACE('',#7380,0.35);
#6168=CYLINDRICAL_SURFACE('',#7383,0.35);
#6169=CYLINDRICAL_SURFACE('',#7396,0.6);
#6170=CYLINDRICAL_SURFACE('',#7398,0.600000000000001);
#6171=CYLINDRICAL_SURFACE('',#7400,0.6);
#6172=CYLINDRICAL_SURFACE('',#7402,0.6);
#6173=CYLINDRICAL_SURFACE('',#7420,3.);
#6174=CYLINDRICAL_SURFACE('',#7427,2.75);
#6175=CYLINDRICAL_SURFACE('',#7430,2.75);
#6176=CYLINDRICAL_SURFACE('',#7459,0.5);
#6177=CYLINDRICAL_SURFACE('',#7463,0.5);
#6178=CYLINDRICAL_SURFACE('',#7467,0.5);
#6179=CYLINDRICAL_SURFACE('',#7471,0.5);
#6180=STYLED_ITEM('',(#11914),#6236);
#6181=STYLED_ITEM('',(#11914),#6237);
#6182=STYLED_ITEM('',(#11914),#6238);
#6183=STYLED_ITEM('',(#11914),#6239);
#6184=STYLED_ITEM('',(#11915),#6240);
#6185=STYLED_ITEM('',(#11915),#6241);
#6186=STYLED_ITEM('',(#11914),#6242);
#6187=STYLED_ITEM('',(#11914),#6243);
#6188=STYLED_ITEM('',(#11914),#6244);
#6189=STYLED_ITEM('',(#11914),#6245);
#6190=STYLED_ITEM('',(#11916),#6246);
#6191=STYLED_ITEM('',(#11915),#6247);
#6192=STYLED_ITEM('',(#11916),#6248);
#6193=STYLED_ITEM('',(#11915),#6249);
#6194=STYLED_ITEM('',(#11917),#6250);
#6195=STYLED_ITEM('',(#11917),#6251);
#6196=STYLED_ITEM('',(#11917),#6252);
#6197=STYLED_ITEM('',(#11917),#6253);
#6198=STYLED_ITEM('',(#11917),#6254);
#6199=STYLED_ITEM('',(#11918),#6255);
#6200=STYLED_ITEM('',(#11918),#6256);
#6201=STYLED_ITEM('',(#11918),#6257);
#6202=STYLED_ITEM('',(#11918),#6258);
#6203=STYLED_ITEM('',(#11918),#6259);
#6204=STYLED_ITEM('',(#11913),#257);
#6205=STYLED_ITEM('',(#11920),#6385);
#6206=STYLED_ITEM('',(#11920),#6386);
#6207=STYLED_ITEM('',(#11920),#6387);
#6208=STYLED_ITEM('',(#11920),#6388);
#6209=STYLED_ITEM('',(#11920),#6389);
#6210=STYLED_ITEM('',(#11921),#6394);
#6211=STYLED_ITEM('',(#11919),#258);
#6212=STYLED_ITEM('',(#11923),#6509);
#6213=STYLED_ITEM('',(#11918),#6510);
#6214=STYLED_ITEM('',(#11913),#6511);
#6215=STYLED_ITEM('',(#11918),#6514);
#6216=STYLED_ITEM('',(#11918),#6515);
#6217=STYLED_ITEM('',(#11918),#6516);
#6218=STYLED_ITEM('',(#11918),#6517);
#6219=STYLED_ITEM('',(#11918),#6518);
#6220=STYLED_ITEM('',(#11918),#6519);
#6221=STYLED_ITEM('',(#11918),#6520);
#6222=STYLED_ITEM('',(#11918),#6521);
#6223=STYLED_ITEM('',(#11918),#6522);
#6224=STYLED_ITEM('',(#11918),#6523);
#6225=STYLED_ITEM('',(#11918),#6541);
#6226=STYLED_ITEM('',(#11922),#259);
#6227=STYLED_ITEM('',(#11924),#6546);
#6228=STYLED_ITEM('',(#11915),#260);
#6229=STYLED_ITEM('',(#11915),#6549);
#6230=STYLED_ITEM('',(#11925),#6551);
#6231=STYLED_ITEM('',(#11923),#261);
#6232=STYLED_ITEM('',(#11915),#6570);
#6233=STYLED_ITEM('',(#11926),#262);
#6234=STYLED_ITEM('',(#11915),#6582);
#6235=STYLED_ITEM('',(#11926),#263);
#6236=ADVANCED_FACE('',(#610),#6097,.F.);
#6237=ADVANCED_FACE('',(#611),#6098,.F.);
#6238=ADVANCED_FACE('',(#612),#6099,.F.);
#6239=ADVANCED_FACE('',(#613),#6100,.F.);
#6240=ADVANCED_FACE('',(#614,#264,#265,#266,#267,#268),#419,.T.);
#6241=ADVANCED_FACE('',(#615,#269,#270,#271,#272),#420,.F.);
#6242=ADVANCED_FACE('',(#616),#421,.T.);
#6243=ADVANCED_FACE('',(#617),#422,.T.);
#6244=ADVANCED_FACE('',(#618),#423,.T.);
#6245=ADVANCED_FACE('',(#619,#273),#424,.T.);
#6246=ADVANCED_FACE('',(#620),#425,.F.);
#6247=ADVANCED_FACE('',(#621),#426,.F.);
#6248=ADVANCED_FACE('',(#622),#427,.F.);
#6249=ADVANCED_FACE('',(#623),#428,.T.);
#6250=ADVANCED_FACE('',(#624),#429,.F.);
#6251=ADVANCED_FACE('',(#625),#430,.F.);
#6252=ADVANCED_FACE('',(#626),#431,.F.);
#6253=ADVANCED_FACE('',(#627),#432,.F.);
#6254=ADVANCED_FACE('',(#628),#433,.T.);
#6255=ADVANCED_FACE('',(#629),#434,.F.);
#6256=ADVANCED_FACE('',(#630),#435,.F.);
#6257=ADVANCED_FACE('',(#631),#436,.F.);
#6258=ADVANCED_FACE('',(#632),#437,.F.);
#6259=ADVANCED_FACE('',(#633),#438,.T.);
#6260=ADVANCED_FACE('',(#634),#139,.T.);
#6261=ADVANCED_FACE('',(#635),#140,.T.);
#6262=ADVANCED_FACE('',(#636),#141,.T.);
#6263=ADVANCED_FACE('',(#637),#142,.T.);
#6264=ADVANCED_FACE('',(#638),#143,.T.);
#6265=ADVANCED_FACE('',(#639),#144,.T.);
#6266=ADVANCED_FACE('',(#640),#145,.T.);
#6267=ADVANCED_FACE('',(#641),#146,.T.);
#6268=ADVANCED_FACE('',(#642),#147,.T.);
#6269=ADVANCED_FACE('',(#643),#148,.T.);
#6270=ADVANCED_FACE('',(#644),#149,.T.);
#6271=ADVANCED_FACE('',(#645),#150,.T.);
#6272=ADVANCED_FACE('',(#646),#151,.T.);
#6273=ADVANCED_FACE('',(#647),#152,.T.);
#6274=ADVANCED_FACE('',(#648),#153,.T.);
#6275=ADVANCED_FACE('',(#649),#154,.T.);
#6276=ADVANCED_FACE('',(#650),#155,.T.);
#6277=ADVANCED_FACE('',(#651),#156,.T.);
#6278=ADVANCED_FACE('',(#652),#157,.T.);
#6279=ADVANCED_FACE('',(#653),#158,.T.);
#6280=ADVANCED_FACE('',(#654),#159,.T.);
#6281=ADVANCED_FACE('',(#655),#160,.T.);
#6282=ADVANCED_FACE('',(#656),#161,.T.);
#6283=ADVANCED_FACE('',(#657),#162,.T.);
#6284=ADVANCED_FACE('',(#658),#163,.T.);
#6285=ADVANCED_FACE('',(#659),#164,.T.);
#6286=ADVANCED_FACE('',(#660),#165,.T.);
#6287=ADVANCED_FACE('',(#661),#166,.T.);
#6288=ADVANCED_FACE('',(#662),#167,.T.);
#6289=ADVANCED_FACE('',(#663),#168,.T.);
#6290=ADVANCED_FACE('',(#664),#169,.T.);
#6291=ADVANCED_FACE('',(#665),#170,.T.);
#6292=ADVANCED_FACE('',(#666),#171,.T.);
#6293=ADVANCED_FACE('',(#667),#172,.T.);
#6294=ADVANCED_FACE('',(#668),#173,.T.);
#6295=ADVANCED_FACE('',(#669),#174,.T.);
#6296=ADVANCED_FACE('',(#670),#175,.T.);
#6297=ADVANCED_FACE('',(#671),#176,.T.);
#6298=ADVANCED_FACE('',(#672),#177,.T.);
#6299=ADVANCED_FACE('',(#673),#178,.T.);
#6300=ADVANCED_FACE('',(#674),#179,.T.);
#6301=ADVANCED_FACE('',(#675),#180,.T.);
#6302=ADVANCED_FACE('',(#676),#181,.T.);
#6303=ADVANCED_FACE('',(#677),#182,.T.);
#6304=ADVANCED_FACE('',(#678),#183,.T.);
#6305=ADVANCED_FACE('',(#679),#184,.T.);
#6306=ADVANCED_FACE('',(#680),#185,.T.);
#6307=ADVANCED_FACE('',(#681),#186,.T.);
#6308=ADVANCED_FACE('',(#682),#187,.T.);
#6309=ADVANCED_FACE('',(#683),#188,.T.);
#6310=ADVANCED_FACE('',(#684),#189,.T.);
#6311=ADVANCED_FACE('',(#685),#190,.T.);
#6312=ADVANCED_FACE('',(#686),#191,.T.);
#6313=ADVANCED_FACE('',(#687),#192,.T.);
#6314=ADVANCED_FACE('',(#688),#193,.T.);
#6315=ADVANCED_FACE('',(#689),#194,.T.);
#6316=ADVANCED_FACE('',(#690),#195,.T.);
#6317=ADVANCED_FACE('',(#691),#196,.T.);
#6318=ADVANCED_FACE('',(#692),#197,.T.);
#6319=ADVANCED_FACE('',(#693),#198,.T.);
#6320=ADVANCED_FACE('',(#694),#199,.T.);
#6321=ADVANCED_FACE('',(#695),#200,.T.);
#6322=ADVANCED_FACE('',(#696),#6101,.T.);
#6323=ADVANCED_FACE('',(#697),#6102,.T.);
#6324=ADVANCED_FACE('',(#698),#6103,.T.);
#6325=ADVANCED_FACE('',(#699),#6104,.T.);
#6326=ADVANCED_FACE('',(#700),#6105,.T.);
#6327=ADVANCED_FACE('',(#701),#6106,.T.);
#6328=ADVANCED_FACE('',(#702),#6107,.T.);
#6329=ADVANCED_FACE('',(#703),#6108,.T.);
#6330=ADVANCED_FACE('',(#704),#6109,.T.);
#6331=ADVANCED_FACE('',(#705),#6110,.T.);
#6332=ADVANCED_FACE('',(#706),#6111,.T.);
#6333=ADVANCED_FACE('',(#707),#6112,.T.);
#6334=ADVANCED_FACE('',(#708),#6113,.T.);
#6335=ADVANCED_FACE('',(#709),#6114,.T.);
#6336=ADVANCED_FACE('',(#710),#6115,.T.);
#6337=ADVANCED_FACE('',(#711),#6116,.T.);
#6338=ADVANCED_FACE('',(#712),#6117,.T.);
#6339=ADVANCED_FACE('',(#713),#6118,.T.);
#6340=ADVANCED_FACE('',(#714),#6119,.T.);
#6341=ADVANCED_FACE('',(#715),#6120,.T.);
#6342=ADVANCED_FACE('',(#716),#6121,.T.);
#6343=ADVANCED_FACE('',(#717),#6122,.T.);
#6344=ADVANCED_FACE('',(#718),#6123,.T.);
#6345=ADVANCED_FACE('',(#719),#6124,.T.);
#6346=ADVANCED_FACE('',(#720),#6125,.T.);
#6347=ADVANCED_FACE('',(#721),#6126,.T.);
#6348=ADVANCED_FACE('',(#722),#6127,.T.);
#6349=ADVANCED_FACE('',(#723),#6128,.T.);
#6350=ADVANCED_FACE('',(#724),#6129,.T.);
#6351=ADVANCED_FACE('',(#725),#6130,.T.);
#6352=ADVANCED_FACE('',(#726),#6131,.T.);
#6353=ADVANCED_FACE('',(#727),#6132,.T.);
#6354=ADVANCED_FACE('',(#728),#6133,.T.);
#6355=ADVANCED_FACE('',(#729),#6134,.T.);
#6356=ADVANCED_FACE('',(#730),#6135,.T.);
#6357=ADVANCED_FACE('',(#731),#6136,.T.);
#6358=ADVANCED_FACE('',(#732),#6137,.T.);
#6359=ADVANCED_FACE('',(#733),#6138,.T.);
#6360=ADVANCED_FACE('',(#734),#6139,.T.);
#6361=ADVANCED_FACE('',(#735),#6140,.T.);
#6362=ADVANCED_FACE('',(#736),#6141,.T.);
#6363=ADVANCED_FACE('',(#737),#6142,.T.);
#6364=ADVANCED_FACE('',(#738),#6143,.T.);
#6365=ADVANCED_FACE('',(#739),#6144,.T.);
#6366=ADVANCED_FACE('',(#740),#6145,.T.);
#6367=ADVANCED_FACE('',(#741),#6146,.T.);
#6368=ADVANCED_FACE('',(#742),#6147,.T.);
#6369=ADVANCED_FACE('',(#743),#6148,.T.);
#6370=ADVANCED_FACE('',(#744),#6149,.T.);
#6371=ADVANCED_FACE('',(#745),#6150,.T.);
#6372=ADVANCED_FACE('',(#746),#6151,.T.);
#6373=ADVANCED_FACE('',(#747),#6152,.T.);
#6374=ADVANCED_FACE('',(#748),#6153,.T.);
#6375=ADVANCED_FACE('',(#749),#6154,.T.);
#6376=ADVANCED_FACE('',(#750),#6155,.T.);
#6377=ADVANCED_FACE('',(#751),#6156,.T.);
#6378=ADVANCED_FACE('',(#752),#6157,.T.);
#6379=ADVANCED_FACE('',(#753),#6158,.T.);
#6380=ADVANCED_FACE('',(#754),#6159,.T.);
#6381=ADVANCED_FACE('',(#755),#6160,.T.);
#6382=ADVANCED_FACE('',(#756),#6161,.T.);
#6383=ADVANCED_FACE('',(#757),#6162,.T.);
#6384=ADVANCED_FACE('',(#758,#274,#275,#276,#277,#278,#279,#280,#281,#282,
#283,#284,#285,#286,#287,#288,#289,#290,#291,#292,#293,#294,#295,#296,#297,
#298,#299,#300,#301,#302,#303,#304,#305,#306,#307,#308,#309,#310,#311,#312,
#313,#314,#315,#316,#317,#318,#319,#320,#321,#322,#323,#324,#325,#326,#327,
#328,#329,#330,#331,#332,#333,#334,#335,#336,#337,#338,#339,#340,#341,#342,
#343),#439,.T.);
#6385=ADVANCED_FACE('',(#759,#344,#345,#346,#347,#348,#349,#350,#351,#352,
#353,#354,#355,#356,#357,#358,#359,#360,#361,#362,#363,#364,#365,#366,#367,
#368,#369,#370,#371,#372,#373,#374,#375,#376,#377,#378,#379,#380,#381,#382,
#383,#384,#385,#386,#387,#388,#389,#390,#391,#392,#393,#394,#395,#396,#397,
#398,#399,#400,#401,#402,#403,#404,#405,#406,#407),#440,.T.);
#6386=ADVANCED_FACE('',(#760),#441,.F.);
#6387=ADVANCED_FACE('',(#761),#442,.F.);
#6388=ADVANCED_FACE('',(#762),#443,.F.);
#6389=ADVANCED_FACE('',(#763),#444,.F.);
#6390=ADVANCED_FACE('',(#764),#445,.F.);
#6391=ADVANCED_FACE('',(#765),#446,.F.);
#6392=ADVANCED_FACE('',(#766),#447,.F.);
#6393=ADVANCED_FACE('',(#767),#448,.F.);
#6394=ADVANCED_FACE('',(#768),#449,.T.);
#6395=ADVANCED_FACE('',(#769),#450,.T.);
#6396=ADVANCED_FACE('',(#770),#451,.T.);
#6397=ADVANCED_FACE('',(#771),#19,.T.);
#6398=ADVANCED_FACE('',(#772),#20,.T.);
#6399=ADVANCED_FACE('',(#773),#21,.T.);
#6400=ADVANCED_FACE('',(#774),#452,.T.);
#6401=ADVANCED_FACE('',(#775),#22,.T.);
#6402=ADVANCED_FACE('',(#776),#23,.T.);
#6403=ADVANCED_FACE('',(#777),#453,.T.);
#6404=ADVANCED_FACE('',(#778),#24,.T.);
#6405=ADVANCED_FACE('',(#779),#25,.T.);
#6406=ADVANCED_FACE('',(#780),#454,.T.);
#6407=ADVANCED_FACE('',(#781),#455,.T.);
#6408=ADVANCED_FACE('',(#782),#456,.T.);
#6409=ADVANCED_FACE('',(#783),#457,.T.);
#6410=ADVANCED_FACE('',(#784),#458,.T.);
#6411=ADVANCED_FACE('',(#785),#459,.F.);
#6412=ADVANCED_FACE('',(#786),#460,.T.);
#6413=ADVANCED_FACE('',(#787),#461,.T.);
#6414=ADVANCED_FACE('',(#788),#462,.T.);
#6415=ADVANCED_FACE('',(#789),#463,.T.);
#6416=ADVANCED_FACE('',(#790),#464,.T.);
#6417=ADVANCED_FACE('',(#791),#465,.T.);
#6418=ADVANCED_FACE('',(#792),#466,.T.);
#6419=ADVANCED_FACE('',(#793),#467,.T.);
#6420=ADVANCED_FACE('',(#794),#468,.T.);
#6421=ADVANCED_FACE('',(#795),#469,.T.);
#6422=ADVANCED_FACE('',(#796),#470,.T.);
#6423=ADVANCED_FACE('',(#797),#471,.T.);
#6424=ADVANCED_FACE('',(#798),#472,.T.);
#6425=ADVANCED_FACE('',(#799),#473,.T.);
#6426=ADVANCED_FACE('',(#800),#474,.T.);
#6427=ADVANCED_FACE('',(#801),#475,.T.);
#6428=ADVANCED_FACE('',(#802),#476,.F.);
#6429=ADVANCED_FACE('',(#803),#477,.F.);
#6430=ADVANCED_FACE('',(#804),#478,.F.);
#6431=ADVANCED_FACE('',(#805),#479,.F.);
#6432=ADVANCED_FACE('',(#806),#480,.F.);
#6433=ADVANCED_FACE('',(#807),#481,.F.);
#6434=ADVANCED_FACE('',(#808),#482,.F.);
#6435=ADVANCED_FACE('',(#809),#483,.F.);
#6436=ADVANCED_FACE('',(#810),#484,.F.);
#6437=ADVANCED_FACE('',(#811),#485,.F.);
#6438=ADVANCED_FACE('',(#812),#486,.F.);
#6439=ADVANCED_FACE('',(#813),#487,.F.);
#6440=ADVANCED_FACE('',(#814),#488,.F.);
#6441=ADVANCED_FACE('',(#815),#489,.F.);
#6442=ADVANCED_FACE('',(#816),#490,.F.);
#6443=ADVANCED_FACE('',(#817),#491,.T.);
#6444=ADVANCED_FACE('',(#818),#492,.T.);
#6445=ADVANCED_FACE('',(#819),#493,.T.);
#6446=ADVANCED_FACE('',(#820),#494,.T.);
#6447=ADVANCED_FACE('',(#821),#495,.T.);
#6448=ADVANCED_FACE('',(#822),#496,.T.);
#6449=ADVANCED_FACE('',(#823),#497,.T.);
#6450=ADVANCED_FACE('',(#824),#498,.T.);
#6451=ADVANCED_FACE('',(#825),#499,.T.);
#6452=ADVANCED_FACE('',(#826),#500,.T.);
#6453=ADVANCED_FACE('',(#827),#501,.T.);
#6454=ADVANCED_FACE('',(#828),#502,.T.);
#6455=ADVANCED_FACE('',(#829),#503,.T.);
#6456=ADVANCED_FACE('',(#830),#504,.T.);
#6457=ADVANCED_FACE('',(#831),#505,.T.);
#6458=ADVANCED_FACE('',(#832),#506,.T.);
#6459=ADVANCED_FACE('',(#833),#507,.F.);
#6460=ADVANCED_FACE('',(#834),#508,.F.);
#6461=ADVANCED_FACE('',(#835),#509,.F.);
#6462=ADVANCED_FACE('',(#836),#510,.F.);
#6463=ADVANCED_FACE('',(#837),#511,.F.);
#6464=ADVANCED_FACE('',(#838),#512,.F.);
#6465=ADVANCED_FACE('',(#839),#513,.F.);
#6466=ADVANCED_FACE('',(#840),#514,.F.);
#6467=ADVANCED_FACE('',(#841),#515,.F.);
#6468=ADVANCED_FACE('',(#842),#516,.F.);
#6469=ADVANCED_FACE('',(#843),#517,.F.);
#6470=ADVANCED_FACE('',(#844),#518,.F.);
#6471=ADVANCED_FACE('',(#845),#519,.F.);
#6472=ADVANCED_FACE('',(#846),#520,.F.);
#6473=ADVANCED_FACE('',(#847),#521,.F.);
#6474=ADVANCED_FACE('',(#848),#522,.F.);
#6475=ADVANCED_FACE('',(#849),#523,.F.);
#6476=ADVANCED_FACE('',(#850),#524,.F.);
#6477=ADVANCED_FACE('',(#851),#525,.F.);
#6478=ADVANCED_FACE('',(#852),#526,.T.);
#6479=ADVANCED_FACE('',(#853),#527,.F.);
#6480=ADVANCED_FACE('',(#854),#528,.F.);
#6481=ADVANCED_FACE('',(#855),#529,.F.);
#6482=ADVANCED_FACE('',(#856),#530,.F.);
#6483=ADVANCED_FACE('',(#857),#531,.T.);
#6484=ADVANCED_FACE('',(#858),#532,.F.);
#6485=ADVANCED_FACE('',(#859),#533,.F.);
#6486=ADVANCED_FACE('',(#860),#534,.F.);
#6487=ADVANCED_FACE('',(#861),#535,.F.);
#6488=ADVANCED_FACE('',(#862),#536,.F.);
#6489=ADVANCED_FACE('',(#863),#537,.F.);
#6490=ADVANCED_FACE('',(#864),#538,.F.);
#6491=ADVANCED_FACE('',(#865),#539,.F.);
#6492=ADVANCED_FACE('',(#866),#540,.F.);
#6493=ADVANCED_FACE('',(#867),#541,.T.);
#6494=ADVANCED_FACE('',(#868),#542,.F.);
#6495=ADVANCED_FACE('',(#869),#543,.F.);
#6496=ADVANCED_FACE('',(#870),#544,.F.);
#6497=ADVANCED_FACE('',(#871),#545,.F.);
#6498=ADVANCED_FACE('',(#872),#546,.F.);
#6499=ADVANCED_FACE('',(#873),#547,.F.);
#6500=ADVANCED_FACE('',(#874),#548,.F.);
#6501=ADVANCED_FACE('',(#875),#549,.F.);
#6502=ADVANCED_FACE('',(#876),#550,.F.);
#6503=ADVANCED_FACE('',(#877),#551,.T.);
#6504=ADVANCED_FACE('',(#878),#552,.F.);
#6505=ADVANCED_FACE('',(#879),#553,.F.);
#6506=ADVANCED_FACE('',(#880),#554,.F.);
#6507=ADVANCED_FACE('',(#881),#555,.F.);
#6508=ADVANCED_FACE('',(#882),#556,.T.);
#6509=ADVANCED_FACE('',(#883),#13,.F.);
#6510=ADVANCED_FACE('',(#884),#6163,.T.);
#6511=ADVANCED_FACE('',(#885),#6164,.F.);
#6512=ADVANCED_FACE('',(#886),#6165,.F.);
#6513=ADVANCED_FACE('',(#887),#6166,.F.);
#6514=ADVANCED_FACE('',(#888,#408),#557,.T.);
#6515=ADVANCED_FACE('',(#889,#409),#558,.F.);
#6516=ADVANCED_FACE('',(#890),#559,.F.);
#6517=ADVANCED_FACE('',(#891),#560,.F.);
#6518=ADVANCED_FACE('',(#892),#561,.F.);
#6519=ADVANCED_FACE('',(#893),#562,.F.);
#6520=ADVANCED_FACE('',(#894),#563,.T.);
#6521=ADVANCED_FACE('',(#895),#564,.T.);
#6522=ADVANCED_FACE('',(#896),#565,.T.);
#6523=ADVANCED_FACE('',(#897),#566,.T.);
#6524=ADVANCED_FACE('',(#898,#410),#567,.F.);
#6525=ADVANCED_FACE('',(#899),#568,.T.);
#6526=ADVANCED_FACE('',(#900),#569,.T.);
#6527=ADVANCED_FACE('',(#901),#6167,.F.);
#6528=ADVANCED_FACE('',(#902),#570,.T.);
#6529=ADVANCED_FACE('',(#903),#6168,.F.);
#6530=ADVANCED_FACE('',(#904),#571,.T.);
#6531=ADVANCED_FACE('',(#905,#411),#572,.T.);
#6532=ADVANCED_FACE('',(#906,#412),#573,.F.);
#6533=ADVANCED_FACE('',(#907),#6169,.F.);
#6534=ADVANCED_FACE('',(#908),#574,.T.);
#6535=ADVANCED_FACE('',(#909),#6170,.F.);
#6536=ADVANCED_FACE('',(#910),#575,.T.);
#6537=ADVANCED_FACE('',(#911),#6171,.F.);
#6538=ADVANCED_FACE('',(#912),#576,.T.);
#6539=ADVANCED_FACE('',(#913),#6172,.F.);
#6540=ADVANCED_FACE('',(#914),#577,.T.);
#6541=ADVANCED_FACE('',(#915,#413),#578,.T.);
#6542=ADVANCED_FACE('',(#916),#579,.F.);
#6543=ADVANCED_FACE('',(#917),#580,.F.);
#6544=ADVANCED_FACE('',(#918),#581,.F.);
#6545=ADVANCED_FACE('',(#919),#582,.F.);
#6546=ADVANCED_FACE('',(#920),#583,.T.);
#6547=ADVANCED_FACE('',(#921),#584,.F.);
#6548=ADVANCED_FACE('',(#922),#14,.F.);
#6549=ADVANCED_FACE('',(#923),#11,.T.);
#6550=ADVANCED_FACE('',(#924),#6173,.T.);
#6551=ADVANCED_FACE('',(#925),#12,.T.);
#6552=ADVANCED_FACE('',(#926),#15,.F.);
#6553=ADVANCED_FACE('',(#927),#6174,.T.);
#6554=ADVANCED_FACE('',(#928),#6175,.T.);
#6555=ADVANCED_FACE('',(#929,#414),#585,.F.);
#6556=ADVANCED_FACE('',(#930,#415),#586,.F.);
#6557=ADVANCED_FACE('',(#931,#416),#587,.T.);
#6558=ADVANCED_FACE('',(#932,#417),#588,.T.);
#6559=ADVANCED_FACE('',(#933),#16,.T.);
#6560=ADVANCED_FACE('',(#934),#589,.T.);
#6561=ADVANCED_FACE('',(#935),#590,.F.);
#6562=ADVANCED_FACE('',(#936),#17,.T.);
#6563=ADVANCED_FACE('',(#937),#591,.T.);
#6564=ADVANCED_FACE('',(#938),#592,.F.);
#6565=ADVANCED_FACE('',(#939),#18,.T.);
#6566=ADVANCED_FACE('',(#940),#593,.T.);
#6567=ADVANCED_FACE('',(#941),#594,.F.);
#6568=ADVANCED_FACE('',(#942),#595,.T.);
#6569=ADVANCED_FACE('',(#943),#596,.F.);
#6570=ADVANCED_FACE('',(#944),#26,.F.);
#6571=ADVANCED_FACE('',(#945),#597,.T.);
#6572=ADVANCED_FACE('',(#946),#27,.F.);
#6573=ADVANCED_FACE('',(#947),#598,.T.);
#6574=ADVANCED_FACE('',(#948),#6176,.T.);
#6575=ADVANCED_FACE('',(#949),#599,.T.);
#6576=ADVANCED_FACE('',(#950),#6177,.T.);
#6577=ADVANCED_FACE('',(#951),#600,.T.);
#6578=ADVANCED_FACE('',(#952),#6178,.T.);
#6579=ADVANCED_FACE('',(#953),#601,.T.);
#6580=ADVANCED_FACE('',(#954),#6179,.T.);
#6581=ADVANCED_FACE('',(#955),#602,.T.);
#6582=ADVANCED_FACE('',(#956),#603,.F.);
#6583=ADVANCED_FACE('',(#957,#418),#604,.T.);
#6584=ADVANCED_FACE('',(#958),#605,.F.);
#6585=ADVANCED_FACE('',(#959),#606,.F.);
#6586=ADVANCED_FACE('',(#960),#607,.F.);
#6587=ADVANCED_FACE('',(#961),#608,.T.);
#6588=ADVANCED_FACE('',(#962),#609,.F.);
#6589=CLOSED_SHELL('',(#6236,#6237,#6238,#6239,#6240,#6241,#6242,#6243,
#6244,#6245,#6246,#6247,#6248,#6249,#6250,#6251,#6252,#6253,#6254,#6255,
#6256,#6257,#6258,#6259));
#6590=CLOSED_SHELL('',(#6260,#6261,#6262,#6263,#6264,#6265,#6266,#6267,
#6268,#6269,#6270,#6271,#6272,#6273,#6274,#6275,#6276,#6277,#6278,#6279,
#6280,#6281,#6282,#6283,#6284,#6285,#6286,#6287,#6288,#6289,#6290,#6291,
#6292,#6293,#6294,#6295,#6296,#6297,#6298,#6299,#6300,#6301,#6302,#6303,
#6304,#6305,#6306,#6307,#6308,#6309,#6310,#6311,#6312,#6313,#6314,#6315,
#6316,#6317,#6318,#6319,#6320,#6321,#6322,#6323,#6324,#6325,#6326,#6327,
#6328,#6329,#6330,#6331,#6332,#6333,#6334,#6335,#6336,#6337,#6338,#6339,
#6340,#6341,#6342,#6343,#6344,#6345,#6346,#6347,#6348,#6349,#6350,#6351,
#6352,#6353,#6354,#6355,#6356,#6357,#6358,#6359,#6360,#6361,#6362,#6363,
#6364,#6365,#6366,#6367,#6368,#6369,#6370,#6371,#6372,#6373,#6374,#6375,
#6376,#6377,#6378,#6379,#6380,#6381,#6382,#6383,#6384,#6385,#6386,#6387,
#6388,#6389,#6390,#6391,#6392,#6393,#6394,#6395,#6396,#6397,#6398,#6399,
#6400,#6401,#6402,#6403,#6404,#6405,#6406,#6407,#6408,#6409,#6410,#6411,
#6412,#6413,#6414,#6415,#6416,#6417,#6418,#6419,#6420,#6421,#6422,#6423,
#6424,#6425,#6426,#6427,#6428,#6429,#6430,#6431,#6432,#6433,#6434,#6435,
#6436,#6437,#6438,#6439,#6440,#6441,#6442,#6443,#6444,#6445,#6446,#6447,
#6448,#6449,#6450,#6451,#6452,#6453,#6454,#6455,#6456,#6457,#6458,#6459,
#6460,#6461,#6462,#6463,#6464,#6465,#6466,#6467,#6468,#6469,#6470,#6471,
#6472,#6473,#6474,#6475,#6476,#6477,#6478,#6479,#6480,#6481,#6482,#6483,
#6484,#6485,#6486,#6487,#6488,#6489,#6490,#6491,#6492,#6493,#6494,#6495,
#6496,#6497,#6498,#6499,#6500,#6501,#6502,#6503,#6504,#6505,#6506,#6507,
#6508));
#6591=CLOSED_SHELL('',(#6509,#6510,#6511,#6512,#6513,#6514,#6515,#6516,
#6517,#6518,#6519,#6520,#6521,#6522,#6523,#6524,#6525,#6526,#6527,#6528,
#6529,#6530,#6531,#6532,#6533,#6534,#6535,#6536,#6537,#6538,#6539,#6540,
#6541));
#6592=CLOSED_SHELL('',(#6542,#6543,#6544,#6545,#6546,#6547));
#6593=CLOSED_SHELL('',(#6548,#6549,#6550,#6551,#6552,#6553,#6554,#6555,
#6556,#6557,#6558,#6559,#6560,#6561,#6562,#6563,#6564,#6565,#6566,#6567));
#6594=CLOSED_SHELL('',(#6568,#6569,#6570,#6571,#6572,#6573));
#6595=CLOSED_SHELL('',(#6574,#6575,#6576,#6577,#6578,#6579,#6580,#6581,
#6582,#6583,#6584,#6585,#6586,#6587,#6588));
#6596=DERIVED_UNIT_ELEMENT(#6608,1.);
#6597=DERIVED_UNIT_ELEMENT(#11810,-3.);
#6598=DERIVED_UNIT_ELEMENT(#6608,1.);
#6599=DERIVED_UNIT_ELEMENT(#11810,-3.);
#6600=DERIVED_UNIT_ELEMENT(#6608,1.);
#6601=DERIVED_UNIT_ELEMENT(#11810,-3.);
#6602=DERIVED_UNIT_ELEMENT(#6608,1.);
#6603=DERIVED_UNIT_ELEMENT(#11810,-3.);
#6604=DERIVED_UNIT_ELEMENT(#6608,1.);
#6605=DERIVED_UNIT_ELEMENT(#11810,-3.);
#6606=DERIVED_UNIT_ELEMENT(#6608,1.);
#6607=DERIVED_UNIT_ELEMENT(#11810,-3.);
#6608=(
MASS_UNIT()
NAMED_UNIT(*)
SI_UNIT(.KILO.,.GRAM.)
);
#6609=DERIVED_UNIT((#6596,#6597));
#6610=DERIVED_UNIT((#6598,#6599));
#6611=DERIVED_UNIT((#6600,#6601));
#6612=DERIVED_UNIT((#6602,#6603));
#6613=DERIVED_UNIT((#6604,#6605));
#6614=DERIVED_UNIT((#6606,#6607));
#6615=MEASURE_REPRESENTATION_ITEM('density measure',
POSITIVE_RATIO_MEASURE(7850.),#6609);
#6616=MEASURE_REPRESENTATION_ITEM('density measure',
POSITIVE_RATIO_MEASURE(7850.),#6610);
#6617=MEASURE_REPRESENTATION_ITEM('density measure',
POSITIVE_RATIO_MEASURE(7850.),#6611);
#6618=MEASURE_REPRESENTATION_ITEM('density measure',
POSITIVE_RATIO_MEASURE(7850.),#6612);
#6619=MEASURE_REPRESENTATION_ITEM('density measure',
POSITIVE_RATIO_MEASURE(7850.),#6613);
#6620=MEASURE_REPRESENTATION_ITEM('density measure',
POSITIVE_RATIO_MEASURE(7850.),#6614);
#6621=PROPERTY_DEFINITION_REPRESENTATION(#6651,#6633);
#6622=PROPERTY_DEFINITION_REPRESENTATION(#6652,#6634);
#6623=PROPERTY_DEFINITION_REPRESENTATION(#6653,#6635);
#6624=PROPERTY_DEFINITION_REPRESENTATION(#6654,#6636);
#6625=PROPERTY_DEFINITION_REPRESENTATION(#6655,#6637);
#6626=PROPERTY_DEFINITION_REPRESENTATION(#6656,#6638);
#6627=PROPERTY_DEFINITION_REPRESENTATION(#6657,#6639);
#6628=PROPERTY_DEFINITION_REPRESENTATION(#6658,#6640);
#6629=PROPERTY_DEFINITION_REPRESENTATION(#6659,#6641);
#6630=PROPERTY_DEFINITION_REPRESENTATION(#6660,#6642);
#6631=PROPERTY_DEFINITION_REPRESENTATION(#6661,#6643);
#6632=PROPERTY_DEFINITION_REPRESENTATION(#6662,#6644);
#6633=REPRESENTATION('material name',(#6645),#11798);
#6634=REPRESENTATION('density',(#6615),#11798);
#6635=REPRESENTATION('material name',(#6646),#11801);
#6636=REPRESENTATION('density',(#6616),#11801);
#6637=REPRESENTATION('material name',(#6647),#11803);
#6638=REPRESENTATION('density',(#6617),#11803);
#6639=REPRESENTATION('material name',(#6648),#11805);
#6640=REPRESENTATION('density',(#6618),#11805);
#6641=REPRESENTATION('material name',(#6649),#11806);
#6642=REPRESENTATION('density',(#6619),#11806);
#6643=REPRESENTATION('material name',(#6650),#11807);
#6644=REPRESENTATION('density',(#6620),#11807);
#6645=DESCRIPTIVE_REPRESENTATION_ITEM('Steel','Steel');
#6646=DESCRIPTIVE_REPRESENTATION_ITEM('Steel','Steel');
#6647=DESCRIPTIVE_REPRESENTATION_ITEM('Steel','Steel');
#6648=DESCRIPTIVE_REPRESENTATION_ITEM('Steel','Steel');
#6649=DESCRIPTIVE_REPRESENTATION_ITEM('Steel','Steel');
#6650=DESCRIPTIVE_REPRESENTATION_ITEM('Steel','Steel');
#6651=PROPERTY_DEFINITION('material property','material name',#11863);
#6652=PROPERTY_DEFINITION('material property','density of part',#11863);
#6653=PROPERTY_DEFINITION('material property','material name',#11866);
#6654=PROPERTY_DEFINITION('material property','density of part',#11866);
#6655=PROPERTY_DEFINITION('material property','material name',#11868);
#6656=PROPERTY_DEFINITION('material property','density of part',#11868);
#6657=PROPERTY_DEFINITION('material property','material name',#11870);
#6658=PROPERTY_DEFINITION('material property','density of part',#11870);
#6659=PROPERTY_DEFINITION('material property','material name',#11871);
#6660=PROPERTY_DEFINITION('material property','density of part',#11871);
#6661=PROPERTY_DEFINITION('material property','material name',#11872);
#6662=PROPERTY_DEFINITION('material property','density of part',#11872);
#6663=AXIS2_PLACEMENT_3D('',#9586,#7489,#7490);
#6664=AXIS2_PLACEMENT_3D('',#9587,#7491,#7492);
#6665=AXIS2_PLACEMENT_3D('',#9588,#7493,#7494);
#6666=AXIS2_PLACEMENT_3D('',#9589,#7495,#7496);
#6667=AXIS2_PLACEMENT_3D('',#9591,#7497,#7498);
#6668=AXIS2_PLACEMENT_3D('',#9594,#7500,#7501);
#6669=AXIS2_PLACEMENT_3D('',#9595,#7502,#7503);
#6670=AXIS2_PLACEMENT_3D('',#9597,#7504,#7505);
#6671=AXIS2_PLACEMENT_3D('',#9600,#7507,#7508);
#6672=AXIS2_PLACEMENT_3D('',#9601,#7509,#7510);
#6673=AXIS2_PLACEMENT_3D('',#9603,#7511,#7512);
#6674=AXIS2_PLACEMENT_3D('',#9606,#7514,#7515);
#6675=AXIS2_PLACEMENT_3D('',#9607,#7516,#7517);
#6676=AXIS2_PLACEMENT_3D('',#9609,#7518,#7519);
#6677=AXIS2_PLACEMENT_3D('',#9612,#7521,#7522);
#6678=AXIS2_PLACEMENT_3D('',#9613,#7523,#7524);
#6679=AXIS2_PLACEMENT_3D('',#9630,#7533,#7534);
#6680=AXIS2_PLACEMENT_3D('',#9647,#7543,#7544);
#6681=AXIS2_PLACEMENT_3D('',#9650,#7547,#7548);
#6682=AXIS2_PLACEMENT_3D('',#9652,#7550,#7551);
#6683=AXIS2_PLACEMENT_3D('',#9654,#7553,#7554);
#6684=AXIS2_PLACEMENT_3D('',#9668,#7562,#7563);
#6685=AXIS2_PLACEMENT_3D('',#9672,#7566,#7567);
#6686=AXIS2_PLACEMENT_3D('',#9676,#7570,#7571);
#6687=AXIS2_PLACEMENT_3D('',#9678,#7573,#7574);
#6688=AXIS2_PLACEMENT_3D('',#9679,#7575,#7576);
#6689=AXIS2_PLACEMENT_3D('',#9685,#7580,#7581);
#6690=AXIS2_PLACEMENT_3D('',#9689,#7584,#7585);
#6691=AXIS2_PLACEMENT_3D('',#9693,#7588,#7589);
#6692=AXIS2_PLACEMENT_3D('',#9695,#7591,#7592);
#6693=AXIS2_PLACEMENT_3D('',#9696,#7593,#7594);
#6694=AXIS2_PLACEMENT_3D('',#9702,#7598,#7599);
#6695=AXIS2_PLACEMENT_3D('',#9706,#7602,#7603);
#6696=AXIS2_PLACEMENT_3D('',#9710,#7606,#7607);
#6697=AXIS2_PLACEMENT_3D('',#9712,#7609,#7610);
#6698=AXIS2_PLACEMENT_3D('',#9713,#7611,#7612);
#6699=AXIS2_PLACEMENT_3D('',#9714,#7613,#7614);
#6700=AXIS2_PLACEMENT_3D('',#9715,#7615,#7616);
#6701=AXIS2_PLACEMENT_3D('',#9716,#7617,#7618);
#6702=AXIS2_PLACEMENT_3D('',#9717,#7619,#7620);
#6703=AXIS2_PLACEMENT_3D('',#9719,#7621,#7622);
#6704=AXIS2_PLACEMENT_3D('',#9721,#7623,#7624);
#6705=AXIS2_PLACEMENT_3D('',#9722,#7625,#7626);
#6706=AXIS2_PLACEMENT_3D('',#9723,#7627,#7628);
#6707=AXIS2_PLACEMENT_3D('',#9725,#7629,#7630);
#6708=AXIS2_PLACEMENT_3D('',#9727,#7631,#7632);
#6709=AXIS2_PLACEMENT_3D('',#9728,#7633,#7634);
#6710=AXIS2_PLACEMENT_3D('',#9729,#7635,#7636);
#6711=AXIS2_PLACEMENT_3D('',#9731,#7637,#7638);
#6712=AXIS2_PLACEMENT_3D('',#9733,#7639,#7640);
#6713=AXIS2_PLACEMENT_3D('',#9734,#7641,#7642);
#6714=AXIS2_PLACEMENT_3D('',#9735,#7643,#7644);
#6715=AXIS2_PLACEMENT_3D('',#9737,#7645,#7646);
#6716=AXIS2_PLACEMENT_3D('',#9739,#7647,#7648);
#6717=AXIS2_PLACEMENT_3D('',#9740,#7649,#7650);
#6718=AXIS2_PLACEMENT_3D('',#9741,#7651,#7652);
#6719=AXIS2_PLACEMENT_3D('',#9743,#7653,#7654);
#6720=AXIS2_PLACEMENT_3D('',#9745,#7655,#7656);
#6721=AXIS2_PLACEMENT_3D('',#9746,#7657,#7658);
#6722=AXIS2_PLACEMENT_3D('',#9747,#7659,#7660);
#6723=AXIS2_PLACEMENT_3D('',#9749,#7661,#7662);
#6724=AXIS2_PLACEMENT_3D('',#9751,#7663,#7664);
#6725=AXIS2_PLACEMENT_3D('',#9752,#7665,#7666);
#6726=AXIS2_PLACEMENT_3D('',#9753,#7667,#7668);
#6727=AXIS2_PLACEMENT_3D('',#9755,#7669,#7670);
#6728=AXIS2_PLACEMENT_3D('',#9757,#7671,#7672);
#6729=AXIS2_PLACEMENT_3D('',#9758,#7673,#7674);
#6730=AXIS2_PLACEMENT_3D('',#9759,#7675,#7676);
#6731=AXIS2_PLACEMENT_3D('',#9761,#7677,#7678);
#6732=AXIS2_PLACEMENT_3D('',#9763,#7679,#7680);
#6733=AXIS2_PLACEMENT_3D('',#9764,#7681,#7682);
#6734=AXIS2_PLACEMENT_3D('',#9765,#7683,#7684);
#6735=AXIS2_PLACEMENT_3D('',#9767,#7685,#7686);
#6736=AXIS2_PLACEMENT_3D('',#9769,#7687,#7688);
#6737=AXIS2_PLACEMENT_3D('',#9770,#7689,#7690);
#6738=AXIS2_PLACEMENT_3D('',#9771,#7691,#7692);
#6739=AXIS2_PLACEMENT_3D('',#9773,#7693,#7694);
#6740=AXIS2_PLACEMENT_3D('',#9775,#7695,#7696);
#6741=AXIS2_PLACEMENT_3D('',#9776,#7697,#7698);
#6742=AXIS2_PLACEMENT_3D('',#9777,#7699,#7700);
#6743=AXIS2_PLACEMENT_3D('',#9779,#7701,#7702);
#6744=AXIS2_PLACEMENT_3D('',#9781,#7703,#7704);
#6745=AXIS2_PLACEMENT_3D('',#9782,#7705,#7706);
#6746=AXIS2_PLACEMENT_3D('',#9783,#7707,#7708);
#6747=AXIS2_PLACEMENT_3D('',#9785,#7709,#7710);
#6748=AXIS2_PLACEMENT_3D('',#9787,#7711,#7712);
#6749=AXIS2_PLACEMENT_3D('',#9788,#7713,#7714);
#6750=AXIS2_PLACEMENT_3D('',#9789,#7715,#7716);
#6751=AXIS2_PLACEMENT_3D('',#9791,#7717,#7718);
#6752=AXIS2_PLACEMENT_3D('',#9793,#7719,#7720);
#6753=AXIS2_PLACEMENT_3D('',#9794,#7721,#7722);
#6754=AXIS2_PLACEMENT_3D('',#9795,#7723,#7724);
#6755=AXIS2_PLACEMENT_3D('',#9797,#7725,#7726);
#6756=AXIS2_PLACEMENT_3D('',#9799,#7727,#7728);
#6757=AXIS2_PLACEMENT_3D('',#9800,#7729,#7730);
#6758=AXIS2_PLACEMENT_3D('',#9801,#7731,#7732);
#6759=AXIS2_PLACEMENT_3D('',#9803,#7733,#7734);
#6760=AXIS2_PLACEMENT_3D('',#9805,#7735,#7736);
#6761=AXIS2_PLACEMENT_3D('',#9806,#7737,#7738);
#6762=AXIS2_PLACEMENT_3D('',#9807,#7739,#7740);
#6763=AXIS2_PLACEMENT_3D('',#9809,#7741,#7742);
#6764=AXIS2_PLACEMENT_3D('',#9811,#7743,#7744);
#6765=AXIS2_PLACEMENT_3D('',#9812,#7745,#7746);
#6766=AXIS2_PLACEMENT_3D('',#9813,#7747,#7748);
#6767=AXIS2_PLACEMENT_3D('',#9815,#7749,#7750);
#6768=AXIS2_PLACEMENT_3D('',#9817,#7751,#7752);
#6769=AXIS2_PLACEMENT_3D('',#9818,#7753,#7754);
#6770=AXIS2_PLACEMENT_3D('',#9819,#7755,#7756);
#6771=AXIS2_PLACEMENT_3D('',#9821,#7757,#7758);
#6772=AXIS2_PLACEMENT_3D('',#9823,#7759,#7760);
#6773=AXIS2_PLACEMENT_3D('',#9824,#7761,#7762);
#6774=AXIS2_PLACEMENT_3D('',#9825,#7763,#7764);
#6775=AXIS2_PLACEMENT_3D('',#9827,#7765,#7766);
#6776=AXIS2_PLACEMENT_3D('',#9829,#7767,#7768);
#6777=AXIS2_PLACEMENT_3D('',#9830,#7769,#7770);
#6778=AXIS2_PLACEMENT_3D('',#9831,#7771,#7772);
#6779=AXIS2_PLACEMENT_3D('',#9833,#7773,#7774);
#6780=AXIS2_PLACEMENT_3D('',#9835,#7775,#7776);
#6781=AXIS2_PLACEMENT_3D('',#9836,#7777,#7778);
#6782=AXIS2_PLACEMENT_3D('',#9837,#7779,#7780);
#6783=AXIS2_PLACEMENT_3D('',#9839,#7781,#7782);
#6784=AXIS2_PLACEMENT_3D('',#9841,#7783,#7784);
#6785=AXIS2_PLACEMENT_3D('',#9842,#7785,#7786);
#6786=AXIS2_PLACEMENT_3D('',#9843,#7787,#7788);
#6787=AXIS2_PLACEMENT_3D('',#9845,#7789,#7790);
#6788=AXIS2_PLACEMENT_3D('',#9847,#7791,#7792);
#6789=AXIS2_PLACEMENT_3D('',#9848,#7793,#7794);
#6790=AXIS2_PLACEMENT_3D('',#9849,#7795,#7796);
#6791=AXIS2_PLACEMENT_3D('',#9851,#7797,#7798);
#6792=AXIS2_PLACEMENT_3D('',#9853,#7799,#7800);
#6793=AXIS2_PLACEMENT_3D('',#9854,#7801,#7802);
#6794=AXIS2_PLACEMENT_3D('',#9855,#7803,#7804);
#6795=AXIS2_PLACEMENT_3D('',#9857,#7805,#7806);
#6796=AXIS2_PLACEMENT_3D('',#9859,#7807,#7808);
#6797=AXIS2_PLACEMENT_3D('',#9860,#7809,#7810);
#6798=AXIS2_PLACEMENT_3D('',#9861,#7811,#7812);
#6799=AXIS2_PLACEMENT_3D('',#9863,#7813,#7814);
#6800=AXIS2_PLACEMENT_3D('',#9865,#7815,#7816);
#6801=AXIS2_PLACEMENT_3D('',#9866,#7817,#7818);
#6802=AXIS2_PLACEMENT_3D('',#9867,#7819,#7820);
#6803=AXIS2_PLACEMENT_3D('',#9869,#7821,#7822);
#6804=AXIS2_PLACEMENT_3D('',#9871,#7823,#7824);
#6805=AXIS2_PLACEMENT_3D('',#9872,#7825,#7826);
#6806=AXIS2_PLACEMENT_3D('',#9873,#7827,#7828);
#6807=AXIS2_PLACEMENT_3D('',#9875,#7829,#7830);
#6808=AXIS2_PLACEMENT_3D('',#9877,#7831,#7832);
#6809=AXIS2_PLACEMENT_3D('',#9878,#7833,#7834);
#6810=AXIS2_PLACEMENT_3D('',#9879,#7835,#7836);
#6811=AXIS2_PLACEMENT_3D('',#9881,#7837,#7838);
#6812=AXIS2_PLACEMENT_3D('',#9883,#7839,#7840);
#6813=AXIS2_PLACEMENT_3D('',#9884,#7841,#7842);
#6814=AXIS2_PLACEMENT_3D('',#9885,#7843,#7844);
#6815=AXIS2_PLACEMENT_3D('',#9887,#7845,#7846);
#6816=AXIS2_PLACEMENT_3D('',#9889,#7847,#7848);
#6817=AXIS2_PLACEMENT_3D('',#9890,#7849,#7850);
#6818=AXIS2_PLACEMENT_3D('',#9891,#7851,#7852);
#6819=AXIS2_PLACEMENT_3D('',#9893,#7853,#7854);
#6820=AXIS2_PLACEMENT_3D('',#9895,#7855,#7856);
#6821=AXIS2_PLACEMENT_3D('',#9896,#7857,#7858);
#6822=AXIS2_PLACEMENT_3D('',#9897,#7859,#7860);
#6823=AXIS2_PLACEMENT_3D('',#9899,#7861,#7862);
#6824=AXIS2_PLACEMENT_3D('',#9901,#7863,#7864);
#6825=AXIS2_PLACEMENT_3D('',#9902,#7865,#7866);
#6826=AXIS2_PLACEMENT_3D('',#9903,#7867,#7868);
#6827=AXIS2_PLACEMENT_3D('',#9905,#7869,#7870);
#6828=AXIS2_PLACEMENT_3D('',#9907,#7871,#7872);
#6829=AXIS2_PLACEMENT_3D('',#9909,#7873,#7874);
#6830=AXIS2_PLACEMENT_3D('',#9910,#7875,#7876);
#6831=AXIS2_PLACEMENT_3D('',#9911,#7877,#7878);
#6832=AXIS2_PLACEMENT_3D('',#9913,#7879,#7880);
#6833=AXIS2_PLACEMENT_3D('',#9915,#7881,#7882);
#6834=AXIS2_PLACEMENT_3D('',#9917,#7883,#7884);
#6835=AXIS2_PLACEMENT_3D('',#9918,#7885,#7886);
#6836=AXIS2_PLACEMENT_3D('',#9919,#7887,#7888);
#6837=AXIS2_PLACEMENT_3D('',#9921,#7889,#7890);
#6838=AXIS2_PLACEMENT_3D('',#9923,#7891,#7892);
#6839=AXIS2_PLACEMENT_3D('',#9925,#7893,#7894);
#6840=AXIS2_PLACEMENT_3D('',#9926,#7895,#7896);
#6841=AXIS2_PLACEMENT_3D('',#9927,#7897,#7898);
#6842=AXIS2_PLACEMENT_3D('',#9929,#7899,#7900);
#6843=AXIS2_PLACEMENT_3D('',#9931,#7901,#7902);
#6844=AXIS2_PLACEMENT_3D('',#9933,#7903,#7904);
#6845=AXIS2_PLACEMENT_3D('',#9934,#7905,#7906);
#6846=AXIS2_PLACEMENT_3D('',#9935,#7907,#7908);
#6847=AXIS2_PLACEMENT_3D('',#9937,#7909,#7910);
#6848=AXIS2_PLACEMENT_3D('',#9939,#7911,#7912);
#6849=AXIS2_PLACEMENT_3D('',#9941,#7913,#7914);
#6850=AXIS2_PLACEMENT_3D('',#9942,#7915,#7916);
#6851=AXIS2_PLACEMENT_3D('',#9943,#7917,#7918);
#6852=AXIS2_PLACEMENT_3D('',#9945,#7919,#7920);
#6853=AXIS2_PLACEMENT_3D('',#9947,#7921,#7922);
#6854=AXIS2_PLACEMENT_3D('',#9949,#7923,#7924);
#6855=AXIS2_PLACEMENT_3D('',#9950,#7925,#7926);
#6856=AXIS2_PLACEMENT_3D('',#9951,#7927,#7928);
#6857=AXIS2_PLACEMENT_3D('',#9953,#7929,#7930);
#6858=AXIS2_PLACEMENT_3D('',#9955,#7931,#7932);
#6859=AXIS2_PLACEMENT_3D('',#9957,#7933,#7934);
#6860=AXIS2_PLACEMENT_3D('',#9958,#7935,#7936);
#6861=AXIS2_PLACEMENT_3D('',#9959,#7937,#7938);
#6862=AXIS2_PLACEMENT_3D('',#9961,#7939,#7940);
#6863=AXIS2_PLACEMENT_3D('',#9963,#7941,#7942);
#6864=AXIS2_PLACEMENT_3D('',#9965,#7943,#7944);
#6865=AXIS2_PLACEMENT_3D('',#9966,#7945,#7946);
#6866=AXIS2_PLACEMENT_3D('',#9967,#7947,#7948);
#6867=AXIS2_PLACEMENT_3D('',#9969,#7949,#7950);
#6868=AXIS2_PLACEMENT_3D('',#9971,#7951,#7952);
#6869=AXIS2_PLACEMENT_3D('',#9973,#7953,#7954);
#6870=AXIS2_PLACEMENT_3D('',#9974,#7955,#7956);
#6871=AXIS2_PLACEMENT_3D('',#9975,#7957,#7958);
#6872=AXIS2_PLACEMENT_3D('',#9977,#7959,#7960);
#6873=AXIS2_PLACEMENT_3D('',#9979,#7961,#7962);
#6874=AXIS2_PLACEMENT_3D('',#9981,#7963,#7964);
#6875=AXIS2_PLACEMENT_3D('',#9982,#7965,#7966);
#6876=AXIS2_PLACEMENT_3D('',#9983,#7967,#7968);
#6877=AXIS2_PLACEMENT_3D('',#9985,#7969,#7970);
#6878=AXIS2_PLACEMENT_3D('',#9987,#7971,#7972);
#6879=AXIS2_PLACEMENT_3D('',#9989,#7973,#7974);
#6880=AXIS2_PLACEMENT_3D('',#9990,#7975,#7976);
#6881=AXIS2_PLACEMENT_3D('',#9991,#7977,#7978);
#6882=AXIS2_PLACEMENT_3D('',#9993,#7979,#7980);
#6883=AXIS2_PLACEMENT_3D('',#9995,#7981,#7982);
#6884=AXIS2_PLACEMENT_3D('',#9997,#7983,#7984);
#6885=AXIS2_PLACEMENT_3D('',#9998,#7985,#7986);
#6886=AXIS2_PLACEMENT_3D('',#9999,#7987,#7988);
#6887=AXIS2_PLACEMENT_3D('',#10001,#7989,#7990);
#6888=AXIS2_PLACEMENT_3D('',#10003,#7991,#7992);
#6889=AXIS2_PLACEMENT_3D('',#10005,#7993,#7994);
#6890=AXIS2_PLACEMENT_3D('',#10006,#7995,#7996);
#6891=AXIS2_PLACEMENT_3D('',#10007,#7997,#7998);
#6892=AXIS2_PLACEMENT_3D('',#10009,#7999,#8000);
#6893=AXIS2_PLACEMENT_3D('',#10011,#8001,#8002);
#6894=AXIS2_PLACEMENT_3D('',#10013,#8003,#8004);
#6895=AXIS2_PLACEMENT_3D('',#10014,#8005,#8006);
#6896=AXIS2_PLACEMENT_3D('',#10015,#8007,#8008);
#6897=AXIS2_PLACEMENT_3D('',#10017,#8009,#8010);
#6898=AXIS2_PLACEMENT_3D('',#10019,#8011,#8012);
#6899=AXIS2_PLACEMENT_3D('',#10021,#8013,#8014);
#6900=AXIS2_PLACEMENT_3D('',#10022,#8015,#8016);
#6901=AXIS2_PLACEMENT_3D('',#10023,#8017,#8018);
#6902=AXIS2_PLACEMENT_3D('',#10025,#8019,#8020);
#6903=AXIS2_PLACEMENT_3D('',#10027,#8021,#8022);
#6904=AXIS2_PLACEMENT_3D('',#10029,#8023,#8024);
#6905=AXIS2_PLACEMENT_3D('',#10030,#8025,#8026);
#6906=AXIS2_PLACEMENT_3D('',#10031,#8027,#8028);
#6907=AXIS2_PLACEMENT_3D('',#10033,#8029,#8030);
#6908=AXIS2_PLACEMENT_3D('',#10035,#8031,#8032);
#6909=AXIS2_PLACEMENT_3D('',#10037,#8033,#8034);
#6910=AXIS2_PLACEMENT_3D('',#10038,#8035,#8036);
#6911=AXIS2_PLACEMENT_3D('',#10039,#8037,#8038);
#6912=AXIS2_PLACEMENT_3D('',#10041,#8039,#8040);
#6913=AXIS2_PLACEMENT_3D('',#10043,#8041,#8042);
#6914=AXIS2_PLACEMENT_3D('',#10045,#8043,#8044);
#6915=AXIS2_PLACEMENT_3D('',#10046,#8045,#8046);
#6916=AXIS2_PLACEMENT_3D('',#10047,#8047,#8048);
#6917=AXIS2_PLACEMENT_3D('',#10049,#8049,#8050);
#6918=AXIS2_PLACEMENT_3D('',#10051,#8051,#8052);
#6919=AXIS2_PLACEMENT_3D('',#10053,#8053,#8054);
#6920=AXIS2_PLACEMENT_3D('',#10054,#8055,#8056);
#6921=AXIS2_PLACEMENT_3D('',#10055,#8057,#8058);
#6922=AXIS2_PLACEMENT_3D('',#10057,#8059,#8060);
#6923=AXIS2_PLACEMENT_3D('',#10059,#8061,#8062);
#6924=AXIS2_PLACEMENT_3D('',#10061,#8063,#8064);
#6925=AXIS2_PLACEMENT_3D('',#10062,#8065,#8066);
#6926=AXIS2_PLACEMENT_3D('',#10063,#8067,#8068);
#6927=AXIS2_PLACEMENT_3D('',#10065,#8069,#8070);
#6928=AXIS2_PLACEMENT_3D('',#10067,#8071,#8072);
#6929=AXIS2_PLACEMENT_3D('',#10069,#8073,#8074);
#6930=AXIS2_PLACEMENT_3D('',#10070,#8075,#8076);
#6931=AXIS2_PLACEMENT_3D('',#10071,#8077,#8078);
#6932=AXIS2_PLACEMENT_3D('',#10073,#8079,#8080);
#6933=AXIS2_PLACEMENT_3D('',#10075,#8081,#8082);
#6934=AXIS2_PLACEMENT_3D('',#10077,#8083,#8084);
#6935=AXIS2_PLACEMENT_3D('',#10078,#8085,#8086);
#6936=AXIS2_PLACEMENT_3D('',#10079,#8087,#8088);
#6937=AXIS2_PLACEMENT_3D('',#10081,#8089,#8090);
#6938=AXIS2_PLACEMENT_3D('',#10083,#8091,#8092);
#6939=AXIS2_PLACEMENT_3D('',#10085,#8093,#8094);
#6940=AXIS2_PLACEMENT_3D('',#10086,#8095,#8096);
#6941=AXIS2_PLACEMENT_3D('',#10087,#8097,#8098);
#6942=AXIS2_PLACEMENT_3D('',#10089,#8099,#8100);
#6943=AXIS2_PLACEMENT_3D('',#10091,#8101,#8102);
#6944=AXIS2_PLACEMENT_3D('',#10093,#8103,#8104);
#6945=AXIS2_PLACEMENT_3D('',#10094,#8105,#8106);
#6946=AXIS2_PLACEMENT_3D('',#10095,#8107,#8108);
#6947=AXIS2_PLACEMENT_3D('',#10097,#8109,#8110);
#6948=AXIS2_PLACEMENT_3D('',#10099,#8111,#8112);
#6949=AXIS2_PLACEMENT_3D('',#10101,#8113,#8114);
#6950=AXIS2_PLACEMENT_3D('',#10102,#8115,#8116);
#6951=AXIS2_PLACEMENT_3D('',#10103,#8117,#8118);
#6952=AXIS2_PLACEMENT_3D('',#10105,#8119,#8120);
#6953=AXIS2_PLACEMENT_3D('',#10107,#8121,#8122);
#6954=AXIS2_PLACEMENT_3D('',#10109,#8123,#8124);
#6955=AXIS2_PLACEMENT_3D('',#10110,#8125,#8126);
#6956=AXIS2_PLACEMENT_3D('',#10111,#8127,#8128);
#6957=AXIS2_PLACEMENT_3D('',#10113,#8129,#8130);
#6958=AXIS2_PLACEMENT_3D('',#10115,#8131,#8132);
#6959=AXIS2_PLACEMENT_3D('',#10117,#8133,#8134);
#6960=AXIS2_PLACEMENT_3D('',#10118,#8135,#8136);
#6961=AXIS2_PLACEMENT_3D('',#10119,#8137,#8138);
#6962=AXIS2_PLACEMENT_3D('',#10121,#8139,#8140);
#6963=AXIS2_PLACEMENT_3D('',#10123,#8141,#8142);
#6964=AXIS2_PLACEMENT_3D('',#10125,#8143,#8144);
#6965=AXIS2_PLACEMENT_3D('',#10126,#8145,#8146);
#6966=AXIS2_PLACEMENT_3D('',#10127,#8147,#8148);
#6967=AXIS2_PLACEMENT_3D('',#10129,#8149,#8150);
#6968=AXIS2_PLACEMENT_3D('',#10131,#8151,#8152);
#6969=AXIS2_PLACEMENT_3D('',#10133,#8153,#8154);
#6970=AXIS2_PLACEMENT_3D('',#10134,#8155,#8156);
#6971=AXIS2_PLACEMENT_3D('',#10135,#8157,#8158);
#6972=AXIS2_PLACEMENT_3D('',#10137,#8159,#8160);
#6973=AXIS2_PLACEMENT_3D('',#10139,#8161,#8162);
#6974=AXIS2_PLACEMENT_3D('',#10141,#8163,#8164);
#6975=AXIS2_PLACEMENT_3D('',#10142,#8165,#8166);
#6976=AXIS2_PLACEMENT_3D('',#10143,#8167,#8168);
#6977=AXIS2_PLACEMENT_3D('',#10145,#8169,#8170);
#6978=AXIS2_PLACEMENT_3D('',#10147,#8171,#8172);
#6979=AXIS2_PLACEMENT_3D('',#10149,#8173,#8174);
#6980=AXIS2_PLACEMENT_3D('',#10150,#8175,#8176);
#6981=AXIS2_PLACEMENT_3D('',#10151,#8177,#8178);
#6982=AXIS2_PLACEMENT_3D('',#10154,#8179,#8180);
#6983=AXIS2_PLACEMENT_3D('',#10156,#8181,#8182);
#6984=AXIS2_PLACEMENT_3D('',#10158,#8184,#8185);
#6985=AXIS2_PLACEMENT_3D('',#10159,#8186,#8187);
#6986=AXIS2_PLACEMENT_3D('',#10162,#8188,#8189);
#6987=AXIS2_PLACEMENT_3D('',#10164,#8190,#8191);
#6988=AXIS2_PLACEMENT_3D('',#10166,#8193,#8194);
#6989=AXIS2_PLACEMENT_3D('',#10167,#8195,#8196);
#6990=AXIS2_PLACEMENT_3D('',#10170,#8197,#8198);
#6991=AXIS2_PLACEMENT_3D('',#10172,#8199,#8200);
#6992=AXIS2_PLACEMENT_3D('',#10174,#8202,#8203);
#6993=AXIS2_PLACEMENT_3D('',#10175,#8204,#8205);
#6994=AXIS2_PLACEMENT_3D('',#10178,#8206,#8207);
#6995=AXIS2_PLACEMENT_3D('',#10180,#8208,#8209);
#6996=AXIS2_PLACEMENT_3D('',#10182,#8211,#8212);
#6997=AXIS2_PLACEMENT_3D('',#10183,#8213,#8214);
#6998=AXIS2_PLACEMENT_3D('',#10186,#8215,#8216);
#6999=AXIS2_PLACEMENT_3D('',#10188,#8217,#8218);
#7000=AXIS2_PLACEMENT_3D('',#10190,#8220,#8221);
#7001=AXIS2_PLACEMENT_3D('',#10191,#8222,#8223);
#7002=AXIS2_PLACEMENT_3D('',#10194,#8224,#8225);
#7003=AXIS2_PLACEMENT_3D('',#10196,#8226,#8227);
#7004=AXIS2_PLACEMENT_3D('',#10198,#8229,#8230);
#7005=AXIS2_PLACEMENT_3D('',#10199,#8231,#8232);
#7006=AXIS2_PLACEMENT_3D('',#10202,#8233,#8234);
#7007=AXIS2_PLACEMENT_3D('',#10204,#8235,#8236);
#7008=AXIS2_PLACEMENT_3D('',#10206,#8238,#8239);
#7009=AXIS2_PLACEMENT_3D('',#10207,#8240,#8241);
#7010=AXIS2_PLACEMENT_3D('',#10210,#8242,#8243);
#7011=AXIS2_PLACEMENT_3D('',#10212,#8244,#8245);
#7012=AXIS2_PLACEMENT_3D('',#10214,#8247,#8248);
#7013=AXIS2_PLACEMENT_3D('',#10215,#8249,#8250);
#7014=AXIS2_PLACEMENT_3D('',#10218,#8251,#8252);
#7015=AXIS2_PLACEMENT_3D('',#10220,#8253,#8254);
#7016=AXIS2_PLACEMENT_3D('',#10222,#8256,#8257);
#7017=AXIS2_PLACEMENT_3D('',#10223,#8258,#8259);
#7018=AXIS2_PLACEMENT_3D('',#10226,#8260,#8261);
#7019=AXIS2_PLACEMENT_3D('',#10228,#8262,#8263);
#7020=AXIS2_PLACEMENT_3D('',#10230,#8265,#8266);
#7021=AXIS2_PLACEMENT_3D('',#10231,#8267,#8268);
#7022=AXIS2_PLACEMENT_3D('',#10234,#8269,#8270);
#7023=AXIS2_PLACEMENT_3D('',#10236,#8271,#8272);
#7024=AXIS2_PLACEMENT_3D('',#10238,#8274,#8275);
#7025=AXIS2_PLACEMENT_3D('',#10239,#8276,#8277);
#7026=AXIS2_PLACEMENT_3D('',#10242,#8278,#8279);
#7027=AXIS2_PLACEMENT_3D('',#10244,#8280,#8281);
#7028=AXIS2_PLACEMENT_3D('',#10246,#8283,#8284);
#7029=AXIS2_PLACEMENT_3D('',#10247,#8285,#8286);
#7030=AXIS2_PLACEMENT_3D('',#10250,#8287,#8288);
#7031=AXIS2_PLACEMENT_3D('',#10252,#8289,#8290);
#7032=AXIS2_PLACEMENT_3D('',#10254,#8292,#8293);
#7033=AXIS2_PLACEMENT_3D('',#10255,#8294,#8295);
#7034=AXIS2_PLACEMENT_3D('',#10258,#8296,#8297);
#7035=AXIS2_PLACEMENT_3D('',#10260,#8298,#8299);
#7036=AXIS2_PLACEMENT_3D('',#10262,#8301,#8302);
#7037=AXIS2_PLACEMENT_3D('',#10263,#8303,#8304);
#7038=AXIS2_PLACEMENT_3D('',#10266,#8305,#8306);
#7039=AXIS2_PLACEMENT_3D('',#10268,#8307,#8308);
#7040=AXIS2_PLACEMENT_3D('',#10270,#8310,#8311);
#7041=AXIS2_PLACEMENT_3D('',#10271,#8312,#8313);
#7042=AXIS2_PLACEMENT_3D('',#10274,#8314,#8315);
#7043=AXIS2_PLACEMENT_3D('',#10276,#8316,#8317);
#7044=AXIS2_PLACEMENT_3D('',#10278,#8319,#8320);
#7045=AXIS2_PLACEMENT_3D('',#10279,#8321,#8322);
#7046=AXIS2_PLACEMENT_3D('',#10282,#8323,#8324);
#7047=AXIS2_PLACEMENT_3D('',#10284,#8325,#8326);
#7048=AXIS2_PLACEMENT_3D('',#10286,#8328,#8329);
#7049=AXIS2_PLACEMENT_3D('',#10287,#8330,#8331);
#7050=AXIS2_PLACEMENT_3D('',#10290,#8332,#8333);
#7051=AXIS2_PLACEMENT_3D('',#10292,#8334,#8335);
#7052=AXIS2_PLACEMENT_3D('',#10294,#8337,#8338);
#7053=AXIS2_PLACEMENT_3D('',#10295,#8339,#8340);
#7054=AXIS2_PLACEMENT_3D('',#10298,#8341,#8342);
#7055=AXIS2_PLACEMENT_3D('',#10300,#8343,#8344);
#7056=AXIS2_PLACEMENT_3D('',#10302,#8346,#8347);
#7057=AXIS2_PLACEMENT_3D('',#10303,#8348,#8349);
#7058=AXIS2_PLACEMENT_3D('',#10306,#8350,#8351);
#7059=AXIS2_PLACEMENT_3D('',#10308,#8352,#8353);
#7060=AXIS2_PLACEMENT_3D('',#10310,#8355,#8356);
#7061=AXIS2_PLACEMENT_3D('',#10311,#8357,#8358);
#7062=AXIS2_PLACEMENT_3D('',#10314,#8359,#8360);
#7063=AXIS2_PLACEMENT_3D('',#10316,#8361,#8362);
#7064=AXIS2_PLACEMENT_3D('',#10318,#8364,#8365);
#7065=AXIS2_PLACEMENT_3D('',#10319,#8366,#8367);
#7066=AXIS2_PLACEMENT_3D('',#10322,#8368,#8369);
#7067=AXIS2_PLACEMENT_3D('',#10324,#8370,#8371);
#7068=AXIS2_PLACEMENT_3D('',#10326,#8373,#8374);
#7069=AXIS2_PLACEMENT_3D('',#10327,#8375,#8376);
#7070=AXIS2_PLACEMENT_3D('',#10330,#8377,#8378);
#7071=AXIS2_PLACEMENT_3D('',#10332,#8379,#8380);
#7072=AXIS2_PLACEMENT_3D('',#10334,#8382,#8383);
#7073=AXIS2_PLACEMENT_3D('',#10335,#8384,#8385);
#7074=AXIS2_PLACEMENT_3D('',#10338,#8386,#8387);
#7075=AXIS2_PLACEMENT_3D('',#10340,#8388,#8389);
#7076=AXIS2_PLACEMENT_3D('',#10342,#8391,#8392);
#7077=AXIS2_PLACEMENT_3D('',#10343,#8393,#8394);
#7078=AXIS2_PLACEMENT_3D('',#10346,#8395,#8396);
#7079=AXIS2_PLACEMENT_3D('',#10348,#8397,#8398);
#7080=AXIS2_PLACEMENT_3D('',#10350,#8400,#8401);
#7081=AXIS2_PLACEMENT_3D('',#10351,#8402,#8403);
#7082=AXIS2_PLACEMENT_3D('',#10354,#8404,#8405);
#7083=AXIS2_PLACEMENT_3D('',#10356,#8406,#8407);
#7084=AXIS2_PLACEMENT_3D('',#10358,#8409,#8410);
#7085=AXIS2_PLACEMENT_3D('',#10359,#8411,#8412);
#7086=AXIS2_PLACEMENT_3D('',#10362,#8413,#8414);
#7087=AXIS2_PLACEMENT_3D('',#10364,#8415,#8416);
#7088=AXIS2_PLACEMENT_3D('',#10366,#8418,#8419);
#7089=AXIS2_PLACEMENT_3D('',#10367,#8420,#8421);
#7090=AXIS2_PLACEMENT_3D('',#10370,#8422,#8423);
#7091=AXIS2_PLACEMENT_3D('',#10372,#8424,#8425);
#7092=AXIS2_PLACEMENT_3D('',#10374,#8427,#8428);
#7093=AXIS2_PLACEMENT_3D('',#10375,#8429,#8430);
#7094=AXIS2_PLACEMENT_3D('',#10378,#8431,#8432);
#7095=AXIS2_PLACEMENT_3D('',#10380,#8433,#8434);
#7096=AXIS2_PLACEMENT_3D('',#10382,#8436,#8437);
#7097=AXIS2_PLACEMENT_3D('',#10383,#8438,#8439);
#7098=AXIS2_PLACEMENT_3D('',#10386,#8440,#8441);
#7099=AXIS2_PLACEMENT_3D('',#10388,#8442,#8443);
#7100=AXIS2_PLACEMENT_3D('',#10390,#8445,#8446);
#7101=AXIS2_PLACEMENT_3D('',#10391,#8447,#8448);
#7102=AXIS2_PLACEMENT_3D('',#10394,#8449,#8450);
#7103=AXIS2_PLACEMENT_3D('',#10396,#8451,#8452);
#7104=AXIS2_PLACEMENT_3D('',#10398,#8454,#8455);
#7105=AXIS2_PLACEMENT_3D('',#10399,#8456,#8457);
#7106=AXIS2_PLACEMENT_3D('',#10402,#8458,#8459);
#7107=AXIS2_PLACEMENT_3D('',#10404,#8460,#8461);
#7108=AXIS2_PLACEMENT_3D('',#10406,#8463,#8464);
#7109=AXIS2_PLACEMENT_3D('',#10407,#8465,#8466);
#7110=AXIS2_PLACEMENT_3D('',#10410,#8467,#8468);
#7111=AXIS2_PLACEMENT_3D('',#10412,#8469,#8470);
#7112=AXIS2_PLACEMENT_3D('',#10414,#8472,#8473);
#7113=AXIS2_PLACEMENT_3D('',#10415,#8474,#8475);
#7114=AXIS2_PLACEMENT_3D('',#10418,#8476,#8477);
#7115=AXIS2_PLACEMENT_3D('',#10420,#8478,#8479);
#7116=AXIS2_PLACEMENT_3D('',#10422,#8481,#8482);
#7117=AXIS2_PLACEMENT_3D('',#10423,#8483,#8484);
#7118=AXIS2_PLACEMENT_3D('',#10426,#8485,#8486);
#7119=AXIS2_PLACEMENT_3D('',#10428,#8487,#8488);
#7120=AXIS2_PLACEMENT_3D('',#10430,#8490,#8491);
#7121=AXIS2_PLACEMENT_3D('',#10431,#8492,#8493);
#7122=AXIS2_PLACEMENT_3D('',#10434,#8494,#8495);
#7123=AXIS2_PLACEMENT_3D('',#10436,#8496,#8497);
#7124=AXIS2_PLACEMENT_3D('',#10438,#8499,#8500);
#7125=AXIS2_PLACEMENT_3D('',#10439,#8501,#8502);
#7126=AXIS2_PLACEMENT_3D('',#10442,#8503,#8504);
#7127=AXIS2_PLACEMENT_3D('',#10444,#8505,#8506);
#7128=AXIS2_PLACEMENT_3D('',#10446,#8508,#8509);
#7129=AXIS2_PLACEMENT_3D('',#10447,#8510,#8511);
#7130=AXIS2_PLACEMENT_3D('',#10450,#8512,#8513);
#7131=AXIS2_PLACEMENT_3D('',#10452,#8514,#8515);
#7132=AXIS2_PLACEMENT_3D('',#10454,#8517,#8518);
#7133=AXIS2_PLACEMENT_3D('',#10455,#8519,#8520);
#7134=AXIS2_PLACEMENT_3D('',#10458,#8521,#8522);
#7135=AXIS2_PLACEMENT_3D('',#10460,#8523,#8524);
#7136=AXIS2_PLACEMENT_3D('',#10462,#8526,#8527);
#7137=AXIS2_PLACEMENT_3D('',#10463,#8528,#8529);
#7138=AXIS2_PLACEMENT_3D('',#10466,#8530,#8531);
#7139=AXIS2_PLACEMENT_3D('',#10468,#8532,#8533);
#7140=AXIS2_PLACEMENT_3D('',#10470,#8535,#8536);
#7141=AXIS2_PLACEMENT_3D('',#10471,#8537,#8538);
#7142=AXIS2_PLACEMENT_3D('',#10474,#8539,#8540);
#7143=AXIS2_PLACEMENT_3D('',#10476,#8541,#8542);
#7144=AXIS2_PLACEMENT_3D('',#10478,#8544,#8545);
#7145=AXIS2_PLACEMENT_3D('',#10479,#8546,#8547);
#7146=AXIS2_PLACEMENT_3D('',#10482,#8548,#8549);
#7147=AXIS2_PLACEMENT_3D('',#10484,#8550,#8551);
#7148=AXIS2_PLACEMENT_3D('',#10486,#8553,#8554);
#7149=AXIS2_PLACEMENT_3D('',#10487,#8555,#8556);
#7150=AXIS2_PLACEMENT_3D('',#10490,#8557,#8558);
#7151=AXIS2_PLACEMENT_3D('',#10492,#8559,#8560);
#7152=AXIS2_PLACEMENT_3D('',#10494,#8562,#8563);
#7153=AXIS2_PLACEMENT_3D('',#10495,#8564,#8565);
#7154=AXIS2_PLACEMENT_3D('',#10498,#8566,#8567);
#7155=AXIS2_PLACEMENT_3D('',#10500,#8568,#8569);
#7156=AXIS2_PLACEMENT_3D('',#10502,#8571,#8572);
#7157=AXIS2_PLACEMENT_3D('',#10503,#8573,#8574);
#7158=AXIS2_PLACEMENT_3D('',#10506,#8575,#8576);
#7159=AXIS2_PLACEMENT_3D('',#10508,#8577,#8578);
#7160=AXIS2_PLACEMENT_3D('',#10510,#8580,#8581);
#7161=AXIS2_PLACEMENT_3D('',#10511,#8582,#8583);
#7162=AXIS2_PLACEMENT_3D('',#10514,#8584,#8585);
#7163=AXIS2_PLACEMENT_3D('',#10516,#8586,#8587);
#7164=AXIS2_PLACEMENT_3D('',#10518,#8589,#8590);
#7165=AXIS2_PLACEMENT_3D('',#10519,#8591,#8592);
#7166=AXIS2_PLACEMENT_3D('',#10522,#8593,#8594);
#7167=AXIS2_PLACEMENT_3D('',#10524,#8595,#8596);
#7168=AXIS2_PLACEMENT_3D('',#10526,#8598,#8599);
#7169=AXIS2_PLACEMENT_3D('',#10527,#8600,#8601);
#7170=AXIS2_PLACEMENT_3D('',#10530,#8602,#8603);
#7171=AXIS2_PLACEMENT_3D('',#10532,#8604,#8605);
#7172=AXIS2_PLACEMENT_3D('',#10534,#8607,#8608);
#7173=AXIS2_PLACEMENT_3D('',#10535,#8609,#8610);
#7174=AXIS2_PLACEMENT_3D('',#10538,#8611,#8612);
#7175=AXIS2_PLACEMENT_3D('',#10540,#8613,#8614);
#7176=AXIS2_PLACEMENT_3D('',#10542,#8616,#8617);
#7177=AXIS2_PLACEMENT_3D('',#10543,#8618,#8619);
#7178=AXIS2_PLACEMENT_3D('',#10546,#8620,#8621);
#7179=AXIS2_PLACEMENT_3D('',#10548,#8622,#8623);
#7180=AXIS2_PLACEMENT_3D('',#10550,#8625,#8626);
#7181=AXIS2_PLACEMENT_3D('',#10551,#8627,#8628);
#7182=AXIS2_PLACEMENT_3D('',#10554,#8629,#8630);
#7183=AXIS2_PLACEMENT_3D('',#10556,#8631,#8632);
#7184=AXIS2_PLACEMENT_3D('',#10558,#8634,#8635);
#7185=AXIS2_PLACEMENT_3D('',#10559,#8636,#8637);
#7186=AXIS2_PLACEMENT_3D('',#10562,#8638,#8639);
#7187=AXIS2_PLACEMENT_3D('',#10564,#8640,#8641);
#7188=AXIS2_PLACEMENT_3D('',#10566,#8643,#8644);
#7189=AXIS2_PLACEMENT_3D('',#10567,#8645,#8646);
#7190=AXIS2_PLACEMENT_3D('',#10570,#8647,#8648);
#7191=AXIS2_PLACEMENT_3D('',#10572,#8649,#8650);
#7192=AXIS2_PLACEMENT_3D('',#10574,#8652,#8653);
#7193=AXIS2_PLACEMENT_3D('',#10575,#8654,#8655);
#7194=AXIS2_PLACEMENT_3D('',#10578,#8656,#8657);
#7195=AXIS2_PLACEMENT_3D('',#10580,#8658,#8659);
#7196=AXIS2_PLACEMENT_3D('',#10582,#8661,#8662);
#7197=AXIS2_PLACEMENT_3D('',#10583,#8663,#8664);
#7198=AXIS2_PLACEMENT_3D('',#10586,#8665,#8666);
#7199=AXIS2_PLACEMENT_3D('',#10588,#8667,#8668);
#7200=AXIS2_PLACEMENT_3D('',#10590,#8670,#8671);
#7201=AXIS2_PLACEMENT_3D('',#10591,#8672,#8673);
#7202=AXIS2_PLACEMENT_3D('',#10594,#8674,#8675);
#7203=AXIS2_PLACEMENT_3D('',#10596,#8676,#8677);
#7204=AXIS2_PLACEMENT_3D('',#10598,#8679,#8680);
#7205=AXIS2_PLACEMENT_3D('',#10599,#8681,#8682);
#7206=AXIS2_PLACEMENT_3D('',#10602,#8683,#8684);
#7207=AXIS2_PLACEMENT_3D('',#10604,#8685,#8686);
#7208=AXIS2_PLACEMENT_3D('',#10606,#8688,#8689);
#7209=AXIS2_PLACEMENT_3D('',#10607,#8690,#8691);
#7210=AXIS2_PLACEMENT_3D('',#10610,#8692,#8693);
#7211=AXIS2_PLACEMENT_3D('',#10612,#8694,#8695);
#7212=AXIS2_PLACEMENT_3D('',#10614,#8697,#8698);
#7213=AXIS2_PLACEMENT_3D('',#10615,#8699,#8700);
#7214=AXIS2_PLACEMENT_3D('',#10618,#8701,#8702);
#7215=AXIS2_PLACEMENT_3D('',#10620,#8703,#8704);
#7216=AXIS2_PLACEMENT_3D('',#10622,#8706,#8707);
#7217=AXIS2_PLACEMENT_3D('',#10623,#8708,#8709);
#7218=AXIS2_PLACEMENT_3D('',#10626,#8710,#8711);
#7219=AXIS2_PLACEMENT_3D('',#10628,#8712,#8713);
#7220=AXIS2_PLACEMENT_3D('',#10630,#8715,#8716);
#7221=AXIS2_PLACEMENT_3D('',#10631,#8717,#8718);
#7222=AXIS2_PLACEMENT_3D('',#10634,#8719,#8720);
#7223=AXIS2_PLACEMENT_3D('',#10636,#8721,#8722);
#7224=AXIS2_PLACEMENT_3D('',#10638,#8724,#8725);
#7225=AXIS2_PLACEMENT_3D('',#10639,#8726,#8727);
#7226=AXIS2_PLACEMENT_3D('',#10642,#8728,#8729);
#7227=AXIS2_PLACEMENT_3D('',#10644,#8730,#8731);
#7228=AXIS2_PLACEMENT_3D('',#10646,#8733,#8734);
#7229=AXIS2_PLACEMENT_3D('',#10647,#8735,#8736);
#7230=AXIS2_PLACEMENT_3D('',#10782,#8835,#8836);
#7231=AXIS2_PLACEMENT_3D('',#10879,#8849,#8850);
#7232=AXIS2_PLACEMENT_3D('',#10882,#8853,#8854);
#7233=AXIS2_PLACEMENT_3D('',#10884,#8856,#8857);
#7234=AXIS2_PLACEMENT_3D('',#10886,#8859,#8860);
#7235=AXIS2_PLACEMENT_3D('',#10887,#8861,#8862);
#7236=AXIS2_PLACEMENT_3D('',#10893,#8866,#8867);
#7237=AXIS2_PLACEMENT_3D('',#10897,#8870,#8871);
#7238=AXIS2_PLACEMENT_3D('',#10901,#8874,#8875);
#7239=AXIS2_PLACEMENT_3D('',#10903,#8877,#8878);
#7240=AXIS2_PLACEMENT_3D('',#10904,#8879,#8880);
#7241=AXIS2_PLACEMENT_3D('',#10910,#8884,#8885);
#7242=AXIS2_PLACEMENT_3D('',#10995,#8891,#8892);
#7243=AXIS2_PLACEMENT_3D('',#11057,#8897,#8898);
#7244=AXIS2_PLACEMENT_3D('',#11129,#8902,#8903);
#7245=AXIS2_PLACEMENT_3D('',#11130,#8904,#8905);
#7246=AXIS2_PLACEMENT_3D('',#11136,#8909,#8910);
#7247=AXIS2_PLACEMENT_3D('',#11140,#8913,#8914);
#7248=AXIS2_PLACEMENT_3D('',#11144,#8917,#8918);
#7249=AXIS2_PLACEMENT_3D('',#11146,#8920,#8921);
#7250=AXIS2_PLACEMENT_3D('',#11147,#8922,#8923);
#7251=AXIS2_PLACEMENT_3D('',#11148,#8924,#8925);
#7252=AXIS2_PLACEMENT_3D('',#11149,#8926,#8927);
#7253=AXIS2_PLACEMENT_3D('',#11150,#8928,#8929);
#7254=AXIS2_PLACEMENT_3D('',#11151,#8930,#8931);
#7255=AXIS2_PLACEMENT_3D('',#11152,#8932,#8933);
#7256=AXIS2_PLACEMENT_3D('',#11153,#8934,#8935);
#7257=AXIS2_PLACEMENT_3D('',#11154,#8936,#8937);
#7258=AXIS2_PLACEMENT_3D('',#11155,#8938,#8939);
#7259=AXIS2_PLACEMENT_3D('',#11156,#8940,#8941);
#7260=AXIS2_PLACEMENT_3D('',#11157,#8942,#8943);
#7261=AXIS2_PLACEMENT_3D('',#11158,#8944,#8945);
#7262=AXIS2_PLACEMENT_3D('',#11159,#8946,#8947);
#7263=AXIS2_PLACEMENT_3D('',#11160,#8948,#8949);
#7264=AXIS2_PLACEMENT_3D('',#11161,#8950,#8951);
#7265=AXIS2_PLACEMENT_3D('',#11162,#8952,#8953);
#7266=AXIS2_PLACEMENT_3D('',#11163,#8954,#8955);
#7267=AXIS2_PLACEMENT_3D('',#11164,#8956,#8957);
#7268=AXIS2_PLACEMENT_3D('',#11165,#8958,#8959);
#7269=AXIS2_PLACEMENT_3D('',#11166,#8960,#8961);
#7270=AXIS2_PLACEMENT_3D('',#11167,#8962,#8963);
#7271=AXIS2_PLACEMENT_3D('',#11168,#8964,#8965);
#7272=AXIS2_PLACEMENT_3D('',#11169,#8966,#8967);
#7273=AXIS2_PLACEMENT_3D('',#11170,#8968,#8969);
#7274=AXIS2_PLACEMENT_3D('',#11171,#8970,#8971);
#7275=AXIS2_PLACEMENT_3D('',#11172,#8972,#8973);
#7276=AXIS2_PLACEMENT_3D('',#11173,#8974,#8975);
#7277=AXIS2_PLACEMENT_3D('',#11174,#8976,#8977);
#7278=AXIS2_PLACEMENT_3D('',#11175,#8978,#8979);
#7279=AXIS2_PLACEMENT_3D('',#11176,#8980,#8981);
#7280=AXIS2_PLACEMENT_3D('',#11177,#8982,#8983);
#7281=AXIS2_PLACEMENT_3D('',#11178,#8984,#8985);
#7282=AXIS2_PLACEMENT_3D('',#11179,#8986,#8987);
#7283=AXIS2_PLACEMENT_3D('',#11180,#8988,#8989);
#7284=AXIS2_PLACEMENT_3D('',#11181,#8990,#8991);
#7285=AXIS2_PLACEMENT_3D('',#11182,#8992,#8993);
#7286=AXIS2_PLACEMENT_3D('',#11183,#8994,#8995);
#7287=AXIS2_PLACEMENT_3D('',#11184,#8996,#8997);
#7288=AXIS2_PLACEMENT_3D('',#11185,#8998,#8999);
#7289=AXIS2_PLACEMENT_3D('',#11186,#9000,#9001);
#7290=AXIS2_PLACEMENT_3D('',#11187,#9002,#9003);
#7291=AXIS2_PLACEMENT_3D('',#11188,#9004,#9005);
#7292=AXIS2_PLACEMENT_3D('',#11189,#9006,#9007);
#7293=AXIS2_PLACEMENT_3D('',#11190,#9008,#9009);
#7294=AXIS2_PLACEMENT_3D('',#11191,#9010,#9011);
#7295=AXIS2_PLACEMENT_3D('',#11192,#9012,#9013);
#7296=AXIS2_PLACEMENT_3D('',#11193,#9014,#9015);
#7297=AXIS2_PLACEMENT_3D('',#11194,#9016,#9017);
#7298=AXIS2_PLACEMENT_3D('',#11195,#9018,#9019);
#7299=AXIS2_PLACEMENT_3D('',#11196,#9020,#9021);
#7300=AXIS2_PLACEMENT_3D('',#11197,#9022,#9023);
#7301=AXIS2_PLACEMENT_3D('',#11198,#9024,#9025);
#7302=AXIS2_PLACEMENT_3D('',#11199,#9026,#9027);
#7303=AXIS2_PLACEMENT_3D('',#11200,#9028,#9029);
#7304=AXIS2_PLACEMENT_3D('',#11201,#9030,#9031);
#7305=AXIS2_PLACEMENT_3D('',#11202,#9032,#9033);
#7306=AXIS2_PLACEMENT_3D('',#11203,#9034,#9035);
#7307=AXIS2_PLACEMENT_3D('',#11204,#9036,#9037);
#7308=AXIS2_PLACEMENT_3D('',#11205,#9038,#9039);
#7309=AXIS2_PLACEMENT_3D('',#11206,#9040,#9041);
#7310=AXIS2_PLACEMENT_3D('',#11207,#9042,#9043);
#7311=AXIS2_PLACEMENT_3D('',#11208,#9044,#9045);
#7312=AXIS2_PLACEMENT_3D('',#11209,#9046,#9047);
#7313=AXIS2_PLACEMENT_3D('',#11215,#9051,#9052);
#7314=AXIS2_PLACEMENT_3D('',#11219,#9055,#9056);
#7315=AXIS2_PLACEMENT_3D('',#11223,#9059,#9060);
#7316=AXIS2_PLACEMENT_3D('',#11225,#9062,#9063);
#7317=AXIS2_PLACEMENT_3D('',#11226,#9064,#9065);
#7318=AXIS2_PLACEMENT_3D('',#11232,#9069,#9070);
#7319=AXIS2_PLACEMENT_3D('',#11236,#9073,#9074);
#7320=AXIS2_PLACEMENT_3D('',#11240,#9077,#9078);
#7321=AXIS2_PLACEMENT_3D('',#11242,#9080,#9081);
#7322=AXIS2_PLACEMENT_3D('',#11243,#9082,#9083);
#7323=AXIS2_PLACEMENT_3D('',#11249,#9087,#9088);
#7324=AXIS2_PLACEMENT_3D('',#11253,#9091,#9092);
#7325=AXIS2_PLACEMENT_3D('',#11257,#9095,#9096);
#7326=AXIS2_PLACEMENT_3D('',#11259,#9098,#9099);
#7327=AXIS2_PLACEMENT_3D('',#11260,#9100,#9101);
#7328=AXIS2_PLACEMENT_3D('',#11266,#9105,#9106);
#7329=AXIS2_PLACEMENT_3D('',#11270,#9109,#9110);
#7330=AXIS2_PLACEMENT_3D('',#11274,#9113,#9114);
#7331=AXIS2_PLACEMENT_3D('',#11276,#9116,#9117);
#7332=AXIS2_PLACEMENT_3D('',#11277,#9118,#9119);
#7333=AXIS2_PLACEMENT_3D('',#11283,#9123,#9124);
#7334=AXIS2_PLACEMENT_3D('',#11287,#9127,#9128);
#7335=AXIS2_PLACEMENT_3D('',#11291,#9131,#9132);
#7336=AXIS2_PLACEMENT_3D('',#11293,#9134,#9135);
#7337=AXIS2_PLACEMENT_3D('',#11294,#9136,#9137);
#7338=AXIS2_PLACEMENT_3D('',#11300,#9141,#9142);
#7339=AXIS2_PLACEMENT_3D('',#11304,#9145,#9146);
#7340=AXIS2_PLACEMENT_3D('',#11308,#9149,#9150);
#7341=AXIS2_PLACEMENT_3D('',#11310,#9152,#9153);
#7342=AXIS2_PLACEMENT_3D('',#11311,#9154,#9155);
#7343=AXIS2_PLACEMENT_3D('',#11317,#9159,#9160);
#7344=AXIS2_PLACEMENT_3D('',#11321,#9163,#9164);
#7345=AXIS2_PLACEMENT_3D('',#11325,#9167,#9168);
#7346=AXIS2_PLACEMENT_3D('',#11327,#9170,#9171);
#7347=AXIS2_PLACEMENT_3D('',#11328,#9172,#9173);
#7348=AXIS2_PLACEMENT_3D('',#11329,#9174,#9175);
#7349=AXIS2_PLACEMENT_3D('',#11330,#9176,#9177);
#7350=AXIS2_PLACEMENT_3D('',#11331,#9178,#9179);
#7351=AXIS2_PLACEMENT_3D('',#11334,#9180,#9181);
#7352=AXIS2_PLACEMENT_3D('',#11335,#9182,#9183);
#7353=AXIS2_PLACEMENT_3D('',#11338,#9185,#9186);
#7354=AXIS2_PLACEMENT_3D('',#11339,#9187,#9188);
#7355=AXIS2_PLACEMENT_3D('',#11341,#9189,#9190);
#7356=AXIS2_PLACEMENT_3D('',#11344,#9192,#9193);
#7357=AXIS2_PLACEMENT_3D('',#11345,#9194,#9195);
#7358=AXIS2_PLACEMENT_3D('',#11348,#9197,#9198);
#7359=AXIS2_PLACEMENT_3D('',#11349,#9199,#9200);
#7360=AXIS2_PLACEMENT_3D('',#11352,#9201,#9202);
#7361=AXIS2_PLACEMENT_3D('',#11356,#9204,#9205);
#7362=AXIS2_PLACEMENT_3D('',#11358,#9207,#9208);
#7363=AXIS2_PLACEMENT_3D('',#11361,#9209,#9210);
#7364=AXIS2_PLACEMENT_3D('',#11365,#9212,#9213);
#7365=AXIS2_PLACEMENT_3D('',#11367,#9215,#9216);
#7366=AXIS2_PLACEMENT_3D('',#11376,#9221,#9222);
#7367=AXIS2_PLACEMENT_3D('',#11393,#9231,#9232);
#7368=AXIS2_PLACEMENT_3D('',#11396,#9235,#9236);
#7369=AXIS2_PLACEMENT_3D('',#11398,#9238,#9239);
#7370=AXIS2_PLACEMENT_3D('',#11400,#9241,#9242);
#7371=AXIS2_PLACEMENT_3D('',#11401,#9243,#9244);
#7372=AXIS2_PLACEMENT_3D('',#11407,#9248,#9249);
#7373=AXIS2_PLACEMENT_3D('',#11411,#9252,#9253);
#7374=AXIS2_PLACEMENT_3D('',#11415,#9256,#9257);
#7375=AXIS2_PLACEMENT_3D('',#11417,#9259,#9260);
#7376=AXIS2_PLACEMENT_3D('',#11422,#9263,#9264);
#7377=AXIS2_PLACEMENT_3D('',#11426,#9266,#9267);
#7378=AXIS2_PLACEMENT_3D('',#11428,#9269,#9270);
#7379=AXIS2_PLACEMENT_3D('',#11430,#9272,#9273);
#7380=AXIS2_PLACEMENT_3D('',#11434,#9276,#9277);
#7381=AXIS2_PLACEMENT_3D('',#11436,#9278,#9279);
#7382=AXIS2_PLACEMENT_3D('',#11438,#9281,#9282);
#7383=AXIS2_PLACEMENT_3D('',#11442,#9285,#9286);
#7384=AXIS2_PLACEMENT_3D('',#11444,#9287,#9288);
#7385=AXIS2_PLACEMENT_3D('',#11446,#9290,#9291);
#7386=AXIS2_PLACEMENT_3D('',#11448,#9293,#9294);
#7387=AXIS2_PLACEMENT_3D('',#11453,#9296,#9297);
#7388=AXIS2_PLACEMENT_3D('',#11457,#9299,#9300);
#7389=AXIS2_PLACEMENT_3D('',#11461,#9302,#9303);
#7390=AXIS2_PLACEMENT_3D('',#11464,#9305,#9306);
#7391=AXIS2_PLACEMENT_3D('',#11465,#9307,#9308);
#7392=AXIS2_PLACEMENT_3D('',#11468,#9309,#9310);
#7393=AXIS2_PLACEMENT_3D('',#11472,#9312,#9313);
#7394=AXIS2_PLACEMENT_3D('',#11476,#9315,#9316);
#7395=AXIS2_PLACEMENT_3D('',#11480,#9318,#9319);
#7396=AXIS2_PLACEMENT_3D('',#11482,#9321,#9322);
#7397=AXIS2_PLACEMENT_3D('',#11485,#9325,#9326);
#7398=AXIS2_PLACEMENT_3D('',#11487,#9328,#9329);
#7399=AXIS2_PLACEMENT_3D('',#11489,#9331,#9332);
#7400=AXIS2_PLACEMENT_3D('',#11491,#9334,#9335);
#7401=AXIS2_PLACEMENT_3D('',#11493,#9337,#9338);
#7402=AXIS2_PLACEMENT_3D('',#11495,#9340,#9341);
#7403=AXIS2_PLACEMENT_3D('',#11497,#9343,#9344);
#7404=AXIS2_PLACEMENT_3D('',#11498,#9345,#9346);
#7405=AXIS2_PLACEMENT_3D('',#11499,#9347,#9348);
#7406=AXIS2_PLACEMENT_3D('',#11500,#9349,#9350);
#7407=AXIS2_PLACEMENT_3D('',#11501,#9351,#9352);
#7408=AXIS2_PLACEMENT_3D('',#11502,#9353,#9354);
#7409=AXIS2_PLACEMENT_3D('',#11511,#9359,#9360);
#7410=AXIS2_PLACEMENT_3D('',#11517,#9364,#9365);
#7411=AXIS2_PLACEMENT_3D('',#11523,#9369,#9370);
#7412=AXIS2_PLACEMENT_3D('',#11526,#9373,#9374);
#7413=AXIS2_PLACEMENT_3D('',#11527,#9375,#9376);
#7414=AXIS2_PLACEMENT_3D('',#11528,#9377,#9378);
#7415=AXIS2_PLACEMENT_3D('',#11529,#9379,#9380);
#7416=AXIS2_PLACEMENT_3D('',#11530,#9381,#9382);
#7417=AXIS2_PLACEMENT_3D('',#11532,#9383,#9384);
#7418=AXIS2_PLACEMENT_3D('',#11535,#9386,#9387);
#7419=AXIS2_PLACEMENT_3D('',#11536,#9388,#9389);
#7420=AXIS2_PLACEMENT_3D('',#11537,#9390,#9391);
#7421=AXIS2_PLACEMENT_3D('',#11539,#9392,#9393);
#7422=AXIS2_PLACEMENT_3D('',#11542,#9395,#9396);
#7423=AXIS2_PLACEMENT_3D('',#11543,#9397,#9398);
#7424=AXIS2_PLACEMENT_3D('',#11545,#9399,#9400);
#7425=AXIS2_PLACEMENT_3D('',#11546,#9401,#9402);
#7426=AXIS2_PLACEMENT_3D('',#11549,#9404,#9405);
#7427=AXIS2_PLACEMENT_3D('',#11550,#9406,#9407);
#7428=AXIS2_PLACEMENT_3D('',#11552,#9408,#9409);
#7429=AXIS2_PLACEMENT_3D('',#11555,#9411,#9412);
#7430=AXIS2_PLACEMENT_3D('',#11556,#9413,#9414);
#7431=AXIS2_PLACEMENT_3D('',#11561,#9416,#9417);
#7432=AXIS2_PLACEMENT_3D('',#11565,#9419,#9420);
#7433=AXIS2_PLACEMENT_3D('',#11569,#9422,#9423);
#7434=AXIS2_PLACEMENT_3D('',#11574,#9426,#9427);
#7435=AXIS2_PLACEMENT_3D('',#11576,#9428,#9429);
#7436=AXIS2_PLACEMENT_3D('',#11580,#9431,#9432);
#7437=AXIS2_PLACEMENT_3D('',#11583,#9434,#9435);
#7438=AXIS2_PLACEMENT_3D('',#11584,#9436,#9437);
#7439=AXIS2_PLACEMENT_3D('',#11588,#9439,#9440);
#7440=AXIS2_PLACEMENT_3D('',#11593,#9443,#9444);
#7441=AXIS2_PLACEMENT_3D('',#11598,#9447,#9448);
#7442=AXIS2_PLACEMENT_3D('',#11600,#9450,#9451);
#7443=AXIS2_PLACEMENT_3D('',#11601,#9452,#9453);
#7444=AXIS2_PLACEMENT_3D('',#11602,#9454,#9455);
#7445=AXIS2_PLACEMENT_3D('',#11603,#9456,#9457);
#7446=AXIS2_PLACEMENT_3D('',#11606,#9460,#9461);
#7447=AXIS2_PLACEMENT_3D('',#11607,#9462,#9463);
#7448=AXIS2_PLACEMENT_3D('',#11608,#9464,#9465);
#7449=AXIS2_PLACEMENT_3D('',#11611,#9468,#9469);
#7450=AXIS2_PLACEMENT_3D('',#11612,#9470,#9471);
#7451=AXIS2_PLACEMENT_3D('',#11613,#9472,#9473);
#7452=AXIS2_PLACEMENT_3D('',#11616,#9476,#9477);
#7453=AXIS2_PLACEMENT_3D('',#11617,#9478,#9479);
#7454=AXIS2_PLACEMENT_3D('',#11618,#9480,#9481);
#7455=AXIS2_PLACEMENT_3D('',#11619,#9482,#9483);
#7456=AXIS2_PLACEMENT_3D('',#11628,#9488,#9489);
#7457=AXIS2_PLACEMENT_3D('',#11663,#9494,#9495);
#7458=AXIS2_PLACEMENT_3D('',#11700,#9496,#9497);
#7459=AXIS2_PLACEMENT_3D('',#11701,#9498,#9499);
#7460=AXIS2_PLACEMENT_3D('',#11704,#9500,#9501);
#7461=AXIS2_PLACEMENT_3D('',#11708,#9503,#9504);
#7462=AXIS2_PLACEMENT_3D('',#11710,#9506,#9507);
#7463=AXIS2_PLACEMENT_3D('',#11716,#9511,#9512);
#7464=AXIS2_PLACEMENT_3D('',#11718,#9513,#9514);
#7465=AXIS2_PLACEMENT_3D('',#11721,#9516,#9517);
#7466=AXIS2_PLACEMENT_3D('',#11722,#9518,#9519);
#7467=AXIS2_PLACEMENT_3D('',#11728,#9523,#9524);
#7468=AXIS2_PLACEMENT_3D('',#11730,#9525,#9526);
#7469=AXIS2_PLACEMENT_3D('',#11733,#9528,#9529);
#7470=AXIS2_PLACEMENT_3D('',#11734,#9530,#9531);
#7471=AXIS2_PLACEMENT_3D('',#11740,#9535,#9536);
#7472=AXIS2_PLACEMENT_3D('',#11742,#9537,#9538);
#7473=AXIS2_PLACEMENT_3D('',#11745,#9540,#9541);
#7474=AXIS2_PLACEMENT_3D('',#11746,#9542,#9543);
#7475=AXIS2_PLACEMENT_3D('',#11749,#9546,#9547);
#7476=AXIS2_PLACEMENT_3D('',#11750,#9548,#9549);
#7477=AXIS2_PLACEMENT_3D('',#11759,#9554,#9555);
#7478=AXIS2_PLACEMENT_3D('',#11765,#9559,#9560);
#7479=AXIS2_PLACEMENT_3D('',#11771,#9564,#9565);
#7480=AXIS2_PLACEMENT_3D('',#11774,#9568,#9569);
#7481=AXIS2_PLACEMENT_3D('',#11775,#9570,#9571);
#7482=AXIS2_PLACEMENT_3D('',#11776,#9572,#9573);
#7483=AXIS2_PLACEMENT_3D('',#11777,#9574,#9575);
#7484=AXIS2_PLACEMENT_3D('',#11778,#9576,#9577);
#7485=AXIS2_PLACEMENT_3D('',#11779,#9578,#9579);
#7486=AXIS2_PLACEMENT_3D('',#11780,#9580,#9581);
#7487=AXIS2_PLACEMENT_3D('',#11781,#9582,#9583);
#7488=AXIS2_PLACEMENT_3D('',#11782,#9584,#9585);
#7489=DIRECTION('axis',(0.,0.,1.));
#7490=DIRECTION('refdir',(1.,0.,0.));
#7491=DIRECTION('axis',(0.,0.,1.));
#7492=DIRECTION('refdir',(1.,0.,0.));
#7493=DIRECTION('axis',(0.,0.,1.));
#7494=DIRECTION('refdir',(1.,0.,0.));
#7495=DIRECTION('center_axis',(0.,1.,0.));
#7496=DIRECTION('ref_axis',(0.,0.,1.));
#7497=DIRECTION('center_axis',(0.,1.,0.));
#7498=DIRECTION('ref_axis',(0.,0.,-1.));
#7499=DIRECTION('',(0.,1.,0.));
#7500=DIRECTION('center_axis',(0.,1.,0.));
#7501=DIRECTION('ref_axis',(0.,0.,-1.));
#7502=DIRECTION('center_axis',(0.,1.,0.));
#7503=DIRECTION('ref_axis',(0.,0.,1.));
#7504=DIRECTION('center_axis',(0.,1.,0.));
#7505=DIRECTION('ref_axis',(0.,0.,-1.));
#7506=DIRECTION('',(0.,1.,0.));
#7507=DIRECTION('center_axis',(0.,1.,0.));
#7508=DIRECTION('ref_axis',(0.,0.,-1.));
#7509=DIRECTION('center_axis',(0.,1.,0.));
#7510=DIRECTION('ref_axis',(0.,0.,1.));
#7511=DIRECTION('center_axis',(0.,1.,0.));
#7512=DIRECTION('ref_axis',(0.,0.,1.));
#7513=DIRECTION('',(0.,1.,0.));
#7514=DIRECTION('center_axis',(0.,1.,0.));
#7515=DIRECTION('ref_axis',(0.,0.,1.));
#7516=DIRECTION('center_axis',(0.,1.,0.));
#7517=DIRECTION('ref_axis',(0.,0.,1.));
#7518=DIRECTION('center_axis',(0.,1.,0.));
#7519=DIRECTION('ref_axis',(0.,0.,1.));
#7520=DIRECTION('',(0.,1.,0.));
#7521=DIRECTION('center_axis',(0.,1.,0.));
#7522=DIRECTION('ref_axis',(0.,0.,1.));
#7523=DIRECTION('center_axis',(0.,1.,0.));
#7524=DIRECTION('ref_axis',(0.,0.,1.));
#7525=DIRECTION('',(-5.78241158658936E-16,0.,1.));
#7526=DIRECTION('',(1.,0.,-1.38777878078144E-16));
#7527=DIRECTION('',(-7.2280144832367E-17,0.,-1.));
#7528=DIRECTION('',(-1.,0.,-2.08166817117217E-16));
#7529=DIRECTION('',(-1.,0.,0.));
#7530=DIRECTION('',(2.16840434497101E-15,0.,-1.));
#7531=DIRECTION('',(1.,0.,1.42190448850558E-15));
#7532=DIRECTION('',(0.,0.,1.));
#7533=DIRECTION('center_axis',(0.,1.,0.));
#7534=DIRECTION('ref_axis',(0.,0.,1.));
#7535=DIRECTION('',(0.,0.,-1.));
#7536=DIRECTION('',(1.,0.,-1.38777878078144E-16));
#7537=DIRECTION('',(-5.78241158658936E-16,0.,1.));
#7538=DIRECTION('',(-1.,0.,-2.08166817117217E-16));
#7539=DIRECTION('',(-7.2280144832367E-17,0.,-1.));
#7540=DIRECTION('',(1.,0.,-1.38777878078144E-16));
#7541=DIRECTION('',(0.,0.,1.));
#7542=DIRECTION('',(1.,0.,1.25100250671404E-16));
#7543=DIRECTION('center_axis',(-1.,0.,-5.78241158658936E-16));
#7544=DIRECTION('ref_axis',(-5.78241158658936E-16,0.,1.));
#7545=DIRECTION('',(0.,1.,0.));
#7546=DIRECTION('',(0.,1.,0.));
#7547=DIRECTION('center_axis',(2.08166817117217E-16,0.,-1.));
#7548=DIRECTION('ref_axis',(-1.,0.,-2.08166817117217E-16));
#7549=DIRECTION('',(0.,1.,0.));
#7550=DIRECTION('center_axis',(1.,0.,-7.2280144832367E-17));
#7551=DIRECTION('ref_axis',(-7.2280144832367E-17,0.,-1.));
#7552=DIRECTION('',(0.,1.,0.));
#7553=DIRECTION('center_axis',(1.38777878078144E-16,0.,1.));
#7554=DIRECTION('ref_axis',(1.,0.,-1.38777878078144E-16));
#7555=DIRECTION('',(0.,1.,0.));
#7556=DIRECTION('',(-1.,0.,0.));
#7557=DIRECTION('',(0.,1.,0.));
#7558=DIRECTION('',(0.,-1.,0.));
#7559=DIRECTION('',(-1.,0.,0.));
#7560=DIRECTION('',(0.,1.,0.));
#7561=DIRECTION('',(1.,0.,0.));
#7562=DIRECTION('center_axis',(1.,0.,0.));
#7563=DIRECTION('ref_axis',(0.,0.,-1.));
#7564=DIRECTION('',(0.,1.,0.));
#7565=DIRECTION('',(0.,0.,-1.));
#7566=DIRECTION('center_axis',(-1.25100250671404E-16,0.,1.));
#7567=DIRECTION('ref_axis',(1.,0.,1.25100250671404E-16));
#7568=DIRECTION('',(0.,1.,0.));
#7569=DIRECTION('',(1.,0.,1.25100250671404E-16));
#7570=DIRECTION('center_axis',(-1.,0.,0.));
#7571=DIRECTION('ref_axis',(0.,0.,1.));
#7572=DIRECTION('',(0.,0.,1.));
#7573=DIRECTION('center_axis',(0.,-1.,0.));
#7574=DIRECTION('ref_axis',(0.,0.,-1.));
#7575=DIRECTION('center_axis',(-1.,0.,-2.16840434497101E-15));
#7576=DIRECTION('ref_axis',(-2.16840434497101E-15,0.,1.));
#7577=DIRECTION('',(0.,-1.,0.));
#7578=DIRECTION('',(2.16840434497101E-15,0.,-1.));
#7579=DIRECTION('',(0.,-1.,0.));
#7580=DIRECTION('center_axis',(0.,0.,1.));
#7581=DIRECTION('ref_axis',(1.,0.,0.));
#7582=DIRECTION('',(0.,-1.,0.));
#7583=DIRECTION('',(-1.,0.,0.));
#7584=DIRECTION('center_axis',(1.,0.,0.));
#7585=DIRECTION('ref_axis',(0.,0.,-1.));
#7586=DIRECTION('',(0.,-1.,0.));
#7587=DIRECTION('',(0.,0.,1.));
#7588=DIRECTION('center_axis',(1.42190448850558E-15,0.,-1.));
#7589=DIRECTION('ref_axis',(-1.,0.,-1.42190448850558E-15));
#7590=DIRECTION('',(1.,0.,1.42190448850558E-15));
#7591=DIRECTION('center_axis',(0.,1.,0.));
#7592=DIRECTION('ref_axis',(0.,0.,1.));
#7593=DIRECTION('center_axis',(-1.,0.,0.));
#7594=DIRECTION('ref_axis',(0.,0.,1.));
#7595=DIRECTION('',(0.,0.,1.));
#7596=DIRECTION('',(0.,-1.,0.));
#7597=DIRECTION('',(0.,0.,1.));
#7598=DIRECTION('center_axis',(0.,1.,0.));
#7599=DIRECTION('ref_axis',(0.,0.,1.));
#7600=DIRECTION('',(-1.,0.,0.));
#7601=DIRECTION('',(0.,0.,1.));
#7602=DIRECTION('center_axis',(1.,0.,0.));
#7603=DIRECTION('ref_axis',(0.,0.,-1.));
#7604=DIRECTION('',(0.,1.,0.));
#7605=DIRECTION('',(0.,0.,1.));
#7606=DIRECTION('center_axis',(0.,-1.,0.));
#7607=DIRECTION('ref_axis',(0.,0.,-1.));
#7608=DIRECTION('',(1.,0.,0.));
#7609=DIRECTION('center_axis',(0.,0.,1.));
#7610=DIRECTION('ref_axis',(1.,0.,0.));
#7611=DIRECTION('',(0.,0.,1.));
#7612=DIRECTION('',(1.,0.,0.));
#7613=DIRECTION('axis',(0.,0.,1.));
#7614=DIRECTION('refdir',(1.,0.,0.));
#7615=DIRECTION('axis',(0.,0.,1.));
#7616=DIRECTION('refdir',(1.,0.,0.));
#7617=DIRECTION('axis',(0.,0.,1.));
#7618=DIRECTION('refdir',(1.,0.,0.));
#7619=DIRECTION('center_axis',(1.,0.,0.));
#7620=DIRECTION('ref_axis',(0.,0.,-1.));
#7621=DIRECTION('center_axis',(0.,1.,0.));
#7622=DIRECTION('ref_axis',(0.,0.,1.));
#7623=DIRECTION('center_axis',(-1.,0.,0.));
#7624=DIRECTION('ref_axis',(0.,0.,-1.));
#7625=DIRECTION('center_axis',(0.,0.815453523909268,0.578822555144456));
#7626=DIRECTION('ref_axis',(0.,0.578822555144456,-0.815453523909268));
#7627=DIRECTION('center_axis',(1.,0.,0.));
#7628=DIRECTION('ref_axis',(0.,0.,-1.));
#7629=DIRECTION('center_axis',(0.,1.,0.));
#7630=DIRECTION('ref_axis',(0.,0.,1.));
#7631=DIRECTION('center_axis',(-1.,0.,0.));
#7632=DIRECTION('ref_axis',(0.,0.,-1.));
#7633=DIRECTION('center_axis',(0.,0.815453523909268,0.578822555144456));
#7634=DIRECTION('ref_axis',(0.,0.578822555144456,-0.815453523909268));
#7635=DIRECTION('center_axis',(1.,0.,0.));
#7636=DIRECTION('ref_axis',(0.,0.,-1.));
#7637=DIRECTION('center_axis',(0.,1.,0.));
#7638=DIRECTION('ref_axis',(0.,0.,1.));
#7639=DIRECTION('center_axis',(-1.,0.,0.));
#7640=DIRECTION('ref_axis',(0.,0.,-1.));
#7641=DIRECTION('center_axis',(0.,0.815453523909268,0.578822555144456));
#7642=DIRECTION('ref_axis',(0.,0.578822555144456,-0.815453523909268));
#7643=DIRECTION('center_axis',(1.,0.,0.));
#7644=DIRECTION('ref_axis',(0.,0.,-1.));
#7645=DIRECTION('center_axis',(0.,1.,0.));
#7646=DIRECTION('ref_axis',(0.,0.,1.));
#7647=DIRECTION('center_axis',(-1.,0.,0.));
#7648=DIRECTION('ref_axis',(0.,0.,-1.));
#7649=DIRECTION('center_axis',(0.,0.815453523909268,0.578822555144456));
#7650=DIRECTION('ref_axis',(0.,0.578822555144456,-0.815453523909268));
#7651=DIRECTION('center_axis',(1.,0.,0.));
#7652=DIRECTION('ref_axis',(0.,0.,-1.));
#7653=DIRECTION('center_axis',(0.,1.,0.));
#7654=DIRECTION('ref_axis',(0.,0.,1.));
#7655=DIRECTION('center_axis',(-1.,0.,0.));
#7656=DIRECTION('ref_axis',(0.,0.,-1.));
#7657=DIRECTION('center_axis',(0.,0.815453523909268,0.578822555144456));
#7658=DIRECTION('ref_axis',(0.,0.578822555144456,-0.815453523909268));
#7659=DIRECTION('center_axis',(1.,0.,0.));
#7660=DIRECTION('ref_axis',(0.,0.,-1.));
#7661=DIRECTION('center_axis',(0.,1.,0.));
#7662=DIRECTION('ref_axis',(0.,0.,1.));
#7663=DIRECTION('center_axis',(-1.,0.,0.));
#7664=DIRECTION('ref_axis',(0.,0.,-1.));
#7665=DIRECTION('center_axis',(0.,0.815453523909268,0.578822555144456));
#7666=DIRECTION('ref_axis',(0.,0.578822555144456,-0.815453523909268));
#7667=DIRECTION('center_axis',(1.,0.,0.));
#7668=DIRECTION('ref_axis',(0.,0.,-1.));
#7669=DIRECTION('center_axis',(0.,1.,0.));
#7670=DIRECTION('ref_axis',(0.,0.,1.));
#7671=DIRECTION('center_axis',(-1.,0.,0.));
#7672=DIRECTION('ref_axis',(0.,0.,-1.));
#7673=DIRECTION('center_axis',(0.,0.815453523909268,0.578822555144456));
#7674=DIRECTION('ref_axis',(0.,0.578822555144456,-0.815453523909268));
#7675=DIRECTION('center_axis',(1.,0.,0.));
#7676=DIRECTION('ref_axis',(0.,0.,-1.));
#7677=DIRECTION('center_axis',(0.,1.,0.));
#7678=DIRECTION('ref_axis',(0.,0.,1.));
#7679=DIRECTION('center_axis',(-1.,0.,0.));
#7680=DIRECTION('ref_axis',(0.,0.,-1.));
#7681=DIRECTION('center_axis',(0.,0.815453523909268,0.578822555144456));
#7682=DIRECTION('ref_axis',(0.,0.578822555144456,-0.815453523909268));
#7683=DIRECTION('center_axis',(1.,0.,0.));
#7684=DIRECTION('ref_axis',(0.,0.,-1.));
#7685=DIRECTION('center_axis',(0.,1.,0.));
#7686=DIRECTION('ref_axis',(0.,0.,1.));
#7687=DIRECTION('center_axis',(-1.,0.,0.));
#7688=DIRECTION('ref_axis',(0.,0.,-1.));
#7689=DIRECTION('center_axis',(0.,0.815453523909268,0.578822555144456));
#7690=DIRECTION('ref_axis',(0.,0.578822555144456,-0.815453523909268));
#7691=DIRECTION('center_axis',(1.,0.,0.));
#7692=DIRECTION('ref_axis',(0.,0.,-1.));
#7693=DIRECTION('center_axis',(0.,1.,0.));
#7694=DIRECTION('ref_axis',(0.,0.,1.));
#7695=DIRECTION('center_axis',(-1.,0.,0.));
#7696=DIRECTION('ref_axis',(0.,0.,-1.));
#7697=DIRECTION('center_axis',(0.,0.815453523909268,0.578822555144456));
#7698=DIRECTION('ref_axis',(0.,0.578822555144456,-0.815453523909268));
#7699=DIRECTION('center_axis',(1.,0.,0.));
#7700=DIRECTION('ref_axis',(0.,0.,-1.));
#7701=DIRECTION('center_axis',(0.,1.,0.));
#7702=DIRECTION('ref_axis',(0.,0.,1.));
#7703=DIRECTION('center_axis',(-1.,0.,0.));
#7704=DIRECTION('ref_axis',(0.,0.,-1.));
#7705=DIRECTION('center_axis',(0.,0.815453523909268,0.578822555144456));
#7706=DIRECTION('ref_axis',(0.,0.578822555144456,-0.815453523909268));
#7707=DIRECTION('center_axis',(1.,0.,0.));
#7708=DIRECTION('ref_axis',(0.,0.,-1.));
#7709=DIRECTION('center_axis',(0.,1.,0.));
#7710=DIRECTION('ref_axis',(0.,0.,1.));
#7711=DIRECTION('center_axis',(-1.,0.,0.));
#7712=DIRECTION('ref_axis',(0.,0.,-1.));
#7713=DIRECTION('center_axis',(0.,0.815453523909268,0.578822555144456));
#7714=DIRECTION('ref_axis',(0.,0.578822555144456,-0.815453523909268));
#7715=DIRECTION('center_axis',(1.,0.,0.));
#7716=DIRECTION('ref_axis',(0.,0.,-1.));
#7717=DIRECTION('center_axis',(0.,1.,0.));
#7718=DIRECTION('ref_axis',(0.,0.,1.));
#7719=DIRECTION('center_axis',(-1.,0.,0.));
#7720=DIRECTION('ref_axis',(0.,0.,-1.));
#7721=DIRECTION('center_axis',(0.,0.815453523909268,0.578822555144456));
#7722=DIRECTION('ref_axis',(0.,0.578822555144456,-0.815453523909268));
#7723=DIRECTION('center_axis',(1.,0.,0.));
#7724=DIRECTION('ref_axis',(0.,0.,-1.));
#7725=DIRECTION('center_axis',(0.,1.,0.));
#7726=DIRECTION('ref_axis',(0.,0.,1.));
#7727=DIRECTION('center_axis',(-1.,0.,0.));
#7728=DIRECTION('ref_axis',(0.,0.,-1.));
#7729=DIRECTION('center_axis',(0.,0.815453523909268,0.578822555144456));
#7730=DIRECTION('ref_axis',(0.,0.578822555144456,-0.815453523909268));
#7731=DIRECTION('center_axis',(1.,0.,0.));
#7732=DIRECTION('ref_axis',(0.,0.,-1.));
#7733=DIRECTION('center_axis',(0.,1.,0.));
#7734=DIRECTION('ref_axis',(0.,0.,1.));
#7735=DIRECTION('center_axis',(-1.,0.,0.));
#7736=DIRECTION('ref_axis',(0.,0.,-1.));
#7737=DIRECTION('center_axis',(0.,0.815453523909268,0.578822555144456));
#7738=DIRECTION('ref_axis',(0.,0.578822555144456,-0.815453523909268));
#7739=DIRECTION('center_axis',(1.,0.,0.));
#7740=DIRECTION('ref_axis',(0.,0.,-1.));
#7741=DIRECTION('center_axis',(0.,1.,0.));
#7742=DIRECTION('ref_axis',(0.,0.,1.));
#7743=DIRECTION('center_axis',(-1.,0.,0.));
#7744=DIRECTION('ref_axis',(0.,0.,-1.));
#7745=DIRECTION('center_axis',(0.,0.815453523909268,0.578822555144456));
#7746=DIRECTION('ref_axis',(0.,-0.578822555144456,0.815453523909268));
#7747=DIRECTION('center_axis',(1.,0.,0.));
#7748=DIRECTION('ref_axis',(0.,0.,-1.));
#7749=DIRECTION('center_axis',(0.,1.,0.));
#7750=DIRECTION('ref_axis',(0.,0.,1.));
#7751=DIRECTION('center_axis',(-1.,0.,0.));
#7752=DIRECTION('ref_axis',(0.,0.,-1.));
#7753=DIRECTION('center_axis',(0.,0.815453523909268,0.578822555144456));
#7754=DIRECTION('ref_axis',(0.,-0.578822555144456,0.815453523909268));
#7755=DIRECTION('center_axis',(1.,0.,0.));
#7756=DIRECTION('ref_axis',(0.,0.,-1.));
#7757=DIRECTION('center_axis',(0.,1.,0.));
#7758=DIRECTION('ref_axis',(0.,0.,1.));
#7759=DIRECTION('center_axis',(-1.,0.,0.));
#7760=DIRECTION('ref_axis',(0.,0.,-1.));
#7761=DIRECTION('center_axis',(0.,0.815453523909268,0.578822555144456));
#7762=DIRECTION('ref_axis',(0.,-0.578822555144456,0.815453523909268));
#7763=DIRECTION('center_axis',(1.,0.,0.));
#7764=DIRECTION('ref_axis',(0.,0.,-1.));
#7765=DIRECTION('center_axis',(0.,1.,0.));
#7766=DIRECTION('ref_axis',(0.,0.,1.));
#7767=DIRECTION('center_axis',(-1.,0.,0.));
#7768=DIRECTION('ref_axis',(0.,0.,-1.));
#7769=DIRECTION('center_axis',(0.,0.815453523909268,0.578822555144456));
#7770=DIRECTION('ref_axis',(0.,-0.578822555144456,0.815453523909268));
#7771=DIRECTION('center_axis',(1.,0.,0.));
#7772=DIRECTION('ref_axis',(0.,0.,-1.));
#7773=DIRECTION('center_axis',(0.,1.,0.));
#7774=DIRECTION('ref_axis',(0.,0.,1.));
#7775=DIRECTION('center_axis',(-1.,0.,0.));
#7776=DIRECTION('ref_axis',(0.,0.,-1.));
#7777=DIRECTION('center_axis',(0.,0.815453523909268,0.578822555144456));
#7778=DIRECTION('ref_axis',(0.,-0.578822555144456,0.815453523909268));
#7779=DIRECTION('center_axis',(1.,0.,0.));
#7780=DIRECTION('ref_axis',(0.,0.,-1.));
#7781=DIRECTION('center_axis',(0.,1.,0.));
#7782=DIRECTION('ref_axis',(0.,0.,1.));
#7783=DIRECTION('center_axis',(-1.,0.,0.));
#7784=DIRECTION('ref_axis',(0.,0.,-1.));
#7785=DIRECTION('center_axis',(0.,0.815453523909268,0.578822555144456));
#7786=DIRECTION('ref_axis',(0.,-0.578822555144456,0.815453523909268));
#7787=DIRECTION('center_axis',(1.,0.,0.));
#7788=DIRECTION('ref_axis',(0.,0.,-1.));
#7789=DIRECTION('center_axis',(0.,1.,0.));
#7790=DIRECTION('ref_axis',(0.,0.,1.));
#7791=DIRECTION('center_axis',(-1.,0.,0.));
#7792=DIRECTION('ref_axis',(0.,0.,-1.));
#7793=DIRECTION('center_axis',(0.,0.815453523909268,0.578822555144456));
#7794=DIRECTION('ref_axis',(0.,-0.578822555144456,0.815453523909268));
#7795=DIRECTION('center_axis',(1.,0.,0.));
#7796=DIRECTION('ref_axis',(0.,0.,-1.));
#7797=DIRECTION('center_axis',(0.,1.,0.));
#7798=DIRECTION('ref_axis',(0.,0.,1.));
#7799=DIRECTION('center_axis',(-1.,0.,0.));
#7800=DIRECTION('ref_axis',(0.,0.,-1.));
#7801=DIRECTION('center_axis',(0.,0.815453523909268,0.578822555144456));
#7802=DIRECTION('ref_axis',(0.,-0.578822555144456,0.815453523909268));
#7803=DIRECTION('center_axis',(1.,0.,0.));
#7804=DIRECTION('ref_axis',(0.,0.,-1.));
#7805=DIRECTION('center_axis',(0.,1.,0.));
#7806=DIRECTION('ref_axis',(0.,0.,1.));
#7807=DIRECTION('center_axis',(-1.,0.,0.));
#7808=DIRECTION('ref_axis',(0.,0.,-1.));
#7809=DIRECTION('center_axis',(0.,0.815453523909268,0.578822555144456));
#7810=DIRECTION('ref_axis',(0.,-0.578822555144456,0.815453523909268));
#7811=DIRECTION('center_axis',(1.,0.,0.));
#7812=DIRECTION('ref_axis',(0.,0.,-1.));
#7813=DIRECTION('center_axis',(0.,1.,0.));
#7814=DIRECTION('ref_axis',(0.,0.,1.));
#7815=DIRECTION('center_axis',(-1.,0.,0.));
#7816=DIRECTION('ref_axis',(0.,0.,-1.));
#7817=DIRECTION('center_axis',(0.,0.815453523909268,0.578822555144456));
#7818=DIRECTION('ref_axis',(0.,-0.578822555144456,0.815453523909268));
#7819=DIRECTION('center_axis',(1.,0.,0.));
#7820=DIRECTION('ref_axis',(0.,0.,-1.));
#7821=DIRECTION('center_axis',(0.,1.,0.));
#7822=DIRECTION('ref_axis',(0.,0.,1.));
#7823=DIRECTION('center_axis',(-1.,0.,0.));
#7824=DIRECTION('ref_axis',(0.,0.,-1.));
#7825=DIRECTION('center_axis',(0.,0.815453523909268,0.578822555144456));
#7826=DIRECTION('ref_axis',(0.,-0.578822555144456,0.815453523909268));
#7827=DIRECTION('center_axis',(1.,0.,0.));
#7828=DIRECTION('ref_axis',(0.,0.,-1.));
#7829=DIRECTION('center_axis',(0.,1.,0.));
#7830=DIRECTION('ref_axis',(0.,0.,1.));
#7831=DIRECTION('center_axis',(-1.,0.,0.));
#7832=DIRECTION('ref_axis',(0.,0.,-1.));
#7833=DIRECTION('center_axis',(0.,0.815453523909268,0.578822555144456));
#7834=DIRECTION('ref_axis',(0.,-0.578822555144456,0.815453523909268));
#7835=DIRECTION('center_axis',(1.,0.,0.));
#7836=DIRECTION('ref_axis',(0.,0.,-1.));
#7837=DIRECTION('center_axis',(0.,1.,0.));
#7838=DIRECTION('ref_axis',(0.,0.,1.));
#7839=DIRECTION('center_axis',(-1.,0.,0.));
#7840=DIRECTION('ref_axis',(0.,0.,-1.));
#7841=DIRECTION('center_axis',(0.,0.815453523909268,0.578822555144456));
#7842=DIRECTION('ref_axis',(0.,-0.578822555144456,0.815453523909268));
#7843=DIRECTION('center_axis',(1.,0.,0.));
#7844=DIRECTION('ref_axis',(0.,0.,-1.));
#7845=DIRECTION('center_axis',(0.,1.,0.));
#7846=DIRECTION('ref_axis',(0.,0.,1.));
#7847=DIRECTION('center_axis',(-1.,0.,0.));
#7848=DIRECTION('ref_axis',(0.,0.,-1.));
#7849=DIRECTION('center_axis',(0.,0.815453523909268,0.578822555144456));
#7850=DIRECTION('ref_axis',(0.,-0.578822555144456,0.815453523909268));
#7851=DIRECTION('center_axis',(1.,0.,0.));
#7852=DIRECTION('ref_axis',(0.,0.,-1.));
#7853=DIRECTION('center_axis',(0.,1.,0.));
#7854=DIRECTION('ref_axis',(0.,0.,1.));
#7855=DIRECTION('center_axis',(-1.,0.,0.));
#7856=DIRECTION('ref_axis',(0.,0.,-1.));
#7857=DIRECTION('center_axis',(0.,0.815453523909268,0.578822555144456));
#7858=DIRECTION('ref_axis',(0.,-0.578822555144456,0.815453523909268));
#7859=DIRECTION('center_axis',(1.,0.,0.));
#7860=DIRECTION('ref_axis',(0.,0.,-1.));
#7861=DIRECTION('center_axis',(0.,1.,0.));
#7862=DIRECTION('ref_axis',(0.,0.,1.));
#7863=DIRECTION('center_axis',(-1.,0.,0.));
#7864=DIRECTION('ref_axis',(0.,0.,-1.));
#7865=DIRECTION('center_axis',(0.,0.815453523909268,0.578822555144456));
#7866=DIRECTION('ref_axis',(0.,-0.578822555144456,0.815453523909268));
#7867=DIRECTION('center_axis',(-1.,0.,0.));
#7868=DIRECTION('ref_axis',(0.,0.,1.));
#7869=DIRECTION('center_axis',(0.,1.,0.));
#7870=DIRECTION('ref_axis',(0.,0.,-1.));
#7871=DIRECTION('center_axis',(1.,0.,0.));
#7872=DIRECTION('ref_axis',(0.,0.,1.));
#7873=DIRECTION('center_axis',(0.,-0.815453523909268,0.578822555144456));
#7874=DIRECTION('ref_axis',(0.,0.578822555144456,0.815453523909268));
#7875=DIRECTION('center_axis',(0.,-0.815453523909268,0.578822555144456));
#7876=DIRECTION('ref_axis',(0.,0.578822555144456,0.815453523909268));
#7877=DIRECTION('center_axis',(-1.,0.,0.));
#7878=DIRECTION('ref_axis',(0.,0.,1.));
#7879=DIRECTION('center_axis',(0.,1.,0.));
#7880=DIRECTION('ref_axis',(0.,0.,-1.));
#7881=DIRECTION('center_axis',(1.,0.,0.));
#7882=DIRECTION('ref_axis',(0.,0.,1.));
#7883=DIRECTION('center_axis',(0.,-0.815453523909268,0.578822555144456));
#7884=DIRECTION('ref_axis',(0.,0.578822555144456,0.815453523909268));
#7885=DIRECTION('center_axis',(0.,-0.815453523909268,0.578822555144456));
#7886=DIRECTION('ref_axis',(0.,0.578822555144456,0.815453523909268));
#7887=DIRECTION('center_axis',(-1.,0.,0.));
#7888=DIRECTION('ref_axis',(0.,0.,1.));
#7889=DIRECTION('center_axis',(0.,1.,0.));
#7890=DIRECTION('ref_axis',(0.,0.,-1.));
#7891=DIRECTION('center_axis',(1.,0.,0.));
#7892=DIRECTION('ref_axis',(0.,0.,1.));
#7893=DIRECTION('center_axis',(0.,-0.815453523909268,0.578822555144456));
#7894=DIRECTION('ref_axis',(0.,0.578822555144456,0.815453523909268));
#7895=DIRECTION('center_axis',(0.,-0.815453523909268,0.578822555144456));
#7896=DIRECTION('ref_axis',(0.,0.578822555144456,0.815453523909268));
#7897=DIRECTION('center_axis',(-1.,0.,0.));
#7898=DIRECTION('ref_axis',(0.,0.,1.));
#7899=DIRECTION('center_axis',(0.,1.,0.));
#7900=DIRECTION('ref_axis',(0.,0.,-1.));
#7901=DIRECTION('center_axis',(1.,0.,0.));
#7902=DIRECTION('ref_axis',(0.,0.,1.));
#7903=DIRECTION('center_axis',(0.,-0.815453523909268,0.578822555144456));
#7904=DIRECTION('ref_axis',(0.,0.578822555144456,0.815453523909268));
#7905=DIRECTION('center_axis',(0.,-0.815453523909268,0.578822555144456));
#7906=DIRECTION('ref_axis',(0.,0.578822555144456,0.815453523909268));
#7907=DIRECTION('center_axis',(-1.,0.,0.));
#7908=DIRECTION('ref_axis',(0.,0.,1.));
#7909=DIRECTION('center_axis',(0.,1.,0.));
#7910=DIRECTION('ref_axis',(0.,0.,-1.));
#7911=DIRECTION('center_axis',(1.,0.,0.));
#7912=DIRECTION('ref_axis',(0.,0.,1.));
#7913=DIRECTION('center_axis',(0.,-0.815453523909268,0.578822555144456));
#7914=DIRECTION('ref_axis',(0.,0.578822555144456,0.815453523909268));
#7915=DIRECTION('center_axis',(0.,-0.815453523909268,0.578822555144456));
#7916=DIRECTION('ref_axis',(0.,0.578822555144456,0.815453523909268));
#7917=DIRECTION('center_axis',(-1.,0.,0.));
#7918=DIRECTION('ref_axis',(0.,0.,1.));
#7919=DIRECTION('center_axis',(0.,1.,0.));
#7920=DIRECTION('ref_axis',(0.,0.,-1.));
#7921=DIRECTION('center_axis',(1.,0.,0.));
#7922=DIRECTION('ref_axis',(0.,0.,1.));
#7923=DIRECTION('center_axis',(0.,-0.815453523909268,0.578822555144456));
#7924=DIRECTION('ref_axis',(0.,0.578822555144456,0.815453523909268));
#7925=DIRECTION('center_axis',(0.,-0.815453523909268,0.578822555144456));
#7926=DIRECTION('ref_axis',(0.,0.578822555144456,0.815453523909268));
#7927=DIRECTION('center_axis',(-1.,0.,0.));
#7928=DIRECTION('ref_axis',(0.,0.,1.));
#7929=DIRECTION('center_axis',(0.,1.,0.));
#7930=DIRECTION('ref_axis',(0.,0.,-1.));
#7931=DIRECTION('center_axis',(1.,0.,0.));
#7932=DIRECTION('ref_axis',(0.,0.,1.));
#7933=DIRECTION('center_axis',(0.,-0.815453523909268,0.578822555144456));
#7934=DIRECTION('ref_axis',(0.,0.578822555144456,0.815453523909268));
#7935=DIRECTION('center_axis',(0.,-0.815453523909268,0.578822555144456));
#7936=DIRECTION('ref_axis',(0.,0.578822555144456,0.815453523909268));
#7937=DIRECTION('center_axis',(-1.,0.,0.));
#7938=DIRECTION('ref_axis',(0.,0.,1.));
#7939=DIRECTION('center_axis',(0.,1.,0.));
#7940=DIRECTION('ref_axis',(0.,0.,-1.));
#7941=DIRECTION('center_axis',(1.,0.,0.));
#7942=DIRECTION('ref_axis',(0.,0.,1.));
#7943=DIRECTION('center_axis',(0.,-0.815453523909268,0.578822555144456));
#7944=DIRECTION('ref_axis',(0.,0.578822555144456,0.815453523909268));
#7945=DIRECTION('center_axis',(0.,-0.815453523909268,0.578822555144456));
#7946=DIRECTION('ref_axis',(0.,0.578822555144456,0.815453523909268));
#7947=DIRECTION('center_axis',(-1.,0.,0.));
#7948=DIRECTION('ref_axis',(0.,0.,1.));
#7949=DIRECTION('center_axis',(0.,1.,0.));
#7950=DIRECTION('ref_axis',(0.,0.,-1.));
#7951=DIRECTION('center_axis',(1.,0.,0.));
#7952=DIRECTION('ref_axis',(0.,0.,1.));
#7953=DIRECTION('center_axis',(0.,-0.815453523909268,0.578822555144456));
#7954=DIRECTION('ref_axis',(0.,0.578822555144456,0.815453523909268));
#7955=DIRECTION('center_axis',(0.,-0.815453523909268,0.578822555144456));
#7956=DIRECTION('ref_axis',(0.,0.578822555144456,0.815453523909268));
#7957=DIRECTION('center_axis',(-1.,0.,0.));
#7958=DIRECTION('ref_axis',(0.,0.,1.));
#7959=DIRECTION('center_axis',(0.,1.,0.));
#7960=DIRECTION('ref_axis',(0.,0.,-1.));
#7961=DIRECTION('center_axis',(1.,0.,0.));
#7962=DIRECTION('ref_axis',(0.,0.,1.));
#7963=DIRECTION('center_axis',(0.,-0.815453523909268,0.578822555144456));
#7964=DIRECTION('ref_axis',(0.,0.578822555144456,0.815453523909268));
#7965=DIRECTION('center_axis',(0.,-0.815453523909268,0.578822555144456));
#7966=DIRECTION('ref_axis',(0.,0.578822555144456,0.815453523909268));
#7967=DIRECTION('center_axis',(-1.,0.,0.));
#7968=DIRECTION('ref_axis',(0.,0.,1.));
#7969=DIRECTION('center_axis',(0.,1.,0.));
#7970=DIRECTION('ref_axis',(0.,0.,-1.));
#7971=DIRECTION('center_axis',(1.,0.,0.));
#7972=DIRECTION('ref_axis',(0.,0.,1.));
#7973=DIRECTION('center_axis',(0.,-0.815453523909268,0.578822555144456));
#7974=DIRECTION('ref_axis',(0.,0.578822555144456,0.815453523909268));
#7975=DIRECTION('center_axis',(0.,-0.815453523909268,0.578822555144456));
#7976=DIRECTION('ref_axis',(0.,0.578822555144456,0.815453523909268));
#7977=DIRECTION('center_axis',(-1.,0.,0.));
#7978=DIRECTION('ref_axis',(0.,0.,1.));
#7979=DIRECTION('center_axis',(0.,1.,0.));
#7980=DIRECTION('ref_axis',(0.,0.,-1.));
#7981=DIRECTION('center_axis',(1.,0.,0.));
#7982=DIRECTION('ref_axis',(0.,0.,1.));
#7983=DIRECTION('center_axis',(0.,-0.815453523909268,0.578822555144456));
#7984=DIRECTION('ref_axis',(0.,0.578822555144456,0.815453523909268));
#7985=DIRECTION('center_axis',(0.,-0.815453523909268,0.578822555144456));
#7986=DIRECTION('ref_axis',(0.,0.578822555144456,0.815453523909268));
#7987=DIRECTION('center_axis',(-1.,0.,0.));
#7988=DIRECTION('ref_axis',(0.,0.,1.));
#7989=DIRECTION('center_axis',(0.,1.,0.));
#7990=DIRECTION('ref_axis',(0.,0.,-1.));
#7991=DIRECTION('center_axis',(1.,0.,0.));
#7992=DIRECTION('ref_axis',(0.,0.,1.));
#7993=DIRECTION('center_axis',(0.,-0.815453523909268,0.578822555144456));
#7994=DIRECTION('ref_axis',(0.,0.578822555144456,0.815453523909268));
#7995=DIRECTION('center_axis',(0.,-0.815453523909268,0.578822555144456));
#7996=DIRECTION('ref_axis',(0.,0.578822555144456,0.815453523909268));
#7997=DIRECTION('center_axis',(-1.,0.,0.));
#7998=DIRECTION('ref_axis',(0.,0.,1.));
#7999=DIRECTION('center_axis',(0.,1.,0.));
#8000=DIRECTION('ref_axis',(0.,0.,-1.));
#8001=DIRECTION('center_axis',(1.,0.,0.));
#8002=DIRECTION('ref_axis',(0.,0.,1.));
#8003=DIRECTION('center_axis',(0.,-0.815453523909268,0.578822555144456));
#8004=DIRECTION('ref_axis',(0.,0.578822555144456,0.815453523909268));
#8005=DIRECTION('center_axis',(0.,-0.815453523909268,0.578822555144456));
#8006=DIRECTION('ref_axis',(0.,0.578822555144456,0.815453523909268));
#8007=DIRECTION('center_axis',(-1.,0.,0.));
#8008=DIRECTION('ref_axis',(0.,0.,1.));
#8009=DIRECTION('center_axis',(0.,1.,0.));
#8010=DIRECTION('ref_axis',(0.,0.,-1.));
#8011=DIRECTION('center_axis',(1.,0.,0.));
#8012=DIRECTION('ref_axis',(0.,0.,1.));
#8013=DIRECTION('center_axis',(0.,-0.815453523909268,0.578822555144456));
#8014=DIRECTION('ref_axis',(0.,0.578822555144456,0.815453523909268));
#8015=DIRECTION('center_axis',(0.,-0.815453523909268,0.578822555144456));
#8016=DIRECTION('ref_axis',(0.,0.578822555144456,0.815453523909268));
#8017=DIRECTION('center_axis',(-1.,0.,0.));
#8018=DIRECTION('ref_axis',(0.,0.,1.));
#8019=DIRECTION('center_axis',(0.,1.,0.));
#8020=DIRECTION('ref_axis',(0.,0.,1.));
#8021=DIRECTION('center_axis',(1.,0.,0.));
#8022=DIRECTION('ref_axis',(0.,0.,1.));
#8023=DIRECTION('center_axis',(0.,-0.815453523909268,0.578822555144456));
#8024=DIRECTION('ref_axis',(0.,-0.578822555144456,-0.815453523909268));
#8025=DIRECTION('center_axis',(0.,-0.815453523909268,0.578822555144456));
#8026=DIRECTION('ref_axis',(0.,-0.578822555144456,-0.815453523909268));
#8027=DIRECTION('center_axis',(-1.,0.,0.));
#8028=DIRECTION('ref_axis',(0.,0.,1.));
#8029=DIRECTION('center_axis',(0.,1.,0.));
#8030=DIRECTION('ref_axis',(0.,0.,1.));
#8031=DIRECTION('center_axis',(1.,0.,0.));
#8032=DIRECTION('ref_axis',(0.,0.,1.));
#8033=DIRECTION('center_axis',(0.,-0.815453523909268,0.578822555144456));
#8034=DIRECTION('ref_axis',(0.,-0.578822555144456,-0.815453523909268));
#8035=DIRECTION('center_axis',(0.,-0.815453523909268,0.578822555144456));
#8036=DIRECTION('ref_axis',(0.,-0.578822555144456,-0.815453523909268));
#8037=DIRECTION('center_axis',(-1.,0.,0.));
#8038=DIRECTION('ref_axis',(0.,0.,1.));
#8039=DIRECTION('center_axis',(0.,1.,0.));
#8040=DIRECTION('ref_axis',(0.,0.,1.));
#8041=DIRECTION('center_axis',(1.,0.,0.));
#8042=DIRECTION('ref_axis',(0.,0.,1.));
#8043=DIRECTION('center_axis',(0.,-0.815453523909268,0.578822555144456));
#8044=DIRECTION('ref_axis',(0.,-0.578822555144456,-0.815453523909268));
#8045=DIRECTION('center_axis',(0.,-0.815453523909268,0.578822555144456));
#8046=DIRECTION('ref_axis',(0.,-0.578822555144456,-0.815453523909268));
#8047=DIRECTION('center_axis',(-1.,0.,0.));
#8048=DIRECTION('ref_axis',(0.,0.,1.));
#8049=DIRECTION('center_axis',(0.,1.,0.));
#8050=DIRECTION('ref_axis',(0.,0.,1.));
#8051=DIRECTION('center_axis',(1.,0.,0.));
#8052=DIRECTION('ref_axis',(0.,0.,1.));
#8053=DIRECTION('center_axis',(0.,-0.815453523909268,0.578822555144456));
#8054=DIRECTION('ref_axis',(0.,-0.578822555144456,-0.815453523909268));
#8055=DIRECTION('center_axis',(0.,-0.815453523909268,0.578822555144456));
#8056=DIRECTION('ref_axis',(0.,-0.578822555144456,-0.815453523909268));
#8057=DIRECTION('center_axis',(-1.,0.,0.));
#8058=DIRECTION('ref_axis',(0.,0.,1.));
#8059=DIRECTION('center_axis',(0.,1.,0.));
#8060=DIRECTION('ref_axis',(0.,0.,1.));
#8061=DIRECTION('center_axis',(1.,0.,0.));
#8062=DIRECTION('ref_axis',(0.,0.,1.));
#8063=DIRECTION('center_axis',(0.,-0.815453523909268,0.578822555144456));
#8064=DIRECTION('ref_axis',(0.,-0.578822555144456,-0.815453523909268));
#8065=DIRECTION('center_axis',(0.,-0.815453523909268,0.578822555144456));
#8066=DIRECTION('ref_axis',(0.,-0.578822555144456,-0.815453523909268));
#8067=DIRECTION('center_axis',(-1.,0.,0.));
#8068=DIRECTION('ref_axis',(0.,0.,1.));
#8069=DIRECTION('center_axis',(0.,1.,0.));
#8070=DIRECTION('ref_axis',(0.,0.,1.));
#8071=DIRECTION('center_axis',(1.,0.,0.));
#8072=DIRECTION('ref_axis',(0.,0.,1.));
#8073=DIRECTION('center_axis',(0.,-0.815453523909268,0.578822555144456));
#8074=DIRECTION('ref_axis',(0.,-0.578822555144456,-0.815453523909268));
#8075=DIRECTION('center_axis',(0.,-0.815453523909268,0.578822555144456));
#8076=DIRECTION('ref_axis',(0.,-0.578822555144456,-0.815453523909268));
#8077=DIRECTION('center_axis',(-1.,0.,0.));
#8078=DIRECTION('ref_axis',(0.,0.,1.));
#8079=DIRECTION('center_axis',(0.,1.,0.));
#8080=DIRECTION('ref_axis',(0.,0.,1.));
#8081=DIRECTION('center_axis',(1.,0.,0.));
#8082=DIRECTION('ref_axis',(0.,0.,1.));
#8083=DIRECTION('center_axis',(0.,-0.815453523909268,0.578822555144456));
#8084=DIRECTION('ref_axis',(0.,-0.578822555144456,-0.815453523909268));
#8085=DIRECTION('center_axis',(0.,-0.815453523909268,0.578822555144456));
#8086=DIRECTION('ref_axis',(0.,-0.578822555144456,-0.815453523909268));
#8087=DIRECTION('center_axis',(-1.,0.,0.));
#8088=DIRECTION('ref_axis',(0.,0.,1.));
#8089=DIRECTION('center_axis',(0.,1.,0.));
#8090=DIRECTION('ref_axis',(0.,0.,1.));
#8091=DIRECTION('center_axis',(1.,0.,0.));
#8092=DIRECTION('ref_axis',(0.,0.,1.));
#8093=DIRECTION('center_axis',(0.,-0.815453523909268,0.578822555144456));
#8094=DIRECTION('ref_axis',(0.,-0.578822555144456,-0.815453523909268));
#8095=DIRECTION('center_axis',(0.,-0.815453523909268,0.578822555144456));
#8096=DIRECTION('ref_axis',(0.,-0.578822555144456,-0.815453523909268));
#8097=DIRECTION('center_axis',(-1.,0.,0.));
#8098=DIRECTION('ref_axis',(0.,0.,1.));
#8099=DIRECTION('center_axis',(0.,1.,0.));
#8100=DIRECTION('ref_axis',(0.,0.,1.));
#8101=DIRECTION('center_axis',(1.,0.,0.));
#8102=DIRECTION('ref_axis',(0.,0.,1.));
#8103=DIRECTION('center_axis',(0.,-0.815453523909268,0.578822555144456));
#8104=DIRECTION('ref_axis',(0.,-0.578822555144456,-0.815453523909268));
#8105=DIRECTION('center_axis',(0.,-0.815453523909268,0.578822555144456));
#8106=DIRECTION('ref_axis',(0.,-0.578822555144456,-0.815453523909268));
#8107=DIRECTION('center_axis',(-1.,0.,0.));
#8108=DIRECTION('ref_axis',(0.,0.,1.));
#8109=DIRECTION('center_axis',(0.,1.,0.));
#8110=DIRECTION('ref_axis',(0.,0.,1.));
#8111=DIRECTION('center_axis',(1.,0.,0.));
#8112=DIRECTION('ref_axis',(0.,0.,1.));
#8113=DIRECTION('center_axis',(0.,-0.815453523909268,0.578822555144456));
#8114=DIRECTION('ref_axis',(0.,-0.578822555144456,-0.815453523909268));
#8115=DIRECTION('center_axis',(0.,-0.815453523909268,0.578822555144456));
#8116=DIRECTION('ref_axis',(0.,-0.578822555144456,-0.815453523909268));
#8117=DIRECTION('center_axis',(-1.,0.,0.));
#8118=DIRECTION('ref_axis',(0.,0.,1.));
#8119=DIRECTION('center_axis',(0.,1.,0.));
#8120=DIRECTION('ref_axis',(0.,0.,1.));
#8121=DIRECTION('center_axis',(1.,0.,0.));
#8122=DIRECTION('ref_axis',(0.,0.,1.));
#8123=DIRECTION('center_axis',(0.,-0.815453523909268,0.578822555144456));
#8124=DIRECTION('ref_axis',(0.,-0.578822555144456,-0.815453523909268));
#8125=DIRECTION('center_axis',(0.,-0.815453523909268,0.578822555144456));
#8126=DIRECTION('ref_axis',(0.,-0.578822555144456,-0.815453523909268));
#8127=DIRECTION('center_axis',(-1.,0.,0.));
#8128=DIRECTION('ref_axis',(0.,0.,1.));
#8129=DIRECTION('center_axis',(0.,1.,0.));
#8130=DIRECTION('ref_axis',(0.,0.,1.));
#8131=DIRECTION('center_axis',(1.,0.,0.));
#8132=DIRECTION('ref_axis',(0.,0.,1.));
#8133=DIRECTION('center_axis',(0.,-0.815453523909268,0.578822555144456));
#8134=DIRECTION('ref_axis',(0.,-0.578822555144456,-0.815453523909268));
#8135=DIRECTION('center_axis',(0.,-0.815453523909268,0.578822555144456));
#8136=DIRECTION('ref_axis',(0.,-0.578822555144456,-0.815453523909268));
#8137=DIRECTION('center_axis',(-1.,0.,0.));
#8138=DIRECTION('ref_axis',(0.,0.,1.));
#8139=DIRECTION('center_axis',(0.,1.,0.));
#8140=DIRECTION('ref_axis',(0.,0.,1.));
#8141=DIRECTION('center_axis',(1.,0.,0.));
#8142=DIRECTION('ref_axis',(0.,0.,1.));
#8143=DIRECTION('center_axis',(0.,-0.815453523909268,0.578822555144456));
#8144=DIRECTION('ref_axis',(0.,-0.578822555144456,-0.815453523909268));
#8145=DIRECTION('center_axis',(0.,-0.815453523909268,0.578822555144456));
#8146=DIRECTION('ref_axis',(0.,-0.578822555144456,-0.815453523909268));
#8147=DIRECTION('center_axis',(-1.,0.,0.));
#8148=DIRECTION('ref_axis',(0.,0.,1.));
#8149=DIRECTION('center_axis',(0.,1.,0.));
#8150=DIRECTION('ref_axis',(0.,0.,1.));
#8151=DIRECTION('center_axis',(1.,0.,0.));
#8152=DIRECTION('ref_axis',(0.,0.,1.));
#8153=DIRECTION('center_axis',(0.,-0.815453523909268,0.578822555144456));
#8154=DIRECTION('ref_axis',(0.,-0.578822555144456,-0.815453523909268));
#8155=DIRECTION('center_axis',(0.,-0.815453523909268,0.578822555144456));
#8156=DIRECTION('ref_axis',(0.,-0.578822555144456,-0.815453523909268));
#8157=DIRECTION('center_axis',(-1.,0.,0.));
#8158=DIRECTION('ref_axis',(0.,0.,1.));
#8159=DIRECTION('center_axis',(0.,1.,0.));
#8160=DIRECTION('ref_axis',(0.,0.,1.));
#8161=DIRECTION('center_axis',(1.,0.,0.));
#8162=DIRECTION('ref_axis',(0.,0.,1.));
#8163=DIRECTION('center_axis',(0.,-0.815453523909268,0.578822555144456));
#8164=DIRECTION('ref_axis',(0.,-0.578822555144456,-0.815453523909268));
#8165=DIRECTION('center_axis',(0.,-0.815453523909268,0.578822555144456));
#8166=DIRECTION('ref_axis',(0.,-0.578822555144456,-0.815453523909268));
#8167=DIRECTION('center_axis',(-1.,0.,0.));
#8168=DIRECTION('ref_axis',(0.,0.,1.));
#8169=DIRECTION('center_axis',(0.,1.,0.));
#8170=DIRECTION('ref_axis',(0.,0.,1.));
#8171=DIRECTION('center_axis',(1.,0.,0.));
#8172=DIRECTION('ref_axis',(0.,0.,1.));
#8173=DIRECTION('center_axis',(0.,-0.815453523909268,0.578822555144456));
#8174=DIRECTION('ref_axis',(0.,-0.578822555144456,-0.815453523909268));
#8175=DIRECTION('center_axis',(0.,-0.815453523909268,0.578822555144456));
#8176=DIRECTION('ref_axis',(0.,-0.578822555144456,-0.815453523909268));
#8177=DIRECTION('center_axis',(0.,-0.815453523909267,-0.578822555144457));
#8178=DIRECTION('ref_axis',(0.,0.578822555144457,-0.815453523909267));
#8179=DIRECTION('center_axis',(0.,0.815453523909268,0.578822555144456));
#8180=DIRECTION('ref_axis',(0.,0.578822555144456,-0.815453523909268));
#8181=DIRECTION('center_axis',(-1.06369959569564E-15,-1.,-3.32076843734134E-15));
#8182=DIRECTION('ref_axis',(-1.76745103462032E-12,3.32076843734322E-15,
-1.));
#8183=DIRECTION('',(0.,0.815453523909267,0.578822555144457));
#8184=DIRECTION('center_axis',(-1.06369959569564E-15,-1.,-3.32076843734134E-15));
#8185=DIRECTION('ref_axis',(-1.76745103462032E-12,3.32076843734322E-15,
-1.));
#8186=DIRECTION('center_axis',(0.,-0.815453523909267,-0.578822555144457));
#8187=DIRECTION('ref_axis',(0.,0.578822555144457,-0.815453523909267));
#8188=DIRECTION('center_axis',(0.,0.815453523909268,0.578822555144456));
#8189=DIRECTION('ref_axis',(0.,0.578822555144456,-0.815453523909268));
#8190=DIRECTION('center_axis',(-1.06369959569565E-15,-1.,-3.32076843734134E-15));
#8191=DIRECTION('ref_axis',(-1.7757140128093E-12,3.32076843734323E-15,-1.));
#8192=DIRECTION('',(0.,0.815453523909267,0.578822555144457));
#8193=DIRECTION('center_axis',(-1.06369959569565E-15,-1.,-3.32076843734134E-15));
#8194=DIRECTION('ref_axis',(-1.7757140128093E-12,3.32076843734323E-15,-1.));
#8195=DIRECTION('center_axis',(0.,-0.815453523909267,-0.578822555144457));
#8196=DIRECTION('ref_axis',(0.,0.578822555144457,-0.815453523909267));
#8197=DIRECTION('center_axis',(0.,0.815453523909268,0.578822555144456));
#8198=DIRECTION('ref_axis',(0.,0.578822555144456,-0.815453523909268));
#8199=DIRECTION('center_axis',(-1.06369959569564E-15,-1.,-3.32076843734134E-15));
#8200=DIRECTION('ref_axis',(-1.79967664955733E-12,3.32076843734325E-15,
-1.));
#8201=DIRECTION('',(0.,0.815453523909267,0.578822555144457));
#8202=DIRECTION('center_axis',(-1.06369959569564E-15,-1.,-3.32076843734134E-15));
#8203=DIRECTION('ref_axis',(-1.79967664955733E-12,3.32076843734325E-15,
-1.));
#8204=DIRECTION('center_axis',(0.,-0.815453523909267,-0.578822555144457));
#8205=DIRECTION('ref_axis',(0.,0.578822555144457,-0.815453523909267));
#8206=DIRECTION('center_axis',(0.,0.815453523909268,0.578822555144456));
#8207=DIRECTION('ref_axis',(0.,0.578822555144456,-0.815453523909268));
#8208=DIRECTION('center_axis',(-1.06369959569565E-15,-1.,-3.32076843734134E-15));
#8209=DIRECTION('ref_axis',(-1.74596729132898E-12,3.3207684373432E-15,-1.));
#8210=DIRECTION('',(0.,0.815453523909267,0.578822555144457));
#8211=DIRECTION('center_axis',(-1.06369959569565E-15,-1.,-3.32076843734134E-15));
#8212=DIRECTION('ref_axis',(-1.74596729132898E-12,3.3207684373432E-15,-1.));
#8213=DIRECTION('center_axis',(0.,-0.815453523909267,-0.578822555144457));
#8214=DIRECTION('ref_axis',(0.,0.578822555144457,-0.815453523909267));
#8215=DIRECTION('center_axis',(0.,0.815453523909268,0.578822555144456));
#8216=DIRECTION('ref_axis',(0.,0.578822555144456,-0.815453523909268));
#8217=DIRECTION('center_axis',(-1.06369959569564E-15,-1.,-3.32076843734134E-15));
#8218=DIRECTION('ref_axis',(-1.85379915669515E-12,3.32076843734331E-15,
-1.));
#8219=DIRECTION('',(0.,0.815453523909267,0.578822555144457));
#8220=DIRECTION('center_axis',(-1.06369959569564E-15,-1.,-3.32076843734134E-15));
#8221=DIRECTION('ref_axis',(-1.85379915669515E-12,3.32076843734331E-15,
-1.));
#8222=DIRECTION('center_axis',(0.,-0.815453523909267,-0.578822555144457));
#8223=DIRECTION('ref_axis',(0.,0.578822555144457,-0.815453523909267));
#8224=DIRECTION('center_axis',(0.,0.815453523909268,0.578822555144456));
#8225=DIRECTION('ref_axis',(0.,0.578822555144456,-0.815453523909268));
#8226=DIRECTION('center_axis',(-1.06369959569554E-15,-1.,-3.3207684373413E-15));
#8227=DIRECTION('ref_axis',(-1.424950588687E-12,3.32076843734282E-15,-1.));
#8228=DIRECTION('',(0.,0.815453523909267,0.578822555144457));
#8229=DIRECTION('center_axis',(-1.06369959569554E-15,-1.,-3.3207684373413E-15));
#8230=DIRECTION('ref_axis',(-1.424950588687E-12,3.32076843734282E-15,-1.));
#8231=DIRECTION('center_axis',(0.,-0.815453523909267,-0.578822555144457));
#8232=DIRECTION('ref_axis',(0.,0.578822555144457,-0.815453523909267));
#8233=DIRECTION('center_axis',(0.,0.815453523909268,0.578822555144456));
#8234=DIRECTION('ref_axis',(0.,0.578822555144456,-0.815453523909268));
#8235=DIRECTION('center_axis',(-1.06369959569555E-15,-1.,-3.32076843734131E-15));
#8236=DIRECTION('ref_axis',(-1.54972155934053E-12,3.32076843734296E-15,
-1.));
#8237=DIRECTION('',(0.,0.815453523909267,0.578822555144457));
#8238=DIRECTION('center_axis',(-1.06369959569555E-15,-1.,-3.32076843734131E-15));
#8239=DIRECTION('ref_axis',(-1.54972155934053E-12,3.32076843734296E-15,
-1.));
#8240=DIRECTION('center_axis',(0.,-0.815453523909267,-0.578822555144457));
#8241=DIRECTION('ref_axis',(0.,0.578822555144457,-0.815453523909267));
#8242=DIRECTION('center_axis',(0.,0.815453523909268,0.578822555144456));
#8243=DIRECTION('ref_axis',(0.,0.578822555144456,-0.815453523909268));
#8244=DIRECTION('center_axis',(-1.06369959569556E-15,-1.,-3.32076843734132E-15));
#8245=DIRECTION('ref_axis',(-1.94138672549755E-12,3.32076843734338E-15,
-1.));
#8246=DIRECTION('',(0.,0.815453523909267,0.578822555144457));
#8247=DIRECTION('center_axis',(-1.06369959569556E-15,-1.,-3.32076843734132E-15));
#8248=DIRECTION('ref_axis',(-1.94138672549755E-12,3.32076843734338E-15,
-1.));
#8249=DIRECTION('center_axis',(0.,-0.815453523909267,-0.578822555144457));
#8250=DIRECTION('ref_axis',(0.,0.578822555144457,-0.815453523909267));
#8251=DIRECTION('center_axis',(0.,0.815453523909268,0.578822555144456));
#8252=DIRECTION('ref_axis',(0.,0.578822555144456,-0.815453523909268));
#8253=DIRECTION('center_axis',(-1.06369959569555E-15,-1.,-3.32076843734131E-15));
#8254=DIRECTION('ref_axis',(-1.11674150223848E-12,3.3207684373425E-15,-1.));
#8255=DIRECTION('',(0.,0.815453523909267,0.578822555144457));
#8256=DIRECTION('center_axis',(-1.06369959569555E-15,-1.,-3.32076843734131E-15));
#8257=DIRECTION('ref_axis',(-1.11674150223848E-12,3.3207684373425E-15,-1.));
#8258=DIRECTION('center_axis',(0.,-0.815453523909267,-0.578822555144457));
#8259=DIRECTION('ref_axis',(0.,0.578822555144457,-0.815453523909267));
#8260=DIRECTION('center_axis',(0.,0.815453523909268,0.578822555144456));
#8261=DIRECTION('ref_axis',(0.,0.578822555144456,-0.815453523909268));
#8262=DIRECTION('center_axis',(-1.06369959569551E-15,-1.,-3.32076843734128E-15));
#8263=DIRECTION('ref_axis',(-2.17977364624932E-12,3.3207684373436E-15,-1.));
#8264=DIRECTION('',(0.,0.815453523909267,0.578822555144457));
#8265=DIRECTION('center_axis',(-1.06369959569551E-15,-1.,-3.32076843734128E-15));
#8266=DIRECTION('ref_axis',(-2.17977364624932E-12,3.3207684373436E-15,-1.));
#8267=DIRECTION('center_axis',(0.,-0.815453523909267,-0.578822555144457));
#8268=DIRECTION('ref_axis',(0.,0.578822555144457,-0.815453523909267));
#8269=DIRECTION('center_axis',(0.,0.815453523909268,0.578822555144456));
#8270=DIRECTION('ref_axis',(0.,0.578822555144456,-0.815453523909268));
#8271=DIRECTION('center_axis',(-1.06369959569554E-15,-1.,-3.3207684373413E-15));
#8272=DIRECTION('ref_axis',(-1.99881442391123E-12,3.32076843734343E-15,
-1.));
#8273=DIRECTION('',(0.,0.815453523909267,0.578822555144457));
#8274=DIRECTION('center_axis',(-1.06369959569554E-15,-1.,-3.3207684373413E-15));
#8275=DIRECTION('ref_axis',(-1.99881442391123E-12,3.32076843734343E-15,
-1.));
#8276=DIRECTION('center_axis',(0.,-0.815453523909267,-0.578822555144457));
#8277=DIRECTION('ref_axis',(0.,0.578822555144457,-0.815453523909267));
#8278=DIRECTION('center_axis',(0.,0.815453523909268,0.578822555144456));
#8279=DIRECTION('ref_axis',(0.,0.578822555144456,-0.815453523909268));
#8280=DIRECTION('center_axis',(-1.06369959569552E-15,-1.,-3.32076843734129E-15));
#8281=DIRECTION('ref_axis',(-2.86022990011173E-12,3.32076843734434E-15,
-1.));
#8282=DIRECTION('',(0.,0.815453523909267,0.578822555144457));
#8283=DIRECTION('center_axis',(-1.06369959569552E-15,-1.,-3.32076843734129E-15));
#8284=DIRECTION('ref_axis',(-2.86022990011173E-12,3.32076843734434E-15,
-1.));
#8285=DIRECTION('center_axis',(0.,-0.815453523909267,-0.578822555144457));
#8286=DIRECTION('ref_axis',(0.,0.578822555144457,-0.815453523909267));
#8287=DIRECTION('center_axis',(0.,0.815453523909268,0.578822555144456));
#8288=DIRECTION('ref_axis',(0.,0.578822555144456,-0.815453523909268));
#8289=DIRECTION('center_axis',(-1.06369959569556E-15,-1.,-3.32076843734132E-15));
#8290=DIRECTION('ref_axis',(-1.33942876443132E-12,3.32076843734274E-15,
-1.));
#8291=DIRECTION('',(0.,0.815453523909267,0.578822555144457));
#8292=DIRECTION('center_axis',(-1.06369959569556E-15,-1.,-3.32076843734132E-15));
#8293=DIRECTION('ref_axis',(-1.33942876443132E-12,3.32076843734274E-15,
-1.));
#8294=DIRECTION('center_axis',(0.,-0.815453523909267,-0.578822555144457));
#8295=DIRECTION('ref_axis',(0.,0.578822555144457,-0.815453523909267));
#8296=DIRECTION('center_axis',(0.,0.815453523909268,0.578822555144456));
#8297=DIRECTION('ref_axis',(0.,0.578822555144456,-0.815453523909268));
#8298=DIRECTION('center_axis',(-1.06369959569555E-15,-1.,-3.32076843734131E-15));
#8299=DIRECTION('ref_axis',(-3.64562597697342E-12,3.32076843734519E-15,
-1.));
#8300=DIRECTION('',(0.,0.815453523909267,0.578822555144457));
#8301=DIRECTION('center_axis',(-1.06369959569555E-15,-1.,-3.32076843734131E-15));
#8302=DIRECTION('ref_axis',(-3.64562597697342E-12,3.32076843734519E-15,
-1.));
#8303=DIRECTION('center_axis',(0.,-0.815453523909267,-0.578822555144457));
#8304=DIRECTION('ref_axis',(0.,0.578822555144457,-0.815453523909267));
#8305=DIRECTION('center_axis',(0.,0.815453523909268,0.578822555144456));
#8306=DIRECTION('ref_axis',(0.,0.578822555144456,-0.815453523909268));
#8307=DIRECTION('center_axis',(-1.06369959569552E-15,-1.,-3.32076843734129E-15));
#8308=DIRECTION('ref_axis',(-2.0157535291986E-12,3.32076843734344E-15,-1.));
#8309=DIRECTION('',(0.,0.815453523909267,0.578822555144457));
#8310=DIRECTION('center_axis',(-1.06369959569552E-15,-1.,-3.32076843734129E-15));
#8311=DIRECTION('ref_axis',(-2.0157535291986E-12,3.32076843734344E-15,-1.));
#8312=DIRECTION('center_axis',(0.,-0.815453523909267,-0.578822555144457));
#8313=DIRECTION('ref_axis',(0.,0.578822555144457,-0.815453523909267));
#8314=DIRECTION('center_axis',(0.,0.815453523909268,0.578822555144456));
#8315=DIRECTION('ref_axis',(0.,-0.578822555144456,0.815453523909268));
#8316=DIRECTION('center_axis',(-1.06369959569555E-15,-1.,-3.32076843734131E-15));
#8317=DIRECTION('ref_axis',(-5.13957243353534E-13,3.32076843734186E-15,
-1.));
#8318=DIRECTION('',(0.,0.815453523909267,0.578822555144457));
#8319=DIRECTION('center_axis',(-1.06369959569555E-15,-1.,-3.32076843734131E-15));
#8320=DIRECTION('ref_axis',(-5.13957243353534E-13,3.32076843734186E-15,
-1.));
#8321=DIRECTION('center_axis',(0.,-0.815453523909267,-0.578822555144457));
#8322=DIRECTION('ref_axis',(0.,0.578822555144457,-0.815453523909267));
#8323=DIRECTION('center_axis',(0.,0.815453523909268,0.578822555144456));
#8324=DIRECTION('ref_axis',(0.,-0.578822555144456,0.815453523909268));
#8325=DIRECTION('center_axis',(-1.06369959569553E-15,-1.,-3.32076843734131E-15));
#8326=DIRECTION('ref_axis',(-1.10062869476996E-12,3.32076843734248E-15,
-1.));
#8327=DIRECTION('',(0.,0.815453523909267,0.578822555144457));
#8328=DIRECTION('center_axis',(-1.06369959569553E-15,-1.,-3.32076843734131E-15));
#8329=DIRECTION('ref_axis',(-1.10062869476996E-12,3.32076843734248E-15,
-1.));
#8330=DIRECTION('center_axis',(0.,-0.815453523909267,-0.578822555144457));
#8331=DIRECTION('ref_axis',(0.,0.578822555144457,-0.815453523909267));
#8332=DIRECTION('center_axis',(0.,0.815453523909268,0.578822555144456));
#8333=DIRECTION('ref_axis',(0.,-0.578822555144456,0.815453523909268));
#8334=DIRECTION('center_axis',(-1.0636995956955E-15,-1.,-3.32076843734129E-15));
#8335=DIRECTION('ref_axis',(-9.22561514797798E-13,3.32076843734227E-15,
-1.));
#8336=DIRECTION('',(0.,0.815453523909267,0.578822555144457));
#8337=DIRECTION('center_axis',(-1.0636995956955E-15,-1.,-3.32076843734129E-15));
#8338=DIRECTION('ref_axis',(-9.22561514797798E-13,3.32076843734227E-15,
-1.));
#8339=DIRECTION('center_axis',(0.,-0.815453523909267,-0.578822555144457));
#8340=DIRECTION('ref_axis',(0.,0.578822555144457,-0.815453523909267));
#8341=DIRECTION('center_axis',(0.,0.815453523909268,0.578822555144456));
#8342=DIRECTION('ref_axis',(0.,-0.578822555144456,0.815453523909268));
#8343=DIRECTION('center_axis',(-1.06369959569554E-15,-1.,-3.3207684373413E-15));
#8344=DIRECTION('ref_axis',(-9.15537983337222E-13,3.32076843734227E-15,
-1.));
#8345=DIRECTION('',(0.,0.815453523909267,0.578822555144457));
#8346=DIRECTION('center_axis',(-1.06369959569554E-15,-1.,-3.3207684373413E-15));
#8347=DIRECTION('ref_axis',(-9.15537983337222E-13,3.32076843734227E-15,
-1.));
#8348=DIRECTION('center_axis',(0.,-0.815453523909267,-0.578822555144457));
#8349=DIRECTION('ref_axis',(0.,0.578822555144457,-0.815453523909267));
#8350=DIRECTION('center_axis',(0.,0.815453523909268,0.578822555144456));
#8351=DIRECTION('ref_axis',(0.,-0.578822555144456,0.815453523909268));
#8352=DIRECTION('center_axis',(-1.06369959569555E-15,-1.,-3.32076843734131E-15));
#8353=DIRECTION('ref_axis',(-2.76396620420781E-13,3.32076843734161E-15,
-1.));
#8354=DIRECTION('',(0.,0.815453523909267,0.578822555144457));
#8355=DIRECTION('center_axis',(-1.06369959569555E-15,-1.,-3.32076843734131E-15));
#8356=DIRECTION('ref_axis',(-2.76396620420781E-13,3.32076843734161E-15,
-1.));
#8357=DIRECTION('center_axis',(0.,-0.815453523909267,-0.578822555144457));
#8358=DIRECTION('ref_axis',(0.,0.578822555144457,-0.815453523909267));
#8359=DIRECTION('center_axis',(0.,0.815453523909268,0.578822555144456));
#8360=DIRECTION('ref_axis',(0.,-0.578822555144456,0.815453523909268));
#8361=DIRECTION('center_axis',(-1.06369959569556E-15,-1.,-3.32076843734132E-15));
#8362=DIRECTION('ref_axis',(-1.33942876443132E-12,3.32076843734274E-15,
-1.));
#8363=DIRECTION('',(0.,0.815453523909267,0.578822555144457));
#8364=DIRECTION('center_axis',(-1.06369959569556E-15,-1.,-3.32076843734132E-15));
#8365=DIRECTION('ref_axis',(-1.33942876443132E-12,3.32076843734274E-15,
-1.));
#8366=DIRECTION('center_axis',(0.,-0.815453523909267,-0.578822555144457));
#8367=DIRECTION('ref_axis',(0.,0.578822555144457,-0.815453523909267));
#8368=DIRECTION('center_axis',(0.,0.815453523909268,0.578822555144456));
#8369=DIRECTION('ref_axis',(0.,-0.578822555144456,0.815453523909268));
#8370=DIRECTION('center_axis',(-1.06369959569555E-15,-1.,-3.32076843734131E-15));
#8371=DIRECTION('ref_axis',(-1.95749953296602E-12,3.32076843734339E-15,
-1.));
#8372=DIRECTION('',(0.,0.815453523909267,0.578822555144457));
#8373=DIRECTION('center_axis',(-1.06369959569555E-15,-1.,-3.32076843734131E-15));
#8374=DIRECTION('ref_axis',(-1.95749953296602E-12,3.32076843734339E-15,
-1.));
#8375=DIRECTION('center_axis',(0.,-0.815453523909267,-0.578822555144457));
#8376=DIRECTION('ref_axis',(0.,0.578822555144457,-0.815453523909267));
#8377=DIRECTION('center_axis',(0.,0.815453523909268,0.578822555144456));
#8378=DIRECTION('ref_axis',(0.,-0.578822555144456,0.815453523909268));
#8379=DIRECTION('center_axis',(-1.06369959569555E-15,-1.,-3.32076843734131E-15));
#8380=DIRECTION('ref_axis',(-1.11674150223848E-12,3.3207684373425E-15,-1.));
#8381=DIRECTION('',(0.,0.815453523909267,0.578822555144457));
#8382=DIRECTION('center_axis',(-1.06369959569555E-15,-1.,-3.32076843734131E-15));
#8383=DIRECTION('ref_axis',(-1.11674150223848E-12,3.3207684373425E-15,-1.));
#8384=DIRECTION('center_axis',(0.,-0.815453523909267,-0.578822555144457));
#8385=DIRECTION('ref_axis',(0.,0.578822555144457,-0.815453523909267));
#8386=DIRECTION('center_axis',(0.,0.815453523909268,0.578822555144456));
#8387=DIRECTION('ref_axis',(0.,-0.578822555144456,0.815453523909268));
#8388=DIRECTION('center_axis',(-1.06369959569554E-15,-1.,-3.3207684373413E-15));
#8389=DIRECTION('ref_axis',(-1.424950588687E-12,3.32076843734282E-15,-1.));
#8390=DIRECTION('',(0.,0.815453523909267,0.578822555144457));
#8391=DIRECTION('center_axis',(-1.06369959569554E-15,-1.,-3.3207684373413E-15));
#8392=DIRECTION('ref_axis',(-1.424950588687E-12,3.32076843734282E-15,-1.));
#8393=DIRECTION('center_axis',(0.,-0.815453523909267,-0.578822555144457));
#8394=DIRECTION('ref_axis',(0.,0.578822555144457,-0.815453523909267));
#8395=DIRECTION('center_axis',(0.,0.815453523909268,0.578822555144456));
#8396=DIRECTION('ref_axis',(0.,-0.578822555144456,0.815453523909268));
#8397=DIRECTION('center_axis',(-1.06369959569554E-15,-1.,-3.3207684373413E-15));
#8398=DIRECTION('ref_axis',(-1.12211243806141E-12,3.3207684373425E-15,-1.));
#8399=DIRECTION('',(0.,0.815453523909267,0.578822555144457));
#8400=DIRECTION('center_axis',(-1.06369959569554E-15,-1.,-3.3207684373413E-15));
#8401=DIRECTION('ref_axis',(-1.12211243806141E-12,3.3207684373425E-15,-1.));
#8402=DIRECTION('center_axis',(0.,-0.815453523909267,-0.578822555144457));
#8403=DIRECTION('ref_axis',(0.,0.578822555144457,-0.815453523909267));
#8404=DIRECTION('center_axis',(0.,0.815453523909268,0.578822555144456));
#8405=DIRECTION('ref_axis',(0.,-0.578822555144456,0.815453523909268));
#8406=DIRECTION('center_axis',(-1.06369959569565E-15,-1.,-3.32076843734134E-15));
#8407=DIRECTION('ref_axis',(-1.44312914070326E-12,3.32076843734288E-15,
-1.));
#8408=DIRECTION('',(0.,0.815453523909267,0.578822555144457));
#8409=DIRECTION('center_axis',(-1.06369959569565E-15,-1.,-3.32076843734134E-15));
#8410=DIRECTION('ref_axis',(-1.44312914070326E-12,3.32076843734288E-15,
-1.));
#8411=DIRECTION('center_axis',(0.,-0.815453523909267,-0.578822555144457));
#8412=DIRECTION('ref_axis',(0.,0.578822555144457,-0.815453523909267));
#8413=DIRECTION('center_axis',(0.,0.815453523909268,0.578822555144456));
#8414=DIRECTION('ref_axis',(0.,-0.578822555144456,0.815453523909268));
#8415=DIRECTION('center_axis',(-1.06369959569565E-15,-1.,-3.32076843734135E-15));
#8416=DIRECTION('ref_axis',(-1.4047062921244E-12,3.32076843734284E-15,-1.));
#8417=DIRECTION('',(0.,0.815453523909267,0.578822555144457));
#8418=DIRECTION('center_axis',(-1.06369959569565E-15,-1.,-3.32076843734135E-15));
#8419=DIRECTION('ref_axis',(-1.4047062921244E-12,3.32076843734284E-15,-1.));
#8420=DIRECTION('center_axis',(0.,-0.815453523909267,-0.578822555144457));
#8421=DIRECTION('ref_axis',(0.,0.578822555144457,-0.815453523909267));
#8422=DIRECTION('center_axis',(0.,0.815453523909268,0.578822555144456));
#8423=DIRECTION('ref_axis',(0.,-0.578822555144456,0.815453523909268));
#8424=DIRECTION('center_axis',(-1.06369959569565E-15,-1.,-3.32076843734134E-15));
#8425=DIRECTION('ref_axis',(-1.41296927031344E-12,3.32076843734285E-15,
-1.));
#8426=DIRECTION('',(0.,0.815453523909267,0.578822555144457));
#8427=DIRECTION('center_axis',(-1.06369959569565E-15,-1.,-3.32076843734134E-15));
#8428=DIRECTION('ref_axis',(-1.41296927031344E-12,3.32076843734285E-15,
-1.));
#8429=DIRECTION('center_axis',(0.,-0.815453523909267,-0.578822555144457));
#8430=DIRECTION('ref_axis',(0.,0.578822555144457,-0.815453523909267));
#8431=DIRECTION('center_axis',(0.,0.815453523909268,0.578822555144456));
#8432=DIRECTION('ref_axis',(0.,-0.578822555144456,0.815453523909268));
#8433=DIRECTION('center_axis',(-1.06369959569564E-15,-1.,-3.32076843734134E-15));
#8434=DIRECTION('ref_axis',(-1.43321356687648E-12,3.32076843734286E-15,
-1.));
#8435=DIRECTION('',(0.,0.815453523909267,0.578822555144457));
#8436=DIRECTION('center_axis',(-1.06369959569564E-15,-1.,-3.32076843734134E-15));
#8437=DIRECTION('ref_axis',(-1.43321356687648E-12,3.32076843734286E-15,
-1.));
#8438=DIRECTION('center_axis',(0.,-0.815453523909267,-0.578822555144457));
#8439=DIRECTION('ref_axis',(0.,0.578822555144457,-0.815453523909267));
#8440=DIRECTION('center_axis',(0.,0.815453523909268,0.578822555144456));
#8441=DIRECTION('ref_axis',(0.,-0.578822555144456,0.815453523909268));
#8442=DIRECTION('center_axis',(-1.06369959569565E-15,-1.,-3.32076843734134E-15));
#8443=DIRECTION('ref_axis',(-1.60673610884483E-12,3.32076843734305E-15,
-1.));
#8444=DIRECTION('',(0.,0.815453523909267,0.578822555144457));
#8445=DIRECTION('center_axis',(-1.06369959569565E-15,-1.,-3.32076843734134E-15));
#8446=DIRECTION('ref_axis',(-1.60673610884483E-12,3.32076843734305E-15,
-1.));
#8447=DIRECTION('center_axis',(0.,-0.815453523909267,-0.578822555144457));
#8448=DIRECTION('ref_axis',(0.,0.578822555144457,-0.815453523909267));
#8449=DIRECTION('center_axis',(0.,0.815453523909268,0.578822555144456));
#8450=DIRECTION('ref_axis',(0.,-0.578822555144456,0.815453523909268));
#8451=DIRECTION('center_axis',(-1.06369959569564E-15,-1.,-3.32076843734134E-15));
#8452=DIRECTION('ref_axis',(-1.66292436052984E-12,3.32076843734311E-15,
-1.));
#8453=DIRECTION('',(0.,0.815453523909267,0.578822555144457));
#8454=DIRECTION('center_axis',(-1.06369959569564E-15,-1.,-3.32076843734134E-15));
#8455=DIRECTION('ref_axis',(-1.66292436052984E-12,3.32076843734311E-15,
-1.));
#8456=DIRECTION('center_axis',(0.,-0.815453523909267,0.578822555144457));
#8457=DIRECTION('ref_axis',(0.,-0.578822555144457,-0.815453523909267));
#8458=DIRECTION('center_axis',(1.06369959569564E-15,1.,-3.32076843734134E-15));
#8459=DIRECTION('ref_axis',(-1.76745103462032E-12,3.32076843734322E-15,
1.));
#8460=DIRECTION('center_axis',(0.,-0.815453523909268,0.578822555144456));
#8461=DIRECTION('ref_axis',(0.,0.578822555144456,0.815453523909268));
#8462=DIRECTION('',(0.,0.815453523909267,-0.578822555144457));
#8463=DIRECTION('center_axis',(0.,-0.815453523909268,0.578822555144456));
#8464=DIRECTION('ref_axis',(0.,0.578822555144456,0.815453523909268));
#8465=DIRECTION('center_axis',(0.,-0.815453523909267,0.578822555144457));
#8466=DIRECTION('ref_axis',(0.,-0.578822555144457,-0.815453523909267));
#8467=DIRECTION('center_axis',(1.06369959569565E-15,1.,-3.32076843734134E-15));
#8468=DIRECTION('ref_axis',(-1.7757140128093E-12,3.32076843734323E-15,1.));
#8469=DIRECTION('center_axis',(0.,-0.815453523909268,0.578822555144456));
#8470=DIRECTION('ref_axis',(0.,0.578822555144456,0.815453523909268));
#8471=DIRECTION('',(0.,0.815453523909267,-0.578822555144457));
#8472=DIRECTION('center_axis',(0.,-0.815453523909268,0.578822555144456));
#8473=DIRECTION('ref_axis',(0.,0.578822555144456,0.815453523909268));
#8474=DIRECTION('center_axis',(0.,-0.815453523909267,0.578822555144457));
#8475=DIRECTION('ref_axis',(0.,-0.578822555144457,-0.815453523909267));
#8476=DIRECTION('center_axis',(1.06369959569564E-15,1.,-3.32076843734134E-15));
#8477=DIRECTION('ref_axis',(-1.79967664955733E-12,3.32076843734325E-15,
1.));
#8478=DIRECTION('center_axis',(0.,-0.815453523909268,0.578822555144456));
#8479=DIRECTION('ref_axis',(0.,0.578822555144456,0.815453523909268));
#8480=DIRECTION('',(0.,0.815453523909267,-0.578822555144457));
#8481=DIRECTION('center_axis',(0.,-0.815453523909268,0.578822555144456));
#8482=DIRECTION('ref_axis',(0.,0.578822555144456,0.815453523909268));
#8483=DIRECTION('center_axis',(0.,-0.815453523909267,0.578822555144457));
#8484=DIRECTION('ref_axis',(0.,-0.578822555144457,-0.815453523909267));
#8485=DIRECTION('center_axis',(1.06369959569565E-15,1.,-3.32076843734134E-15));
#8486=DIRECTION('ref_axis',(-1.74596729132898E-12,3.3207684373432E-15,1.));
#8487=DIRECTION('center_axis',(0.,-0.815453523909268,0.578822555144456));
#8488=DIRECTION('ref_axis',(0.,0.578822555144456,0.815453523909268));
#8489=DIRECTION('',(0.,0.815453523909267,-0.578822555144457));
#8490=DIRECTION('center_axis',(0.,-0.815453523909268,0.578822555144456));
#8491=DIRECTION('ref_axis',(0.,0.578822555144456,0.815453523909268));
#8492=DIRECTION('center_axis',(0.,-0.815453523909267,0.578822555144457));
#8493=DIRECTION('ref_axis',(0.,-0.578822555144457,-0.815453523909267));
#8494=DIRECTION('center_axis',(1.06369959569564E-15,1.,-3.32076843734134E-15));
#8495=DIRECTION('ref_axis',(-1.85379915669515E-12,3.32076843734331E-15,
1.));
#8496=DIRECTION('center_axis',(0.,-0.815453523909268,0.578822555144456));
#8497=DIRECTION('ref_axis',(0.,0.578822555144456,0.815453523909268));
#8498=DIRECTION('',(0.,0.815453523909267,-0.578822555144457));
#8499=DIRECTION('center_axis',(0.,-0.815453523909268,0.578822555144456));
#8500=DIRECTION('ref_axis',(0.,0.578822555144456,0.815453523909268));
#8501=DIRECTION('center_axis',(0.,-0.815453523909267,0.578822555144457));
#8502=DIRECTION('ref_axis',(0.,-0.578822555144457,-0.815453523909267));
#8503=DIRECTION('center_axis',(1.06369959569554E-15,1.,-3.3207684373413E-15));
#8504=DIRECTION('ref_axis',(-1.424950588687E-12,3.32076843734282E-15,1.));
#8505=DIRECTION('center_axis',(0.,-0.815453523909268,0.578822555144456));
#8506=DIRECTION('ref_axis',(0.,0.578822555144456,0.815453523909268));
#8507=DIRECTION('',(0.,0.815453523909267,-0.578822555144457));
#8508=DIRECTION('center_axis',(0.,-0.815453523909268,0.578822555144456));
#8509=DIRECTION('ref_axis',(0.,0.578822555144456,0.815453523909268));
#8510=DIRECTION('center_axis',(0.,-0.815453523909267,0.578822555144457));
#8511=DIRECTION('ref_axis',(0.,-0.578822555144457,-0.815453523909267));
#8512=DIRECTION('center_axis',(1.06369959569555E-15,1.,-3.32076843734131E-15));
#8513=DIRECTION('ref_axis',(-1.54972155934053E-12,3.32076843734296E-15,
1.));
#8514=DIRECTION('center_axis',(0.,-0.815453523909268,0.578822555144456));
#8515=DIRECTION('ref_axis',(0.,0.578822555144456,0.815453523909268));
#8516=DIRECTION('',(0.,0.815453523909267,-0.578822555144457));
#8517=DIRECTION('center_axis',(0.,-0.815453523909268,0.578822555144456));
#8518=DIRECTION('ref_axis',(0.,0.578822555144456,0.815453523909268));
#8519=DIRECTION('center_axis',(0.,-0.815453523909267,0.578822555144457));
#8520=DIRECTION('ref_axis',(0.,-0.578822555144457,-0.815453523909267));
#8521=DIRECTION('center_axis',(1.06369959569556E-15,1.,-3.32076843734132E-15));
#8522=DIRECTION('ref_axis',(-1.94138672549755E-12,3.32076843734338E-15,
1.));
#8523=DIRECTION('center_axis',(0.,-0.815453523909268,0.578822555144456));
#8524=DIRECTION('ref_axis',(0.,0.578822555144456,0.815453523909268));
#8525=DIRECTION('',(0.,0.815453523909267,-0.578822555144457));
#8526=DIRECTION('center_axis',(0.,-0.815453523909268,0.578822555144456));
#8527=DIRECTION('ref_axis',(0.,0.578822555144456,0.815453523909268));
#8528=DIRECTION('center_axis',(0.,-0.815453523909267,0.578822555144457));
#8529=DIRECTION('ref_axis',(0.,-0.578822555144457,-0.815453523909267));
#8530=DIRECTION('center_axis',(1.06369959569555E-15,1.,-3.32076843734131E-15));
#8531=DIRECTION('ref_axis',(-1.11674150223848E-12,3.3207684373425E-15,1.));
#8532=DIRECTION('center_axis',(0.,-0.815453523909268,0.578822555144456));
#8533=DIRECTION('ref_axis',(0.,0.578822555144456,0.815453523909268));
#8534=DIRECTION('',(0.,0.815453523909267,-0.578822555144457));
#8535=DIRECTION('center_axis',(0.,-0.815453523909268,0.578822555144456));
#8536=DIRECTION('ref_axis',(0.,0.578822555144456,0.815453523909268));
#8537=DIRECTION('center_axis',(0.,-0.815453523909267,0.578822555144457));
#8538=DIRECTION('ref_axis',(0.,-0.578822555144457,-0.815453523909267));
#8539=DIRECTION('center_axis',(1.06369959569551E-15,1.,-3.32076843734128E-15));
#8540=DIRECTION('ref_axis',(-2.17977364624932E-12,3.3207684373436E-15,1.));
#8541=DIRECTION('center_axis',(0.,-0.815453523909268,0.578822555144456));
#8542=DIRECTION('ref_axis',(0.,0.578822555144456,0.815453523909268));
#8543=DIRECTION('',(0.,0.815453523909267,-0.578822555144457));
#8544=DIRECTION('center_axis',(0.,-0.815453523909268,0.578822555144456));
#8545=DIRECTION('ref_axis',(0.,0.578822555144456,0.815453523909268));
#8546=DIRECTION('center_axis',(0.,-0.815453523909267,0.578822555144457));
#8547=DIRECTION('ref_axis',(0.,-0.578822555144457,-0.815453523909267));
#8548=DIRECTION('center_axis',(1.06369959569554E-15,1.,-3.3207684373413E-15));
#8549=DIRECTION('ref_axis',(-1.99881442391123E-12,3.32076843734343E-15,
1.));
#8550=DIRECTION('center_axis',(0.,-0.815453523909268,0.578822555144456));
#8551=DIRECTION('ref_axis',(0.,0.578822555144456,0.815453523909268));
#8552=DIRECTION('',(0.,0.815453523909267,-0.578822555144457));
#8553=DIRECTION('center_axis',(0.,-0.815453523909268,0.578822555144456));
#8554=DIRECTION('ref_axis',(0.,0.578822555144456,0.815453523909268));
#8555=DIRECTION('center_axis',(0.,-0.815453523909267,0.578822555144457));
#8556=DIRECTION('ref_axis',(0.,-0.578822555144457,-0.815453523909267));
#8557=DIRECTION('center_axis',(1.06369959569552E-15,1.,-3.32076843734129E-15));
#8558=DIRECTION('ref_axis',(-2.86022990011173E-12,3.32076843734434E-15,
1.));
#8559=DIRECTION('center_axis',(0.,-0.815453523909268,0.578822555144456));
#8560=DIRECTION('ref_axis',(0.,0.578822555144456,0.815453523909268));
#8561=DIRECTION('',(0.,0.815453523909267,-0.578822555144457));
#8562=DIRECTION('center_axis',(0.,-0.815453523909268,0.578822555144456));
#8563=DIRECTION('ref_axis',(0.,0.578822555144456,0.815453523909268));
#8564=DIRECTION('center_axis',(0.,-0.815453523909267,0.578822555144457));
#8565=DIRECTION('ref_axis',(0.,-0.578822555144457,-0.815453523909267));
#8566=DIRECTION('center_axis',(1.06369959569556E-15,1.,-3.32076843734132E-15));
#8567=DIRECTION('ref_axis',(-1.33942876443132E-12,3.32076843734274E-15,
1.));
#8568=DIRECTION('center_axis',(0.,-0.815453523909268,0.578822555144456));
#8569=DIRECTION('ref_axis',(0.,0.578822555144456,0.815453523909268));
#8570=DIRECTION('',(0.,0.815453523909267,-0.578822555144457));
#8571=DIRECTION('center_axis',(0.,-0.815453523909268,0.578822555144456));
#8572=DIRECTION('ref_axis',(0.,0.578822555144456,0.815453523909268));
#8573=DIRECTION('center_axis',(0.,-0.815453523909267,0.578822555144457));
#8574=DIRECTION('ref_axis',(0.,-0.578822555144457,-0.815453523909267));
#8575=DIRECTION('center_axis',(1.06369959569555E-15,1.,-3.32076843734131E-15));
#8576=DIRECTION('ref_axis',(-3.64562597697342E-12,3.32076843734519E-15,
1.));
#8577=DIRECTION('center_axis',(0.,-0.815453523909268,0.578822555144456));
#8578=DIRECTION('ref_axis',(0.,0.578822555144456,0.815453523909268));
#8579=DIRECTION('',(0.,0.815453523909267,-0.578822555144457));
#8580=DIRECTION('center_axis',(0.,-0.815453523909268,0.578822555144456));
#8581=DIRECTION('ref_axis',(0.,0.578822555144456,0.815453523909268));
#8582=DIRECTION('center_axis',(0.,-0.815453523909267,0.578822555144457));
#8583=DIRECTION('ref_axis',(0.,-0.578822555144457,-0.815453523909267));
#8584=DIRECTION('center_axis',(1.06369959569552E-15,1.,-3.32076843734129E-15));
#8585=DIRECTION('ref_axis',(-2.0157535291986E-12,3.32076843734344E-15,1.));
#8586=DIRECTION('center_axis',(0.,-0.815453523909268,0.578822555144456));
#8587=DIRECTION('ref_axis',(0.,0.578822555144456,0.815453523909268));
#8588=DIRECTION('',(0.,0.815453523909267,-0.578822555144457));
#8589=DIRECTION('center_axis',(0.,-0.815453523909268,0.578822555144456));
#8590=DIRECTION('ref_axis',(0.,0.578822555144456,0.815453523909268));
#8591=DIRECTION('center_axis',(0.,-0.815453523909267,0.578822555144457));
#8592=DIRECTION('ref_axis',(0.,-0.578822555144457,-0.815453523909267));
#8593=DIRECTION('center_axis',(1.06369959569555E-15,1.,-3.32076843734131E-15));
#8594=DIRECTION('ref_axis',(-5.13957243353534E-13,3.32076843734186E-15,
1.));
#8595=DIRECTION('center_axis',(0.,-0.815453523909268,0.578822555144456));
#8596=DIRECTION('ref_axis',(0.,-0.578822555144456,-0.815453523909268));
#8597=DIRECTION('',(0.,0.815453523909267,-0.578822555144457));
#8598=DIRECTION('center_axis',(0.,-0.815453523909268,0.578822555144456));
#8599=DIRECTION('ref_axis',(0.,-0.578822555144456,-0.815453523909268));
#8600=DIRECTION('center_axis',(0.,-0.815453523909267,0.578822555144457));
#8601=DIRECTION('ref_axis',(0.,-0.578822555144457,-0.815453523909267));
#8602=DIRECTION('center_axis',(1.06369959569553E-15,1.,-3.32076843734131E-15));
#8603=DIRECTION('ref_axis',(-1.10062869476996E-12,3.32076843734248E-15,
1.));
#8604=DIRECTION('center_axis',(0.,-0.815453523909268,0.578822555144456));
#8605=DIRECTION('ref_axis',(0.,-0.578822555144456,-0.815453523909268));
#8606=DIRECTION('',(0.,0.815453523909267,-0.578822555144457));
#8607=DIRECTION('center_axis',(0.,-0.815453523909268,0.578822555144456));
#8608=DIRECTION('ref_axis',(0.,-0.578822555144456,-0.815453523909268));
#8609=DIRECTION('center_axis',(0.,-0.815453523909267,0.578822555144457));
#8610=DIRECTION('ref_axis',(0.,-0.578822555144457,-0.815453523909267));
#8611=DIRECTION('center_axis',(1.0636995956955E-15,1.,-3.32076843734129E-15));
#8612=DIRECTION('ref_axis',(-9.22561514797798E-13,3.32076843734227E-15,
1.));
#8613=DIRECTION('center_axis',(0.,-0.815453523909268,0.578822555144456));
#8614=DIRECTION('ref_axis',(0.,-0.578822555144456,-0.815453523909268));
#8615=DIRECTION('',(0.,0.815453523909267,-0.578822555144457));
#8616=DIRECTION('center_axis',(0.,-0.815453523909268,0.578822555144456));
#8617=DIRECTION('ref_axis',(0.,-0.578822555144456,-0.815453523909268));
#8618=DIRECTION('center_axis',(0.,-0.815453523909267,0.578822555144457));
#8619=DIRECTION('ref_axis',(0.,-0.578822555144457,-0.815453523909267));
#8620=DIRECTION('center_axis',(1.06369959569554E-15,1.,-3.3207684373413E-15));
#8621=DIRECTION('ref_axis',(-9.15537983337222E-13,3.32076843734227E-15,
1.));
#8622=DIRECTION('center_axis',(0.,-0.815453523909268,0.578822555144456));
#8623=DIRECTION('ref_axis',(0.,-0.578822555144456,-0.815453523909268));
#8624=DIRECTION('',(0.,0.815453523909267,-0.578822555144457));
#8625=DIRECTION('center_axis',(0.,-0.815453523909268,0.578822555144456));
#8626=DIRECTION('ref_axis',(0.,-0.578822555144456,-0.815453523909268));
#8627=DIRECTION('center_axis',(0.,-0.815453523909267,0.578822555144457));
#8628=DIRECTION('ref_axis',(0.,-0.578822555144457,-0.815453523909267));
#8629=DIRECTION('center_axis',(1.06369959569555E-15,1.,-3.32076843734131E-15));
#8630=DIRECTION('ref_axis',(-2.76396620420781E-13,3.32076843734161E-15,
1.));
#8631=DIRECTION('center_axis',(0.,-0.815453523909268,0.578822555144456));
#8632=DIRECTION('ref_axis',(0.,-0.578822555144456,-0.815453523909268));
#8633=DIRECTION('',(0.,0.815453523909267,-0.578822555144457));
#8634=DIRECTION('center_axis',(0.,-0.815453523909268,0.578822555144456));
#8635=DIRECTION('ref_axis',(0.,-0.578822555144456,-0.815453523909268));
#8636=DIRECTION('center_axis',(0.,-0.815453523909267,0.578822555144457));
#8637=DIRECTION('ref_axis',(0.,-0.578822555144457,-0.815453523909267));
#8638=DIRECTION('center_axis',(1.06369959569556E-15,1.,-3.32076843734132E-15));
#8639=DIRECTION('ref_axis',(-1.33942876443132E-12,3.32076843734274E-15,
1.));
#8640=DIRECTION('center_axis',(0.,-0.815453523909268,0.578822555144456));
#8641=DIRECTION('ref_axis',(0.,-0.578822555144456,-0.815453523909268));
#8642=DIRECTION('',(0.,0.815453523909267,-0.578822555144457));
#8643=DIRECTION('center_axis',(0.,-0.815453523909268,0.578822555144456));
#8644=DIRECTION('ref_axis',(0.,-0.578822555144456,-0.815453523909268));
#8645=DIRECTION('center_axis',(0.,-0.815453523909267,0.578822555144457));
#8646=DIRECTION('ref_axis',(0.,-0.578822555144457,-0.815453523909267));
#8647=DIRECTION('center_axis',(1.06369959569555E-15,1.,-3.32076843734131E-15));
#8648=DIRECTION('ref_axis',(-1.95749953296602E-12,3.32076843734339E-15,
1.));
#8649=DIRECTION('center_axis',(0.,-0.815453523909268,0.578822555144456));
#8650=DIRECTION('ref_axis',(0.,-0.578822555144456,-0.815453523909268));
#8651=DIRECTION('',(0.,0.815453523909267,-0.578822555144457));
#8652=DIRECTION('center_axis',(0.,-0.815453523909268,0.578822555144456));
#8653=DIRECTION('ref_axis',(0.,-0.578822555144456,-0.815453523909268));
#8654=DIRECTION('center_axis',(0.,-0.815453523909267,0.578822555144457));
#8655=DIRECTION('ref_axis',(0.,-0.578822555144457,-0.815453523909267));
#8656=DIRECTION('center_axis',(1.06369959569555E-15,1.,-3.32076843734131E-15));
#8657=DIRECTION('ref_axis',(-1.11674150223848E-12,3.3207684373425E-15,1.));
#8658=DIRECTION('center_axis',(0.,-0.815453523909268,0.578822555144456));
#8659=DIRECTION('ref_axis',(0.,-0.578822555144456,-0.815453523909268));
#8660=DIRECTION('',(0.,0.815453523909267,-0.578822555144457));
#8661=DIRECTION('center_axis',(0.,-0.815453523909268,0.578822555144456));
#8662=DIRECTION('ref_axis',(0.,-0.578822555144456,-0.815453523909268));
#8663=DIRECTION('center_axis',(0.,-0.815453523909267,0.578822555144457));
#8664=DIRECTION('ref_axis',(0.,-0.578822555144457,-0.815453523909267));
#8665=DIRECTION('center_axis',(1.06369959569554E-15,1.,-3.3207684373413E-15));
#8666=DIRECTION('ref_axis',(-1.424950588687E-12,3.32076843734282E-15,1.));
#8667=DIRECTION('center_axis',(0.,-0.815453523909268,0.578822555144456));
#8668=DIRECTION('ref_axis',(0.,-0.578822555144456,-0.815453523909268));
#8669=DIRECTION('',(0.,0.815453523909267,-0.578822555144457));
#8670=DIRECTION('center_axis',(0.,-0.815453523909268,0.578822555144456));
#8671=DIRECTION('ref_axis',(0.,-0.578822555144456,-0.815453523909268));
#8672=DIRECTION('center_axis',(0.,-0.815453523909267,0.578822555144457));
#8673=DIRECTION('ref_axis',(0.,-0.578822555144457,-0.815453523909267));
#8674=DIRECTION('center_axis',(1.06369959569554E-15,1.,-3.3207684373413E-15));
#8675=DIRECTION('ref_axis',(-1.12211243806141E-12,3.3207684373425E-15,1.));
#8676=DIRECTION('center_axis',(0.,-0.815453523909268,0.578822555144456));
#8677=DIRECTION('ref_axis',(0.,-0.578822555144456,-0.815453523909268));
#8678=DIRECTION('',(0.,0.815453523909267,-0.578822555144457));
#8679=DIRECTION('center_axis',(0.,-0.815453523909268,0.578822555144456));
#8680=DIRECTION('ref_axis',(0.,-0.578822555144456,-0.815453523909268));
#8681=DIRECTION('center_axis',(0.,-0.815453523909267,0.578822555144457));
#8682=DIRECTION('ref_axis',(0.,-0.578822555144457,-0.815453523909267));
#8683=DIRECTION('center_axis',(1.06369959569565E-15,1.,-3.32076843734134E-15));
#8684=DIRECTION('ref_axis',(-1.44312914070326E-12,3.32076843734288E-15,
1.));
#8685=DIRECTION('center_axis',(0.,-0.815453523909268,0.578822555144456));
#8686=DIRECTION('ref_axis',(0.,-0.578822555144456,-0.815453523909268));
#8687=DIRECTION('',(0.,0.815453523909267,-0.578822555144457));
#8688=DIRECTION('center_axis',(0.,-0.815453523909268,0.578822555144456));
#8689=DIRECTION('ref_axis',(0.,-0.578822555144456,-0.815453523909268));
#8690=DIRECTION('center_axis',(0.,-0.815453523909267,0.578822555144457));
#8691=DIRECTION('ref_axis',(0.,-0.578822555144457,-0.815453523909267));
#8692=DIRECTION('center_axis',(1.06369959569565E-15,1.,-3.32076843734135E-15));
#8693=DIRECTION('ref_axis',(-1.4047062921244E-12,3.32076843734284E-15,1.));
#8694=DIRECTION('center_axis',(0.,-0.815453523909268,0.578822555144456));
#8695=DIRECTION('ref_axis',(0.,-0.578822555144456,-0.815453523909268));
#8696=DIRECTION('',(0.,0.815453523909267,-0.578822555144457));
#8697=DIRECTION('center_axis',(0.,-0.815453523909268,0.578822555144456));
#8698=DIRECTION('ref_axis',(0.,-0.578822555144456,-0.815453523909268));
#8699=DIRECTION('center_axis',(0.,-0.815453523909267,0.578822555144457));
#8700=DIRECTION('ref_axis',(0.,-0.578822555144457,-0.815453523909267));
#8701=DIRECTION('center_axis',(1.06369959569565E-15,1.,-3.32076843734134E-15));
#8702=DIRECTION('ref_axis',(-1.41296927031344E-12,3.32076843734285E-15,
1.));
#8703=DIRECTION('center_axis',(0.,-0.815453523909268,0.578822555144456));
#8704=DIRECTION('ref_axis',(0.,-0.578822555144456,-0.815453523909268));
#8705=DIRECTION('',(0.,0.815453523909267,-0.578822555144457));
#8706=DIRECTION('center_axis',(0.,-0.815453523909268,0.578822555144456));
#8707=DIRECTION('ref_axis',(0.,-0.578822555144456,-0.815453523909268));
#8708=DIRECTION('center_axis',(0.,-0.815453523909267,0.578822555144457));
#8709=DIRECTION('ref_axis',(0.,-0.578822555144457,-0.815453523909267));
#8710=DIRECTION('center_axis',(1.06369959569564E-15,1.,-3.32076843734134E-15));
#8711=DIRECTION('ref_axis',(-1.43321356687648E-12,3.32076843734286E-15,
1.));
#8712=DIRECTION('center_axis',(0.,-0.815453523909268,0.578822555144456));
#8713=DIRECTION('ref_axis',(0.,-0.578822555144456,-0.815453523909268));
#8714=DIRECTION('',(0.,0.815453523909267,-0.578822555144457));
#8715=DIRECTION('center_axis',(0.,-0.815453523909268,0.578822555144456));
#8716=DIRECTION('ref_axis',(0.,-0.578822555144456,-0.815453523909268));
#8717=DIRECTION('center_axis',(0.,-0.815453523909267,0.578822555144457));
#8718=DIRECTION('ref_axis',(0.,-0.578822555144457,-0.815453523909267));
#8719=DIRECTION('center_axis',(1.06369959569565E-15,1.,-3.32076843734134E-15));
#8720=DIRECTION('ref_axis',(-1.60673610884483E-12,3.32076843734305E-15,
1.));
#8721=DIRECTION('center_axis',(0.,-0.815453523909268,0.578822555144456));
#8722=DIRECTION('ref_axis',(0.,-0.578822555144456,-0.815453523909268));
#8723=DIRECTION('',(0.,0.815453523909267,-0.578822555144457));
#8724=DIRECTION('center_axis',(0.,-0.815453523909268,0.578822555144456));
#8725=DIRECTION('ref_axis',(0.,-0.578822555144456,-0.815453523909268));
#8726=DIRECTION('center_axis',(0.,-0.815453523909267,0.578822555144457));
#8727=DIRECTION('ref_axis',(0.,-0.578822555144457,-0.815453523909267));
#8728=DIRECTION('center_axis',(1.06369959569564E-15,1.,-3.32076843734134E-15));
#8729=DIRECTION('ref_axis',(-1.67325308326605E-12,3.32076843734312E-15,
1.));
#8730=DIRECTION('center_axis',(0.,-0.815453523909268,0.578822555144456));
#8731=DIRECTION('ref_axis',(0.,-0.578822555144456,-0.815453523909268));
#8732=DIRECTION('',(0.,0.815453523909267,-0.578822555144457));
#8733=DIRECTION('center_axis',(0.,-0.815453523909268,0.578822555144456));
#8734=DIRECTION('ref_axis',(0.,-0.578822555144456,-0.815453523909268));
#8735=DIRECTION('center_axis',(0.,1.,0.));
#8736=DIRECTION('ref_axis',(0.,0.,1.));
#8737=DIRECTION('',(1.0842021724855E-16,0.,1.));
#8738=DIRECTION('',(1.,0.,0.));
#8739=DIRECTION('',(-1.0842021724855E-16,0.,-1.));
#8740=DIRECTION('',(-1.,0.,0.));
#8741=DIRECTION('',(9.22725253179153E-17,0.,1.));
#8742=DIRECTION('',(-1.,0.,0.));
#8743=DIRECTION('',(-1.84545050635831E-16,0.,-1.));
#8744=DIRECTION('',(1.,0.,0.));
#8745=DIRECTION('',(-1.,0.,0.));
#8746=DIRECTION('',(-1.,0.,0.));
#8747=DIRECTION('',(-1.,0.,0.));
#8748=DIRECTION('',(-1.,0.,0.));
#8749=DIRECTION('',(-1.,0.,0.));
#8750=DIRECTION('',(-1.,0.,0.));
#8751=DIRECTION('',(-1.,0.,0.));
#8752=DIRECTION('',(-1.,0.,0.));
#8753=DIRECTION('',(1.,0.,0.));
#8754=DIRECTION('',(1.,0.,0.));
#8755=DIRECTION('',(1.,0.,0.));
#8756=DIRECTION('',(1.,0.,0.));
#8757=DIRECTION('',(1.,0.,0.));
#8758=DIRECTION('',(1.,0.,0.));
#8759=DIRECTION('',(1.,0.,0.));
#8760=DIRECTION('',(1.,0.,0.));
#8761=DIRECTION('',(0.,0.,1.));
#8762=DIRECTION('',(-1.,0.,0.));
#8763=DIRECTION('',(0.,0.,-1.));
#8764=DIRECTION('',(1.,0.,0.));
#8765=DIRECTION('',(0.,0.,1.));
#8766=DIRECTION('',(-1.,0.,0.));
#8767=DIRECTION('',(0.,0.,-1.));
#8768=DIRECTION('',(1.,0.,0.));
#8769=DIRECTION('',(7.2280144832367E-16,0.,1.));
#8770=DIRECTION('',(-1.,0.,0.));
#8771=DIRECTION('',(0.,0.,-1.));
#8772=DIRECTION('',(1.,0.,0.));
#8773=DIRECTION('',(0.,0.,1.));
#8774=DIRECTION('',(-1.,0.,0.));
#8775=DIRECTION('',(0.,0.,-1.));
#8776=DIRECTION('',(-1.,0.,0.));
#8777=DIRECTION('',(7.2280144832367E-16,0.,-1.));
#8778=DIRECTION('',(1.,0.,0.));
#8779=DIRECTION('',(0.,0.,1.));
#8780=DIRECTION('',(1.,0.,3.61400724161835E-16));
#8781=DIRECTION('',(7.2280144832367E-16,0.,1.));
#8782=DIRECTION('',(-1.,0.,0.));
#8783=DIRECTION('',(0.,0.,-1.));
#8784=DIRECTION('',(1.,0.,0.));
#8785=DIRECTION('',(0.,0.,1.));
#8786=DIRECTION('',(-1.,0.,0.));
#8787=DIRECTION('',(0.,0.,-1.));
#8788=DIRECTION('',(1.,0.,0.));
#8789=DIRECTION('',(1.,0.,0.));
#8790=DIRECTION('',(1.,0.,0.));
#8791=DIRECTION('',(1.,0.,0.));
#8792=DIRECTION('',(1.,0.,0.));
#8793=DIRECTION('',(1.,0.,0.));
#8794=DIRECTION('',(1.,0.,0.));
#8795=DIRECTION('',(1.,0.,0.));
#8796=DIRECTION('',(-1.,0.,0.));
#8797=DIRECTION('',(-1.,0.,0.));
#8798=DIRECTION('',(-1.,0.,0.));
#8799=DIRECTION('',(-1.,0.,0.));
#8800=DIRECTION('',(-1.,0.,0.));
#8801=DIRECTION('',(-1.,0.,0.));
#8802=DIRECTION('',(-1.,0.,0.));
#8803=DIRECTION('',(-1.,0.,0.));
#8804=DIRECTION('',(-1.,0.,0.));
#8805=DIRECTION('',(-1.,0.,0.));
#8806=DIRECTION('',(-1.,0.,0.));
#8807=DIRECTION('',(-1.,0.,0.));
#8808=DIRECTION('',(-1.,0.,0.));
#8809=DIRECTION('',(-1.,0.,0.));
#8810=DIRECTION('',(-1.,0.,0.));
#8811=DIRECTION('',(-1.,0.,0.));
#8812=DIRECTION('',(-1.,0.,0.));
#8813=DIRECTION('',(-1.,0.,0.));
#8814=DIRECTION('',(-1.,0.,0.));
#8815=DIRECTION('',(-1.,0.,0.));
#8816=DIRECTION('',(-1.,0.,0.));
#8817=DIRECTION('',(-1.,0.,0.));
#8818=DIRECTION('',(-1.,0.,0.));
#8819=DIRECTION('',(1.,0.,0.));
#8820=DIRECTION('',(1.,0.,0.));
#8821=DIRECTION('',(1.,0.,0.));
#8822=DIRECTION('',(1.,0.,0.));
#8823=DIRECTION('',(1.,0.,0.));
#8824=DIRECTION('',(1.,0.,0.));
#8825=DIRECTION('',(1.,0.,0.));
#8826=DIRECTION('',(1.,0.,0.));
#8827=DIRECTION('',(1.,0.,0.));
#8828=DIRECTION('',(1.,0.,0.));
#8829=DIRECTION('',(1.,0.,0.));
#8830=DIRECTION('',(1.,0.,0.));
#8831=DIRECTION('',(1.,0.,0.));
#8832=DIRECTION('',(1.,0.,0.));
#8833=DIRECTION('',(1.,0.,0.));
#8834=DIRECTION('',(1.,0.,0.));
#8835=DIRECTION('center_axis',(0.,1.,0.));
#8836=DIRECTION('ref_axis',(0.,0.,1.));
#8837=DIRECTION('',(9.22725253179153E-17,0.,1.));
#8838=DIRECTION('',(1.,0.,0.));
#8839=DIRECTION('',(-1.84545050635831E-16,0.,-1.));
#8840=DIRECTION('',(-1.,0.,0.));
#8841=DIRECTION('',(1.58277689413942E-16,0.,1.));
#8842=DIRECTION('',(-1.,0.,0.));
#8843=DIRECTION('',(-3.16555378827884E-16,0.,-1.));
#8844=DIRECTION('',(1.,0.,0.));
#8845=DIRECTION('',(0.,0.,-1.));
#8846=DIRECTION('',(-0.707106781186545,0.,0.70710678118655));
#8847=DIRECTION('',(0.70548498302893,0.,-0.70872486814043));
#8848=DIRECTION('',(0.,0.,1.));
#8849=DIRECTION('center_axis',(1.,0.,-9.22725253179153E-17));
#8850=DIRECTION('ref_axis',(-9.22725253179153E-17,0.,-1.));
#8851=DIRECTION('',(0.,-1.,0.));
#8852=DIRECTION('',(0.,-1.,0.));
#8853=DIRECTION('center_axis',(0.,0.,-1.));
#8854=DIRECTION('ref_axis',(-1.,0.,0.));
#8855=DIRECTION('',(0.,-1.,0.));
#8856=DIRECTION('center_axis',(-1.,0.,1.84545050635831E-16));
#8857=DIRECTION('ref_axis',(1.84545050635831E-16,0.,1.));
#8858=DIRECTION('',(0.,-1.,0.));
#8859=DIRECTION('center_axis',(0.,0.,1.));
#8860=DIRECTION('ref_axis',(1.,0.,0.));
#8861=DIRECTION('center_axis',(-1.,0.,1.58277689413942E-16));
#8862=DIRECTION('ref_axis',(1.58277689413942E-16,0.,1.));
#8863=DIRECTION('',(0.,1.,0.));
#8864=DIRECTION('',(1.58277689413942E-16,0.,1.));
#8865=DIRECTION('',(0.,1.,0.));
#8866=DIRECTION('center_axis',(0.,0.,-1.));
#8867=DIRECTION('ref_axis',(-1.,0.,0.));
#8868=DIRECTION('',(-1.,0.,0.));
#8869=DIRECTION('',(0.,1.,0.));
#8870=DIRECTION('center_axis',(1.,0.,-3.16555378827884E-16));
#8871=DIRECTION('ref_axis',(-3.16555378827885E-16,0.,-1.));
#8872=DIRECTION('',(-3.16555378827884E-16,0.,-1.));
#8873=DIRECTION('',(0.,1.,0.));
#8874=DIRECTION('center_axis',(0.,0.,1.));
#8875=DIRECTION('ref_axis',(1.,0.,0.));
#8876=DIRECTION('',(1.,0.,0.));
#8877=DIRECTION('center_axis',(0.,1.,0.));
#8878=DIRECTION('ref_axis',(0.,0.,1.));
#8879=DIRECTION('center_axis',(1.,0.,0.));
#8880=DIRECTION('ref_axis',(0.,0.,-1.));
#8881=DIRECTION('',(0.,1.,0.));
#8882=DIRECTION('',(0.,0.,-1.));
#8883=DIRECTION('',(0.,1.,0.));
#8884=DIRECTION('center_axis',(-0.70710678118655,0.,-0.707106781186545));
#8885=DIRECTION('ref_axis',(-0.707106781186545,0.,0.70710678118655));
#8886=DIRECTION('',(-0.707106781186545,0.,0.70710678118655));
#8887=DIRECTION('',(0.,1.,0.));
#8888=DIRECTION('',(0.,1.,0.));
#8889=DIRECTION('',(0.,1.,0.));
#8890=DIRECTION('',(0.,1.,0.));
#8891=DIRECTION('center_axis',(0.70872486814043,0.,0.70548498302893));
#8892=DIRECTION('ref_axis',(0.70548498302893,0.,-0.70872486814043));
#8893=DIRECTION('',(0.70548498302893,0.,-0.70872486814043));
#8894=DIRECTION('',(0.,1.,0.));
#8895=DIRECTION('',(0.,1.,0.));
#8896=DIRECTION('',(0.,1.,0.));
#8897=DIRECTION('center_axis',(-1.,0.,0.));
#8898=DIRECTION('ref_axis',(0.,0.,1.));
#8899=DIRECTION('',(0.,0.,1.));
#8900=DIRECTION('',(0.,1.,0.));
#8901=DIRECTION('',(0.,1.,0.));
#8902=DIRECTION('center_axis',(-6.28878817828451E-14,1.,-7.02960163182944E-14));
#8903=DIRECTION('ref_axis',(0.,7.02960163182944E-14,1.));
#8904=DIRECTION('center_axis',(-1.,0.,1.0842021724855E-16));
#8905=DIRECTION('ref_axis',(1.0842021724855E-16,0.,1.));
#8906=DIRECTION('',(0.,1.,0.));
#8907=DIRECTION('',(1.0842021724855E-16,0.,1.));
#8908=DIRECTION('',(0.,1.,0.));
#8909=DIRECTION('center_axis',(0.,0.,-1.));
#8910=DIRECTION('ref_axis',(-1.,0.,0.));
#8911=DIRECTION('',(0.,1.,0.));
#8912=DIRECTION('',(-1.,0.,0.));
#8913=DIRECTION('center_axis',(1.,0.,-1.0842021724855E-16));
#8914=DIRECTION('ref_axis',(-1.0842021724855E-16,0.,-1.));
#8915=DIRECTION('',(0.,1.,0.));
#8916=DIRECTION('',(-1.0842021724855E-16,0.,-1.));
#8917=DIRECTION('center_axis',(0.,0.,1.));
#8918=DIRECTION('ref_axis',(1.,0.,0.));
#8919=DIRECTION('',(1.,0.,0.));
#8920=DIRECTION('center_axis',(0.,1.,0.));
#8921=DIRECTION('ref_axis',(0.,0.,1.));
#8922=DIRECTION('center_axis',(0.,-0.815453523909268,0.578822555144456));
#8923=DIRECTION('ref_axis',(0.,-0.578822555144456,-0.815453523909268));
#8924=DIRECTION('center_axis',(0.,-0.815453523909268,0.578822555144456));
#8925=DIRECTION('ref_axis',(0.,-0.578822555144456,-0.815453523909268));
#8926=DIRECTION('center_axis',(0.,-0.815453523909268,0.578822555144456));
#8927=DIRECTION('ref_axis',(0.,-0.578822555144456,-0.815453523909268));
#8928=DIRECTION('center_axis',(0.,-0.815453523909268,0.578822555144456));
#8929=DIRECTION('ref_axis',(0.,-0.578822555144456,-0.815453523909268));
#8930=DIRECTION('center_axis',(0.,-0.815453523909268,0.578822555144456));
#8931=DIRECTION('ref_axis',(0.,-0.578822555144456,-0.815453523909268));
#8932=DIRECTION('center_axis',(0.,-0.815453523909268,0.578822555144456));
#8933=DIRECTION('ref_axis',(0.,-0.578822555144456,-0.815453523909268));
#8934=DIRECTION('center_axis',(0.,-0.815453523909268,0.578822555144456));
#8935=DIRECTION('ref_axis',(0.,-0.578822555144456,-0.815453523909268));
#8936=DIRECTION('center_axis',(0.,-0.815453523909268,0.578822555144456));
#8937=DIRECTION('ref_axis',(0.,-0.578822555144456,-0.815453523909268));
#8938=DIRECTION('center_axis',(0.,-0.815453523909268,0.578822555144456));
#8939=DIRECTION('ref_axis',(0.,-0.578822555144456,-0.815453523909268));
#8940=DIRECTION('center_axis',(0.,-0.815453523909268,0.578822555144456));
#8941=DIRECTION('ref_axis',(0.,-0.578822555144456,-0.815453523909268));
#8942=DIRECTION('center_axis',(0.,-0.815453523909268,0.578822555144456));
#8943=DIRECTION('ref_axis',(0.,-0.578822555144456,-0.815453523909268));
#8944=DIRECTION('center_axis',(0.,-0.815453523909268,0.578822555144456));
#8945=DIRECTION('ref_axis',(0.,-0.578822555144456,-0.815453523909268));
#8946=DIRECTION('center_axis',(0.,-0.815453523909268,0.578822555144456));
#8947=DIRECTION('ref_axis',(0.,-0.578822555144456,-0.815453523909268));
#8948=DIRECTION('center_axis',(0.,-0.815453523909268,0.578822555144456));
#8949=DIRECTION('ref_axis',(0.,-0.578822555144456,-0.815453523909268));
#8950=DIRECTION('center_axis',(0.,-0.815453523909268,0.578822555144456));
#8951=DIRECTION('ref_axis',(0.,-0.578822555144456,-0.815453523909268));
#8952=DIRECTION('center_axis',(0.,-0.815453523909268,0.578822555144456));
#8953=DIRECTION('ref_axis',(0.,-0.578822555144456,-0.815453523909268));
#8954=DIRECTION('center_axis',(0.,0.815453523909268,-0.578822555144456));
#8955=DIRECTION('ref_axis',(0.,0.578822555144456,0.815453523909268));
#8956=DIRECTION('center_axis',(0.,0.815453523909268,-0.578822555144456));
#8957=DIRECTION('ref_axis',(0.,0.578822555144456,0.815453523909268));
#8958=DIRECTION('center_axis',(0.,0.815453523909268,-0.578822555144456));
#8959=DIRECTION('ref_axis',(0.,0.578822555144456,0.815453523909268));
#8960=DIRECTION('center_axis',(0.,0.815453523909268,-0.578822555144456));
#8961=DIRECTION('ref_axis',(0.,0.578822555144456,0.815453523909268));
#8962=DIRECTION('center_axis',(0.,0.815453523909268,-0.578822555144456));
#8963=DIRECTION('ref_axis',(0.,0.578822555144456,0.815453523909268));
#8964=DIRECTION('center_axis',(0.,0.815453523909268,-0.578822555144456));
#8965=DIRECTION('ref_axis',(0.,0.578822555144456,0.815453523909268));
#8966=DIRECTION('center_axis',(0.,0.815453523909268,-0.578822555144456));
#8967=DIRECTION('ref_axis',(0.,0.578822555144456,0.815453523909268));
#8968=DIRECTION('center_axis',(0.,0.815453523909268,-0.578822555144456));
#8969=DIRECTION('ref_axis',(0.,0.578822555144456,0.815453523909268));
#8970=DIRECTION('center_axis',(0.,0.815453523909268,-0.578822555144456));
#8971=DIRECTION('ref_axis',(0.,0.578822555144456,0.815453523909268));
#8972=DIRECTION('center_axis',(0.,0.815453523909268,-0.578822555144456));
#8973=DIRECTION('ref_axis',(0.,0.578822555144456,0.815453523909268));
#8974=DIRECTION('center_axis',(0.,0.815453523909268,-0.578822555144456));
#8975=DIRECTION('ref_axis',(0.,0.578822555144456,0.815453523909268));
#8976=DIRECTION('center_axis',(0.,0.815453523909268,-0.578822555144456));
#8977=DIRECTION('ref_axis',(0.,0.578822555144456,0.815453523909268));
#8978=DIRECTION('center_axis',(0.,0.815453523909268,-0.578822555144456));
#8979=DIRECTION('ref_axis',(0.,0.578822555144456,0.815453523909268));
#8980=DIRECTION('center_axis',(0.,0.815453523909268,-0.578822555144456));
#8981=DIRECTION('ref_axis',(0.,0.578822555144456,0.815453523909268));
#8982=DIRECTION('center_axis',(0.,0.815453523909268,-0.578822555144456));
#8983=DIRECTION('ref_axis',(0.,0.578822555144456,0.815453523909268));
#8984=DIRECTION('center_axis',(0.,-0.815453523909268,-0.578822555144456));
#8985=DIRECTION('ref_axis',(0.,-0.578822555144456,0.815453523909268));
#8986=DIRECTION('center_axis',(0.,-0.815453523909268,-0.578822555144456));
#8987=DIRECTION('ref_axis',(0.,-0.578822555144456,0.815453523909268));
#8988=DIRECTION('center_axis',(0.,-0.815453523909268,-0.578822555144456));
#8989=DIRECTION('ref_axis',(0.,-0.578822555144456,0.815453523909268));
#8990=DIRECTION('center_axis',(0.,-0.815453523909268,-0.578822555144456));
#8991=DIRECTION('ref_axis',(0.,-0.578822555144456,0.815453523909268));
#8992=DIRECTION('center_axis',(0.,-0.815453523909268,-0.578822555144456));
#8993=DIRECTION('ref_axis',(0.,-0.578822555144456,0.815453523909268));
#8994=DIRECTION('center_axis',(0.,-0.815453523909268,-0.578822555144456));
#8995=DIRECTION('ref_axis',(0.,-0.578822555144456,0.815453523909268));
#8996=DIRECTION('center_axis',(0.,-0.815453523909268,-0.578822555144456));
#8997=DIRECTION('ref_axis',(0.,-0.578822555144456,0.815453523909268));
#8998=DIRECTION('center_axis',(0.,-0.815453523909268,-0.578822555144456));
#8999=DIRECTION('ref_axis',(0.,-0.578822555144456,0.815453523909268));
#9000=DIRECTION('center_axis',(0.,-0.815453523909268,-0.578822555144456));
#9001=DIRECTION('ref_axis',(0.,-0.578822555144456,0.815453523909268));
#9002=DIRECTION('center_axis',(0.,-0.815453523909268,-0.578822555144456));
#9003=DIRECTION('ref_axis',(0.,-0.578822555144456,0.815453523909268));
#9004=DIRECTION('center_axis',(0.,-0.815453523909268,-0.578822555144456));
#9005=DIRECTION('ref_axis',(0.,-0.578822555144456,0.815453523909268));
#9006=DIRECTION('center_axis',(0.,-0.815453523909268,-0.578822555144456));
#9007=DIRECTION('ref_axis',(0.,-0.578822555144456,0.815453523909268));
#9008=DIRECTION('center_axis',(0.,-0.815453523909268,-0.578822555144456));
#9009=DIRECTION('ref_axis',(0.,-0.578822555144456,0.815453523909268));
#9010=DIRECTION('center_axis',(0.,-0.815453523909268,-0.578822555144456));
#9011=DIRECTION('ref_axis',(0.,-0.578822555144456,0.815453523909268));
#9012=DIRECTION('center_axis',(0.,-0.815453523909268,-0.578822555144456));
#9013=DIRECTION('ref_axis',(0.,-0.578822555144456,0.815453523909268));
#9014=DIRECTION('center_axis',(0.,-0.815453523909268,-0.578822555144456));
#9015=DIRECTION('ref_axis',(0.,-0.578822555144456,0.815453523909268));
#9016=DIRECTION('center_axis',(0.,0.815453523909268,0.578822555144456));
#9017=DIRECTION('ref_axis',(0.,0.578822555144456,-0.815453523909268));
#9018=DIRECTION('center_axis',(0.,0.815453523909268,0.578822555144456));
#9019=DIRECTION('ref_axis',(0.,0.578822555144456,-0.815453523909268));
#9020=DIRECTION('center_axis',(0.,0.815453523909268,0.578822555144456));
#9021=DIRECTION('ref_axis',(0.,0.578822555144456,-0.815453523909268));
#9022=DIRECTION('center_axis',(0.,0.815453523909268,0.578822555144456));
#9023=DIRECTION('ref_axis',(0.,0.578822555144456,-0.815453523909268));
#9024=DIRECTION('center_axis',(0.,0.815453523909268,0.578822555144456));
#9025=DIRECTION('ref_axis',(0.,0.578822555144456,-0.815453523909268));
#9026=DIRECTION('center_axis',(0.,0.815453523909268,0.578822555144456));
#9027=DIRECTION('ref_axis',(0.,0.578822555144456,-0.815453523909268));
#9028=DIRECTION('center_axis',(0.,0.815453523909268,0.578822555144456));
#9029=DIRECTION('ref_axis',(0.,0.578822555144456,-0.815453523909268));
#9030=DIRECTION('center_axis',(0.,0.815453523909268,0.578822555144456));
#9031=DIRECTION('ref_axis',(0.,0.578822555144456,-0.815453523909268));
#9032=DIRECTION('center_axis',(0.,0.815453523909268,0.578822555144456));
#9033=DIRECTION('ref_axis',(0.,0.578822555144456,-0.815453523909268));
#9034=DIRECTION('center_axis',(0.,0.815453523909268,0.578822555144456));
#9035=DIRECTION('ref_axis',(0.,0.578822555144456,-0.815453523909268));
#9036=DIRECTION('center_axis',(0.,0.815453523909268,0.578822555144456));
#9037=DIRECTION('ref_axis',(0.,0.578822555144456,-0.815453523909268));
#9038=DIRECTION('center_axis',(0.,0.815453523909268,0.578822555144456));
#9039=DIRECTION('ref_axis',(0.,0.578822555144456,-0.815453523909268));
#9040=DIRECTION('center_axis',(0.,0.815453523909268,0.578822555144456));
#9041=DIRECTION('ref_axis',(0.,0.578822555144456,-0.815453523909268));
#9042=DIRECTION('center_axis',(0.,0.815453523909268,0.578822555144456));
#9043=DIRECTION('ref_axis',(0.,0.578822555144456,-0.815453523909268));
#9044=DIRECTION('center_axis',(0.,0.815453523909268,0.578822555144456));
#9045=DIRECTION('ref_axis',(0.,0.578822555144456,-0.815453523909268));
#9046=DIRECTION('center_axis',(1.,0.,0.));
#9047=DIRECTION('ref_axis',(0.,0.,-1.));
#9048=DIRECTION('',(0.,-1.,0.));
#9049=DIRECTION('',(0.,0.,1.));
#9050=DIRECTION('',(0.,-1.,0.));
#9051=DIRECTION('center_axis',(0.,0.,-1.));
#9052=DIRECTION('ref_axis',(-1.,0.,0.));
#9053=DIRECTION('',(0.,-1.,0.));
#9054=DIRECTION('',(1.,0.,0.));
#9055=DIRECTION('center_axis',(-1.,0.,0.));
#9056=DIRECTION('ref_axis',(0.,0.,1.));
#9057=DIRECTION('',(0.,-1.,0.));
#9058=DIRECTION('',(0.,0.,-1.));
#9059=DIRECTION('center_axis',(0.,0.,1.));
#9060=DIRECTION('ref_axis',(1.,0.,0.));
#9061=DIRECTION('',(-1.,0.,0.));
#9062=DIRECTION('center_axis',(0.,1.,0.));
#9063=DIRECTION('ref_axis',(0.,0.,1.));
#9064=DIRECTION('center_axis',(1.,0.,0.));
#9065=DIRECTION('ref_axis',(0.,0.,-1.));
#9066=DIRECTION('',(0.,-1.,0.));
#9067=DIRECTION('',(0.,0.,1.));
#9068=DIRECTION('',(0.,-1.,0.));
#9069=DIRECTION('center_axis',(0.,0.,-1.));
#9070=DIRECTION('ref_axis',(-1.,0.,0.));
#9071=DIRECTION('',(0.,-1.,0.));
#9072=DIRECTION('',(1.,0.,0.));
#9073=DIRECTION('center_axis',(-1.,0.,0.));
#9074=DIRECTION('ref_axis',(0.,0.,1.));
#9075=DIRECTION('',(0.,-1.,0.));
#9076=DIRECTION('',(0.,0.,-1.));
#9077=DIRECTION('center_axis',(0.,0.,1.));
#9078=DIRECTION('ref_axis',(1.,0.,0.));
#9079=DIRECTION('',(-1.,0.,0.));
#9080=DIRECTION('center_axis',(0.,1.,0.));
#9081=DIRECTION('ref_axis',(0.,0.,1.));
#9082=DIRECTION('center_axis',(1.,0.,0.));
#9083=DIRECTION('ref_axis',(0.,0.,-1.));
#9084=DIRECTION('',(0.,-1.,0.));
#9085=DIRECTION('',(0.,0.,1.));
#9086=DIRECTION('',(0.,-1.,0.));
#9087=DIRECTION('center_axis',(0.,0.,-1.));
#9088=DIRECTION('ref_axis',(-1.,0.,0.));
#9089=DIRECTION('',(0.,-1.,0.));
#9090=DIRECTION('',(1.,0.,0.));
#9091=DIRECTION('center_axis',(-1.,0.,0.));
#9092=DIRECTION('ref_axis',(0.,0.,1.));
#9093=DIRECTION('',(0.,-1.,0.));
#9094=DIRECTION('',(0.,0.,-1.));
#9095=DIRECTION('center_axis',(0.,0.,1.));
#9096=DIRECTION('ref_axis',(1.,0.,0.));
#9097=DIRECTION('',(-1.,0.,0.));
#9098=DIRECTION('center_axis',(0.,-1.,0.));
#9099=DIRECTION('ref_axis',(0.,0.,-1.));
#9100=DIRECTION('center_axis',(1.,0.,-7.2280144832367E-16));
#9101=DIRECTION('ref_axis',(-7.2280144832367E-16,0.,-1.));
#9102=DIRECTION('',(0.,-1.,0.));
#9103=DIRECTION('',(7.2280144832367E-16,0.,1.));
#9104=DIRECTION('',(0.,-1.,0.));
#9105=DIRECTION('center_axis',(3.61400724161835E-16,0.,-1.));
#9106=DIRECTION('ref_axis',(-1.,0.,-3.61400724161835E-16));
#9107=DIRECTION('',(0.,-1.,0.));
#9108=DIRECTION('',(1.,0.,3.61400724161835E-16));
#9109=DIRECTION('center_axis',(-1.,0.,0.));
#9110=DIRECTION('ref_axis',(0.,0.,1.));
#9111=DIRECTION('',(0.,-1.,0.));
#9112=DIRECTION('',(0.,0.,-1.));
#9113=DIRECTION('center_axis',(0.,0.,1.));
#9114=DIRECTION('ref_axis',(1.,0.,0.));
#9115=DIRECTION('',(-1.,0.,0.));
#9116=DIRECTION('center_axis',(0.,1.,0.));
#9117=DIRECTION('ref_axis',(0.,0.,1.));
#9118=DIRECTION('center_axis',(1.,0.,-7.2280144832367E-16));
#9119=DIRECTION('ref_axis',(-7.2280144832367E-16,0.,-1.));
#9120=DIRECTION('',(0.,-1.,0.));
#9121=DIRECTION('',(7.2280144832367E-16,0.,1.));
#9122=DIRECTION('',(0.,-1.,0.));
#9123=DIRECTION('center_axis',(0.,0.,-1.));
#9124=DIRECTION('ref_axis',(-1.,0.,0.));
#9125=DIRECTION('',(0.,-1.,0.));
#9126=DIRECTION('',(1.,0.,0.));
#9127=DIRECTION('center_axis',(-1.,0.,0.));
#9128=DIRECTION('ref_axis',(0.,0.,1.));
#9129=DIRECTION('',(0.,-1.,0.));
#9130=DIRECTION('',(0.,0.,-1.));
#9131=DIRECTION('center_axis',(0.,0.,1.));
#9132=DIRECTION('ref_axis',(1.,0.,0.));
#9133=DIRECTION('',(-1.,0.,0.));
#9134=DIRECTION('center_axis',(0.,-1.,0.));
#9135=DIRECTION('ref_axis',(0.,0.,-1.));
#9136=DIRECTION('center_axis',(-1.,0.,-7.2280144832367E-16));
#9137=DIRECTION('ref_axis',(-7.2280144832367E-16,0.,1.));
#9138=DIRECTION('',(0.,-1.,0.));
#9139=DIRECTION('',(7.2280144832367E-16,0.,-1.));
#9140=DIRECTION('',(0.,-1.,0.));
#9141=DIRECTION('center_axis',(0.,0.,1.));
#9142=DIRECTION('ref_axis',(1.,0.,0.));
#9143=DIRECTION('',(0.,-1.,0.));
#9144=DIRECTION('',(-1.,0.,0.));
#9145=DIRECTION('center_axis',(1.,0.,0.));
#9146=DIRECTION('ref_axis',(0.,0.,-1.));
#9147=DIRECTION('',(0.,-1.,0.));
#9148=DIRECTION('',(0.,0.,1.));
#9149=DIRECTION('center_axis',(0.,0.,-1.));
#9150=DIRECTION('ref_axis',(-1.,0.,0.));
#9151=DIRECTION('',(1.,0.,0.));
#9152=DIRECTION('center_axis',(0.,1.,0.));
#9153=DIRECTION('ref_axis',(0.,0.,1.));
#9154=DIRECTION('center_axis',(1.,0.,0.));
#9155=DIRECTION('ref_axis',(0.,0.,-1.));
#9156=DIRECTION('',(0.,-1.,0.));
#9157=DIRECTION('',(0.,0.,1.));
#9158=DIRECTION('',(0.,-1.,0.));
#9159=DIRECTION('center_axis',(0.,0.,-1.));
#9160=DIRECTION('ref_axis',(-1.,0.,0.));
#9161=DIRECTION('',(0.,-1.,0.));
#9162=DIRECTION('',(1.,0.,0.));
#9163=DIRECTION('center_axis',(-1.,0.,0.));
#9164=DIRECTION('ref_axis',(0.,0.,1.));
#9165=DIRECTION('',(0.,-1.,0.));
#9166=DIRECTION('',(0.,0.,-1.));
#9167=DIRECTION('center_axis',(0.,0.,1.));
#9168=DIRECTION('ref_axis',(1.,0.,0.));
#9169=DIRECTION('',(-1.,0.,0.));
#9170=DIRECTION('center_axis',(0.,1.,0.));
#9171=DIRECTION('ref_axis',(0.,0.,1.));
#9172=DIRECTION('',(0.,0.,1.));
#9173=DIRECTION('',(1.,0.,0.));
#9174=DIRECTION('axis',(0.,0.,1.));
#9175=DIRECTION('refdir',(1.,0.,0.));
#9176=DIRECTION('axis',(0.,0.,1.));
#9177=DIRECTION('refdir',(1.,0.,0.));
#9178=DIRECTION('center_axis',(0.,1.,0.));
#9179=DIRECTION('ref_axis',(0.,0.,1.));
#9180=DIRECTION('center_axis',(0.,1.,0.));
#9181=DIRECTION('ref_axis',(0.,0.,1.));
#9182=DIRECTION('center_axis',(0.,1.,0.));
#9183=DIRECTION('ref_axis',(0.,0.,1.));
#9184=DIRECTION('',(-8.65956056235496E-17,0.707106781186546,-0.707106781186549));
#9185=DIRECTION('center_axis',(0.,-1.,0.));
#9186=DIRECTION('ref_axis',(0.,0.,1.));
#9187=DIRECTION('center_axis',(0.,-1.,0.));
#9188=DIRECTION('ref_axis',(0.,0.,-1.));
#9189=DIRECTION('center_axis',(0.,1.,0.));
#9190=DIRECTION('ref_axis',(0.,0.,1.));
#9191=DIRECTION('',(0.,1.,0.));
#9192=DIRECTION('center_axis',(0.,1.,0.));
#9193=DIRECTION('ref_axis',(0.,0.,1.));
#9194=DIRECTION('center_axis',(0.,-1.,0.));
#9195=DIRECTION('ref_axis',(0.,0.,-1.));
#9196=DIRECTION('',(0.,-1.,0.));
#9197=DIRECTION('center_axis',(0.,-1.,0.));
#9198=DIRECTION('ref_axis',(0.,0.,1.));
#9199=DIRECTION('center_axis',(0.,-1.,0.));
#9200=DIRECTION('ref_axis',(0.,0.,-1.));
#9201=DIRECTION('center_axis',(0.,1.,0.));
#9202=DIRECTION('ref_axis',(0.,0.,-1.));
#9203=DIRECTION('',(0.,-1.,0.));
#9204=DIRECTION('center_axis',(0.,1.,0.));
#9205=DIRECTION('ref_axis',(0.,0.,-1.));
#9206=DIRECTION('',(0.,-1.,0.));
#9207=DIRECTION('center_axis',(0.,-1.,0.));
#9208=DIRECTION('ref_axis',(0.,0.,-1.));
#9209=DIRECTION('center_axis',(0.,1.,0.));
#9210=DIRECTION('ref_axis',(0.,0.,1.));
#9211=DIRECTION('',(0.,-1.,0.));
#9212=DIRECTION('center_axis',(0.,1.,0.));
#9213=DIRECTION('ref_axis',(0.,0.,1.));
#9214=DIRECTION('',(0.,-1.,0.));
#9215=DIRECTION('center_axis',(0.,1.,0.));
#9216=DIRECTION('ref_axis',(0.,0.,1.));
#9217=DIRECTION('',(1.,0.,-3.46944695195361E-15));
#9218=DIRECTION('',(0.,0.,-1.));
#9219=DIRECTION('',(-1.,0.,0.));
#9220=DIRECTION('',(0.,0.,1.));
#9221=DIRECTION('center_axis',(0.,1.,0.));
#9222=DIRECTION('ref_axis',(0.,0.,1.));
#9223=DIRECTION('',(0.,0.,1.));
#9224=DIRECTION('',(-1.,0.,0.));
#9225=DIRECTION('',(0.,0.,-1.));
#9226=DIRECTION('',(1.,0.,-3.46944695195361E-15));
#9227=DIRECTION('',(0.,0.,1.));
#9228=DIRECTION('',(1.,0.,0.));
#9229=DIRECTION('',(0.,0.,-1.));
#9230=DIRECTION('',(-1.,0.,0.));
#9231=DIRECTION('center_axis',(1.,0.,0.));
#9232=DIRECTION('ref_axis',(0.,0.,-1.));
#9233=DIRECTION('',(0.,-1.,0.));
#9234=DIRECTION('',(0.,-1.,0.));
#9235=DIRECTION('center_axis',(-3.46944695195361E-15,0.,-1.));
#9236=DIRECTION('ref_axis',(-1.,0.,3.46944695195361E-15));
#9237=DIRECTION('',(0.,-1.,0.));
#9238=DIRECTION('center_axis',(-1.,0.,0.));
#9239=DIRECTION('ref_axis',(0.,0.,1.));
#9240=DIRECTION('',(0.,-1.,0.));
#9241=DIRECTION('center_axis',(0.,0.,1.));
#9242=DIRECTION('ref_axis',(1.,0.,0.));
#9243=DIRECTION('center_axis',(1.,0.,0.));
#9244=DIRECTION('ref_axis',(0.,0.,-1.));
#9245=DIRECTION('',(0.,-1.,0.));
#9246=DIRECTION('',(0.,0.,1.));
#9247=DIRECTION('',(0.,-1.,0.));
#9248=DIRECTION('center_axis',(0.,0.,-1.));
#9249=DIRECTION('ref_axis',(-1.,0.,0.));
#9250=DIRECTION('',(1.,0.,0.));
#9251=DIRECTION('',(0.,-1.,0.));
#9252=DIRECTION('center_axis',(-1.,0.,0.));
#9253=DIRECTION('ref_axis',(0.,0.,1.));
#9254=DIRECTION('',(0.,0.,-1.));
#9255=DIRECTION('',(0.,-1.,0.));
#9256=DIRECTION('center_axis',(0.,0.,1.));
#9257=DIRECTION('ref_axis',(1.,0.,0.));
#9258=DIRECTION('',(-1.,0.,0.));
#9259=DIRECTION('center_axis',(0.,1.,0.));
#9260=DIRECTION('ref_axis',(0.,0.,1.));
#9261=DIRECTION('',(-1.,0.,0.));
#9262=DIRECTION('',(0.,0.,1.));
#9263=DIRECTION('center_axis',(0.,1.,0.));
#9264=DIRECTION('ref_axis',(0.,0.,1.));
#9265=DIRECTION('',(1.,0.,0.));
#9266=DIRECTION('center_axis',(0.,1.,0.));
#9267=DIRECTION('ref_axis',(0.,0.,-1.));
#9268=DIRECTION('',(0.,0.,-1.));
#9269=DIRECTION('center_axis',(0.,0.,1.));
#9270=DIRECTION('ref_axis',(1.,0.,0.));
#9271=DIRECTION('',(-1.,0.,0.));
#9272=DIRECTION('center_axis',(1.,0.,0.));
#9273=DIRECTION('ref_axis',(0.,0.,-1.));
#9274=DIRECTION('',(0.,0.,1.));
#9275=DIRECTION('',(0.,-1.,0.));
#9276=DIRECTION('center_axis',(0.,-1.,0.));
#9277=DIRECTION('ref_axis',(-0.707106781186547,0.,0.707106781186548));
#9278=DIRECTION('center_axis',(0.,1.,0.));
#9279=DIRECTION('ref_axis',(0.,0.,1.));
#9280=DIRECTION('',(0.,-1.,0.));
#9281=DIRECTION('center_axis',(0.,0.,-1.));
#9282=DIRECTION('ref_axis',(-1.,0.,0.));
#9283=DIRECTION('',(1.,0.,0.));
#9284=DIRECTION('',(0.,-1.,0.));
#9285=DIRECTION('center_axis',(0.,-1.,0.));
#9286=DIRECTION('ref_axis',(0.707106781186548,0.,0.707106781186547));
#9287=DIRECTION('center_axis',(0.,1.,0.));
#9288=DIRECTION('ref_axis',(0.,0.,-1.));
#9289=DIRECTION('',(0.,-1.,0.));
#9290=DIRECTION('center_axis',(-1.,0.,0.));
#9291=DIRECTION('ref_axis',(0.,0.,1.));
#9292=DIRECTION('',(0.,0.,-1.));
#9293=DIRECTION('center_axis',(0.,1.,0.));
#9294=DIRECTION('ref_axis',(0.,0.,1.));
#9295=DIRECTION('',(1.,0.,1.39897054514259E-16));
#9296=DIRECTION('center_axis',(0.,1.,0.));
#9297=DIRECTION('ref_axis',(0.,0.,1.));
#9298=DIRECTION('',(0.,0.,1.));
#9299=DIRECTION('center_axis',(0.,1.,0.));
#9300=DIRECTION('ref_axis',(0.,0.,1.));
#9301=DIRECTION('',(-1.,0.,1.39897054514259E-16));
#9302=DIRECTION('center_axis',(0.,1.,0.));
#9303=DIRECTION('ref_axis',(0.,0.,-1.));
#9304=DIRECTION('',(-2.79794109028517E-16,0.,-1.));
#9305=DIRECTION('center_axis',(0.,1.,0.));
#9306=DIRECTION('ref_axis',(0.,0.,1.));
#9307=DIRECTION('center_axis',(0.,1.,0.));
#9308=DIRECTION('ref_axis',(0.,0.,1.));
#9309=DIRECTION('center_axis',(0.,1.,0.));
#9310=DIRECTION('ref_axis',(0.,0.,1.));
#9311=DIRECTION('',(1.,0.,1.39897054514259E-16));
#9312=DIRECTION('center_axis',(0.,1.,0.));
#9313=DIRECTION('ref_axis',(0.,0.,1.));
#9314=DIRECTION('',(-2.79794109028517E-16,0.,-1.));
#9315=DIRECTION('center_axis',(0.,1.,0.));
#9316=DIRECTION('ref_axis',(0.,0.,-1.));
#9317=DIRECTION('',(-1.,0.,1.39897054514259E-16));
#9318=DIRECTION('center_axis',(0.,1.,0.));
#9319=DIRECTION('ref_axis',(0.,0.,1.));
#9320=DIRECTION('',(0.,0.,1.));
#9321=DIRECTION('center_axis',(0.,-1.,0.));
#9322=DIRECTION('ref_axis',(0.,0.,-1.));
#9323=DIRECTION('',(0.,-1.,0.));
#9324=DIRECTION('',(0.,-1.,0.));
#9325=DIRECTION('center_axis',(1.39897054514259E-16,0.,-1.));
#9326=DIRECTION('ref_axis',(-1.,0.,-1.39897054514259E-16));
#9327=DIRECTION('',(0.,-1.,0.));
#9328=DIRECTION('center_axis',(0.,-1.,0.));
#9329=DIRECTION('ref_axis',(0.,0.,-1.));
#9330=DIRECTION('',(0.,-1.,0.));
#9331=DIRECTION('center_axis',(-1.,0.,2.79794109028517E-16));
#9332=DIRECTION('ref_axis',(2.79794109028517E-16,0.,1.));
#9333=DIRECTION('',(0.,-1.,0.));
#9334=DIRECTION('center_axis',(0.,-1.,0.));
#9335=DIRECTION('ref_axis',(0.,0.,-1.));
#9336=DIRECTION('',(0.,-1.,0.));
#9337=DIRECTION('center_axis',(1.39897054514259E-16,0.,1.));
#9338=DIRECTION('ref_axis',(1.,0.,-1.39897054514259E-16));
#9339=DIRECTION('',(0.,-1.,0.));
#9340=DIRECTION('center_axis',(0.,-1.,0.));
#9341=DIRECTION('ref_axis',(0.,0.,-1.));
#9342=DIRECTION('',(0.,-1.,0.));
#9343=DIRECTION('center_axis',(1.,0.,0.));
#9344=DIRECTION('ref_axis',(0.,0.,-1.));
#9345=DIRECTION('center_axis',(0.,1.,0.));
#9346=DIRECTION('ref_axis',(0.,0.,1.));
#9347=DIRECTION('',(0.,0.,1.));
#9348=DIRECTION('',(1.,0.,0.));
#9349=DIRECTION('axis',(0.,0.,1.));
#9350=DIRECTION('refdir',(1.,0.,0.));
#9351=DIRECTION('axis',(0.,0.,1.));
#9352=DIRECTION('refdir',(1.,0.,0.));
#9353=DIRECTION('center_axis',(1.,0.,0.));
#9354=DIRECTION('ref_axis',(0.,0.,-1.));
#9355=DIRECTION('',(0.,0.,1.));
#9356=DIRECTION('',(0.,-1.,0.));
#9357=DIRECTION('',(0.,0.,1.));
#9358=DIRECTION('',(0.,-1.,0.));
#9359=DIRECTION('center_axis',(-2.75352932694731E-16,0.,-1.));
#9360=DIRECTION('ref_axis',(-1.,0.,2.75352932694731E-16));
#9361=DIRECTION('',(1.,0.,-2.75352932694731E-16));
#9362=DIRECTION('',(0.,-1.,0.));
#9363=DIRECTION('',(1.,0.,-2.75352932694731E-16));
#9364=DIRECTION('center_axis',(-1.,0.,2.75352932694731E-16));
#9365=DIRECTION('ref_axis',(2.75352932694731E-16,0.,1.));
#9366=DIRECTION('',(-2.75352932694731E-16,0.,-1.));
#9367=DIRECTION('',(0.,-1.,0.));
#9368=DIRECTION('',(-2.75352932694731E-16,0.,-1.));
#9369=DIRECTION('center_axis',(0.,0.,1.));
#9370=DIRECTION('ref_axis',(1.,0.,0.));
#9371=DIRECTION('',(-1.,0.,0.));
#9372=DIRECTION('',(-1.,0.,0.));
#9373=DIRECTION('center_axis',(0.,1.,0.));
#9374=DIRECTION('ref_axis',(0.,0.,1.));
#9375=DIRECTION('center_axis',(0.,1.,0.));
#9376=DIRECTION('ref_axis',(0.,0.,1.));
#9377=DIRECTION('',(0.,0.,1.));
#9378=DIRECTION('',(1.,0.,0.));
#9379=DIRECTION('axis',(0.,0.,1.));
#9380=DIRECTION('refdir',(1.,0.,0.));
#9381=DIRECTION('center_axis',(0.,1.,0.));
#9382=DIRECTION('ref_axis',(0.,0.,1.));
#9383=DIRECTION('center_axis',(0.,1.,0.));
#9384=DIRECTION('ref_axis',(0.,0.,1.));
#9385=DIRECTION('',(-8.65956056235494E-17,0.707106781186547,-0.707106781186548));
#9386=DIRECTION('center_axis',(0.,1.,0.));
#9387=DIRECTION('ref_axis',(0.,0.,1.));
#9388=DIRECTION('center_axis',(6.12323399573677E-17,0.,-1.));
#9389=DIRECTION('ref_axis',(1.,0.,0.));
#9390=DIRECTION('center_axis',(0.,-1.,0.));
#9391=DIRECTION('ref_axis',(0.,0.,-1.));
#9392=DIRECTION('center_axis',(0.,-1.,0.));
#9393=DIRECTION('ref_axis',(0.,0.,-1.));
#9394=DIRECTION('',(0.,1.,0.));
#9395=DIRECTION('center_axis',(0.,-1.,0.));
#9396=DIRECTION('ref_axis',(0.,0.,-1.));
#9397=DIRECTION('center_axis',(6.12323399573677E-17,0.,-1.));
#9398=DIRECTION('ref_axis',(1.,0.,0.));
#9399=DIRECTION('center_axis',(0.,1.,0.));
#9400=DIRECTION('ref_axis',(0.,0.,1.));
#9401=DIRECTION('center_axis',(0.,-1.,0.));
#9402=DIRECTION('ref_axis',(0.,0.,-1.));
#9403=DIRECTION('',(-8.65956056235495E-17,-0.707106781186546,0.707106781186549));
#9404=DIRECTION('center_axis',(0.,1.,0.));
#9405=DIRECTION('ref_axis',(0.,0.,1.));
#9406=DIRECTION('center_axis',(0.,1.,0.));
#9407=DIRECTION('ref_axis',(0.,0.,1.));
#9408=DIRECTION('center_axis',(0.,-1.,0.));
#9409=DIRECTION('ref_axis',(0.,0.,-1.));
#9410=DIRECTION('',(0.,-1.,0.));
#9411=DIRECTION('center_axis',(0.,1.,0.));
#9412=DIRECTION('ref_axis',(0.,0.,1.));
#9413=DIRECTION('center_axis',(0.,1.,0.));
#9414=DIRECTION('ref_axis',(0.,0.,1.));
#9415=DIRECTION('',(0.,1.,0.));
#9416=DIRECTION('center_axis',(0.,1.,0.));
#9417=DIRECTION('ref_axis',(0.,0.,1.));
#9418=DIRECTION('',(0.,1.,0.));
#9419=DIRECTION('center_axis',(0.,1.,0.));
#9420=DIRECTION('ref_axis',(0.866025403784436,0.,-0.500000000000004));
#9421=DIRECTION('',(0.,1.,0.));
#9422=DIRECTION('center_axis',(0.,1.,0.));
#9423=DIRECTION('ref_axis',(0.,0.,1.));
#9424=DIRECTION('',(0.,1.,0.));
#9425=DIRECTION('',(0.,-1.,0.));
#9426=DIRECTION('center_axis',(0.,-1.,0.));
#9427=DIRECTION('ref_axis',(0.,0.,-1.));
#9428=DIRECTION('center_axis',(0.,1.,0.));
#9429=DIRECTION('ref_axis',(0.,0.,1.));
#9430=DIRECTION('',(0.,1.,0.));
#9431=DIRECTION('center_axis',(0.,1.,0.));
#9432=DIRECTION('ref_axis',(0.,0.,1.));
#9433=DIRECTION('',(0.,1.,0.));
#9434=DIRECTION('center_axis',(0.,1.,0.));
#9435=DIRECTION('ref_axis',(-0.866025403784443,0.,-0.499999999999992));
#9436=DIRECTION('center_axis',(0.,-1.,0.));
#9437=DIRECTION('ref_axis',(0.,0.,-1.));
#9438=DIRECTION('',(-6.99440505513849E-15,0.,-1.));
#9439=DIRECTION('center_axis',(0.,1.,0.));
#9440=DIRECTION('ref_axis',(-0.866025403784443,0.,-0.499999999999992));
#9441=DIRECTION('',(-0.866025403784443,0.,-0.499999999999992));
#9442=DIRECTION('',(-0.86602540378444,0.,0.499999999999998));
#9443=DIRECTION('center_axis',(0.,1.,0.));
#9444=DIRECTION('ref_axis',(0.,0.,1.));
#9445=DIRECTION('',(0.,0.,1.));
#9446=DIRECTION('',(0.86602540378444,0.,0.499999999999998));
#9447=DIRECTION('center_axis',(0.,1.,0.));
#9448=DIRECTION('ref_axis',(0.866025403784436,0.,-0.500000000000004));
#9449=DIRECTION('',(0.866025403784436,0.,-0.500000000000004));
#9450=DIRECTION('center_axis',(0.,1.,0.));
#9451=DIRECTION('ref_axis',(0.,0.,1.));
#9452=DIRECTION('center_axis',(0.,-1.,0.));
#9453=DIRECTION('ref_axis',(0.,0.,-1.));
#9454=DIRECTION('center_axis',(0.,1.,0.));
#9455=DIRECTION('ref_axis',(0.,0.,1.));
#9456=DIRECTION('center_axis',(0.,-1.,0.));
#9457=DIRECTION('ref_axis',(0.,0.,-1.));
#9458=DIRECTION('',(0.612372435695795,-0.707106781186547,-0.353553390593272));
#9459=DIRECTION('',(0.,-0.707106781186547,-0.707106781186547));
#9460=DIRECTION('center_axis',(-0.499999999999998,0.,-0.86602540378444));
#9461=DIRECTION('ref_axis',(-0.86602540378444,0.,0.499999999999998));
#9462=DIRECTION('center_axis',(-1.,0.,0.));
#9463=DIRECTION('ref_axis',(0.,0.,1.));
#9464=DIRECTION('center_axis',(0.,-1.,0.));
#9465=DIRECTION('ref_axis',(-0.866025403784436,0.,0.500000000000004));
#9466=DIRECTION('',(-0.612372435695795,-0.707106781186547,-0.353553390593272));
#9467=DIRECTION('',(-0.612372435695793,-0.707106781186548,0.353553390593277));
#9468=DIRECTION('center_axis',(-0.499999999999998,0.,0.86602540378444));
#9469=DIRECTION('ref_axis',(0.86602540378444,0.,0.499999999999998));
#9470=DIRECTION('center_axis',(0.500000000000004,0.,0.866025403784436));
#9471=DIRECTION('ref_axis',(0.866025403784436,0.,-0.500000000000004));
#9472=DIRECTION('center_axis',(0.,-1.,0.));
#9473=DIRECTION('ref_axis',(0.866025403784443,0.,0.499999999999992));
#9474=DIRECTION('',(4.9960036108132E-15,-0.707106781186547,0.707106781186547));
#9475=DIRECTION('',(0.612372435695798,-0.707106781186548,0.353553390593268));
#9476=DIRECTION('center_axis',(1.,0.,-6.99440505513849E-15));
#9477=DIRECTION('ref_axis',(-6.99440505513849E-15,0.,-1.));
#9478=DIRECTION('center_axis',(0.499999999999992,0.,-0.866025403784443));
#9479=DIRECTION('ref_axis',(-0.866025403784443,0.,-0.499999999999992));
#9480=DIRECTION('axis',(0.,0.,1.));
#9481=DIRECTION('refdir',(1.,0.,0.));
#9482=DIRECTION('center_axis',(0.,0.0956190460103406,0.995418001665668));
#9483=DIRECTION('ref_axis',(1.,0.,0.));
#9484=DIRECTION('',(4.33680868994203E-15,-0.995418001665668,0.0956190460103406));
#9485=DIRECTION('',(1.,0.,0.));
#9486=DIRECTION('',(4.33680868994198E-15,0.995418001665668,-0.0956190460103406));
#9487=DIRECTION('',(-1.,-1.92720421417339E-16,1.85125673956076E-17));
#9488=DIRECTION('center_axis',(0.,0.,1.));
#9489=DIRECTION('ref_axis',(1.,0.,0.));
#9490=DIRECTION('',(4.33680868994203E-15,-1.,0.));
#9491=DIRECTION('',(-1.,-1.93607530800983E-16,0.));
#9492=DIRECTION('',(4.33680868994198E-15,1.,0.));
#9493=DIRECTION('',(1.,0.,0.));
#9494=DIRECTION('center_axis',(1.,-4.33680868994198E-15,5.18218084331186E-16));
#9495=DIRECTION('ref_axis',(4.33680868994198E-15,1.,0.));
#9496=DIRECTION('center_axis',(-1.,-4.33680868994203E-15,5.19011221858751E-16));
#9497=DIRECTION('ref_axis',(4.33680868994203E-15,-1.,0.));
#9498=DIRECTION('center_axis',(0.,-1.,0.));
#9499=DIRECTION('ref_axis',(0.,0.,-1.));
#9500=DIRECTION('center_axis',(0.,-1.,0.));
#9501=DIRECTION('ref_axis',(0.,0.,-1.));
#9502=DIRECTION('',(0.,-1.,0.));
#9503=DIRECTION('center_axis',(0.,-1.,0.));
#9504=DIRECTION('ref_axis',(0.,0.,-1.));
#9505=DIRECTION('',(0.,-1.,0.));
#9506=DIRECTION('center_axis',(1.31418445149758E-16,0.,-1.));
#9507=DIRECTION('ref_axis',(-1.,0.,-1.31418445149758E-16));
#9508=DIRECTION('',(1.,0.,1.31418445149758E-16));
#9509=DIRECTION('',(0.,-1.,0.));
#9510=DIRECTION('',(1.,0.,1.31418445149758E-16));
#9511=DIRECTION('center_axis',(0.,-1.,0.));
#9512=DIRECTION('ref_axis',(0.,0.,-1.));
#9513=DIRECTION('center_axis',(0.,-1.,0.));
#9514=DIRECTION('ref_axis',(0.,0.,-1.));
#9515=DIRECTION('',(0.,-1.,0.));
#9516=DIRECTION('center_axis',(0.,-1.,0.));
#9517=DIRECTION('ref_axis',(0.,0.,-1.));
#9518=DIRECTION('center_axis',(-1.,0.,-3.25260651745651E-16));
#9519=DIRECTION('ref_axis',(-3.25260651745651E-16,0.,1.));
#9520=DIRECTION('',(3.25260651745651E-16,0.,-1.));
#9521=DIRECTION('',(0.,-1.,0.));
#9522=DIRECTION('',(3.25260651745651E-16,0.,-1.));
#9523=DIRECTION('center_axis',(0.,-1.,0.));
#9524=DIRECTION('ref_axis',(0.,0.,-1.));
#9525=DIRECTION('center_axis',(0.,-1.,0.));
#9526=DIRECTION('ref_axis',(0.,0.,-1.));
#9527=DIRECTION('',(0.,-1.,0.));
#9528=DIRECTION('center_axis',(0.,-1.,0.));
#9529=DIRECTION('ref_axis',(0.,0.,-1.));
#9530=DIRECTION('center_axis',(0.,0.,1.));
#9531=DIRECTION('ref_axis',(1.,0.,0.));
#9532=DIRECTION('',(-1.,0.,0.));
#9533=DIRECTION('',(0.,-1.,0.));
#9534=DIRECTION('',(-1.,0.,0.));
#9535=DIRECTION('center_axis',(0.,-1.,0.));
#9536=DIRECTION('ref_axis',(0.,0.,-1.));
#9537=DIRECTION('center_axis',(0.,-1.,0.));
#9538=DIRECTION('ref_axis',(0.,0.,1.));
#9539=DIRECTION('',(0.,-1.,0.));
#9540=DIRECTION('center_axis',(0.,-1.,0.));
#9541=DIRECTION('ref_axis',(0.,0.,1.));
#9542=DIRECTION('center_axis',(1.,0.,-1.0842021724855E-16));
#9543=DIRECTION('ref_axis',(-1.0842021724855E-16,0.,-1.));
#9544=DIRECTION('',(1.0842021724855E-16,0.,1.));
#9545=DIRECTION('',(1.0842021724855E-16,0.,1.));
#9546=DIRECTION('center_axis',(0.,-1.,0.));
#9547=DIRECTION('ref_axis',(0.,0.,-1.));
#9548=DIRECTION('center_axis',(0.,-1.,0.));
#9549=DIRECTION('ref_axis',(0.,0.,-1.));
#9550=DIRECTION('',(0.,-1.17211045674109E-16,1.));
#9551=DIRECTION('',(-1.,0.,0.));
#9552=DIRECTION('',(0.,-1.17211045674109E-16,1.));
#9553=DIRECTION('',(-1.,0.,0.));
#9554=DIRECTION('center_axis',(0.,0.,-1.));
#9555=DIRECTION('ref_axis',(-1.,0.,0.));
#9556=DIRECTION('',(0.,-1.,0.));
#9557=DIRECTION('',(-1.,0.,0.));
#9558=DIRECTION('',(0.,-1.,0.));
#9559=DIRECTION('center_axis',(0.,1.,1.17211045674109E-16));
#9560=DIRECTION('ref_axis',(0.,-1.17211045674109E-16,1.));
#9561=DIRECTION('',(0.,1.17211045674109E-16,-1.));
#9562=DIRECTION('',(-1.,0.,0.));
#9563=DIRECTION('',(0.,1.17211045674109E-16,-1.));
#9564=DIRECTION('center_axis',(0.,0.,1.));
#9565=DIRECTION('ref_axis',(1.,0.,0.));
#9566=DIRECTION('',(0.,1.,0.));
#9567=DIRECTION('',(0.,1.,0.));
#9568=DIRECTION('center_axis',(1.,0.,0.));
#9569=DIRECTION('ref_axis',(0.,0.,-1.));
#9570=DIRECTION('center_axis',(1.,0.,0.));
#9571=DIRECTION('ref_axis',(0.,0.,-1.));
#9572=DIRECTION('',(0.,0.,1.));
#9573=DIRECTION('',(1.,0.,0.));
#9574=DIRECTION('',(0.,0.,1.));
#9575=DIRECTION('',(1.,0.,0.));
#9576=DIRECTION('',(0.,0.,1.));
#9577=DIRECTION('',(-1.,0.,0.));
#9578=DIRECTION('',(0.,0.,1.));
#9579=DIRECTION('',(1.,0.,0.));
#9580=DIRECTION('',(0.,0.,1.));
#9581=DIRECTION('',(1.,0.,0.));
#9582=DIRECTION('',(0.,3.33066907387547E-16,-1.));
#9583=DIRECTION('',(-1.,0.,0.));
#9584=DIRECTION('',(0.,0.,1.));
#9585=DIRECTION('',(1.,0.,0.));
#9586=CARTESIAN_POINT('',(0.,0.,0.));
#9587=CARTESIAN_POINT('',(0.,0.,0.));
#9588=CARTESIAN_POINT('',(0.,0.,0.));
#9589=CARTESIAN_POINT('Origin',(-10.5,-0.9,-12.5));
#9590=CARTESIAN_POINT('',(-10.5,-0.9,-13.55));
#9591=CARTESIAN_POINT('Origin',(-10.5,-0.9,-12.5));
#9592=CARTESIAN_POINT('',(-10.5,0.,-13.55));
#9593=CARTESIAN_POINT('',(-10.5,-0.9,-13.55));
#9594=CARTESIAN_POINT('Origin',(-10.5,0.,-12.5));
#9595=CARTESIAN_POINT('Origin',(-10.5,-0.9,-3.46944695195361E-15));
#9596=CARTESIAN_POINT('',(-10.5,-0.9,-1.05));
#9597=CARTESIAN_POINT('Origin',(-10.5,-0.9,-3.46944695195361E-15));
#9598=CARTESIAN_POINT('',(-10.5,0.,-1.05));
#9599=CARTESIAN_POINT('',(-10.5,-0.9,-1.05));
#9600=CARTESIAN_POINT('Origin',(-10.5,0.,-3.46944695195361E-15));
#9601=CARTESIAN_POINT('Origin',(10.5,-0.9,-3.46944695195361E-15));
#9602=CARTESIAN_POINT('',(10.5,-0.9,-1.05));
#9603=CARTESIAN_POINT('Origin',(10.5,-0.9,-3.46944695195361E-15));
#9604=CARTESIAN_POINT('',(10.5,0.,-1.05));
#9605=CARTESIAN_POINT('',(10.5,-0.9,-1.05));
#9606=CARTESIAN_POINT('Origin',(10.5,0.,-3.46944695195361E-15));
#9607=CARTESIAN_POINT('Origin',(10.5,-0.9,-12.5));
#9608=CARTESIAN_POINT('',(10.5,-0.9,-13.55));
#9609=CARTESIAN_POINT('Origin',(10.5,-0.9,-12.5));
#9610=CARTESIAN_POINT('',(10.5,0.,-13.55));
#9611=CARTESIAN_POINT('',(10.5,-0.9,-13.55));
#9612=CARTESIAN_POINT('Origin',(10.5,0.,-12.5));
#9613=CARTESIAN_POINT('Origin',(0.,0.,0.));
#9614=CARTESIAN_POINT('',(-12.5,0.,-14.5));
#9615=CARTESIAN_POINT('',(-12.5,0.,9.5));
#9616=CARTESIAN_POINT('',(-12.5,0.,-14.5));
#9617=CARTESIAN_POINT('',(12.5,0.,9.5));
#9618=CARTESIAN_POINT('',(-12.5,0.,9.5));
#9619=CARTESIAN_POINT('',(12.5,0.,-14.5));
#9620=CARTESIAN_POINT('',(12.5,0.,-14.5));
#9621=CARTESIAN_POINT('',(-12.5,0.,-14.5));
#9622=CARTESIAN_POINT('',(8.7,0.,-9.9));
#9623=CARTESIAN_POINT('',(7.48,0.,-9.9));
#9624=CARTESIAN_POINT('',(8.7,0.,-9.9));
#9625=CARTESIAN_POINT('',(8.7,0.,-9.1));
#9626=CARTESIAN_POINT('',(8.7,0.,-9.1));
#9627=CARTESIAN_POINT('',(7.48,0.,-9.1));
#9628=CARTESIAN_POINT('',(8.7,0.,-9.1));
#9629=CARTESIAN_POINT('',(7.48,0.,-9.1));
#9630=CARTESIAN_POINT('Origin',(0.,-0.9,0.));
#9631=CARTESIAN_POINT('',(-10.4,-0.9,9.5));
#9632=CARTESIAN_POINT('',(-10.4,-0.9,4.));
#9633=CARTESIAN_POINT('',(-10.4,-0.9,9.5));
#9634=CARTESIAN_POINT('',(-12.5,-0.9,9.5));
#9635=CARTESIAN_POINT('',(-12.5,-0.9,9.5));
#9636=CARTESIAN_POINT('',(-12.5,-0.9,-14.5));
#9637=CARTESIAN_POINT('',(-12.5,-0.9,-14.5));
#9638=CARTESIAN_POINT('',(12.5,-0.9,-14.5));
#9639=CARTESIAN_POINT('',(-12.5,-0.9,-14.5));
#9640=CARTESIAN_POINT('',(12.5,-0.9,9.5));
#9641=CARTESIAN_POINT('',(12.5,-0.9,-14.5));
#9642=CARTESIAN_POINT('',(10.4,-0.9,9.5));
#9643=CARTESIAN_POINT('',(-12.5,-0.9,9.5));
#9644=CARTESIAN_POINT('',(10.4,-0.9,4.));
#9645=CARTESIAN_POINT('',(10.4,-0.9,9.5));
#9646=CARTESIAN_POINT('',(-10.4,-0.9,4.));
#9647=CARTESIAN_POINT('Origin',(-12.5,-0.9,-14.5));
#9648=CARTESIAN_POINT('',(-12.5,-0.9,-14.5));
#9649=CARTESIAN_POINT('',(-12.5,-0.9,9.5));
#9650=CARTESIAN_POINT('Origin',(-12.5,-0.9,-14.5));
#9651=CARTESIAN_POINT('',(12.5,-0.9,-14.5));
#9652=CARTESIAN_POINT('Origin',(12.5,-0.9,-14.5));
#9653=CARTESIAN_POINT('',(12.5,-0.9,9.5));
#9654=CARTESIAN_POINT('Origin',(-12.5,-0.9,9.5));
#9655=CARTESIAN_POINT('',(-10.4,-3.3,9.5));
#9656=CARTESIAN_POINT('',(-10.4,-3.3,9.5));
#9657=CARTESIAN_POINT('',(10.4,-3.3,9.5));
#9658=CARTESIAN_POINT('',(-10.4,-3.3,9.5));
#9659=CARTESIAN_POINT('',(10.4,-3.3,9.5));
#9660=CARTESIAN_POINT('',(-9.4,-1.4,9.5));
#9661=CARTESIAN_POINT('',(-9.4,-2.5,9.5));
#9662=CARTESIAN_POINT('',(-9.4,-1.4,9.5));
#9663=CARTESIAN_POINT('',(9.4,-1.4,9.5));
#9664=CARTESIAN_POINT('',(-9.4,-1.4,9.5));
#9665=CARTESIAN_POINT('',(9.4,-2.5,9.5));
#9666=CARTESIAN_POINT('',(9.4,-1.4,9.5));
#9667=CARTESIAN_POINT('',(-9.4,-2.5,9.5));
#9668=CARTESIAN_POINT('Origin',(-10.4,-3.3,9.5));
#9669=CARTESIAN_POINT('',(-10.4,-3.3,4.));
#9670=CARTESIAN_POINT('',(-10.4,-3.3,4.));
#9671=CARTESIAN_POINT('',(-10.4,-3.3,9.5));
#9672=CARTESIAN_POINT('Origin',(-10.4,-3.3,4.));
#9673=CARTESIAN_POINT('',(10.4,-3.3,4.));
#9674=CARTESIAN_POINT('',(10.4,-3.3,4.));
#9675=CARTESIAN_POINT('',(-10.4,-3.3,4.));
#9676=CARTESIAN_POINT('Origin',(10.4,-3.3,9.5));
#9677=CARTESIAN_POINT('',(10.4,-3.3,9.5));
#9678=CARTESIAN_POINT('Origin',(0.,-3.3,0.));
#9679=CARTESIAN_POINT('Origin',(8.7,0.2,-9.1));
#9680=CARTESIAN_POINT('',(8.7,0.2,-9.9));
#9681=CARTESIAN_POINT('',(8.7,0.2,-9.9));
#9682=CARTESIAN_POINT('',(8.7,0.2,-9.1));
#9683=CARTESIAN_POINT('',(8.7,0.2,-9.1));
#9684=CARTESIAN_POINT('',(8.7,0.2,-9.1));
#9685=CARTESIAN_POINT('Origin',(8.7,0.2,-9.9));
#9686=CARTESIAN_POINT('',(7.48,0.2,-9.9));
#9687=CARTESIAN_POINT('',(7.48,0.2,-9.9));
#9688=CARTESIAN_POINT('',(8.7,0.2,-9.9));
#9689=CARTESIAN_POINT('Origin',(7.48,0.2,-9.1));
#9690=CARTESIAN_POINT('',(7.48,0.2,-9.1));
#9691=CARTESIAN_POINT('',(7.48,0.2,-9.1));
#9692=CARTESIAN_POINT('',(7.48,0.2,-9.1));
#9693=CARTESIAN_POINT('Origin',(8.7,0.2,-9.1));
#9694=CARTESIAN_POINT('',(8.7,0.2,-9.1));
#9695=CARTESIAN_POINT('Origin',(0.,0.2,0.));
#9696=CARTESIAN_POINT('Origin',(-9.4,-1.4,9.));
#9697=CARTESIAN_POINT('',(-9.4,-2.5,9.));
#9698=CARTESIAN_POINT('',(-9.4,-2.5,9.));
#9699=CARTESIAN_POINT('',(-9.4,-1.4,9.));
#9700=CARTESIAN_POINT('',(-9.4,-1.4,9.));
#9701=CARTESIAN_POINT('',(-9.4,-1.4,9.));
#9702=CARTESIAN_POINT('Origin',(-9.4,-1.4,9.));
#9703=CARTESIAN_POINT('',(9.4,-1.4,9.));
#9704=CARTESIAN_POINT('',(-9.4,-1.4,9.));
#9705=CARTESIAN_POINT('',(9.4,-1.4,9.));
#9706=CARTESIAN_POINT('Origin',(9.4,-1.4,9.));
#9707=CARTESIAN_POINT('',(9.4,-2.5,9.));
#9708=CARTESIAN_POINT('',(9.4,-1.4,9.));
#9709=CARTESIAN_POINT('',(9.4,-2.5,9.));
#9710=CARTESIAN_POINT('Origin',(-9.4,-2.5,9.));
#9711=CARTESIAN_POINT('',(-9.4,-2.5,9.));
#9712=CARTESIAN_POINT('Origin',(0.,0.,9.));
#9713=CARTESIAN_POINT('',(0.,0.,0.));
#9714=CARTESIAN_POINT('',(0.,0.,0.));
#9715=CARTESIAN_POINT('',(0.,0.,0.));
#9716=CARTESIAN_POINT('',(0.,0.,0.));
#9717=CARTESIAN_POINT('Origin',(-0.16,0.35,-2.37477532985813));
#9718=CARTESIAN_POINT('',(-0.16,0.35,-2.30477532985813));
#9719=CARTESIAN_POINT('Origin',(-0.16,0.35,-2.27477532985813));
#9720=CARTESIAN_POINT('',(-0.16,0.390517578860112,-2.43185707653178));
#9721=CARTESIAN_POINT('Origin',(-0.16,0.35,-2.37477532985813));
#9722=CARTESIAN_POINT('Origin',(-0.16,0.407882255514446,-2.45632068224906));
#9723=CARTESIAN_POINT('Origin',(-0.32,0.35,-2.37477532985813));
#9724=CARTESIAN_POINT('',(-0.32,0.35,-2.30477532985813));
#9725=CARTESIAN_POINT('Origin',(-0.32,0.35,-2.27477532985813));
#9726=CARTESIAN_POINT('',(-0.32,0.390517578860112,-2.43185707653178));
#9727=CARTESIAN_POINT('Origin',(-0.32,0.35,-2.37477532985813));
#9728=CARTESIAN_POINT('Origin',(-0.32,0.407882255514446,-2.45632068224906));
#9729=CARTESIAN_POINT('Origin',(-0.48,0.35,-2.37477532985813));
#9730=CARTESIAN_POINT('',(-0.48,0.35,-2.30477532985813));
#9731=CARTESIAN_POINT('Origin',(-0.48,0.35,-2.27477532985813));
#9732=CARTESIAN_POINT('',(-0.48,0.390517578860112,-2.43185707653178));
#9733=CARTESIAN_POINT('Origin',(-0.48,0.35,-2.37477532985813));
#9734=CARTESIAN_POINT('Origin',(-0.48,0.407882255514446,-2.45632068224906));
#9735=CARTESIAN_POINT('Origin',(-0.64,0.35,-2.37477532985813));
#9736=CARTESIAN_POINT('',(-0.64,0.35,-2.30477532985813));
#9737=CARTESIAN_POINT('Origin',(-0.64,0.35,-2.27477532985813));
#9738=CARTESIAN_POINT('',(-0.64,0.390517578860112,-2.43185707653178));
#9739=CARTESIAN_POINT('Origin',(-0.64,0.35,-2.37477532985813));
#9740=CARTESIAN_POINT('Origin',(-0.64,0.407882255514446,-2.45632068224906));
#9741=CARTESIAN_POINT('Origin',(-0.8,0.35,-2.37477532985813));
#9742=CARTESIAN_POINT('',(-0.8,0.35,-2.30477532985813));
#9743=CARTESIAN_POINT('Origin',(-0.8,0.35,-2.27477532985813));
#9744=CARTESIAN_POINT('',(-0.8,0.390517578860112,-2.43185707653178));
#9745=CARTESIAN_POINT('Origin',(-0.8,0.35,-2.37477532985813));
#9746=CARTESIAN_POINT('Origin',(-0.8,0.407882255514446,-2.45632068224906));
#9747=CARTESIAN_POINT('Origin',(-0.96,0.35,-2.37477532985813));
#9748=CARTESIAN_POINT('',(-0.96,0.35,-2.30477532985813));
#9749=CARTESIAN_POINT('Origin',(-0.96,0.35,-2.27477532985813));
#9750=CARTESIAN_POINT('',(-0.96,0.390517578860112,-2.43185707653178));
#9751=CARTESIAN_POINT('Origin',(-0.96,0.35,-2.37477532985813));
#9752=CARTESIAN_POINT('Origin',(-0.96,0.407882255514446,-2.45632068224906));
#9753=CARTESIAN_POINT('Origin',(-1.12,0.35,-2.37477532985813));
#9754=CARTESIAN_POINT('',(-1.12,0.35,-2.30477532985813));
#9755=CARTESIAN_POINT('Origin',(-1.12,0.35,-2.27477532985813));
#9756=CARTESIAN_POINT('',(-1.12,0.390517578860112,-2.43185707653178));
#9757=CARTESIAN_POINT('Origin',(-1.12,0.35,-2.37477532985813));
#9758=CARTESIAN_POINT('Origin',(-1.12,0.407882255514446,-2.45632068224906));
#9759=CARTESIAN_POINT('Origin',(-1.28,0.35,-2.37477532985813));
#9760=CARTESIAN_POINT('',(-1.28,0.35,-2.30477532985813));
#9761=CARTESIAN_POINT('Origin',(-1.28,0.35,-2.27477532985813));
#9762=CARTESIAN_POINT('',(-1.28,0.390517578860112,-2.43185707653178));
#9763=CARTESIAN_POINT('Origin',(-1.28,0.35,-2.37477532985813));
#9764=CARTESIAN_POINT('Origin',(-1.28,0.407882255514446,-2.45632068224906));
#9765=CARTESIAN_POINT('Origin',(-1.44,0.35,-2.37477532985813));
#9766=CARTESIAN_POINT('',(-1.44,0.35,-2.30477532985813));
#9767=CARTESIAN_POINT('Origin',(-1.44,0.35,-2.27477532985813));
#9768=CARTESIAN_POINT('',(-1.44,0.390517578860112,-2.43185707653178));
#9769=CARTESIAN_POINT('Origin',(-1.44,0.35,-2.37477532985813));
#9770=CARTESIAN_POINT('Origin',(-1.44,0.407882255514446,-2.45632068224906));
#9771=CARTESIAN_POINT('Origin',(-1.6,0.35,-2.37477532985813));
#9772=CARTESIAN_POINT('',(-1.6,0.35,-2.30477532985813));
#9773=CARTESIAN_POINT('Origin',(-1.6,0.35,-2.27477532985813));
#9774=CARTESIAN_POINT('',(-1.6,0.390517578860112,-2.43185707653178));
#9775=CARTESIAN_POINT('Origin',(-1.6,0.35,-2.37477532985813));
#9776=CARTESIAN_POINT('Origin',(-1.6,0.407882255514446,-2.45632068224906));
#9777=CARTESIAN_POINT('Origin',(-1.76,0.35,-2.37477532985813));
#9778=CARTESIAN_POINT('',(-1.76,0.35,-2.30477532985813));
#9779=CARTESIAN_POINT('Origin',(-1.76,0.35,-2.27477532985813));
#9780=CARTESIAN_POINT('',(-1.76,0.390517578860112,-2.43185707653178));
#9781=CARTESIAN_POINT('Origin',(-1.76,0.35,-2.37477532985813));
#9782=CARTESIAN_POINT('Origin',(-1.76,0.407882255514446,-2.45632068224906));
#9783=CARTESIAN_POINT('Origin',(-1.92,0.35,-2.37477532985813));
#9784=CARTESIAN_POINT('',(-1.92,0.35,-2.30477532985813));
#9785=CARTESIAN_POINT('Origin',(-1.92,0.35,-2.27477532985813));
#9786=CARTESIAN_POINT('',(-1.92,0.390517578860112,-2.43185707653178));
#9787=CARTESIAN_POINT('Origin',(-1.92,0.35,-2.37477532985813));
#9788=CARTESIAN_POINT('Origin',(-1.92,0.407882255514446,-2.45632068224906));
#9789=CARTESIAN_POINT('Origin',(-2.08,0.35,-2.37477532985813));
#9790=CARTESIAN_POINT('',(-2.08,0.35,-2.30477532985813));
#9791=CARTESIAN_POINT('Origin',(-2.08,0.35,-2.27477532985813));
#9792=CARTESIAN_POINT('',(-2.08,0.390517578860112,-2.43185707653178));
#9793=CARTESIAN_POINT('Origin',(-2.08,0.35,-2.37477532985813));
#9794=CARTESIAN_POINT('Origin',(-2.08,0.407882255514446,-2.45632068224906));
#9795=CARTESIAN_POINT('Origin',(-2.24,0.35,-2.37477532985813));
#9796=CARTESIAN_POINT('',(-2.24,0.35,-2.30477532985813));
#9797=CARTESIAN_POINT('Origin',(-2.24,0.35,-2.27477532985813));
#9798=CARTESIAN_POINT('',(-2.24,0.390517578860112,-2.43185707653178));
#9799=CARTESIAN_POINT('Origin',(-2.24,0.35,-2.37477532985813));
#9800=CARTESIAN_POINT('Origin',(-2.24,0.407882255514446,-2.45632068224906));
#9801=CARTESIAN_POINT('Origin',(-2.4,0.35,-2.37477532985813));
#9802=CARTESIAN_POINT('',(-2.4,0.35,-2.30477532985813));
#9803=CARTESIAN_POINT('Origin',(-2.4,0.35,-2.27477532985813));
#9804=CARTESIAN_POINT('',(-2.4,0.390517578860112,-2.43185707653178));
#9805=CARTESIAN_POINT('Origin',(-2.4,0.35,-2.37477532985813));
#9806=CARTESIAN_POINT('Origin',(-2.4,0.407882255514446,-2.45632068224906));
#9807=CARTESIAN_POINT('Origin',(2.4,0.35,-2.37477532985813));
#9808=CARTESIAN_POINT('',(2.4,0.35,-2.30477532985813));
#9809=CARTESIAN_POINT('Origin',(2.4,0.35,-2.27477532985813));
#9810=CARTESIAN_POINT('',(2.4,0.390517578860112,-2.43185707653178));
#9811=CARTESIAN_POINT('Origin',(2.4,0.35,-2.37477532985813));
#9812=CARTESIAN_POINT('Origin',(2.4,0.407882255514446,-2.45632068224906));
#9813=CARTESIAN_POINT('Origin',(2.24,0.35,-2.37477532985813));
#9814=CARTESIAN_POINT('',(2.24,0.35,-2.30477532985813));
#9815=CARTESIAN_POINT('Origin',(2.24,0.35,-2.27477532985813));
#9816=CARTESIAN_POINT('',(2.24,0.390517578860112,-2.43185707653178));
#9817=CARTESIAN_POINT('Origin',(2.24,0.35,-2.37477532985813));
#9818=CARTESIAN_POINT('Origin',(2.24,0.407882255514446,-2.45632068224906));
#9819=CARTESIAN_POINT('Origin',(2.08,0.35,-2.37477532985813));
#9820=CARTESIAN_POINT('',(2.08,0.35,-2.30477532985813));
#9821=CARTESIAN_POINT('Origin',(2.08,0.35,-2.27477532985813));
#9822=CARTESIAN_POINT('',(2.08,0.390517578860112,-2.43185707653178));
#9823=CARTESIAN_POINT('Origin',(2.08,0.35,-2.37477532985813));
#9824=CARTESIAN_POINT('Origin',(2.08,0.407882255514446,-2.45632068224906));
#9825=CARTESIAN_POINT('Origin',(1.92,0.35,-2.37477532985813));
#9826=CARTESIAN_POINT('',(1.92,0.35,-2.30477532985813));
#9827=CARTESIAN_POINT('Origin',(1.92,0.35,-2.27477532985813));
#9828=CARTESIAN_POINT('',(1.92,0.390517578860112,-2.43185707653178));
#9829=CARTESIAN_POINT('Origin',(1.92,0.35,-2.37477532985813));
#9830=CARTESIAN_POINT('Origin',(1.92,0.407882255514446,-2.45632068224906));
#9831=CARTESIAN_POINT('Origin',(1.76,0.35,-2.37477532985813));
#9832=CARTESIAN_POINT('',(1.76,0.35,-2.30477532985813));
#9833=CARTESIAN_POINT('Origin',(1.76,0.35,-2.27477532985813));
#9834=CARTESIAN_POINT('',(1.76,0.390517578860112,-2.43185707653178));
#9835=CARTESIAN_POINT('Origin',(1.76,0.35,-2.37477532985813));
#9836=CARTESIAN_POINT('Origin',(1.76,0.407882255514446,-2.45632068224906));
#9837=CARTESIAN_POINT('Origin',(1.6,0.35,-2.37477532985813));
#9838=CARTESIAN_POINT('',(1.6,0.35,-2.30477532985813));
#9839=CARTESIAN_POINT('Origin',(1.6,0.35,-2.27477532985813));
#9840=CARTESIAN_POINT('',(1.6,0.390517578860112,-2.43185707653178));
#9841=CARTESIAN_POINT('Origin',(1.6,0.35,-2.37477532985813));
#9842=CARTESIAN_POINT('Origin',(1.6,0.407882255514446,-2.45632068224906));
#9843=CARTESIAN_POINT('Origin',(1.44,0.35,-2.37477532985813));
#9844=CARTESIAN_POINT('',(1.44,0.35,-2.30477532985813));
#9845=CARTESIAN_POINT('Origin',(1.44,0.35,-2.27477532985813));
#9846=CARTESIAN_POINT('',(1.44,0.390517578860112,-2.43185707653178));
#9847=CARTESIAN_POINT('Origin',(1.44,0.35,-2.37477532985813));
#9848=CARTESIAN_POINT('Origin',(1.44,0.407882255514446,-2.45632068224906));
#9849=CARTESIAN_POINT('Origin',(1.28,0.35,-2.37477532985813));
#9850=CARTESIAN_POINT('',(1.28,0.35,-2.30477532985813));
#9851=CARTESIAN_POINT('Origin',(1.28,0.35,-2.27477532985813));
#9852=CARTESIAN_POINT('',(1.28,0.390517578860112,-2.43185707653178));
#9853=CARTESIAN_POINT('Origin',(1.28,0.35,-2.37477532985813));
#9854=CARTESIAN_POINT('Origin',(1.28,0.407882255514446,-2.45632068224906));
#9855=CARTESIAN_POINT('Origin',(1.12,0.35,-2.37477532985813));
#9856=CARTESIAN_POINT('',(1.12,0.35,-2.30477532985813));
#9857=CARTESIAN_POINT('Origin',(1.12,0.35,-2.27477532985813));
#9858=CARTESIAN_POINT('',(1.12,0.390517578860112,-2.43185707653178));
#9859=CARTESIAN_POINT('Origin',(1.12,0.35,-2.37477532985813));
#9860=CARTESIAN_POINT('Origin',(1.12,0.407882255514446,-2.45632068224906));
#9861=CARTESIAN_POINT('Origin',(0.96,0.35,-2.37477532985813));
#9862=CARTESIAN_POINT('',(0.96,0.35,-2.30477532985813));
#9863=CARTESIAN_POINT('Origin',(0.96,0.35,-2.27477532985813));
#9864=CARTESIAN_POINT('',(0.96,0.390517578860112,-2.43185707653178));
#9865=CARTESIAN_POINT('Origin',(0.96,0.35,-2.37477532985813));
#9866=CARTESIAN_POINT('Origin',(0.96,0.407882255514446,-2.45632068224906));
#9867=CARTESIAN_POINT('Origin',(0.8,0.35,-2.37477532985813));
#9868=CARTESIAN_POINT('',(0.8,0.35,-2.30477532985813));
#9869=CARTESIAN_POINT('Origin',(0.8,0.35,-2.27477532985813));
#9870=CARTESIAN_POINT('',(0.8,0.390517578860112,-2.43185707653178));
#9871=CARTESIAN_POINT('Origin',(0.8,0.35,-2.37477532985813));
#9872=CARTESIAN_POINT('Origin',(0.8,0.407882255514446,-2.45632068224906));
#9873=CARTESIAN_POINT('Origin',(0.64,0.35,-2.37477532985813));
#9874=CARTESIAN_POINT('',(0.64,0.35,-2.30477532985813));
#9875=CARTESIAN_POINT('Origin',(0.64,0.35,-2.27477532985813));
#9876=CARTESIAN_POINT('',(0.64,0.390517578860112,-2.43185707653178));
#9877=CARTESIAN_POINT('Origin',(0.64,0.35,-2.37477532985813));
#9878=CARTESIAN_POINT('Origin',(0.64,0.407882255514446,-2.45632068224906));
#9879=CARTESIAN_POINT('Origin',(0.48,0.35,-2.37477532985813));
#9880=CARTESIAN_POINT('',(0.48,0.35,-2.30477532985813));
#9881=CARTESIAN_POINT('Origin',(0.48,0.35,-2.27477532985813));
#9882=CARTESIAN_POINT('',(0.48,0.390517578860112,-2.43185707653178));
#9883=CARTESIAN_POINT('Origin',(0.48,0.35,-2.37477532985813));
#9884=CARTESIAN_POINT('Origin',(0.48,0.407882255514446,-2.45632068224906));
#9885=CARTESIAN_POINT('Origin',(0.32,0.35,-2.37477532985813));
#9886=CARTESIAN_POINT('',(0.32,0.35,-2.30477532985813));
#9887=CARTESIAN_POINT('Origin',(0.32,0.35,-2.27477532985813));
#9888=CARTESIAN_POINT('',(0.32,0.390517578860112,-2.43185707653178));
#9889=CARTESIAN_POINT('Origin',(0.32,0.35,-2.37477532985813));
#9890=CARTESIAN_POINT('Origin',(0.32,0.407882255514446,-2.45632068224906));
#9891=CARTESIAN_POINT('Origin',(0.16,0.35,-2.37477532985813));
#9892=CARTESIAN_POINT('',(0.16,0.35,-2.30477532985813));
#9893=CARTESIAN_POINT('Origin',(0.16,0.35,-2.27477532985813));
#9894=CARTESIAN_POINT('',(0.16,0.390517578860112,-2.43185707653178));
#9895=CARTESIAN_POINT('Origin',(0.16,0.35,-2.37477532985813));
#9896=CARTESIAN_POINT('Origin',(0.16,0.407882255514446,-2.45632068224906));
#9897=CARTESIAN_POINT('Origin',(0.,0.35,-2.37477532985813));
#9898=CARTESIAN_POINT('',(-3.67394039744204E-18,0.35,-2.30477532985813));
#9899=CARTESIAN_POINT('Origin',(0.,0.35,-2.27477532985813));
#9900=CARTESIAN_POINT('',(3.67394039744205E-18,0.390517578860112,-2.43185707653178));
#9901=CARTESIAN_POINT('Origin',(-3.67394039744205E-18,0.35,-2.37477532985813));
#9902=CARTESIAN_POINT('Origin',(0.,0.407882255514446,-2.45632068224906));
#9903=CARTESIAN_POINT('Origin',(-0.16,0.35,2.37477532985813));
#9904=CARTESIAN_POINT('',(-0.16,0.35,2.30477532985813));
#9905=CARTESIAN_POINT('Origin',(-0.16,0.35,2.27477532985813));
#9906=CARTESIAN_POINT('',(-0.16,0.390517578860112,2.43185707653178));
#9907=CARTESIAN_POINT('Origin',(-0.16,0.35,2.37477532985813));
#9908=CARTESIAN_POINT('',(-0.16,0.42524693216878,2.48078428796633));
#9909=CARTESIAN_POINT('Origin',(-0.16,0.407882255514446,2.45632068224906));
#9910=CARTESIAN_POINT('Origin',(-0.16,0.407882255514446,2.45632068224906));
#9911=CARTESIAN_POINT('Origin',(-0.32,0.35,2.37477532985813));
#9912=CARTESIAN_POINT('',(-0.32,0.35,2.30477532985813));
#9913=CARTESIAN_POINT('Origin',(-0.32,0.35,2.27477532985813));
#9914=CARTESIAN_POINT('',(-0.32,0.390517578860112,2.43185707653178));
#9915=CARTESIAN_POINT('Origin',(-0.32,0.35,2.37477532985813));
#9916=CARTESIAN_POINT('',(-0.32,0.42524693216878,2.48078428796633));
#9917=CARTESIAN_POINT('Origin',(-0.32,0.407882255514446,2.45632068224906));
#9918=CARTESIAN_POINT('Origin',(-0.32,0.407882255514446,2.45632068224906));
#9919=CARTESIAN_POINT('Origin',(-0.48,0.35,2.37477532985813));
#9920=CARTESIAN_POINT('',(-0.48,0.35,2.30477532985813));
#9921=CARTESIAN_POINT('Origin',(-0.48,0.35,2.27477532985813));
#9922=CARTESIAN_POINT('',(-0.48,0.390517578860112,2.43185707653178));
#9923=CARTESIAN_POINT('Origin',(-0.48,0.35,2.37477532985813));
#9924=CARTESIAN_POINT('',(-0.48,0.42524693216878,2.48078428796633));
#9925=CARTESIAN_POINT('Origin',(-0.48,0.407882255514446,2.45632068224906));
#9926=CARTESIAN_POINT('Origin',(-0.48,0.407882255514446,2.45632068224906));
#9927=CARTESIAN_POINT('Origin',(-0.64,0.35,2.37477532985813));
#9928=CARTESIAN_POINT('',(-0.64,0.35,2.30477532985813));
#9929=CARTESIAN_POINT('Origin',(-0.64,0.35,2.27477532985813));
#9930=CARTESIAN_POINT('',(-0.64,0.390517578860112,2.43185707653178));
#9931=CARTESIAN_POINT('Origin',(-0.64,0.35,2.37477532985813));
#9932=CARTESIAN_POINT('',(-0.64,0.42524693216878,2.48078428796633));
#9933=CARTESIAN_POINT('Origin',(-0.64,0.407882255514446,2.45632068224906));
#9934=CARTESIAN_POINT('Origin',(-0.64,0.407882255514446,2.45632068224906));
#9935=CARTESIAN_POINT('Origin',(-0.8,0.35,2.37477532985813));
#9936=CARTESIAN_POINT('',(-0.8,0.35,2.30477532985813));
#9937=CARTESIAN_POINT('Origin',(-0.8,0.35,2.27477532985813));
#9938=CARTESIAN_POINT('',(-0.8,0.390517578860112,2.43185707653178));
#9939=CARTESIAN_POINT('Origin',(-0.8,0.35,2.37477532985813));
#9940=CARTESIAN_POINT('',(-0.8,0.42524693216878,2.48078428796633));
#9941=CARTESIAN_POINT('Origin',(-0.8,0.407882255514446,2.45632068224906));
#9942=CARTESIAN_POINT('Origin',(-0.8,0.407882255514446,2.45632068224906));
#9943=CARTESIAN_POINT('Origin',(-0.96,0.35,2.37477532985813));
#9944=CARTESIAN_POINT('',(-0.96,0.35,2.30477532985813));
#9945=CARTESIAN_POINT('Origin',(-0.96,0.35,2.27477532985813));
#9946=CARTESIAN_POINT('',(-0.96,0.390517578860112,2.43185707653178));
#9947=CARTESIAN_POINT('Origin',(-0.96,0.35,2.37477532985813));
#9948=CARTESIAN_POINT('',(-0.96,0.425246932168779,2.48078428796633));
#9949=CARTESIAN_POINT('Origin',(-0.96,0.407882255514446,2.45632068224906));
#9950=CARTESIAN_POINT('Origin',(-0.96,0.407882255514446,2.45632068224906));
#9951=CARTESIAN_POINT('Origin',(-1.12,0.35,2.37477532985813));
#9952=CARTESIAN_POINT('',(-1.12,0.35,2.30477532985813));
#9953=CARTESIAN_POINT('Origin',(-1.12,0.35,2.27477532985813));
#9954=CARTESIAN_POINT('',(-1.12,0.390517578860112,2.43185707653178));
#9955=CARTESIAN_POINT('Origin',(-1.12,0.35,2.37477532985813));
#9956=CARTESIAN_POINT('',(-1.12,0.425246932168779,2.48078428796633));
#9957=CARTESIAN_POINT('Origin',(-1.12,0.407882255514446,2.45632068224906));
#9958=CARTESIAN_POINT('Origin',(-1.12,0.407882255514446,2.45632068224906));
#9959=CARTESIAN_POINT('Origin',(-1.28,0.35,2.37477532985813));
#9960=CARTESIAN_POINT('',(-1.28,0.35,2.30477532985813));
#9961=CARTESIAN_POINT('Origin',(-1.28,0.35,2.27477532985813));
#9962=CARTESIAN_POINT('',(-1.28,0.390517578860112,2.43185707653178));
#9963=CARTESIAN_POINT('Origin',(-1.28,0.35,2.37477532985813));
#9964=CARTESIAN_POINT('',(-1.28,0.425246932168779,2.48078428796633));
#9965=CARTESIAN_POINT('Origin',(-1.28,0.407882255514446,2.45632068224906));
#9966=CARTESIAN_POINT('Origin',(-1.28,0.407882255514446,2.45632068224906));
#9967=CARTESIAN_POINT('Origin',(-1.44,0.35,2.37477532985813));
#9968=CARTESIAN_POINT('',(-1.44,0.35,2.30477532985813));
#9969=CARTESIAN_POINT('Origin',(-1.44,0.35,2.27477532985813));
#9970=CARTESIAN_POINT('',(-1.44,0.390517578860112,2.43185707653178));
#9971=CARTESIAN_POINT('Origin',(-1.44,0.35,2.37477532985813));
#9972=CARTESIAN_POINT('',(-1.44,0.425246932168779,2.48078428796633));
#9973=CARTESIAN_POINT('Origin',(-1.44,0.407882255514446,2.45632068224906));
#9974=CARTESIAN_POINT('Origin',(-1.44,0.407882255514446,2.45632068224906));
#9975=CARTESIAN_POINT('Origin',(-1.6,0.35,2.37477532985813));
#9976=CARTESIAN_POINT('',(-1.6,0.35,2.30477532985813));
#9977=CARTESIAN_POINT('Origin',(-1.6,0.35,2.27477532985813));
#9978=CARTESIAN_POINT('',(-1.6,0.390517578860112,2.43185707653178));
#9979=CARTESIAN_POINT('Origin',(-1.6,0.35,2.37477532985813));
#9980=CARTESIAN_POINT('',(-1.6,0.425246932168779,2.48078428796633));
#9981=CARTESIAN_POINT('Origin',(-1.6,0.407882255514446,2.45632068224906));
#9982=CARTESIAN_POINT('Origin',(-1.6,0.407882255514446,2.45632068224906));
#9983=CARTESIAN_POINT('Origin',(-1.76,0.35,2.37477532985813));
#9984=CARTESIAN_POINT('',(-1.76,0.35,2.30477532985813));
#9985=CARTESIAN_POINT('Origin',(-1.76,0.35,2.27477532985813));
#9986=CARTESIAN_POINT('',(-1.76,0.390517578860112,2.43185707653178));
#9987=CARTESIAN_POINT('Origin',(-1.76,0.35,2.37477532985813));
#9988=CARTESIAN_POINT('',(-1.76,0.425246932168779,2.48078428796633));
#9989=CARTESIAN_POINT('Origin',(-1.76,0.407882255514446,2.45632068224906));
#9990=CARTESIAN_POINT('Origin',(-1.76,0.407882255514446,2.45632068224906));
#9991=CARTESIAN_POINT('Origin',(-1.92,0.35,2.37477532985813));
#9992=CARTESIAN_POINT('',(-1.92,0.35,2.30477532985813));
#9993=CARTESIAN_POINT('Origin',(-1.92,0.35,2.27477532985813));
#9994=CARTESIAN_POINT('',(-1.92,0.390517578860112,2.43185707653178));
#9995=CARTESIAN_POINT('Origin',(-1.92,0.35,2.37477532985813));
#9996=CARTESIAN_POINT('',(-1.92,0.425246932168779,2.48078428796633));
#9997=CARTESIAN_POINT('Origin',(-1.92,0.407882255514446,2.45632068224906));
#9998=CARTESIAN_POINT('Origin',(-1.92,0.407882255514446,2.45632068224906));
#9999=CARTESIAN_POINT('Origin',(-2.08,0.35,2.37477532985813));
#10000=CARTESIAN_POINT('',(-2.08,0.35,2.30477532985813));
#10001=CARTESIAN_POINT('Origin',(-2.08,0.35,2.27477532985813));
#10002=CARTESIAN_POINT('',(-2.08,0.390517578860112,2.43185707653178));
#10003=CARTESIAN_POINT('Origin',(-2.08,0.35,2.37477532985813));
#10004=CARTESIAN_POINT('',(-2.08,0.425246932168779,2.48078428796633));
#10005=CARTESIAN_POINT('Origin',(-2.08,0.407882255514446,2.45632068224906));
#10006=CARTESIAN_POINT('Origin',(-2.08,0.407882255514446,2.45632068224906));
#10007=CARTESIAN_POINT('Origin',(-2.24,0.35,2.37477532985813));
#10008=CARTESIAN_POINT('',(-2.24,0.35,2.30477532985813));
#10009=CARTESIAN_POINT('Origin',(-2.24,0.35,2.27477532985813));
#10010=CARTESIAN_POINT('',(-2.24,0.390517578860112,2.43185707653178));
#10011=CARTESIAN_POINT('Origin',(-2.24,0.35,2.37477532985813));
#10012=CARTESIAN_POINT('',(-2.24,0.425246932168779,2.48078428796633));
#10013=CARTESIAN_POINT('Origin',(-2.24,0.407882255514446,2.45632068224906));
#10014=CARTESIAN_POINT('Origin',(-2.24,0.407882255514446,2.45632068224906));
#10015=CARTESIAN_POINT('Origin',(-2.4,0.35,2.37477532985813));
#10016=CARTESIAN_POINT('',(-2.4,0.35,2.30477532985813));
#10017=CARTESIAN_POINT('Origin',(-2.4,0.35,2.27477532985813));
#10018=CARTESIAN_POINT('',(-2.4,0.390517578860112,2.43185707653178));
#10019=CARTESIAN_POINT('Origin',(-2.4,0.35,2.37477532985813));
#10020=CARTESIAN_POINT('',(-2.4,0.425246932168779,2.48078428796633));
#10021=CARTESIAN_POINT('Origin',(-2.4,0.407882255514446,2.45632068224906));
#10022=CARTESIAN_POINT('Origin',(-2.4,0.407882255514446,2.45632068224906));
#10023=CARTESIAN_POINT('Origin',(2.4,0.35,2.37477532985813));
#10024=CARTESIAN_POINT('',(2.4,0.35,2.30477532985813));
#10025=CARTESIAN_POINT('Origin',(2.4,0.35,2.27477532985813));
#10026=CARTESIAN_POINT('',(2.4,0.390517578860112,2.43185707653178));
#10027=CARTESIAN_POINT('Origin',(2.4,0.35,2.37477532985813));
#10028=CARTESIAN_POINT('',(2.4,0.425246932168779,2.48078428796633));
#10029=CARTESIAN_POINT('Origin',(2.4,0.407882255514446,2.45632068224906));
#10030=CARTESIAN_POINT('Origin',(2.4,0.407882255514446,2.45632068224906));
#10031=CARTESIAN_POINT('Origin',(2.24,0.35,2.37477532985813));
#10032=CARTESIAN_POINT('',(2.24,0.35,2.30477532985813));
#10033=CARTESIAN_POINT('Origin',(2.24,0.35,2.27477532985813));
#10034=CARTESIAN_POINT('',(2.24,0.390517578860112,2.43185707653178));
#10035=CARTESIAN_POINT('Origin',(2.24,0.35,2.37477532985813));
#10036=CARTESIAN_POINT('',(2.24,0.425246932168779,2.48078428796633));
#10037=CARTESIAN_POINT('Origin',(2.24,0.407882255514446,2.45632068224906));
#10038=CARTESIAN_POINT('Origin',(2.24,0.407882255514446,2.45632068224906));
#10039=CARTESIAN_POINT('Origin',(2.08,0.35,2.37477532985813));
#10040=CARTESIAN_POINT('',(2.08,0.35,2.30477532985813));
#10041=CARTESIAN_POINT('Origin',(2.08,0.35,2.27477532985813));
#10042=CARTESIAN_POINT('',(2.08,0.390517578860112,2.43185707653178));
#10043=CARTESIAN_POINT('Origin',(2.08,0.35,2.37477532985813));
#10044=CARTESIAN_POINT('',(2.08,0.425246932168779,2.48078428796633));
#10045=CARTESIAN_POINT('Origin',(2.08,0.407882255514446,2.45632068224906));
#10046=CARTESIAN_POINT('Origin',(2.08,0.407882255514446,2.45632068224906));
#10047=CARTESIAN_POINT('Origin',(1.92,0.35,2.37477532985813));
#10048=CARTESIAN_POINT('',(1.92,0.35,2.30477532985813));
#10049=CARTESIAN_POINT('Origin',(1.92,0.35,2.27477532985813));
#10050=CARTESIAN_POINT('',(1.92,0.390517578860112,2.43185707653178));
#10051=CARTESIAN_POINT('Origin',(1.92,0.35,2.37477532985813));
#10052=CARTESIAN_POINT('',(1.92,0.425246932168779,2.48078428796633));
#10053=CARTESIAN_POINT('Origin',(1.92,0.407882255514446,2.45632068224906));
#10054=CARTESIAN_POINT('Origin',(1.92,0.407882255514446,2.45632068224906));
#10055=CARTESIAN_POINT('Origin',(1.76,0.35,2.37477532985813));
#10056=CARTESIAN_POINT('',(1.76,0.35,2.30477532985813));
#10057=CARTESIAN_POINT('Origin',(1.76,0.35,2.27477532985813));
#10058=CARTESIAN_POINT('',(1.76,0.390517578860112,2.43185707653178));
#10059=CARTESIAN_POINT('Origin',(1.76,0.35,2.37477532985813));
#10060=CARTESIAN_POINT('',(1.76,0.425246932168779,2.48078428796633));
#10061=CARTESIAN_POINT('Origin',(1.76,0.407882255514446,2.45632068224906));
#10062=CARTESIAN_POINT('Origin',(1.76,0.407882255514446,2.45632068224906));
#10063=CARTESIAN_POINT('Origin',(1.6,0.35,2.37477532985813));
#10064=CARTESIAN_POINT('',(1.6,0.35,2.30477532985813));
#10065=CARTESIAN_POINT('Origin',(1.6,0.35,2.27477532985813));
#10066=CARTESIAN_POINT('',(1.6,0.390517578860112,2.43185707653178));
#10067=CARTESIAN_POINT('Origin',(1.6,0.35,2.37477532985813));
#10068=CARTESIAN_POINT('',(1.6,0.425246932168779,2.48078428796633));
#10069=CARTESIAN_POINT('Origin',(1.6,0.407882255514446,2.45632068224906));
#10070=CARTESIAN_POINT('Origin',(1.6,0.407882255514446,2.45632068224906));
#10071=CARTESIAN_POINT('Origin',(1.44,0.35,2.37477532985813));
#10072=CARTESIAN_POINT('',(1.44,0.35,2.30477532985813));
#10073=CARTESIAN_POINT('Origin',(1.44,0.35,2.27477532985813));
#10074=CARTESIAN_POINT('',(1.44,0.390517578860112,2.43185707653178));
#10075=CARTESIAN_POINT('Origin',(1.44,0.35,2.37477532985813));
#10076=CARTESIAN_POINT('',(1.44,0.425246932168779,2.48078428796633));
#10077=CARTESIAN_POINT('Origin',(1.44,0.407882255514446,2.45632068224906));
#10078=CARTESIAN_POINT('Origin',(1.44,0.407882255514446,2.45632068224906));
#10079=CARTESIAN_POINT('Origin',(1.28,0.35,2.37477532985813));
#10080=CARTESIAN_POINT('',(1.28,0.35,2.30477532985813));
#10081=CARTESIAN_POINT('Origin',(1.28,0.35,2.27477532985813));
#10082=CARTESIAN_POINT('',(1.28,0.390517578860112,2.43185707653178));
#10083=CARTESIAN_POINT('Origin',(1.28,0.35,2.37477532985813));
#10084=CARTESIAN_POINT('',(1.28,0.425246932168779,2.48078428796633));
#10085=CARTESIAN_POINT('Origin',(1.28,0.407882255514446,2.45632068224906));
#10086=CARTESIAN_POINT('Origin',(1.28,0.407882255514446,2.45632068224906));
#10087=CARTESIAN_POINT('Origin',(1.12,0.35,2.37477532985813));
#10088=CARTESIAN_POINT('',(1.12,0.35,2.30477532985813));
#10089=CARTESIAN_POINT('Origin',(1.12,0.35,2.27477532985813));
#10090=CARTESIAN_POINT('',(1.12,0.390517578860112,2.43185707653178));
#10091=CARTESIAN_POINT('Origin',(1.12,0.35,2.37477532985813));
#10092=CARTESIAN_POINT('',(1.12,0.425246932168779,2.48078428796633));
#10093=CARTESIAN_POINT('Origin',(1.12,0.407882255514446,2.45632068224906));
#10094=CARTESIAN_POINT('Origin',(1.12,0.407882255514446,2.45632068224906));
#10095=CARTESIAN_POINT('Origin',(0.96,0.35,2.37477532985813));
#10096=CARTESIAN_POINT('',(0.96,0.35,2.30477532985813));
#10097=CARTESIAN_POINT('Origin',(0.96,0.35,2.27477532985813));
#10098=CARTESIAN_POINT('',(0.96,0.390517578860112,2.43185707653178));
#10099=CARTESIAN_POINT('Origin',(0.96,0.35,2.37477532985813));
#10100=CARTESIAN_POINT('',(0.96,0.425246932168779,2.48078428796633));
#10101=CARTESIAN_POINT('Origin',(0.96,0.407882255514446,2.45632068224906));
#10102=CARTESIAN_POINT('Origin',(0.96,0.407882255514446,2.45632068224906));
#10103=CARTESIAN_POINT('Origin',(0.8,0.35,2.37477532985813));
#10104=CARTESIAN_POINT('',(0.8,0.35,2.30477532985813));
#10105=CARTESIAN_POINT('Origin',(0.8,0.35,2.27477532985813));
#10106=CARTESIAN_POINT('',(0.8,0.390517578860112,2.43185707653178));
#10107=CARTESIAN_POINT('Origin',(0.8,0.35,2.37477532985813));
#10108=CARTESIAN_POINT('',(0.8,0.42524693216878,2.48078428796633));
#10109=CARTESIAN_POINT('Origin',(0.8,0.407882255514446,2.45632068224906));
#10110=CARTESIAN_POINT('Origin',(0.8,0.407882255514446,2.45632068224906));
#10111=CARTESIAN_POINT('Origin',(0.64,0.35,2.37477532985813));
#10112=CARTESIAN_POINT('',(0.64,0.35,2.30477532985813));
#10113=CARTESIAN_POINT('Origin',(0.64,0.35,2.27477532985813));
#10114=CARTESIAN_POINT('',(0.64,0.390517578860112,2.43185707653178));
#10115=CARTESIAN_POINT('Origin',(0.64,0.35,2.37477532985813));
#10116=CARTESIAN_POINT('',(0.64,0.42524693216878,2.48078428796633));
#10117=CARTESIAN_POINT('Origin',(0.64,0.407882255514446,2.45632068224906));
#10118=CARTESIAN_POINT('Origin',(0.64,0.407882255514446,2.45632068224906));
#10119=CARTESIAN_POINT('Origin',(0.48,0.35,2.37477532985813));
#10120=CARTESIAN_POINT('',(0.48,0.35,2.30477532985813));
#10121=CARTESIAN_POINT('Origin',(0.48,0.35,2.27477532985813));
#10122=CARTESIAN_POINT('',(0.48,0.390517578860112,2.43185707653178));
#10123=CARTESIAN_POINT('Origin',(0.48,0.35,2.37477532985813));
#10124=CARTESIAN_POINT('',(0.48,0.42524693216878,2.48078428796633));
#10125=CARTESIAN_POINT('Origin',(0.48,0.407882255514446,2.45632068224906));
#10126=CARTESIAN_POINT('Origin',(0.48,0.407882255514446,2.45632068224906));
#10127=CARTESIAN_POINT('Origin',(0.32,0.35,2.37477532985813));
#10128=CARTESIAN_POINT('',(0.32,0.35,2.30477532985813));
#10129=CARTESIAN_POINT('Origin',(0.32,0.35,2.27477532985813));
#10130=CARTESIAN_POINT('',(0.32,0.390517578860112,2.43185707653178));
#10131=CARTESIAN_POINT('Origin',(0.32,0.35,2.37477532985813));
#10132=CARTESIAN_POINT('',(0.32,0.42524693216878,2.48078428796633));
#10133=CARTESIAN_POINT('Origin',(0.32,0.407882255514446,2.45632068224906));
#10134=CARTESIAN_POINT('Origin',(0.32,0.407882255514446,2.45632068224906));
#10135=CARTESIAN_POINT('Origin',(0.16,0.35,2.37477532985813));
#10136=CARTESIAN_POINT('',(0.16,0.35,2.30477532985813));
#10137=CARTESIAN_POINT('Origin',(0.16,0.35,2.27477532985813));
#10138=CARTESIAN_POINT('',(0.16,0.390517578860112,2.43185707653178));
#10139=CARTESIAN_POINT('Origin',(0.16,0.35,2.37477532985813));
#10140=CARTESIAN_POINT('',(0.16,0.42524693216878,2.48078428796633));
#10141=CARTESIAN_POINT('Origin',(0.16,0.407882255514446,2.45632068224906));
#10142=CARTESIAN_POINT('Origin',(0.16,0.407882255514446,2.45632068224906));
#10143=CARTESIAN_POINT('Origin',(0.,0.35,2.37477532985813));
#10144=CARTESIAN_POINT('',(0.,0.35,2.30477532985813));
#10145=CARTESIAN_POINT('Origin',(0.,0.35,2.27477532985813));
#10146=CARTESIAN_POINT('',(0.,0.390517578860112,2.43185707653178));
#10147=CARTESIAN_POINT('Origin',(3.67394039744205E-18,0.35,2.37477532985813));
#10148=CARTESIAN_POINT('',(-3.67394039744207E-18,0.42524693216878,2.48078428796633));
#10149=CARTESIAN_POINT('Origin',(0.,0.407882255514446,2.45632068224906));
#10150=CARTESIAN_POINT('Origin',(0.,0.407882255514446,2.45632068224906));
#10151=CARTESIAN_POINT('Origin',(-0.16,0.407882255514446,-2.45632068224906));
#10152=CARTESIAN_POINT('',(-0.13,3.60477950471355E-17,-2.7458423317517));
#10153=CARTESIAN_POINT('',(-0.19,3.60477950471355E-17,-2.7458423317517));
#10154=CARTESIAN_POINT('Origin',(-0.16,5.42101086242752E-17,-2.7458423317517));
#10155=CARTESIAN_POINT('',(-0.16,-5.42101086242752E-17,-2.70905298800568));
#10156=CARTESIAN_POINT('Origin',(-0.160000000000028,6.7958782918135E-17,
-2.74584233175173));
#10157=CARTESIAN_POINT('',(-0.16,0.390517578860112,-2.43185707653178));
#10158=CARTESIAN_POINT('Origin',(-0.160000000000028,6.7958782918135E-17,
-2.74584233175173));
#10159=CARTESIAN_POINT('Origin',(-0.32,0.407882255514446,-2.45632068224906));
#10160=CARTESIAN_POINT('',(-0.29,3.60477950471355E-17,-2.7458423317517));
#10161=CARTESIAN_POINT('',(-0.35,3.60477950471355E-17,-2.7458423317517));
#10162=CARTESIAN_POINT('Origin',(-0.32,5.42101086242752E-17,-2.7458423317517));
#10163=CARTESIAN_POINT('',(-0.32,-5.42101086242753E-17,-2.70905298800568));
#10164=CARTESIAN_POINT('Origin',(-0.320000000000028,6.79587829181357E-17,
-2.74584233175173));
#10165=CARTESIAN_POINT('',(-0.32,0.390517578860112,-2.43185707653178));
#10166=CARTESIAN_POINT('Origin',(-0.320000000000028,6.79587829181357E-17,
-2.74584233175173));
#10167=CARTESIAN_POINT('Origin',(-0.48,0.407882255514446,-2.45632068224906));
#10168=CARTESIAN_POINT('',(-0.45,3.60477950471355E-17,-2.7458423317517));
#10169=CARTESIAN_POINT('',(-0.51,3.60477950471355E-17,-2.7458423317517));
#10170=CARTESIAN_POINT('Origin',(-0.48,5.42101086242752E-17,-2.7458423317517));
#10171=CARTESIAN_POINT('',(-0.48,-5.42101086242752E-17,-2.70905298800568));
#10172=CARTESIAN_POINT('Origin',(-0.480000000000029,6.79587829181373E-17,
-2.74584233175173));
#10173=CARTESIAN_POINT('',(-0.48,0.390517578860112,-2.43185707653178));
#10174=CARTESIAN_POINT('Origin',(-0.480000000000029,6.79587829181373E-17,
-2.74584233175173));
#10175=CARTESIAN_POINT('Origin',(-0.64,0.407882255514446,-2.45632068224906));
#10176=CARTESIAN_POINT('',(-0.61,3.60477950471355E-17,-2.7458423317517));
#10177=CARTESIAN_POINT('',(-0.67,3.60477950471355E-17,-2.7458423317517));
#10178=CARTESIAN_POINT('Origin',(-0.64,5.42101086242752E-17,-2.7458423317517));
#10179=CARTESIAN_POINT('',(-0.64,-5.42101086242752E-17,-2.70905298800568));
#10180=CARTESIAN_POINT('Origin',(-0.640000000000028,6.79587829181335E-17,
-2.74584233175173));
#10181=CARTESIAN_POINT('',(-0.64,0.390517578860112,-2.43185707653178));
#10182=CARTESIAN_POINT('Origin',(-0.640000000000028,6.79587829181335E-17,
-2.74584233175173));
#10183=CARTESIAN_POINT('Origin',(-0.8,0.407882255514446,-2.45632068224906));
#10184=CARTESIAN_POINT('',(-0.77,3.60477950471355E-17,-2.7458423317517));
#10185=CARTESIAN_POINT('',(-0.83,3.60477950471355E-17,-2.7458423317517));
#10186=CARTESIAN_POINT('Origin',(-0.8,5.42101086242752E-17,-2.7458423317517));
#10187=CARTESIAN_POINT('',(-0.8,-5.42101086242752E-17,-2.70905298800568));
#10188=CARTESIAN_POINT('Origin',(-0.80000000000003,6.7958782918141E-17,
-2.74584233175173));
#10189=CARTESIAN_POINT('',(-0.8,0.390517578860112,-2.43185707653178));
#10190=CARTESIAN_POINT('Origin',(-0.80000000000003,6.7958782918141E-17,
-2.74584233175173));
#10191=CARTESIAN_POINT('Origin',(-0.96,0.407882255514446,-2.45632068224906));
#10192=CARTESIAN_POINT('',(-0.93,3.60477950471355E-17,-2.7458423317517));
#10193=CARTESIAN_POINT('',(-0.99,3.60477950471355E-17,-2.7458423317517));
#10194=CARTESIAN_POINT('Origin',(-0.96,5.42101086242752E-17,-2.7458423317517));
#10195=CARTESIAN_POINT('',(-0.96,-5.42101086242752E-17,-2.70905298800568));
#10196=CARTESIAN_POINT('Origin',(-0.960000000000022,6.7958782918106E-17,
-2.74584233175172));
#10197=CARTESIAN_POINT('',(-0.96,0.390517578860112,-2.43185707653178));
#10198=CARTESIAN_POINT('Origin',(-0.960000000000022,6.7958782918106E-17,
-2.74584233175172));
#10199=CARTESIAN_POINT('Origin',(-1.12,0.407882255514446,-2.45632068224906));
#10200=CARTESIAN_POINT('',(-1.09,3.60477950471355E-17,-2.7458423317517));
#10201=CARTESIAN_POINT('',(-1.15,3.60477950471355E-17,-2.7458423317517));
#10202=CARTESIAN_POINT('Origin',(-1.12,5.42101086242752E-17,-2.7458423317517));
#10203=CARTESIAN_POINT('',(-1.12,-5.42101086242753E-17,-2.70905298800568));
#10204=CARTESIAN_POINT('Origin',(-1.12000000000002,6.79587829181154E-17,
-2.74584233175173));
#10205=CARTESIAN_POINT('',(-1.12,0.390517578860112,-2.43185707653178));
#10206=CARTESIAN_POINT('Origin',(-1.12000000000002,6.79587829181154E-17,
-2.74584233175173));
#10207=CARTESIAN_POINT('Origin',(-1.28,0.407882255514446,-2.45632068224906));
#10208=CARTESIAN_POINT('',(-1.25,3.60477950471355E-17,-2.7458423317517));
#10209=CARTESIAN_POINT('',(-1.31,3.60477950471355E-17,-2.7458423317517));
#10210=CARTESIAN_POINT('Origin',(-1.28,5.42101086242752E-17,-2.7458423317517));
#10211=CARTESIAN_POINT('',(-1.28,-5.42101086242751E-17,-2.70905298800568));
#10212=CARTESIAN_POINT('Origin',(-1.28000000000003,6.79587829181487E-17,
-2.74584233175174));
#10213=CARTESIAN_POINT('',(-1.28,0.390517578860112,-2.43185707653178));
#10214=CARTESIAN_POINT('Origin',(-1.28000000000003,6.79587829181487E-17,
-2.74584233175174));
#10215=CARTESIAN_POINT('Origin',(-1.44,0.407882255514446,-2.45632068224906));
#10216=CARTESIAN_POINT('',(-1.41,3.60477950471355E-17,-2.7458423317517));
#10217=CARTESIAN_POINT('',(-1.47,3.60477950471355E-17,-2.7458423317517));
#10218=CARTESIAN_POINT('Origin',(-1.44,5.42101086242752E-17,-2.7458423317517));
#10219=CARTESIAN_POINT('',(-1.44,-5.42101086242753E-17,-2.70905298800568));
#10220=CARTESIAN_POINT('Origin',(-1.44000000000002,6.79587829180838E-17,
-2.74584233175172));
#10221=CARTESIAN_POINT('',(-1.44,0.390517578860112,-2.43185707653178));
#10222=CARTESIAN_POINT('Origin',(-1.44000000000002,6.79587829180838E-17,
-2.74584233175172));
#10223=CARTESIAN_POINT('Origin',(-1.6,0.407882255514446,-2.45632068224906));
#10224=CARTESIAN_POINT('',(-1.57,3.60477950471355E-17,-2.7458423317517));
#10225=CARTESIAN_POINT('',(-1.63,3.60477950471355E-17,-2.7458423317517));
#10226=CARTESIAN_POINT('Origin',(-1.6,5.42101086242752E-17,-2.7458423317517));
#10227=CARTESIAN_POINT('',(-1.6,-5.42101086242752E-17,-2.70905298800568));
#10228=CARTESIAN_POINT('Origin',(-1.60000000000003,6.79587829181602E-17,
-2.74584233175174));
#10229=CARTESIAN_POINT('',(-1.6,0.390517578860112,-2.43185707653178));
#10230=CARTESIAN_POINT('Origin',(-1.60000000000003,6.79587829181602E-17,
-2.74584233175174));
#10231=CARTESIAN_POINT('Origin',(-1.76,0.407882255514446,-2.45632068224906));
#10232=CARTESIAN_POINT('',(-1.73,3.60477950471355E-17,-2.7458423317517));
#10233=CARTESIAN_POINT('',(-1.79,3.60477950471355E-17,-2.7458423317517));
#10234=CARTESIAN_POINT('Origin',(-1.76,5.42101086242752E-17,-2.7458423317517));
#10235=CARTESIAN_POINT('',(-1.76,-5.42101086242754E-17,-2.70905298800568));
#10236=CARTESIAN_POINT('Origin',(-1.76000000000003,6.79587829181477E-17,
-2.74584233175174));
#10237=CARTESIAN_POINT('',(-1.76,0.390517578860112,-2.43185707653178));
#10238=CARTESIAN_POINT('Origin',(-1.76000000000003,6.79587829181477E-17,
-2.74584233175174));
#10239=CARTESIAN_POINT('Origin',(-1.92,0.407882255514446,-2.45632068224906));
#10240=CARTESIAN_POINT('',(-1.89,3.60477950471355E-17,-2.7458423317517));
#10241=CARTESIAN_POINT('',(-1.95,3.60477950471355E-17,-2.7458423317517));
#10242=CARTESIAN_POINT('Origin',(-1.92,5.42101086242752E-17,-2.7458423317517));
#10243=CARTESIAN_POINT('',(-1.92,-5.42101086242752E-17,-2.70905298800568));
#10244=CARTESIAN_POINT('Origin',(-1.92000000000004,6.79587829182144E-17,
-2.74584233175175));
#10245=CARTESIAN_POINT('',(-1.92,0.390517578860112,-2.43185707653178));
#10246=CARTESIAN_POINT('Origin',(-1.92000000000004,6.79587829182144E-17,
-2.74584233175175));
#10247=CARTESIAN_POINT('Origin',(-2.08,0.407882255514446,-2.45632068224906));
#10248=CARTESIAN_POINT('',(-2.05,3.60477950471355E-17,-2.7458423317517));
#10249=CARTESIAN_POINT('',(-2.11,3.60477950471355E-17,-2.7458423317517));
#10250=CARTESIAN_POINT('Origin',(-2.08,5.42101086242752E-17,-2.7458423317517));
#10251=CARTESIAN_POINT('',(-2.08,-5.42101086242753E-17,-2.70905298800568));
#10252=CARTESIAN_POINT('Origin',(-2.08000000000002,6.79587829181004E-17,
-2.74584233175172));
#10253=CARTESIAN_POINT('',(-2.08,0.390517578860112,-2.43185707653178));
#10254=CARTESIAN_POINT('Origin',(-2.08000000000002,6.79587829181004E-17,
-2.74584233175172));
#10255=CARTESIAN_POINT('Origin',(-2.24,0.407882255514446,-2.45632068224906));
#10256=CARTESIAN_POINT('',(-2.21,3.60477950471355E-17,-2.7458423317517));
#10257=CARTESIAN_POINT('',(-2.27,3.60477950471355E-17,-2.7458423317517));
#10258=CARTESIAN_POINT('Origin',(-2.24,5.42101086242752E-17,-2.7458423317517));
#10259=CARTESIAN_POINT('',(-2.24,-5.42101086242751E-17,-2.70905298800568));
#10260=CARTESIAN_POINT('Origin',(-2.24000000000005,6.79587829182812E-17,
-2.74584233175177));
#10261=CARTESIAN_POINT('',(-2.24,0.390517578860112,-2.43185707653178));
#10262=CARTESIAN_POINT('Origin',(-2.24000000000005,6.79587829182812E-17,
-2.74584233175177));
#10263=CARTESIAN_POINT('Origin',(-2.4,0.407882255514446,-2.45632068224906));
#10264=CARTESIAN_POINT('',(-2.37,3.60477950471355E-17,-2.7458423317517));
#10265=CARTESIAN_POINT('',(-2.43,3.60477950471355E-17,-2.7458423317517));
#10266=CARTESIAN_POINT('Origin',(-2.4,5.42101086242752E-17,-2.7458423317517));
#10267=CARTESIAN_POINT('',(-2.4,-5.42101086242751E-17,-2.70905298800568));
#10268=CARTESIAN_POINT('Origin',(-2.40000000000003,6.79587829181484E-17,
-2.74584233175174));
#10269=CARTESIAN_POINT('',(-2.4,0.390517578860112,-2.43185707653178));
#10270=CARTESIAN_POINT('Origin',(-2.40000000000003,6.79587829181484E-17,
-2.74584233175174));
#10271=CARTESIAN_POINT('Origin',(2.4,0.407882255514446,-2.45632068224906));
#10272=CARTESIAN_POINT('',(2.43,3.60477950471355E-17,-2.7458423317517));
#10273=CARTESIAN_POINT('',(2.37,3.60477950471355E-17,-2.7458423317517));
#10274=CARTESIAN_POINT('Origin',(2.4,5.42101086242752E-17,-2.7458423317517));
#10275=CARTESIAN_POINT('',(2.4,-5.42101086242751E-17,-2.70905298800568));
#10276=CARTESIAN_POINT('Origin',(2.39999999999999,6.79587829180354E-17,
-2.74584233175171));
#10277=CARTESIAN_POINT('',(2.4,0.390517578860112,-2.43185707653178));
#10278=CARTESIAN_POINT('Origin',(2.39999999999999,6.79587829180354E-17,
-2.74584233175171));
#10279=CARTESIAN_POINT('Origin',(2.24,0.407882255514446,-2.45632068224906));
#10280=CARTESIAN_POINT('',(2.27,3.60477950471355E-17,-2.7458423317517));
#10281=CARTESIAN_POINT('',(2.21,3.60477950471355E-17,-2.7458423317517));
#10282=CARTESIAN_POINT('Origin',(2.24,5.42101086242752E-17,-2.7458423317517));
#10283=CARTESIAN_POINT('',(2.24,-5.42101086242752E-17,-2.70905298800568));
#10284=CARTESIAN_POINT('Origin',(2.23999999999998,6.79587829180821E-17,
-2.74584233175172));
#10285=CARTESIAN_POINT('',(2.24,0.390517578860112,-2.43185707653178));
#10286=CARTESIAN_POINT('Origin',(2.23999999999998,6.79587829180821E-17,
-2.74584233175172));
#10287=CARTESIAN_POINT('Origin',(2.08,0.407882255514446,-2.45632068224906));
#10288=CARTESIAN_POINT('',(2.11,3.60477950471355E-17,-2.7458423317517));
#10289=CARTESIAN_POINT('',(2.05,3.60477950471355E-17,-2.7458423317517));
#10290=CARTESIAN_POINT('Origin',(2.08,5.42101086242752E-17,-2.7458423317517));
#10291=CARTESIAN_POINT('',(2.08,-5.42101086242751E-17,-2.70905298800568));
#10292=CARTESIAN_POINT('Origin',(2.07999999999999,6.79587829180639E-17,
-2.74584233175172));
#10293=CARTESIAN_POINT('',(2.08,0.390517578860112,-2.43185707653178));
#10294=CARTESIAN_POINT('Origin',(2.07999999999999,6.79587829180639E-17,
-2.74584233175172));
#10295=CARTESIAN_POINT('Origin',(1.92,0.407882255514446,-2.45632068224906));
#10296=CARTESIAN_POINT('',(1.95,3.60477950471355E-17,-2.7458423317517));
#10297=CARTESIAN_POINT('',(1.89,3.60477950471355E-17,-2.7458423317517));
#10298=CARTESIAN_POINT('Origin',(1.92,5.42101086242752E-17,-2.7458423317517));
#10299=CARTESIAN_POINT('',(1.92,-5.42101086242752E-17,-2.70905298800568));
#10300=CARTESIAN_POINT('Origin',(1.91999999999999,6.79587829180644E-17,
-2.74584233175172));
#10301=CARTESIAN_POINT('',(1.92,0.390517578860112,-2.43185707653178));
#10302=CARTESIAN_POINT('Origin',(1.91999999999999,6.79587829180644E-17,
-2.74584233175172));
#10303=CARTESIAN_POINT('Origin',(1.76,0.407882255514446,-2.45632068224906));
#10304=CARTESIAN_POINT('',(1.79,3.60477950471355E-17,-2.7458423317517));
#10305=CARTESIAN_POINT('',(1.73,3.60477950471355E-17,-2.7458423317517));
#10306=CARTESIAN_POINT('Origin',(1.76,5.42101086242752E-17,-2.7458423317517));
#10307=CARTESIAN_POINT('',(1.76,-5.42101086242751E-17,-2.70905298800568));
#10308=CARTESIAN_POINT('Origin',(1.75999999999999,6.79587829180182E-17,
-2.7458423317517));
#10309=CARTESIAN_POINT('',(1.76,0.390517578860112,-2.43185707653178));
#10310=CARTESIAN_POINT('Origin',(1.75999999999999,6.79587829180182E-17,
-2.7458423317517));
#10311=CARTESIAN_POINT('Origin',(1.6,0.407882255514446,-2.45632068224906));
#10312=CARTESIAN_POINT('',(1.63,3.60477950471355E-17,-2.7458423317517));
#10313=CARTESIAN_POINT('',(1.57,3.60477950471355E-17,-2.7458423317517));
#10314=CARTESIAN_POINT('Origin',(1.6,5.42101086242752E-17,-2.7458423317517));
#10315=CARTESIAN_POINT('',(1.6,-5.42101086242753E-17,-2.70905298800568));
#10316=CARTESIAN_POINT('Origin',(1.59999999999998,6.79587829181004E-17,
-2.74584233175172));
#10317=CARTESIAN_POINT('',(1.6,0.390517578860112,-2.43185707653178));
#10318=CARTESIAN_POINT('Origin',(1.59999999999998,6.79587829181004E-17,
-2.74584233175172));
#10319=CARTESIAN_POINT('Origin',(1.44,0.407882255514446,-2.45632068224906));
#10320=CARTESIAN_POINT('',(1.47,3.60477950471355E-17,-2.7458423317517));
#10321=CARTESIAN_POINT('',(1.41,3.60477950471355E-17,-2.7458423317517));
#10322=CARTESIAN_POINT('Origin',(1.44,5.42101086242752E-17,-2.7458423317517));
#10323=CARTESIAN_POINT('',(1.44,-5.42101086242752E-17,-2.70905298800568));
#10324=CARTESIAN_POINT('Origin',(1.43999999999997,6.79587829181494E-17,
-2.74584233175174));
#10325=CARTESIAN_POINT('',(1.44,0.390517578860112,-2.43185707653178));
#10326=CARTESIAN_POINT('Origin',(1.43999999999997,6.79587829181494E-17,
-2.74584233175174));
#10327=CARTESIAN_POINT('Origin',(1.28,0.407882255514446,-2.45632068224906));
#10328=CARTESIAN_POINT('',(1.31,3.60477950471355E-17,-2.7458423317517));
#10329=CARTESIAN_POINT('',(1.25,3.60477950471355E-17,-2.7458423317517));
#10330=CARTESIAN_POINT('Origin',(1.28,5.42101086242752E-17,-2.7458423317517));
#10331=CARTESIAN_POINT('',(1.28,-5.42101086242753E-17,-2.70905298800568));
#10332=CARTESIAN_POINT('Origin',(1.27999999999998,6.79587829180838E-17,
-2.74584233175172));
#10333=CARTESIAN_POINT('',(1.28,0.390517578860112,-2.43185707653178));
#10334=CARTESIAN_POINT('Origin',(1.27999999999998,6.79587829180838E-17,
-2.74584233175172));
#10335=CARTESIAN_POINT('Origin',(1.12,0.407882255514446,-2.45632068224906));
#10336=CARTESIAN_POINT('',(1.15,3.60477950471355E-17,-2.7458423317517));
#10337=CARTESIAN_POINT('',(1.09,3.60477950471355E-17,-2.7458423317517));
#10338=CARTESIAN_POINT('Origin',(1.12,5.42101086242752E-17,-2.7458423317517));
#10339=CARTESIAN_POINT('',(1.12,-5.42101086242752E-17,-2.70905298800568));
#10340=CARTESIAN_POINT('Origin',(1.11999999999998,6.7958782918106E-17,-2.74584233175172));
#10341=CARTESIAN_POINT('',(1.12,0.390517578860112,-2.43185707653178));
#10342=CARTESIAN_POINT('Origin',(1.11999999999998,6.7958782918106E-17,-2.74584233175172));
#10343=CARTESIAN_POINT('Origin',(0.96,0.407882255514446,-2.45632068224906));
#10344=CARTESIAN_POINT('',(0.99,3.60477950471355E-17,-2.7458423317517));
#10345=CARTESIAN_POINT('',(0.93,3.60477950471355E-17,-2.7458423317517));
#10346=CARTESIAN_POINT('Origin',(0.96,5.42101086242752E-17,-2.7458423317517));
#10347=CARTESIAN_POINT('',(0.96,-5.42101086242752E-17,-2.70905298800568));
#10348=CARTESIAN_POINT('Origin',(0.959999999999983,6.79587829180817E-17,
-2.74584233175172));
#10349=CARTESIAN_POINT('',(0.96,0.390517578860112,-2.43185707653178));
#10350=CARTESIAN_POINT('Origin',(0.959999999999983,6.79587829180817E-17,
-2.74584233175172));
#10351=CARTESIAN_POINT('Origin',(0.8,0.407882255514446,-2.45632068224906));
#10352=CARTESIAN_POINT('',(0.83,3.60477950471355E-17,-2.7458423317517));
#10353=CARTESIAN_POINT('',(0.77,3.60477950471355E-17,-2.7458423317517));
#10354=CARTESIAN_POINT('Origin',(0.8,5.42101086242752E-17,-2.7458423317517));
#10355=CARTESIAN_POINT('',(0.8,-5.42101086242753E-17,-2.70905298800568));
#10356=CARTESIAN_POINT('Origin',(0.799999999999976,6.79587829181092E-17,
-2.74584233175172));
#10357=CARTESIAN_POINT('',(0.8,0.390517578860112,-2.43185707653178));
#10358=CARTESIAN_POINT('Origin',(0.799999999999976,6.79587829181092E-17,
-2.74584233175172));
#10359=CARTESIAN_POINT('Origin',(0.64,0.407882255514446,-2.45632068224906));
#10360=CARTESIAN_POINT('',(0.67,3.60477950471355E-17,-2.7458423317517));
#10361=CARTESIAN_POINT('',(0.61,3.60477950471355E-17,-2.7458423317517));
#10362=CARTESIAN_POINT('Origin',(0.64,5.42101086242752E-17,-2.7458423317517));
#10363=CARTESIAN_POINT('',(0.64,-5.42101086242753E-17,-2.70905298800568));
#10364=CARTESIAN_POINT('Origin',(0.639999999999977,6.79587829181088E-17,
-2.74584233175172));
#10365=CARTESIAN_POINT('',(0.64,0.390517578860112,-2.43185707653178));
#10366=CARTESIAN_POINT('Origin',(0.639999999999977,6.79587829181088E-17,
-2.74584233175172));
#10367=CARTESIAN_POINT('Origin',(0.48,0.407882255514446,-2.45632068224906));
#10368=CARTESIAN_POINT('',(0.51,3.60477950471355E-17,-2.7458423317517));
#10369=CARTESIAN_POINT('',(0.45,3.60477950471355E-17,-2.7458423317517));
#10370=CARTESIAN_POINT('Origin',(0.48,5.42101086242752E-17,-2.7458423317517));
#10371=CARTESIAN_POINT('',(0.48,-5.42101086242752E-17,-2.70905298800568));
#10372=CARTESIAN_POINT('Origin',(0.479999999999977,6.79587829181082E-17,
-2.74584233175172));
#10373=CARTESIAN_POINT('',(0.48,0.390517578860112,-2.43185707653178));
#10374=CARTESIAN_POINT('Origin',(0.479999999999977,6.79587829181082E-17,
-2.74584233175172));
#10375=CARTESIAN_POINT('Origin',(0.32,0.407882255514446,-2.45632068224906));
#10376=CARTESIAN_POINT('',(0.35,3.60477950471355E-17,-2.7458423317517));
#10377=CARTESIAN_POINT('',(0.29,3.60477950471355E-17,-2.7458423317517));
#10378=CARTESIAN_POINT('Origin',(0.32,5.42101086242752E-17,-2.7458423317517));
#10379=CARTESIAN_POINT('',(0.32,-5.42101086242752E-17,-2.70905298800568));
#10380=CARTESIAN_POINT('Origin',(0.319999999999976,6.79587829181084E-17,
-2.74584233175172));
#10381=CARTESIAN_POINT('',(0.32,0.390517578860112,-2.43185707653178));
#10382=CARTESIAN_POINT('Origin',(0.319999999999976,6.79587829181084E-17,
-2.74584233175172));
#10383=CARTESIAN_POINT('Origin',(0.16,0.407882255514446,-2.45632068224906));
#10384=CARTESIAN_POINT('',(0.19,3.60477950471355E-17,-2.7458423317517));
#10385=CARTESIAN_POINT('',(0.13,3.60477950471355E-17,-2.7458423317517));
#10386=CARTESIAN_POINT('Origin',(0.16,5.42101086242752E-17,-2.7458423317517));
#10387=CARTESIAN_POINT('',(0.16,-5.42101086242752E-17,-2.70905298800568));
#10388=CARTESIAN_POINT('Origin',(0.159999999999974,6.79587829181228E-17,
-2.74584233175173));
#10389=CARTESIAN_POINT('',(0.16,0.390517578860112,-2.43185707653178));
#10390=CARTESIAN_POINT('Origin',(0.159999999999974,6.79587829181228E-17,
-2.74584233175173));
#10391=CARTESIAN_POINT('Origin',(0.,0.407882255514446,-2.45632068224906));
#10392=CARTESIAN_POINT('',(0.0299999999999999,3.60477950471355E-17,-2.7458423317517));
#10393=CARTESIAN_POINT('',(-0.0299999999999999,3.60477950471355E-17,-2.7458423317517));
#10394=CARTESIAN_POINT('Origin',(0.,5.42101086242752E-17,-2.7458423317517));
#10395=CARTESIAN_POINT('',(-3.67394039748926E-18,-5.42101086242752E-17,
-2.70905298800568));
#10396=CARTESIAN_POINT('Origin',(-2.68274985559813E-14,6.79587829181269E-17,
-2.74584233175173));
#10397=CARTESIAN_POINT('',(-3.67394039744207E-18,0.390517578860112,-2.43185707653178));
#10398=CARTESIAN_POINT('Origin',(-2.68274985559813E-14,6.79587829181269E-17,
-2.74584233175173));
#10399=CARTESIAN_POINT('Origin',(-0.16,0.407882255514446,2.45632068224906));
#10400=CARTESIAN_POINT('',(-0.13,3.60477950471355E-17,2.7458423317517));
#10401=CARTESIAN_POINT('',(-0.19,3.60477950471355E-17,2.7458423317517));
#10402=CARTESIAN_POINT('Origin',(-0.160000000000028,6.7958782918135E-17,
2.74584233175173));
#10403=CARTESIAN_POINT('',(-0.16,0.0173646766543339,2.77030593746898));
#10404=CARTESIAN_POINT('Origin',(-0.16,5.42101086242752E-17,2.7458423317517));
#10405=CARTESIAN_POINT('',(-0.16,0.42524693216878,2.48078428796633));
#10406=CARTESIAN_POINT('Origin',(-0.16,5.42101086242752E-17,2.7458423317517));
#10407=CARTESIAN_POINT('Origin',(-0.32,0.407882255514446,2.45632068224906));
#10408=CARTESIAN_POINT('',(-0.29,3.60477950471355E-17,2.7458423317517));
#10409=CARTESIAN_POINT('',(-0.35,3.60477950471355E-17,2.7458423317517));
#10410=CARTESIAN_POINT('Origin',(-0.320000000000028,6.79587829181357E-17,
2.74584233175173));
#10411=CARTESIAN_POINT('',(-0.32,0.0173646766543338,2.77030593746898));
#10412=CARTESIAN_POINT('Origin',(-0.32,5.42101086242752E-17,2.7458423317517));
#10413=CARTESIAN_POINT('',(-0.32,0.42524693216878,2.48078428796633));
#10414=CARTESIAN_POINT('Origin',(-0.32,5.42101086242752E-17,2.7458423317517));
#10415=CARTESIAN_POINT('Origin',(-0.48,0.407882255514446,2.45632068224906));
#10416=CARTESIAN_POINT('',(-0.45,3.60477950471355E-17,2.7458423317517));
#10417=CARTESIAN_POINT('',(-0.51,3.60477950471355E-17,2.7458423317517));
#10418=CARTESIAN_POINT('Origin',(-0.480000000000029,6.79587829181373E-17,
2.74584233175173));
#10419=CARTESIAN_POINT('',(-0.48,0.0173646766543339,2.77030593746898));
#10420=CARTESIAN_POINT('Origin',(-0.48,5.42101086242752E-17,2.7458423317517));
#10421=CARTESIAN_POINT('',(-0.48,0.42524693216878,2.48078428796633));
#10422=CARTESIAN_POINT('Origin',(-0.48,5.42101086242752E-17,2.7458423317517));
#10423=CARTESIAN_POINT('Origin',(-0.64,0.407882255514446,2.45632068224906));
#10424=CARTESIAN_POINT('',(-0.61,3.60477950471355E-17,2.7458423317517));
#10425=CARTESIAN_POINT('',(-0.67,3.60477950471355E-17,2.7458423317517));
#10426=CARTESIAN_POINT('Origin',(-0.640000000000028,6.79587829181335E-17,
2.74584233175173));
#10427=CARTESIAN_POINT('',(-0.64,0.0173646766543339,2.77030593746898));
#10428=CARTESIAN_POINT('Origin',(-0.64,5.42101086242752E-17,2.7458423317517));
#10429=CARTESIAN_POINT('',(-0.64,0.42524693216878,2.48078428796633));
#10430=CARTESIAN_POINT('Origin',(-0.64,5.42101086242752E-17,2.7458423317517));
#10431=CARTESIAN_POINT('Origin',(-0.8,0.407882255514446,2.45632068224906));
#10432=CARTESIAN_POINT('',(-0.77,3.60477950471355E-17,2.7458423317517));
#10433=CARTESIAN_POINT('',(-0.83,3.60477950471355E-17,2.7458423317517));
#10434=CARTESIAN_POINT('Origin',(-0.80000000000003,6.7958782918141E-17,
2.74584233175173));
#10435=CARTESIAN_POINT('',(-0.8,0.0173646766543339,2.77030593746898));
#10436=CARTESIAN_POINT('Origin',(-0.8,5.42101086242752E-17,2.7458423317517));
#10437=CARTESIAN_POINT('',(-0.8,0.42524693216878,2.48078428796633));
#10438=CARTESIAN_POINT('Origin',(-0.8,5.42101086242752E-17,2.7458423317517));
#10439=CARTESIAN_POINT('Origin',(-0.96,0.407882255514446,2.45632068224906));
#10440=CARTESIAN_POINT('',(-0.93,3.60477950471355E-17,2.7458423317517));
#10441=CARTESIAN_POINT('',(-0.99,3.60477950471355E-17,2.7458423317517));
#10442=CARTESIAN_POINT('Origin',(-0.960000000000022,6.7958782918106E-17,
2.74584233175172));
#10443=CARTESIAN_POINT('',(-0.96,0.0173646766543323,2.77030593746898));
#10444=CARTESIAN_POINT('Origin',(-0.96,5.42101086242752E-17,2.7458423317517));
#10445=CARTESIAN_POINT('',(-0.96,0.425246932168779,2.48078428796633));
#10446=CARTESIAN_POINT('Origin',(-0.96,5.42101086242752E-17,2.7458423317517));
#10447=CARTESIAN_POINT('Origin',(-1.12,0.407882255514446,2.45632068224906));
#10448=CARTESIAN_POINT('',(-1.09,3.60477950471355E-17,2.7458423317517));
#10449=CARTESIAN_POINT('',(-1.15,3.60477950471355E-17,2.7458423317517));
#10450=CARTESIAN_POINT('Origin',(-1.12000000000002,6.79587829181154E-17,
2.74584233175173));
#10451=CARTESIAN_POINT('',(-1.12,0.0173646766543337,2.77030593746898));
#10452=CARTESIAN_POINT('Origin',(-1.12,5.42101086242752E-17,2.7458423317517));
#10453=CARTESIAN_POINT('',(-1.12,0.425246932168779,2.48078428796633));
#10454=CARTESIAN_POINT('Origin',(-1.12,5.42101086242752E-17,2.7458423317517));
#10455=CARTESIAN_POINT('Origin',(-1.28,0.407882255514446,2.45632068224906));
#10456=CARTESIAN_POINT('',(-1.25,3.60477950471355E-17,2.7458423317517));
#10457=CARTESIAN_POINT('',(-1.31,3.60477950471355E-17,2.7458423317517));
#10458=CARTESIAN_POINT('Origin',(-1.28000000000003,6.79587829181487E-17,
2.74584233175174));
#10459=CARTESIAN_POINT('',(-1.28,0.0173646766543247,2.77030593746898));
#10460=CARTESIAN_POINT('Origin',(-1.28,5.42101086242752E-17,2.7458423317517));
#10461=CARTESIAN_POINT('',(-1.28,0.425246932168779,2.48078428796633));
#10462=CARTESIAN_POINT('Origin',(-1.28,5.42101086242752E-17,2.7458423317517));
#10463=CARTESIAN_POINT('Origin',(-1.44,0.407882255514446,2.45632068224906));
#10464=CARTESIAN_POINT('',(-1.41,3.60477950471355E-17,2.7458423317517));
#10465=CARTESIAN_POINT('',(-1.47,3.60477950471355E-17,2.7458423317517));
#10466=CARTESIAN_POINT('Origin',(-1.44000000000002,6.79587829180838E-17,
2.74584233175172));
#10467=CARTESIAN_POINT('',(-1.44,0.0173646766543337,2.77030593746898));
#10468=CARTESIAN_POINT('Origin',(-1.44,5.42101086242752E-17,2.7458423317517));
#10469=CARTESIAN_POINT('',(-1.44,0.425246932168779,2.48078428796633));
#10470=CARTESIAN_POINT('Origin',(-1.44,5.42101086242752E-17,2.7458423317517));
#10471=CARTESIAN_POINT('Origin',(-1.6,0.407882255514446,2.45632068224906));
#10472=CARTESIAN_POINT('',(-1.57,3.60477950471355E-17,2.7458423317517));
#10473=CARTESIAN_POINT('',(-1.63,3.60477950471355E-17,2.7458423317517));
#10474=CARTESIAN_POINT('Origin',(-1.60000000000003,6.79587829181602E-17,
2.74584233175174));
#10475=CARTESIAN_POINT('',(-1.6,0.017364676654326,2.77030593746898));
#10476=CARTESIAN_POINT('Origin',(-1.6,5.42101086242752E-17,2.7458423317517));
#10477=CARTESIAN_POINT('',(-1.6,0.425246932168779,2.48078428796633));
#10478=CARTESIAN_POINT('Origin',(-1.6,5.42101086242752E-17,2.7458423317517));
#10479=CARTESIAN_POINT('Origin',(-1.76,0.407882255514446,2.45632068224906));
#10480=CARTESIAN_POINT('',(-1.73,3.60477950471355E-17,2.7458423317517));
#10481=CARTESIAN_POINT('',(-1.79,3.60477950471355E-17,2.7458423317517));
#10482=CARTESIAN_POINT('Origin',(-1.76000000000003,6.79587829181477E-17,
2.74584233175174));
#10483=CARTESIAN_POINT('',(-1.76,0.017364676654323,2.77030593746899));
#10484=CARTESIAN_POINT('Origin',(-1.76,5.42101086242752E-17,2.7458423317517));
#10485=CARTESIAN_POINT('',(-1.76,0.425246932168779,2.48078428796633));
#10486=CARTESIAN_POINT('Origin',(-1.76,5.42101086242752E-17,2.7458423317517));
#10487=CARTESIAN_POINT('Origin',(-1.92,0.407882255514446,2.45632068224906));
#10488=CARTESIAN_POINT('',(-1.89,3.60477950471355E-17,2.7458423317517));
#10489=CARTESIAN_POINT('',(-1.95,3.60477950471355E-17,2.7458423317517));
#10490=CARTESIAN_POINT('Origin',(-1.92000000000004,6.79587829182144E-17,
2.74584233175175));
#10491=CARTESIAN_POINT('',(-1.92,0.0173646766543226,2.77030593746899));
#10492=CARTESIAN_POINT('Origin',(-1.92,5.42101086242752E-17,2.7458423317517));
#10493=CARTESIAN_POINT('',(-1.92,0.425246932168779,2.48078428796633));
#10494=CARTESIAN_POINT('Origin',(-1.92,5.42101086242752E-17,2.7458423317517));
#10495=CARTESIAN_POINT('Origin',(-2.08,0.407882255514446,2.45632068224906));
#10496=CARTESIAN_POINT('',(-2.05,3.60477950471355E-17,2.7458423317517));
#10497=CARTESIAN_POINT('',(-2.11,3.60477950471355E-17,2.7458423317517));
#10498=CARTESIAN_POINT('Origin',(-2.08000000000002,6.79587829181004E-17,
2.74584233175172));
#10499=CARTESIAN_POINT('',(-2.08,0.0173646766543337,2.77030593746898));
#10500=CARTESIAN_POINT('Origin',(-2.08,5.42101086242752E-17,2.7458423317517));
#10501=CARTESIAN_POINT('',(-2.08,0.425246932168779,2.48078428796633));
#10502=CARTESIAN_POINT('Origin',(-2.08,5.42101086242752E-17,2.7458423317517));
#10503=CARTESIAN_POINT('Origin',(-2.24,0.407882255514446,2.45632068224906));
#10504=CARTESIAN_POINT('',(-2.21,3.60477950471355E-17,2.7458423317517));
#10505=CARTESIAN_POINT('',(-2.27,3.60477950471355E-17,2.7458423317517));
#10506=CARTESIAN_POINT('Origin',(-2.24000000000005,6.79587829182812E-17,
2.74584233175177));
#10507=CARTESIAN_POINT('',(-2.24,0.017364676654299,2.770305937469));
#10508=CARTESIAN_POINT('Origin',(-2.24,5.42101086242752E-17,2.7458423317517));
#10509=CARTESIAN_POINT('',(-2.24,0.425246932168779,2.48078428796633));
#10510=CARTESIAN_POINT('Origin',(-2.24,5.42101086242752E-17,2.7458423317517));
#10511=CARTESIAN_POINT('Origin',(-2.4,0.407882255514446,2.45632068224906));
#10512=CARTESIAN_POINT('',(-2.37,3.60477950471355E-17,2.7458423317517));
#10513=CARTESIAN_POINT('',(-2.43,3.60477950471355E-17,2.7458423317517));
#10514=CARTESIAN_POINT('Origin',(-2.40000000000003,6.79587829181484E-17,
2.74584233175174));
#10515=CARTESIAN_POINT('',(-2.4,0.0173646766543251,2.77030593746898));
#10516=CARTESIAN_POINT('Origin',(-2.4,5.42101086242752E-17,2.7458423317517));
#10517=CARTESIAN_POINT('',(-2.4,0.425246932168779,2.48078428796633));
#10518=CARTESIAN_POINT('Origin',(-2.4,5.42101086242752E-17,2.7458423317517));
#10519=CARTESIAN_POINT('Origin',(2.4,0.407882255514446,2.45632068224906));
#10520=CARTESIAN_POINT('',(2.43,3.60477950471355E-17,2.7458423317517));
#10521=CARTESIAN_POINT('',(2.37,3.60477950471355E-17,2.7458423317517));
#10522=CARTESIAN_POINT('Origin',(2.39999999999999,6.79587829180354E-17,
2.74584233175171));
#10523=CARTESIAN_POINT('',(2.4,0.0173646766543337,2.77030593746898));
#10524=CARTESIAN_POINT('Origin',(2.4,5.42101086242752E-17,2.7458423317517));
#10525=CARTESIAN_POINT('',(2.4,0.425246932168779,2.48078428796633));
#10526=CARTESIAN_POINT('Origin',(2.4,5.42101086242752E-17,2.7458423317517));
#10527=CARTESIAN_POINT('Origin',(2.24,0.407882255514446,2.45632068224906));
#10528=CARTESIAN_POINT('',(2.27,3.60477950471355E-17,2.7458423317517));
#10529=CARTESIAN_POINT('',(2.21,3.60477950471355E-17,2.7458423317517));
#10530=CARTESIAN_POINT('Origin',(2.23999999999998,6.79587829180821E-17,
2.74584233175172));
#10531=CARTESIAN_POINT('',(2.24,0.0173646766543337,2.77030593746898));
#10532=CARTESIAN_POINT('Origin',(2.24,5.42101086242752E-17,2.7458423317517));
#10533=CARTESIAN_POINT('',(2.24,0.425246932168779,2.48078428796633));
#10534=CARTESIAN_POINT('Origin',(2.24,5.42101086242752E-17,2.7458423317517));
#10535=CARTESIAN_POINT('Origin',(2.08,0.407882255514446,2.45632068224906));
#10536=CARTESIAN_POINT('',(2.11,3.60477950471355E-17,2.7458423317517));
#10537=CARTESIAN_POINT('',(2.05,3.60477950471355E-17,2.7458423317517));
#10538=CARTESIAN_POINT('Origin',(2.07999999999999,6.79587829180639E-17,
2.74584233175172));
#10539=CARTESIAN_POINT('',(2.08,0.0173646766543337,2.77030593746898));
#10540=CARTESIAN_POINT('Origin',(2.08,5.42101086242752E-17,2.7458423317517));
#10541=CARTESIAN_POINT('',(2.08,0.425246932168779,2.48078428796633));
#10542=CARTESIAN_POINT('Origin',(2.08,5.42101086242752E-17,2.7458423317517));
#10543=CARTESIAN_POINT('Origin',(1.92,0.407882255514446,2.45632068224906));
#10544=CARTESIAN_POINT('',(1.95,3.60477950471355E-17,2.7458423317517));
#10545=CARTESIAN_POINT('',(1.89,3.60477950471355E-17,2.7458423317517));
#10546=CARTESIAN_POINT('Origin',(1.91999999999999,6.79587829180644E-17,
2.74584233175172));
#10547=CARTESIAN_POINT('',(1.92,0.0173646766543337,2.77030593746898));
#10548=CARTESIAN_POINT('Origin',(1.92,5.42101086242752E-17,2.7458423317517));
#10549=CARTESIAN_POINT('',(1.92,0.425246932168779,2.48078428796633));
#10550=CARTESIAN_POINT('Origin',(1.92,5.42101086242752E-17,2.7458423317517));
#10551=CARTESIAN_POINT('Origin',(1.76,0.407882255514446,2.45632068224906));
#10552=CARTESIAN_POINT('',(1.79,3.60477950471355E-17,2.7458423317517));
#10553=CARTESIAN_POINT('',(1.73,3.60477950471355E-17,2.7458423317517));
#10554=CARTESIAN_POINT('Origin',(1.75999999999999,6.79587829180182E-17,
2.7458423317517));
#10555=CARTESIAN_POINT('',(1.76,0.0173646766543337,2.77030593746898));
#10556=CARTESIAN_POINT('Origin',(1.76,5.42101086242752E-17,2.7458423317517));
#10557=CARTESIAN_POINT('',(1.76,0.425246932168779,2.48078428796633));
#10558=CARTESIAN_POINT('Origin',(1.76,5.42101086242752E-17,2.7458423317517));
#10559=CARTESIAN_POINT('Origin',(1.6,0.407882255514446,2.45632068224906));
#10560=CARTESIAN_POINT('',(1.63,3.60477950471355E-17,2.7458423317517));
#10561=CARTESIAN_POINT('',(1.57,3.60477950471355E-17,2.7458423317517));
#10562=CARTESIAN_POINT('Origin',(1.59999999999998,6.79587829181004E-17,
2.74584233175172));
#10563=CARTESIAN_POINT('',(1.6,0.0173646766543337,2.77030593746898));
#10564=CARTESIAN_POINT('Origin',(1.6,5.42101086242752E-17,2.7458423317517));
#10565=CARTESIAN_POINT('',(1.6,0.425246932168779,2.48078428796633));
#10566=CARTESIAN_POINT('Origin',(1.6,5.42101086242752E-17,2.7458423317517));
#10567=CARTESIAN_POINT('Origin',(1.44,0.407882255514446,2.45632068224906));
#10568=CARTESIAN_POINT('',(1.47,3.60477950471355E-17,2.7458423317517));
#10569=CARTESIAN_POINT('',(1.41,3.60477950471355E-17,2.7458423317517));
#10570=CARTESIAN_POINT('Origin',(1.43999999999997,6.79587829181494E-17,
2.74584233175174));
#10571=CARTESIAN_POINT('',(1.44,0.0173646766543337,2.77030593746898));
#10572=CARTESIAN_POINT('Origin',(1.44,5.42101086242752E-17,2.7458423317517));
#10573=CARTESIAN_POINT('',(1.44,0.425246932168779,2.48078428796633));
#10574=CARTESIAN_POINT('Origin',(1.44,5.42101086242752E-17,2.7458423317517));
#10575=CARTESIAN_POINT('Origin',(1.28,0.407882255514446,2.45632068224906));
#10576=CARTESIAN_POINT('',(1.31,3.60477950471355E-17,2.7458423317517));
#10577=CARTESIAN_POINT('',(1.25,3.60477950471355E-17,2.7458423317517));
#10578=CARTESIAN_POINT('Origin',(1.27999999999998,6.79587829180838E-17,
2.74584233175172));
#10579=CARTESIAN_POINT('',(1.28,0.0173646766543337,2.77030593746898));
#10580=CARTESIAN_POINT('Origin',(1.28,5.42101086242752E-17,2.7458423317517));
#10581=CARTESIAN_POINT('',(1.28,0.425246932168779,2.48078428796633));
#10582=CARTESIAN_POINT('Origin',(1.28,5.42101086242752E-17,2.7458423317517));
#10583=CARTESIAN_POINT('Origin',(1.12,0.407882255514446,2.45632068224906));
#10584=CARTESIAN_POINT('',(1.15,3.60477950471355E-17,2.7458423317517));
#10585=CARTESIAN_POINT('',(1.09,3.60477950471355E-17,2.7458423317517));
#10586=CARTESIAN_POINT('Origin',(1.11999999999998,6.7958782918106E-17,2.74584233175172));
#10587=CARTESIAN_POINT('',(1.12,0.0173646766543337,2.77030593746898));
#10588=CARTESIAN_POINT('Origin',(1.12,5.42101086242752E-17,2.7458423317517));
#10589=CARTESIAN_POINT('',(1.12,0.425246932168779,2.48078428796633));
#10590=CARTESIAN_POINT('Origin',(1.12,5.42101086242752E-17,2.7458423317517));
#10591=CARTESIAN_POINT('Origin',(0.96,0.407882255514446,2.45632068224906));
#10592=CARTESIAN_POINT('',(0.99,3.60477950471355E-17,2.7458423317517));
#10593=CARTESIAN_POINT('',(0.93,3.60477950471355E-17,2.7458423317517));
#10594=CARTESIAN_POINT('Origin',(0.959999999999983,6.79587829180817E-17,
2.74584233175172));
#10595=CARTESIAN_POINT('',(0.96,0.0173646766543337,2.77030593746898));
#10596=CARTESIAN_POINT('Origin',(0.96,5.42101086242752E-17,2.7458423317517));
#10597=CARTESIAN_POINT('',(0.96,0.425246932168779,2.48078428796633));
#10598=CARTESIAN_POINT('Origin',(0.96,5.42101086242752E-17,2.7458423317517));
#10599=CARTESIAN_POINT('Origin',(0.8,0.407882255514446,2.45632068224906));
#10600=CARTESIAN_POINT('',(0.83,3.60477950471355E-17,2.7458423317517));
#10601=CARTESIAN_POINT('',(0.77,3.60477950471355E-17,2.7458423317517));
#10602=CARTESIAN_POINT('Origin',(0.799999999999976,6.79587829181092E-17,
2.74584233175172));
#10603=CARTESIAN_POINT('',(0.8,0.0173646766543339,2.77030593746898));
#10604=CARTESIAN_POINT('Origin',(0.8,5.42101086242752E-17,2.7458423317517));
#10605=CARTESIAN_POINT('',(0.8,0.42524693216878,2.48078428796633));
#10606=CARTESIAN_POINT('Origin',(0.8,5.42101086242752E-17,2.7458423317517));
#10607=CARTESIAN_POINT('Origin',(0.64,0.407882255514446,2.45632068224906));
#10608=CARTESIAN_POINT('',(0.67,3.60477950471355E-17,2.7458423317517));
#10609=CARTESIAN_POINT('',(0.61,3.60477950471355E-17,2.7458423317517));
#10610=CARTESIAN_POINT('Origin',(0.639999999999977,6.79587829181088E-17,
2.74584233175172));
#10611=CARTESIAN_POINT('',(0.64,0.0173646766543339,2.77030593746898));
#10612=CARTESIAN_POINT('Origin',(0.64,5.42101086242752E-17,2.7458423317517));
#10613=CARTESIAN_POINT('',(0.64,0.42524693216878,2.48078428796633));
#10614=CARTESIAN_POINT('Origin',(0.64,5.42101086242752E-17,2.7458423317517));
#10615=CARTESIAN_POINT('Origin',(0.48,0.407882255514446,2.45632068224906));
#10616=CARTESIAN_POINT('',(0.51,3.60477950471355E-17,2.7458423317517));
#10617=CARTESIAN_POINT('',(0.45,3.60477950471355E-17,2.7458423317517));
#10618=CARTESIAN_POINT('Origin',(0.479999999999977,6.79587829181082E-17,
2.74584233175172));
#10619=CARTESIAN_POINT('',(0.48,0.0173646766543339,2.77030593746898));
#10620=CARTESIAN_POINT('Origin',(0.48,5.42101086242752E-17,2.7458423317517));
#10621=CARTESIAN_POINT('',(0.48,0.42524693216878,2.48078428796633));
#10622=CARTESIAN_POINT('Origin',(0.48,5.42101086242752E-17,2.7458423317517));
#10623=CARTESIAN_POINT('Origin',(0.32,0.407882255514446,2.45632068224906));
#10624=CARTESIAN_POINT('',(0.35,3.60477950471355E-17,2.7458423317517));
#10625=CARTESIAN_POINT('',(0.29,3.60477950471355E-17,2.7458423317517));
#10626=CARTESIAN_POINT('Origin',(0.319999999999976,6.79587829181084E-17,
2.74584233175172));
#10627=CARTESIAN_POINT('',(0.32,0.0173646766543338,2.77030593746898));
#10628=CARTESIAN_POINT('Origin',(0.32,5.42101086242752E-17,2.7458423317517));
#10629=CARTESIAN_POINT('',(0.32,0.42524693216878,2.48078428796633));
#10630=CARTESIAN_POINT('Origin',(0.32,5.42101086242752E-17,2.7458423317517));
#10631=CARTESIAN_POINT('Origin',(0.16,0.407882255514446,2.45632068224906));
#10632=CARTESIAN_POINT('',(0.19,3.60477950471355E-17,2.7458423317517));
#10633=CARTESIAN_POINT('',(0.13,0.,2.7458423317517));
#10634=CARTESIAN_POINT('Origin',(0.159999999999974,6.79587829181228E-17,
2.74584233175173));
#10635=CARTESIAN_POINT('',(0.16,0.0173646766543339,2.77030593746898));
#10636=CARTESIAN_POINT('Origin',(0.16,5.42101086242752E-17,2.7458423317517));
#10637=CARTESIAN_POINT('',(0.16,0.42524693216878,2.48078428796633));
#10638=CARTESIAN_POINT('Origin',(0.16,5.42101086242752E-17,2.7458423317517));
#10639=CARTESIAN_POINT('Origin',(0.,0.407882255514446,2.45632068224906));
#10640=CARTESIAN_POINT('',(0.0299999999999999,3.60477950471355E-17,2.7458423317517));
#10641=CARTESIAN_POINT('',(-0.0299999999999999,0.,2.7458423317517));
#10642=CARTESIAN_POINT('Origin',(-2.69879604775092E-14,6.79587829181277E-17,
2.74584233175173));
#10643=CARTESIAN_POINT('',(-3.67394039744207E-18,0.0173646766543338,2.77030593746898));
#10644=CARTESIAN_POINT('Origin',(0.,5.42101086242752E-17,2.7458423317517));
#10645=CARTESIAN_POINT('',(-3.67394039744207E-18,0.42524693216878,2.48078428796633));
#10646=CARTESIAN_POINT('Origin',(0.,5.42101086242752E-17,2.7458423317517));
#10647=CARTESIAN_POINT('Origin',(0.,0.,0.));
#10648=CARTESIAN_POINT('',(-4.32,0.,-3.825));
#10649=CARTESIAN_POINT('',(-4.32,0.,4.175));
#10650=CARTESIAN_POINT('',(-4.32,0.,-3.825));
#10651=CARTESIAN_POINT('',(3.68,0.,4.175));
#10652=CARTESIAN_POINT('',(-4.32,0.,4.175));
#10653=CARTESIAN_POINT('',(3.68,0.,-3.825));
#10654=CARTESIAN_POINT('',(3.68,0.,-3.825));
#10655=CARTESIAN_POINT('',(-4.32,0.,-3.825));
#10656=CARTESIAN_POINT('',(-2.76,0.,-2.35));
#10657=CARTESIAN_POINT('',(-2.76,0.,2.35));
#10658=CARTESIAN_POINT('',(-2.76,0.,-2.35));
#10659=CARTESIAN_POINT('',(2.76,0.,-2.35));
#10660=CARTESIAN_POINT('',(-2.76,0.,-2.35));
#10661=CARTESIAN_POINT('',(2.76,0.,2.35));
#10662=CARTESIAN_POINT('',(2.76,0.,-2.35));
#10663=CARTESIAN_POINT('',(-2.76,0.,2.35));
#10664=CARTESIAN_POINT('',(0.,0.,-2.7458423317517));
#10665=CARTESIAN_POINT('',(0.,0.,-2.7458423317517));
#10666=CARTESIAN_POINT('',(0.,0.,-2.7458423317517));
#10667=CARTESIAN_POINT('',(0.,0.,-2.7458423317517));
#10668=CARTESIAN_POINT('',(0.,0.,-2.7458423317517));
#10669=CARTESIAN_POINT('',(0.,0.,-2.7458423317517));
#10670=CARTESIAN_POINT('',(0.,0.,-2.7458423317517));
#10671=CARTESIAN_POINT('',(0.,0.,-2.7458423317517));
#10672=CARTESIAN_POINT('',(0.,0.,-2.7458423317517));
#10673=CARTESIAN_POINT('',(0.,0.,-2.7458423317517));
#10674=CARTESIAN_POINT('',(0.,0.,-2.7458423317517));
#10675=CARTESIAN_POINT('',(0.,0.,-2.7458423317517));
#10676=CARTESIAN_POINT('',(0.,0.,-2.7458423317517));
#10677=CARTESIAN_POINT('',(0.,0.,-2.7458423317517));
#10678=CARTESIAN_POINT('',(0.,0.,-2.7458423317517));
#10679=CARTESIAN_POINT('',(-2.29941804834869,0.,3.625));
#10680=CARTESIAN_POINT('',(-1.69941804834869,0.,3.625));
#10681=CARTESIAN_POINT('',(-2.29941804834869,0.,3.625));
#10682=CARTESIAN_POINT('',(-2.29941804834869,0.,3.325));
#10683=CARTESIAN_POINT('',(-2.29941804834869,0.,3.325));
#10684=CARTESIAN_POINT('',(-1.69941804834869,0.,3.325));
#10685=CARTESIAN_POINT('',(-2.29941804834869,0.,3.325));
#10686=CARTESIAN_POINT('',(-1.69941804834869,0.,3.325));
#10687=CARTESIAN_POINT('',(0.72910227681053,0.,3.625));
#10688=CARTESIAN_POINT('',(1.32910227681053,0.,3.625));
#10689=CARTESIAN_POINT('',(0.72910227681053,0.,3.625));
#10690=CARTESIAN_POINT('',(0.72910227681053,0.,3.325));
#10691=CARTESIAN_POINT('',(0.72910227681053,0.,3.625));
#10692=CARTESIAN_POINT('',(1.32910227681053,0.,3.325));
#10693=CARTESIAN_POINT('',(0.72910227681053,0.,3.325));
#10694=CARTESIAN_POINT('',(1.32910227681053,0.,3.625));
#10695=CARTESIAN_POINT('',(3.03,0.,-1.22363244987999));
#10696=CARTESIAN_POINT('',(3.33,0.,-1.22363244987999));
#10697=CARTESIAN_POINT('',(3.03,0.,-1.22363244987999));
#10698=CARTESIAN_POINT('',(3.03,0.,-1.82363244987999));
#10699=CARTESIAN_POINT('',(3.03,0.,-1.22363244987999));
#10700=CARTESIAN_POINT('',(3.33,0.,-1.82363244987999));
#10701=CARTESIAN_POINT('',(3.03,0.,-1.82363244987999));
#10702=CARTESIAN_POINT('',(3.33,0.,-1.22363244987999));
#10703=CARTESIAN_POINT('',(1.01195525202958,0.,-3.175));
#10704=CARTESIAN_POINT('',(1.61195525202958,0.,-3.175));
#10705=CARTESIAN_POINT('',(1.01195525202958,0.,-3.175));
#10706=CARTESIAN_POINT('',(1.01195525202958,0.,-3.475));
#10707=CARTESIAN_POINT('',(1.01195525202958,0.,-3.475));
#10708=CARTESIAN_POINT('',(1.61195525202958,0.,-3.475));
#10709=CARTESIAN_POINT('',(1.01195525202958,0.,-3.475));
#10710=CARTESIAN_POINT('',(1.61195525202958,0.,-3.475));
#10711=CARTESIAN_POINT('',(-1.45145144029235,0.,-3.475));
#10712=CARTESIAN_POINT('',(-2.05145144029235,0.,-3.475));
#10713=CARTESIAN_POINT('',(-1.45145144029235,0.,-3.475));
#10714=CARTESIAN_POINT('',(-1.45145144029235,0.,-3.175));
#10715=CARTESIAN_POINT('',(-1.45145144029235,0.,-3.175));
#10716=CARTESIAN_POINT('',(-2.05145144029235,0.,-3.175));
#10717=CARTESIAN_POINT('',(-1.45145144029235,0.,-3.175));
#10718=CARTESIAN_POINT('',(-2.05145144029235,0.,-3.175));
#10719=CARTESIAN_POINT('',(3.03,0.,0.918095759805741));
#10720=CARTESIAN_POINT('',(3.33,0.,0.918095759805741));
#10721=CARTESIAN_POINT('',(3.03,0.,0.918095759805741));
#10722=CARTESIAN_POINT('',(3.03,0.,0.318095759805741));
#10723=CARTESIAN_POINT('',(3.03,0.,0.318095759805741));
#10724=CARTESIAN_POINT('',(3.33,0.,0.318095759805741));
#10725=CARTESIAN_POINT('',(3.03,0.,0.318095759805741));
#10726=CARTESIAN_POINT('',(3.33,0.,0.318095759805741));
#10727=CARTESIAN_POINT('',(-1.00356079383345,0.,3.625));
#10728=CARTESIAN_POINT('',(-0.403560793833449,0.,3.625));
#10729=CARTESIAN_POINT('',(-1.00356079383345,0.,3.625));
#10730=CARTESIAN_POINT('',(-1.00356079383345,0.,3.325));
#10731=CARTESIAN_POINT('',(-1.00356079383345,0.,3.325));
#10732=CARTESIAN_POINT('',(-0.403560793833449,0.,3.325));
#10733=CARTESIAN_POINT('',(-1.00356079383345,0.,3.325));
#10734=CARTESIAN_POINT('',(-0.403560793833449,0.,3.325));
#10735=CARTESIAN_POINT('',(0.,0.,-2.7458423317517));
#10736=CARTESIAN_POINT('',(0.,0.,-2.7458423317517));
#10737=CARTESIAN_POINT('',(0.,0.,-2.7458423317517));
#10738=CARTESIAN_POINT('',(0.,0.,-2.7458423317517));
#10739=CARTESIAN_POINT('',(0.,0.,-2.7458423317517));
#10740=CARTESIAN_POINT('',(0.,0.,-2.7458423317517));
#10741=CARTESIAN_POINT('',(0.,0.,-2.7458423317517));
#10742=CARTESIAN_POINT('',(0.,0.,-2.7458423317517));
#10743=CARTESIAN_POINT('',(0.,0.,-2.7458423317517));
#10744=CARTESIAN_POINT('',(0.,0.,-2.7458423317517));
#10745=CARTESIAN_POINT('',(0.,0.,-2.7458423317517));
#10746=CARTESIAN_POINT('',(0.,0.,-2.7458423317517));
#10747=CARTESIAN_POINT('',(0.,0.,-2.7458423317517));
#10748=CARTESIAN_POINT('',(0.,0.,-2.7458423317517));
#10749=CARTESIAN_POINT('',(0.,0.,-2.7458423317517));
#10750=CARTESIAN_POINT('',(0.,0.,-2.7458423317517));
#10751=CARTESIAN_POINT('',(0.,0.,2.7458423317517));
#10752=CARTESIAN_POINT('',(0.,0.,2.7458423317517));
#10753=CARTESIAN_POINT('',(0.,0.,2.7458423317517));
#10754=CARTESIAN_POINT('',(0.,0.,2.7458423317517));
#10755=CARTESIAN_POINT('',(0.,0.,2.7458423317517));
#10756=CARTESIAN_POINT('',(0.,0.,2.7458423317517));
#10757=CARTESIAN_POINT('',(0.,0.,2.7458423317517));
#10758=CARTESIAN_POINT('',(0.,0.,2.7458423317517));
#10759=CARTESIAN_POINT('',(0.,0.,2.7458423317517));
#10760=CARTESIAN_POINT('',(0.,0.,2.7458423317517));
#10761=CARTESIAN_POINT('',(0.,0.,2.7458423317517));
#10762=CARTESIAN_POINT('',(0.,0.,2.7458423317517));
#10763=CARTESIAN_POINT('',(0.,0.,2.7458423317517));
#10764=CARTESIAN_POINT('',(0.,0.,2.7458423317517));
#10765=CARTESIAN_POINT('',(0.,0.,2.7458423317517));
#10766=CARTESIAN_POINT('',(0.,0.,2.7458423317517));
#10767=CARTESIAN_POINT('',(0.,0.,2.7458423317517));
#10768=CARTESIAN_POINT('',(0.,0.,2.7458423317517));
#10769=CARTESIAN_POINT('',(0.,0.,2.7458423317517));
#10770=CARTESIAN_POINT('',(0.,0.,2.7458423317517));
#10771=CARTESIAN_POINT('',(0.,0.,2.7458423317517));
#10772=CARTESIAN_POINT('',(0.,0.,2.7458423317517));
#10773=CARTESIAN_POINT('',(0.,0.,2.7458423317517));
#10774=CARTESIAN_POINT('',(0.,0.,2.7458423317517));
#10775=CARTESIAN_POINT('',(0.,0.,2.7458423317517));
#10776=CARTESIAN_POINT('',(0.,0.,2.7458423317517));
#10777=CARTESIAN_POINT('',(0.,0.,2.7458423317517));
#10778=CARTESIAN_POINT('',(0.,0.,2.7458423317517));
#10779=CARTESIAN_POINT('',(0.,0.,2.7458423317517));
#10780=CARTESIAN_POINT('',(0.,0.,2.7458423317517));
#10781=CARTESIAN_POINT('',(0.,0.,2.7458423317517));
#10782=CARTESIAN_POINT('Origin',(-2.76,0.35,2.35));
#10783=CARTESIAN_POINT('',(-2.76,0.35,-2.35));
#10784=CARTESIAN_POINT('',(-2.76,0.35,2.35));
#10785=CARTESIAN_POINT('',(-2.76,0.35,-2.35));
#10786=CARTESIAN_POINT('',(2.76,0.35,2.35));
#10787=CARTESIAN_POINT('',(-2.76,0.35,2.35));
#10788=CARTESIAN_POINT('',(2.76,0.35,-2.35));
#10789=CARTESIAN_POINT('',(2.76,0.35,-2.35));
#10790=CARTESIAN_POINT('',(-2.76,0.35,-2.35));
#10791=CARTESIAN_POINT('',(-2.155,0.35,-1.195));
#10792=CARTESIAN_POINT('',(-2.155,0.35,1.545));
#10793=CARTESIAN_POINT('',(-2.155,0.35,-1.195));
#10794=CARTESIAN_POINT('',(1.515,0.35,-1.195));
#10795=CARTESIAN_POINT('',(-2.155,0.35,-1.195));
#10796=CARTESIAN_POINT('',(1.515,0.35,1.545));
#10797=CARTESIAN_POINT('',(1.515,0.35,-1.195));
#10798=CARTESIAN_POINT('',(-2.155,0.35,1.545));
#10799=CARTESIAN_POINT('',(-2.33210199343116,0.35,-1.6914441641105));
#10800=CARTESIAN_POINT('',(-2.35710199343116,0.35,-1.7164441641105));
#10801=CARTESIAN_POINT('Ctrl Pts',(-2.33210199343116,0.35,-1.6914441641105));
#10802=CARTESIAN_POINT('Ctrl Pts',(-2.33403854456686,0.35,-1.69154681003407));
#10803=CARTESIAN_POINT('Ctrl Pts',(-2.33772304727127,0.35,-1.69174210525556));
#10804=CARTESIAN_POINT('Ctrl Pts',(-2.34293750174503,0.35,-1.69273391857086));
#10805=CARTESIAN_POINT('Ctrl Pts',(-2.34726951134106,0.35,-1.69487350508809));
#10806=CARTESIAN_POINT('Ctrl Pts',(-2.35103769615523,0.35,-1.69750846138642));
#10807=CARTESIAN_POINT('Ctrl Pts',(-2.35367265245357,0.35,-1.7012766462006));
#10808=CARTESIAN_POINT('Ctrl Pts',(-2.35581223897079,0.35,-1.70560865579663));
#10809=CARTESIAN_POINT('Ctrl Pts',(-2.3568040522861,0.35,-1.71082311027039));
#10810=CARTESIAN_POINT('Ctrl Pts',(-2.35699934750759,0.35,-1.7145076129748));
#10811=CARTESIAN_POINT('Ctrl Pts',(-2.35710199343116,0.35,-1.7164441641105));
#10812=CARTESIAN_POINT('',(-2.35710199343116,0.35,-2.10617630696764));
#10813=CARTESIAN_POINT('',(-2.35710199343116,0.35,-1.7164441641105));
#10814=CARTESIAN_POINT('',(-2.41435645771687,0.35,-2.04892184268193));
#10815=CARTESIAN_POINT('',(-2.35710199343116,0.35,-2.10617630696764));
#10816=CARTESIAN_POINT('',(-2.43176717200259,0.35,-2.04177898553907));
#10817=CARTESIAN_POINT('Ctrl Pts',(-2.41435645771687,0.35,-2.04892184268193));
#10818=CARTESIAN_POINT('Ctrl Pts',(-2.41558148002754,0.35,-2.04782591915326));
#10819=CARTESIAN_POINT('Ctrl Pts',(-2.41797629003625,0.35,-2.04568348581767));
#10820=CARTESIAN_POINT('Ctrl Pts',(-2.42224296581618,0.35,-2.04340879098885));
#10821=CARTESIAN_POINT('Ctrl Pts',(-2.42688173573669,0.35,-2.0420231993568));
#10822=CARTESIAN_POINT('Ctrl Pts',(-2.4301205375611,0.35,-2.04186129771376));
#10823=CARTESIAN_POINT('Ctrl Pts',(-2.43176717200259,0.35,-2.04177898553907));
#10824=CARTESIAN_POINT('',(-2.45654395771687,0.35,-2.06655577125336));
#10825=CARTESIAN_POINT('Ctrl Pts',(-2.43176717200259,0.35,-2.04177898553907));
#10826=CARTESIAN_POINT('Ctrl Pts',(-2.43371196424694,0.35,-2.04181031583469));
#10827=CARTESIAN_POINT('Ctrl Pts',(-2.43738642618431,0.35,-2.04186951083564));
#10828=CARTESIAN_POINT('Ctrl Pts',(-2.44245874775796,0.35,-2.04317712658085));
#10829=CARTESIAN_POINT('Ctrl Pts',(-2.44689966477153,0.35,-2.04500138598652));
#10830=CARTESIAN_POINT('Ctrl Pts',(-2.45038359994162,0.35,-2.04793934331432));
#10831=CARTESIAN_POINT('Ctrl Pts',(-2.45332155726943,0.35,-2.05142327848441));
#10832=CARTESIAN_POINT('Ctrl Pts',(-2.45514581667509,0.35,-2.05586419549798));
#10833=CARTESIAN_POINT('Ctrl Pts',(-2.4564534324203,0.35,-2.06093651707163));
#10834=CARTESIAN_POINT('Ctrl Pts',(-2.45651262742125,0.35,-2.064610979009));
#10835=CARTESIAN_POINT('Ctrl Pts',(-2.45654395771687,0.35,-2.06655577125336));
#10836=CARTESIAN_POINT('',(-2.44940110057401,0.35,-2.08396648553907));
#10837=CARTESIAN_POINT('Ctrl Pts',(-2.45654395771687,0.35,-2.06655577125336));
#10838=CARTESIAN_POINT('Ctrl Pts',(-2.45646164554218,0.35,-2.06820240569485));
#10839=CARTESIAN_POINT('Ctrl Pts',(-2.45629974389915,0.35,-2.07144120751925));
#10840=CARTESIAN_POINT('Ctrl Pts',(-2.4549141522671,0.35,-2.07607997743976));
#10841=CARTESIAN_POINT('Ctrl Pts',(-2.45263945743828,0.35,-2.0803466532197));
#10842=CARTESIAN_POINT('Ctrl Pts',(-2.45049702410268,0.35,-2.0827414632284));
#10843=CARTESIAN_POINT('Ctrl Pts',(-2.44940110057401,0.35,-2.08396648553907));
#10844=CARTESIAN_POINT('',(-2.35219127914544,0.35,-2.18162273553907));
#10845=CARTESIAN_POINT('',(-2.44940110057401,0.35,-2.08396648553907));
#10846=CARTESIAN_POINT('',(-2.33210199343116,0.35,-2.1914441641105));
#10847=CARTESIAN_POINT('Ctrl Pts',(-2.35219127914544,0.35,-2.18162273553907));
#10848=CARTESIAN_POINT('Ctrl Pts',(-2.35061104251615,0.35,-2.18314871982094));
#10849=CARTESIAN_POINT('Ctrl Pts',(-2.34762036658017,0.35,-2.18603672050757));
#10850=CARTESIAN_POINT('Ctrl Pts',(-2.34246467832399,0.35,-2.18901751635806));
#10851=CARTESIAN_POINT('Ctrl Pts',(-2.33736594342402,0.35,-2.19117126721943));
#10852=CARTESIAN_POINT('Ctrl Pts',(-2.33383377414979,0.35,-2.19135438408319));
#10853=CARTESIAN_POINT('Ctrl Pts',(-2.33210199343116,0.35,-2.1914441641105));
#10854=CARTESIAN_POINT('',(-2.30710199343116,0.35,-2.1664441641105));
#10855=CARTESIAN_POINT('Ctrl Pts',(-2.33210199343116,0.35,-2.1914441641105));
#10856=CARTESIAN_POINT('Ctrl Pts',(-2.33011879531318,0.35,-2.19141762619157));
#10857=CARTESIAN_POINT('Ctrl Pts',(-2.32640494233616,0.35,-2.1913679297299));
#10858=CARTESIAN_POINT('Ctrl Pts',(-2.3212740259323,0.35,-2.19001897004998));
#10859=CARTESIAN_POINT('Ctrl Pts',(-2.31676696459269,0.35,-2.18825573993724));
#10860=CARTESIAN_POINT('Ctrl Pts',(-2.31326656151604,0.35,-2.18527959602561));
#10861=CARTESIAN_POINT('Ctrl Pts',(-2.31029041760442,0.35,-2.18177919294897));
#10862=CARTESIAN_POINT('Ctrl Pts',(-2.30852718749168,0.35,-2.17727213160936));
#10863=CARTESIAN_POINT('Ctrl Pts',(-2.30717822781175,0.35,-2.17214121520549));
#10864=CARTESIAN_POINT('Ctrl Pts',(-2.30712853135009,0.35,-2.16842736222848));
#10865=CARTESIAN_POINT('Ctrl Pts',(-2.30710199343116,0.35,-2.1664441641105));
#10866=CARTESIAN_POINT('',(-2.30710199343116,0.35,-1.7164441641105));
#10867=CARTESIAN_POINT('',(-2.30710199343116,0.35,-2.1664441641105));
#10868=CARTESIAN_POINT('Ctrl Pts',(-2.30710199343116,0.35,-1.7164441641105));
#10869=CARTESIAN_POINT('Ctrl Pts',(-2.30713850079783,0.35,-1.71450118406958));
#10870=CARTESIAN_POINT('Ctrl Pts',(-2.30720815855153,0.35,-1.71079388777709));
#10871=CARTESIAN_POINT('Ctrl Pts',(-2.30847080468019,0.35,-1.70566473922415));
#10872=CARTESIAN_POINT('Ctrl Pts',(-2.31036671191331,0.35,-1.70120067114704));
#10873=CARTESIAN_POINT('Ctrl Pts',(-2.31318237203334,0.35,-1.69759247843564));
#10874=CARTESIAN_POINT('Ctrl Pts',(-2.31684328768859,0.35,-1.69479689380125));
#10875=CARTESIAN_POINT('Ctrl Pts',(-2.32121856090513,0.35,-1.69279037552912));
#10876=CARTESIAN_POINT('Ctrl Pts',(-2.32643469224999,0.35,-1.69171255808177));
#10877=CARTESIAN_POINT('Ctrl Pts',(-2.33012546580952,0.35,-1.6915377691759));
#10878=CARTESIAN_POINT('Ctrl Pts',(-2.33210199343116,0.35,-1.6914441641105));
#10879=CARTESIAN_POINT('Origin',(-2.76,0.35,-2.35));
#10880=CARTESIAN_POINT('',(-2.76,0.35,2.35));
#10881=CARTESIAN_POINT('',(-2.76,0.35,-2.35));
#10882=CARTESIAN_POINT('Origin',(-2.76,0.35,2.35));
#10883=CARTESIAN_POINT('',(2.76,0.35,2.35));
#10884=CARTESIAN_POINT('Origin',(2.76,0.35,-2.35));
#10885=CARTESIAN_POINT('',(2.76,0.35,-2.35));
#10886=CARTESIAN_POINT('Origin',(-2.76,0.35,-2.35));
#10887=CARTESIAN_POINT('Origin',(-2.155,0.34,-1.195));
#10888=CARTESIAN_POINT('',(-2.155,0.34,1.545));
#10889=CARTESIAN_POINT('',(-2.155,0.34,1.545));
#10890=CARTESIAN_POINT('',(-2.155,0.34,-1.195));
#10891=CARTESIAN_POINT('',(-2.155,0.34,-1.195));
#10892=CARTESIAN_POINT('',(-2.155,0.34,-1.195));
#10893=CARTESIAN_POINT('Origin',(-2.155,0.34,-1.195));
#10894=CARTESIAN_POINT('',(1.515,0.34,-1.195));
#10895=CARTESIAN_POINT('',(-2.155,0.34,-1.195));
#10896=CARTESIAN_POINT('',(1.515,0.34,-1.195));
#10897=CARTESIAN_POINT('Origin',(1.515,0.34,-1.195));
#10898=CARTESIAN_POINT('',(1.515,0.34,1.545));
#10899=CARTESIAN_POINT('',(1.515,0.34,-1.195));
#10900=CARTESIAN_POINT('',(1.515,0.34,1.545));
#10901=CARTESIAN_POINT('Origin',(-2.155,0.34,1.545));
#10902=CARTESIAN_POINT('',(-2.155,0.34,1.545));
#10903=CARTESIAN_POINT('Origin',(-2.155,0.34,1.545));
#10904=CARTESIAN_POINT('Origin',(-2.35710199343116,0.34,-1.7164441641105));
#10905=CARTESIAN_POINT('',(-2.35710199343116,0.34,-1.7164441641105));
#10906=CARTESIAN_POINT('',(-2.35710199343116,0.34,-1.7164441641105));
#10907=CARTESIAN_POINT('',(-2.35710199343116,0.34,-2.10617630696764));
#10908=CARTESIAN_POINT('',(-2.35710199343116,0.34,-1.7164441641105));
#10909=CARTESIAN_POINT('',(-2.35710199343116,0.34,-2.10617630696764));
#10910=CARTESIAN_POINT('Origin',(-2.35710199343116,0.34,-2.10617630696764));
#10911=CARTESIAN_POINT('',(-2.41435645771687,0.34,-2.04892184268193));
#10912=CARTESIAN_POINT('',(-2.35710199343116,0.34,-2.10617630696764));
#10913=CARTESIAN_POINT('',(-2.41435645771687,0.34,-2.04892184268193));
#10914=CARTESIAN_POINT('Ctrl Pts',(-2.41435645771687,0.34,-2.04892184268193));
#10915=CARTESIAN_POINT('Ctrl Pts',(-2.41435645771687,0.352,-2.04892184268193));
#10916=CARTESIAN_POINT('Ctrl Pts',(-2.41558148002754,0.34,-2.04782591915326));
#10917=CARTESIAN_POINT('Ctrl Pts',(-2.41558148002754,0.352,-2.04782591915326));
#10918=CARTESIAN_POINT('Ctrl Pts',(-2.41797629003625,0.34,-2.04568348581767));
#10919=CARTESIAN_POINT('Ctrl Pts',(-2.41797629003625,0.352,-2.04568348581767));
#10920=CARTESIAN_POINT('Ctrl Pts',(-2.42224296581618,0.34,-2.04340879098885));
#10921=CARTESIAN_POINT('Ctrl Pts',(-2.42224296581618,0.352,-2.04340879098885));
#10922=CARTESIAN_POINT('Ctrl Pts',(-2.42688173573669,0.34,-2.0420231993568));
#10923=CARTESIAN_POINT('Ctrl Pts',(-2.42688173573669,0.352,-2.0420231993568));
#10924=CARTESIAN_POINT('Ctrl Pts',(-2.4301205375611,0.34,-2.04186129771376));
#10925=CARTESIAN_POINT('Ctrl Pts',(-2.4301205375611,0.352,-2.04186129771376));
#10926=CARTESIAN_POINT('Ctrl Pts',(-2.43176717200259,0.34,-2.04177898553907));
#10927=CARTESIAN_POINT('Ctrl Pts',(-2.43176717200259,0.352,-2.04177898553907));
#10928=CARTESIAN_POINT('',(-2.43176717200259,0.34,-2.04177898553907));
#10929=CARTESIAN_POINT('Ctrl Pts',(-2.41435645771687,0.34,-2.04892184268193));
#10930=CARTESIAN_POINT('Ctrl Pts',(-2.41558148002754,0.34,-2.04782591915326));
#10931=CARTESIAN_POINT('Ctrl Pts',(-2.41797629003625,0.34,-2.04568348581767));
#10932=CARTESIAN_POINT('Ctrl Pts',(-2.42224296581618,0.34,-2.04340879098885));
#10933=CARTESIAN_POINT('Ctrl Pts',(-2.42688173573669,0.34,-2.0420231993568));
#10934=CARTESIAN_POINT('Ctrl Pts',(-2.4301205375611,0.34,-2.04186129771376));
#10935=CARTESIAN_POINT('Ctrl Pts',(-2.43176717200259,0.34,-2.04177898553907));
#10936=CARTESIAN_POINT('',(-2.43176717200259,0.34,-2.04177898553907));
#10937=CARTESIAN_POINT('Ctrl Pts',(-2.43176717200259,0.34,-2.04177898553907));
#10938=CARTESIAN_POINT('Ctrl Pts',(-2.43176717200259,0.352,-2.04177898553907));
#10939=CARTESIAN_POINT('Ctrl Pts',(-2.43371196424694,0.34,-2.04181031583469));
#10940=CARTESIAN_POINT('Ctrl Pts',(-2.43371196424694,0.352,-2.04181031583469));
#10941=CARTESIAN_POINT('Ctrl Pts',(-2.43738642618431,0.34,-2.04186951083564));
#10942=CARTESIAN_POINT('Ctrl Pts',(-2.43738642618431,0.352,-2.04186951083564));
#10943=CARTESIAN_POINT('Ctrl Pts',(-2.44245874775796,0.34,-2.04317712658085));
#10944=CARTESIAN_POINT('Ctrl Pts',(-2.44245874775796,0.352,-2.04317712658085));
#10945=CARTESIAN_POINT('Ctrl Pts',(-2.44689966477153,0.34,-2.04500138598652));
#10946=CARTESIAN_POINT('Ctrl Pts',(-2.44689966477153,0.352,-2.04500138598652));
#10947=CARTESIAN_POINT('Ctrl Pts',(-2.45038359994162,0.34,-2.04793934331432));
#10948=CARTESIAN_POINT('Ctrl Pts',(-2.45038359994162,0.352,-2.04793934331432));
#10949=CARTESIAN_POINT('Ctrl Pts',(-2.45332155726943,0.34,-2.05142327848441));
#10950=CARTESIAN_POINT('Ctrl Pts',(-2.45332155726943,0.352,-2.05142327848441));
#10951=CARTESIAN_POINT('Ctrl Pts',(-2.45514581667509,0.34,-2.05586419549798));
#10952=CARTESIAN_POINT('Ctrl Pts',(-2.45514581667509,0.352,-2.05586419549798));
#10953=CARTESIAN_POINT('Ctrl Pts',(-2.4564534324203,0.34,-2.06093651707163));
#10954=CARTESIAN_POINT('Ctrl Pts',(-2.4564534324203,0.352,-2.06093651707163));
#10955=CARTESIAN_POINT('Ctrl Pts',(-2.45651262742125,0.34,-2.064610979009));
#10956=CARTESIAN_POINT('Ctrl Pts',(-2.45651262742125,0.352,-2.064610979009));
#10957=CARTESIAN_POINT('Ctrl Pts',(-2.45654395771687,0.34,-2.06655577125336));
#10958=CARTESIAN_POINT('Ctrl Pts',(-2.45654395771687,0.352,-2.06655577125336));
#10959=CARTESIAN_POINT('',(-2.45654395771687,0.34,-2.06655577125336));
#10960=CARTESIAN_POINT('Ctrl Pts',(-2.43176717200259,0.34,-2.04177898553907));
#10961=CARTESIAN_POINT('Ctrl Pts',(-2.43371196424694,0.34,-2.04181031583469));
#10962=CARTESIAN_POINT('Ctrl Pts',(-2.43738642618431,0.34,-2.04186951083564));
#10963=CARTESIAN_POINT('Ctrl Pts',(-2.44245874775796,0.34,-2.04317712658085));
#10964=CARTESIAN_POINT('Ctrl Pts',(-2.44689966477153,0.34,-2.04500138598652));
#10965=CARTESIAN_POINT('Ctrl Pts',(-2.45038359994162,0.34,-2.04793934331432));
#10966=CARTESIAN_POINT('Ctrl Pts',(-2.45332155726943,0.34,-2.05142327848441));
#10967=CARTESIAN_POINT('Ctrl Pts',(-2.45514581667509,0.34,-2.05586419549798));
#10968=CARTESIAN_POINT('Ctrl Pts',(-2.4564534324203,0.34,-2.06093651707163));
#10969=CARTESIAN_POINT('Ctrl Pts',(-2.45651262742125,0.34,-2.064610979009));
#10970=CARTESIAN_POINT('Ctrl Pts',(-2.45654395771687,0.34,-2.06655577125336));
#10971=CARTESIAN_POINT('',(-2.45654395771687,0.34,-2.06655577125336));
#10972=CARTESIAN_POINT('Ctrl Pts',(-2.45654395771687,0.34,-2.06655577125336));
#10973=CARTESIAN_POINT('Ctrl Pts',(-2.45654395771687,0.352,-2.06655577125336));
#10974=CARTESIAN_POINT('Ctrl Pts',(-2.45646164554218,0.34,-2.06820240569485));
#10975=CARTESIAN_POINT('Ctrl Pts',(-2.45646164554218,0.352,-2.06820240569485));
#10976=CARTESIAN_POINT('Ctrl Pts',(-2.45629974389915,0.34,-2.07144120751925));
#10977=CARTESIAN_POINT('Ctrl Pts',(-2.45629974389915,0.352,-2.07144120751925));
#10978=CARTESIAN_POINT('Ctrl Pts',(-2.4549141522671,0.34,-2.07607997743976));
#10979=CARTESIAN_POINT('Ctrl Pts',(-2.4549141522671,0.352,-2.07607997743976));
#10980=CARTESIAN_POINT('Ctrl Pts',(-2.45263945743828,0.34,-2.0803466532197));
#10981=CARTESIAN_POINT('Ctrl Pts',(-2.45263945743828,0.352,-2.0803466532197));
#10982=CARTESIAN_POINT('Ctrl Pts',(-2.45049702410268,0.34,-2.0827414632284));
#10983=CARTESIAN_POINT('Ctrl Pts',(-2.45049702410268,0.352,-2.0827414632284));
#10984=CARTESIAN_POINT('Ctrl Pts',(-2.44940110057401,0.34,-2.08396648553907));
#10985=CARTESIAN_POINT('Ctrl Pts',(-2.44940110057401,0.352,-2.08396648553907));
#10986=CARTESIAN_POINT('',(-2.44940110057401,0.34,-2.08396648553907));
#10987=CARTESIAN_POINT('Ctrl Pts',(-2.45654395771687,0.34,-2.06655577125336));
#10988=CARTESIAN_POINT('Ctrl Pts',(-2.45646164554218,0.34,-2.06820240569485));
#10989=CARTESIAN_POINT('Ctrl Pts',(-2.45629974389915,0.34,-2.07144120751925));
#10990=CARTESIAN_POINT('Ctrl Pts',(-2.4549141522671,0.34,-2.07607997743976));
#10991=CARTESIAN_POINT('Ctrl Pts',(-2.45263945743828,0.34,-2.0803466532197));
#10992=CARTESIAN_POINT('Ctrl Pts',(-2.45049702410268,0.34,-2.0827414632284));
#10993=CARTESIAN_POINT('Ctrl Pts',(-2.44940110057401,0.34,-2.08396648553907));
#10994=CARTESIAN_POINT('',(-2.44940110057401,0.34,-2.08396648553907));
#10995=CARTESIAN_POINT('Origin',(-2.44940110057401,0.34,-2.08396648553907));
#10996=CARTESIAN_POINT('',(-2.35219127914544,0.34,-2.18162273553907));
#10997=CARTESIAN_POINT('',(-2.44940110057401,0.34,-2.08396648553907));
#10998=CARTESIAN_POINT('',(-2.35219127914544,0.34,-2.18162273553907));
#10999=CARTESIAN_POINT('Ctrl Pts',(-2.35219127914544,0.34,-2.18162273553907));
#11000=CARTESIAN_POINT('Ctrl Pts',(-2.35219127914544,0.352,-2.18162273553907));
#11001=CARTESIAN_POINT('Ctrl Pts',(-2.35061104251615,0.34,-2.18314871982094));
#11002=CARTESIAN_POINT('Ctrl Pts',(-2.35061104251615,0.352,-2.18314871982094));
#11003=CARTESIAN_POINT('Ctrl Pts',(-2.34762036658017,0.34,-2.18603672050757));
#11004=CARTESIAN_POINT('Ctrl Pts',(-2.34762036658017,0.352,-2.18603672050757));
#11005=CARTESIAN_POINT('Ctrl Pts',(-2.34246467832399,0.34,-2.18901751635806));
#11006=CARTESIAN_POINT('Ctrl Pts',(-2.34246467832399,0.352,-2.18901751635806));
#11007=CARTESIAN_POINT('Ctrl Pts',(-2.33736594342402,0.34,-2.19117126721943));
#11008=CARTESIAN_POINT('Ctrl Pts',(-2.33736594342402,0.352,-2.19117126721943));
#11009=CARTESIAN_POINT('Ctrl Pts',(-2.33383377414979,0.34,-2.19135438408319));
#11010=CARTESIAN_POINT('Ctrl Pts',(-2.33383377414979,0.352,-2.19135438408319));
#11011=CARTESIAN_POINT('Ctrl Pts',(-2.33210199343116,0.34,-2.1914441641105));
#11012=CARTESIAN_POINT('Ctrl Pts',(-2.33210199343116,0.352,-2.1914441641105));
#11013=CARTESIAN_POINT('',(-2.33210199343116,0.34,-2.1914441641105));
#11014=CARTESIAN_POINT('Ctrl Pts',(-2.35219127914544,0.34,-2.18162273553907));
#11015=CARTESIAN_POINT('Ctrl Pts',(-2.35061104251615,0.34,-2.18314871982094));
#11016=CARTESIAN_POINT('Ctrl Pts',(-2.34762036658017,0.34,-2.18603672050757));
#11017=CARTESIAN_POINT('Ctrl Pts',(-2.34246467832399,0.34,-2.18901751635806));
#11018=CARTESIAN_POINT('Ctrl Pts',(-2.33736594342402,0.34,-2.19117126721943));
#11019=CARTESIAN_POINT('Ctrl Pts',(-2.33383377414979,0.34,-2.19135438408319));
#11020=CARTESIAN_POINT('Ctrl Pts',(-2.33210199343116,0.34,-2.1914441641105));
#11021=CARTESIAN_POINT('',(-2.33210199343116,0.34,-2.1914441641105));
#11022=CARTESIAN_POINT('Ctrl Pts',(-2.33210199343116,0.34,-2.1914441641105));
#11023=CARTESIAN_POINT('Ctrl Pts',(-2.33210199343116,0.352,-2.1914441641105));
#11024=CARTESIAN_POINT('Ctrl Pts',(-2.33011879531318,0.34,-2.19141762619157));
#11025=CARTESIAN_POINT('Ctrl Pts',(-2.33011879531318,0.352,-2.19141762619157));
#11026=CARTESIAN_POINT('Ctrl Pts',(-2.32640494233616,0.34,-2.1913679297299));
#11027=CARTESIAN_POINT('Ctrl Pts',(-2.32640494233616,0.352,-2.1913679297299));
#11028=CARTESIAN_POINT('Ctrl Pts',(-2.3212740259323,0.34,-2.19001897004998));
#11029=CARTESIAN_POINT('Ctrl Pts',(-2.3212740259323,0.352,-2.19001897004998));
#11030=CARTESIAN_POINT('Ctrl Pts',(-2.31676696459269,0.34,-2.18825573993724));
#11031=CARTESIAN_POINT('Ctrl Pts',(-2.31676696459269,0.352,-2.18825573993724));
#11032=CARTESIAN_POINT('Ctrl Pts',(-2.31326656151604,0.34,-2.18527959602561));
#11033=CARTESIAN_POINT('Ctrl Pts',(-2.31326656151604,0.352,-2.18527959602561));
#11034=CARTESIAN_POINT('Ctrl Pts',(-2.31029041760442,0.34,-2.18177919294897));
#11035=CARTESIAN_POINT('Ctrl Pts',(-2.31029041760442,0.352,-2.18177919294897));
#11036=CARTESIAN_POINT('Ctrl Pts',(-2.30852718749168,0.34,-2.17727213160936));
#11037=CARTESIAN_POINT('Ctrl Pts',(-2.30852718749168,0.352,-2.17727213160936));
#11038=CARTESIAN_POINT('Ctrl Pts',(-2.30717822781175,0.34,-2.17214121520549));
#11039=CARTESIAN_POINT('Ctrl Pts',(-2.30717822781175,0.352,-2.17214121520549));
#11040=CARTESIAN_POINT('Ctrl Pts',(-2.30712853135009,0.34,-2.16842736222848));
#11041=CARTESIAN_POINT('Ctrl Pts',(-2.30712853135009,0.352,-2.16842736222848));
#11042=CARTESIAN_POINT('Ctrl Pts',(-2.30710199343116,0.34,-2.1664441641105));
#11043=CARTESIAN_POINT('Ctrl Pts',(-2.30710199343116,0.352,-2.1664441641105));
#11044=CARTESIAN_POINT('',(-2.30710199343116,0.34,-2.1664441641105));
#11045=CARTESIAN_POINT('Ctrl Pts',(-2.33210199343116,0.34,-2.1914441641105));
#11046=CARTESIAN_POINT('Ctrl Pts',(-2.33011879531318,0.34,-2.19141762619157));
#11047=CARTESIAN_POINT('Ctrl Pts',(-2.32640494233616,0.34,-2.1913679297299));
#11048=CARTESIAN_POINT('Ctrl Pts',(-2.3212740259323,0.34,-2.19001897004998));
#11049=CARTESIAN_POINT('Ctrl Pts',(-2.31676696459269,0.34,-2.18825573993724));
#11050=CARTESIAN_POINT('Ctrl Pts',(-2.31326656151604,0.34,-2.18527959602561));
#11051=CARTESIAN_POINT('Ctrl Pts',(-2.31029041760442,0.34,-2.18177919294897));
#11052=CARTESIAN_POINT('Ctrl Pts',(-2.30852718749168,0.34,-2.17727213160936));
#11053=CARTESIAN_POINT('Ctrl Pts',(-2.30717822781175,0.34,-2.17214121520549));
#11054=CARTESIAN_POINT('Ctrl Pts',(-2.30712853135009,0.34,-2.16842736222848));
#11055=CARTESIAN_POINT('Ctrl Pts',(-2.30710199343116,0.34,-2.1664441641105));
#11056=CARTESIAN_POINT('',(-2.30710199343116,0.34,-2.1664441641105));
#11057=CARTESIAN_POINT('Origin',(-2.30710199343116,0.34,-2.1664441641105));
#11058=CARTESIAN_POINT('',(-2.30710199343116,0.34,-1.7164441641105));
#11059=CARTESIAN_POINT('',(-2.30710199343116,0.34,-2.1664441641105));
#11060=CARTESIAN_POINT('',(-2.30710199343116,0.34,-1.7164441641105));
#11061=CARTESIAN_POINT('Ctrl Pts',(-2.30710199343116,0.34,-1.7164441641105));
#11062=CARTESIAN_POINT('Ctrl Pts',(-2.30710199343116,0.352,-1.7164441641105));
#11063=CARTESIAN_POINT('Ctrl Pts',(-2.30713850079783,0.34,-1.71450118406958));
#11064=CARTESIAN_POINT('Ctrl Pts',(-2.30713850079783,0.352,-1.71450118406958));
#11065=CARTESIAN_POINT('Ctrl Pts',(-2.30720815855153,0.34,-1.71079388777709));
#11066=CARTESIAN_POINT('Ctrl Pts',(-2.30720815855153,0.352,-1.71079388777709));
#11067=CARTESIAN_POINT('Ctrl Pts',(-2.30847080468019,0.34,-1.70566473922415));
#11068=CARTESIAN_POINT('Ctrl Pts',(-2.30847080468019,0.352,-1.70566473922415));
#11069=CARTESIAN_POINT('Ctrl Pts',(-2.31036671191331,0.34,-1.70120067114704));
#11070=CARTESIAN_POINT('Ctrl Pts',(-2.31036671191331,0.352,-1.70120067114704));
#11071=CARTESIAN_POINT('Ctrl Pts',(-2.31318237203334,0.34,-1.69759247843564));
#11072=CARTESIAN_POINT('Ctrl Pts',(-2.31318237203334,0.352,-1.69759247843564));
#11073=CARTESIAN_POINT('Ctrl Pts',(-2.31684328768859,0.34,-1.69479689380125));
#11074=CARTESIAN_POINT('Ctrl Pts',(-2.31684328768859,0.352,-1.69479689380125));
#11075=CARTESIAN_POINT('Ctrl Pts',(-2.32121856090513,0.34,-1.69279037552912));
#11076=CARTESIAN_POINT('Ctrl Pts',(-2.32121856090513,0.352,-1.69279037552912));
#11077=CARTESIAN_POINT('Ctrl Pts',(-2.32643469224999,0.34,-1.69171255808177));
#11078=CARTESIAN_POINT('Ctrl Pts',(-2.32643469224999,0.352,-1.69171255808177));
#11079=CARTESIAN_POINT('Ctrl Pts',(-2.33012546580952,0.34,-1.6915377691759));
#11080=CARTESIAN_POINT('Ctrl Pts',(-2.33012546580952,0.352,-1.6915377691759));
#11081=CARTESIAN_POINT('Ctrl Pts',(-2.33210199343116,0.34,-1.6914441641105));
#11082=CARTESIAN_POINT('Ctrl Pts',(-2.33210199343116,0.352,-1.6914441641105));
#11083=CARTESIAN_POINT('',(-2.33210199343116,0.34,-1.6914441641105));
#11084=CARTESIAN_POINT('Ctrl Pts',(-2.30710199343116,0.34,-1.7164441641105));
#11085=CARTESIAN_POINT('Ctrl Pts',(-2.30713850079783,0.34,-1.71450118406958));
#11086=CARTESIAN_POINT('Ctrl Pts',(-2.30720815855153,0.34,-1.71079388777709));
#11087=CARTESIAN_POINT('Ctrl Pts',(-2.30847080468019,0.34,-1.70566473922415));
#11088=CARTESIAN_POINT('Ctrl Pts',(-2.31036671191331,0.34,-1.70120067114704));
#11089=CARTESIAN_POINT('Ctrl Pts',(-2.31318237203334,0.34,-1.69759247843564));
#11090=CARTESIAN_POINT('Ctrl Pts',(-2.31684328768859,0.34,-1.69479689380125));
#11091=CARTESIAN_POINT('Ctrl Pts',(-2.32121856090513,0.34,-1.69279037552912));
#11092=CARTESIAN_POINT('Ctrl Pts',(-2.32643469224999,0.34,-1.69171255808177));
#11093=CARTESIAN_POINT('Ctrl Pts',(-2.33012546580952,0.34,-1.6915377691759));
#11094=CARTESIAN_POINT('Ctrl Pts',(-2.33210199343116,0.34,-1.6914441641105));
#11095=CARTESIAN_POINT('',(-2.33210199343116,0.34,-1.6914441641105));
#11096=CARTESIAN_POINT('Ctrl Pts',(-2.33210199343116,0.34,-1.6914441641105));
#11097=CARTESIAN_POINT('Ctrl Pts',(-2.33210199343116,0.352,-1.6914441641105));
#11098=CARTESIAN_POINT('Ctrl Pts',(-2.33403854456686,0.34,-1.69154681003407));
#11099=CARTESIAN_POINT('Ctrl Pts',(-2.33403854456686,0.352,-1.69154681003407));
#11100=CARTESIAN_POINT('Ctrl Pts',(-2.33772304727127,0.34,-1.69174210525556));
#11101=CARTESIAN_POINT('Ctrl Pts',(-2.33772304727127,0.352,-1.69174210525556));
#11102=CARTESIAN_POINT('Ctrl Pts',(-2.34293750174503,0.34,-1.69273391857086));
#11103=CARTESIAN_POINT('Ctrl Pts',(-2.34293750174503,0.352,-1.69273391857086));
#11104=CARTESIAN_POINT('Ctrl Pts',(-2.34726951134106,0.34,-1.69487350508809));
#11105=CARTESIAN_POINT('Ctrl Pts',(-2.34726951134106,0.352,-1.69487350508809));
#11106=CARTESIAN_POINT('Ctrl Pts',(-2.35103769615523,0.34,-1.69750846138642));
#11107=CARTESIAN_POINT('Ctrl Pts',(-2.35103769615523,0.352,-1.69750846138642));
#11108=CARTESIAN_POINT('Ctrl Pts',(-2.35367265245357,0.34,-1.7012766462006));
#11109=CARTESIAN_POINT('Ctrl Pts',(-2.35367265245357,0.352,-1.7012766462006));
#11110=CARTESIAN_POINT('Ctrl Pts',(-2.35581223897079,0.34,-1.70560865579663));
#11111=CARTESIAN_POINT('Ctrl Pts',(-2.35581223897079,0.352,-1.70560865579663));
#11112=CARTESIAN_POINT('Ctrl Pts',(-2.3568040522861,0.34,-1.71082311027039));
#11113=CARTESIAN_POINT('Ctrl Pts',(-2.3568040522861,0.352,-1.71082311027039));
#11114=CARTESIAN_POINT('Ctrl Pts',(-2.35699934750759,0.34,-1.7145076129748));
#11115=CARTESIAN_POINT('Ctrl Pts',(-2.35699934750759,0.352,-1.7145076129748));
#11116=CARTESIAN_POINT('Ctrl Pts',(-2.35710199343116,0.34,-1.7164441641105));
#11117=CARTESIAN_POINT('Ctrl Pts',(-2.35710199343116,0.352,-1.7164441641105));
#11118=CARTESIAN_POINT('Ctrl Pts',(-2.33210199343116,0.34,-1.6914441641105));
#11119=CARTESIAN_POINT('Ctrl Pts',(-2.33403854456686,0.34,-1.69154681003407));
#11120=CARTESIAN_POINT('Ctrl Pts',(-2.33772304727127,0.34,-1.69174210525556));
#11121=CARTESIAN_POINT('Ctrl Pts',(-2.34293750174503,0.34,-1.69273391857086));
#11122=CARTESIAN_POINT('Ctrl Pts',(-2.34726951134106,0.34,-1.69487350508809));
#11123=CARTESIAN_POINT('Ctrl Pts',(-2.35103769615523,0.34,-1.69750846138642));
#11124=CARTESIAN_POINT('Ctrl Pts',(-2.35367265245357,0.34,-1.7012766462006));
#11125=CARTESIAN_POINT('Ctrl Pts',(-2.35581223897079,0.34,-1.70560865579663));
#11126=CARTESIAN_POINT('Ctrl Pts',(-2.3568040522861,0.34,-1.71082311027039));
#11127=CARTESIAN_POINT('Ctrl Pts',(-2.35699934750759,0.34,-1.7145076129748));
#11128=CARTESIAN_POINT('Ctrl Pts',(-2.35710199343116,0.34,-1.7164441641105));
#11129=CARTESIAN_POINT('Origin',(-2.42232184297412,0.34,-2.04354773905191));
#11130=CARTESIAN_POINT('Origin',(-4.32,-0.2,-3.825));
#11131=CARTESIAN_POINT('',(-4.32,-0.2,-3.825));
#11132=CARTESIAN_POINT('',(-4.32,-0.2,-3.825));
#11133=CARTESIAN_POINT('',(-4.32,-0.2,4.175));
#11134=CARTESIAN_POINT('',(-4.32,-0.2,-3.825));
#11135=CARTESIAN_POINT('',(-4.32,-0.2,4.175));
#11136=CARTESIAN_POINT('Origin',(-4.32,-0.2,-3.825));
#11137=CARTESIAN_POINT('',(3.68,-0.2,-3.825));
#11138=CARTESIAN_POINT('',(3.68,-0.2,-3.825));
#11139=CARTESIAN_POINT('',(-4.32,-0.2,-3.825));
#11140=CARTESIAN_POINT('Origin',(3.68,-0.2,-3.825));
#11141=CARTESIAN_POINT('',(3.68,-0.2,4.175));
#11142=CARTESIAN_POINT('',(3.68,-0.2,4.175));
#11143=CARTESIAN_POINT('',(3.68,-0.2,-3.825));
#11144=CARTESIAN_POINT('Origin',(-4.32,-0.2,4.175));
#11145=CARTESIAN_POINT('',(-4.32,-0.2,4.175));
#11146=CARTESIAN_POINT('Origin',(0.,-0.2,0.));
#11147=CARTESIAN_POINT('Origin',(0.,5.42101086242752E-17,2.7458423317517));
#11148=CARTESIAN_POINT('Origin',(0.16,5.42101086242752E-17,2.7458423317517));
#11149=CARTESIAN_POINT('Origin',(0.32,5.42101086242752E-17,2.7458423317517));
#11150=CARTESIAN_POINT('Origin',(0.48,5.42101086242752E-17,2.7458423317517));
#11151=CARTESIAN_POINT('Origin',(0.64,5.42101086242752E-17,2.7458423317517));
#11152=CARTESIAN_POINT('Origin',(0.8,5.42101086242752E-17,2.7458423317517));
#11153=CARTESIAN_POINT('Origin',(0.96,5.42101086242752E-17,2.7458423317517));
#11154=CARTESIAN_POINT('Origin',(1.12,5.42101086242752E-17,2.7458423317517));
#11155=CARTESIAN_POINT('Origin',(1.28,5.42101086242752E-17,2.7458423317517));
#11156=CARTESIAN_POINT('Origin',(1.44,5.42101086242752E-17,2.7458423317517));
#11157=CARTESIAN_POINT('Origin',(1.6,5.42101086242752E-17,2.7458423317517));
#11158=CARTESIAN_POINT('Origin',(1.76,5.42101086242752E-17,2.7458423317517));
#11159=CARTESIAN_POINT('Origin',(1.92,5.42101086242752E-17,2.7458423317517));
#11160=CARTESIAN_POINT('Origin',(2.08,5.42101086242752E-17,2.7458423317517));
#11161=CARTESIAN_POINT('Origin',(2.24,5.42101086242752E-17,2.7458423317517));
#11162=CARTESIAN_POINT('Origin',(2.4,5.42101086242752E-17,2.7458423317517));
#11163=CARTESIAN_POINT('Origin',(-2.4,5.42101086242752E-17,2.7458423317517));
#11164=CARTESIAN_POINT('Origin',(-2.24,5.42101086242752E-17,2.7458423317517));
#11165=CARTESIAN_POINT('Origin',(-2.08,5.42101086242752E-17,2.7458423317517));
#11166=CARTESIAN_POINT('Origin',(-1.92,5.42101086242752E-17,2.7458423317517));
#11167=CARTESIAN_POINT('Origin',(-1.76,5.42101086242752E-17,2.7458423317517));
#11168=CARTESIAN_POINT('Origin',(-1.6,5.42101086242752E-17,2.7458423317517));
#11169=CARTESIAN_POINT('Origin',(-1.44,5.42101086242752E-17,2.7458423317517));
#11170=CARTESIAN_POINT('Origin',(-1.28,5.42101086242752E-17,2.7458423317517));
#11171=CARTESIAN_POINT('Origin',(-1.12,5.42101086242752E-17,2.7458423317517));
#11172=CARTESIAN_POINT('Origin',(-0.96,5.42101086242752E-17,2.7458423317517));
#11173=CARTESIAN_POINT('Origin',(-0.8,5.42101086242752E-17,2.7458423317517));
#11174=CARTESIAN_POINT('Origin',(-0.64,5.42101086242752E-17,2.7458423317517));
#11175=CARTESIAN_POINT('Origin',(-0.48,5.42101086242752E-17,2.7458423317517));
#11176=CARTESIAN_POINT('Origin',(-0.32,5.42101086242752E-17,2.7458423317517));
#11177=CARTESIAN_POINT('Origin',(-0.16,5.42101086242752E-17,2.7458423317517));
#11178=CARTESIAN_POINT('Origin',(0.,5.42101086242752E-17,-2.7458423317517));
#11179=CARTESIAN_POINT('Origin',(0.16,5.42101086242752E-17,-2.7458423317517));
#11180=CARTESIAN_POINT('Origin',(0.32,5.42101086242752E-17,-2.7458423317517));
#11181=CARTESIAN_POINT('Origin',(0.48,5.42101086242752E-17,-2.7458423317517));
#11182=CARTESIAN_POINT('Origin',(0.64,5.42101086242752E-17,-2.7458423317517));
#11183=CARTESIAN_POINT('Origin',(0.8,5.42101086242752E-17,-2.7458423317517));
#11184=CARTESIAN_POINT('Origin',(0.96,5.42101086242752E-17,-2.7458423317517));
#11185=CARTESIAN_POINT('Origin',(1.12,5.42101086242752E-17,-2.7458423317517));
#11186=CARTESIAN_POINT('Origin',(1.28,5.42101086242752E-17,-2.7458423317517));
#11187=CARTESIAN_POINT('Origin',(1.44,5.42101086242752E-17,-2.7458423317517));
#11188=CARTESIAN_POINT('Origin',(1.6,5.42101086242752E-17,-2.7458423317517));
#11189=CARTESIAN_POINT('Origin',(1.76,5.42101086242752E-17,-2.7458423317517));
#11190=CARTESIAN_POINT('Origin',(1.92,5.42101086242752E-17,-2.7458423317517));
#11191=CARTESIAN_POINT('Origin',(2.08,5.42101086242752E-17,-2.7458423317517));
#11192=CARTESIAN_POINT('Origin',(2.24,5.42101086242752E-17,-2.7458423317517));
#11193=CARTESIAN_POINT('Origin',(2.4,5.42101086242752E-17,-2.7458423317517));
#11194=CARTESIAN_POINT('Origin',(-2.4,5.42101086242752E-17,-2.7458423317517));
#11195=CARTESIAN_POINT('Origin',(-2.24,5.42101086242752E-17,-2.7458423317517));
#11196=CARTESIAN_POINT('Origin',(-2.08,5.42101086242752E-17,-2.7458423317517));
#11197=CARTESIAN_POINT('Origin',(-1.92,5.42101086242752E-17,-2.7458423317517));
#11198=CARTESIAN_POINT('Origin',(-1.76,5.42101086242752E-17,-2.7458423317517));
#11199=CARTESIAN_POINT('Origin',(-1.6,5.42101086242752E-17,-2.7458423317517));
#11200=CARTESIAN_POINT('Origin',(-1.44,5.42101086242752E-17,-2.7458423317517));
#11201=CARTESIAN_POINT('Origin',(-1.28,5.42101086242752E-17,-2.7458423317517));
#11202=CARTESIAN_POINT('Origin',(-1.12,5.42101086242752E-17,-2.7458423317517));
#11203=CARTESIAN_POINT('Origin',(-0.96,5.42101086242752E-17,-2.7458423317517));
#11204=CARTESIAN_POINT('Origin',(-0.8,5.42101086242752E-17,-2.7458423317517));
#11205=CARTESIAN_POINT('Origin',(-0.64,5.42101086242752E-17,-2.7458423317517));
#11206=CARTESIAN_POINT('Origin',(-0.48,5.42101086242752E-17,-2.7458423317517));
#11207=CARTESIAN_POINT('Origin',(-0.32,5.42101086242752E-17,-2.7458423317517));
#11208=CARTESIAN_POINT('Origin',(-0.16,5.42101086242752E-17,-2.7458423317517));
#11209=CARTESIAN_POINT('Origin',(-2.29941804834869,0.3,3.325));
#11210=CARTESIAN_POINT('',(-2.29941804834869,0.3,3.625));
#11211=CARTESIAN_POINT('',(-2.29941804834869,0.3,3.625));
#11212=CARTESIAN_POINT('',(-2.29941804834869,0.3,3.325));
#11213=CARTESIAN_POINT('',(-2.29941804834869,0.3,3.325));
#11214=CARTESIAN_POINT('',(-2.29941804834869,0.3,3.325));
#11215=CARTESIAN_POINT('Origin',(-2.29941804834869,0.3,3.625));
#11216=CARTESIAN_POINT('',(-1.69941804834869,0.3,3.625));
#11217=CARTESIAN_POINT('',(-1.69941804834869,0.3,3.625));
#11218=CARTESIAN_POINT('',(-2.29941804834869,0.3,3.625));
#11219=CARTESIAN_POINT('Origin',(-1.69941804834869,0.3,3.325));
#11220=CARTESIAN_POINT('',(-1.69941804834869,0.3,3.325));
#11221=CARTESIAN_POINT('',(-1.69941804834869,0.3,3.325));
#11222=CARTESIAN_POINT('',(-1.69941804834869,0.3,3.325));
#11223=CARTESIAN_POINT('Origin',(-2.29941804834869,0.3,3.325));
#11224=CARTESIAN_POINT('',(-2.29941804834869,0.3,3.325));
#11225=CARTESIAN_POINT('Origin',(0.,0.3,0.));
#11226=CARTESIAN_POINT('Origin',(-1.00356079383345,0.3,3.325));
#11227=CARTESIAN_POINT('',(-1.00356079383345,0.3,3.625));
#11228=CARTESIAN_POINT('',(-1.00356079383345,0.3,3.625));
#11229=CARTESIAN_POINT('',(-1.00356079383345,0.3,3.325));
#11230=CARTESIAN_POINT('',(-1.00356079383345,0.3,3.325));
#11231=CARTESIAN_POINT('',(-1.00356079383345,0.3,3.325));
#11232=CARTESIAN_POINT('Origin',(-1.00356079383345,0.3,3.625));
#11233=CARTESIAN_POINT('',(-0.403560793833449,0.3,3.625));
#11234=CARTESIAN_POINT('',(-0.403560793833449,0.3,3.625));
#11235=CARTESIAN_POINT('',(-1.00356079383345,0.3,3.625));
#11236=CARTESIAN_POINT('Origin',(-0.403560793833449,0.3,3.325));
#11237=CARTESIAN_POINT('',(-0.403560793833449,0.3,3.325));
#11238=CARTESIAN_POINT('',(-0.403560793833449,0.3,3.325));
#11239=CARTESIAN_POINT('',(-0.403560793833449,0.3,3.325));
#11240=CARTESIAN_POINT('Origin',(-1.00356079383345,0.3,3.325));
#11241=CARTESIAN_POINT('',(-1.00356079383345,0.3,3.325));
#11242=CARTESIAN_POINT('Origin',(0.,0.3,0.));
#11243=CARTESIAN_POINT('Origin',(0.72910227681053,0.3,3.625));
#11244=CARTESIAN_POINT('',(0.72910227681053,0.3,3.625));
#11245=CARTESIAN_POINT('',(0.72910227681053,0.3,3.625));
#11246=CARTESIAN_POINT('',(0.72910227681053,0.3,3.325));
#11247=CARTESIAN_POINT('',(0.72910227681053,0.3,3.625));
#11248=CARTESIAN_POINT('',(0.72910227681053,0.3,3.325));
#11249=CARTESIAN_POINT('Origin',(0.72910227681053,0.3,3.625));
#11250=CARTESIAN_POINT('',(1.32910227681053,0.3,3.625));
#11251=CARTESIAN_POINT('',(1.32910227681053,0.3,3.625));
#11252=CARTESIAN_POINT('',(0.72910227681053,0.3,3.625));
#11253=CARTESIAN_POINT('Origin',(1.32910227681053,0.3,3.625));
#11254=CARTESIAN_POINT('',(1.32910227681053,0.3,3.325));
#11255=CARTESIAN_POINT('',(1.32910227681053,0.3,3.325));
#11256=CARTESIAN_POINT('',(1.32910227681053,0.3,3.625));
#11257=CARTESIAN_POINT('Origin',(0.72910227681053,0.3,3.325));
#11258=CARTESIAN_POINT('',(0.72910227681053,0.3,3.325));
#11259=CARTESIAN_POINT('Origin',(0.,0.3,0.));
#11260=CARTESIAN_POINT('Origin',(3.03,0.3,0.318095759805741));
#11261=CARTESIAN_POINT('',(3.03,0.3,0.918095759805741));
#11262=CARTESIAN_POINT('',(3.03,0.3,0.918095759805741));
#11263=CARTESIAN_POINT('',(3.03,0.3,0.318095759805741));
#11264=CARTESIAN_POINT('',(3.03,0.3,0.318095759805741));
#11265=CARTESIAN_POINT('',(3.03,0.3,0.318095759805741));
#11266=CARTESIAN_POINT('Origin',(3.03,0.3,0.918095759805741));
#11267=CARTESIAN_POINT('',(3.33,0.3,0.918095759805741));
#11268=CARTESIAN_POINT('',(3.33,0.3,0.918095759805741));
#11269=CARTESIAN_POINT('',(3.03,0.3,0.918095759805741));
#11270=CARTESIAN_POINT('Origin',(3.33,0.3,0.318095759805741));
#11271=CARTESIAN_POINT('',(3.33,0.3,0.318095759805741));
#11272=CARTESIAN_POINT('',(3.33,0.3,0.318095759805741));
#11273=CARTESIAN_POINT('',(3.33,0.3,0.318095759805741));
#11274=CARTESIAN_POINT('Origin',(3.03,0.3,0.318095759805741));
#11275=CARTESIAN_POINT('',(3.03,0.3,0.318095759805741));
#11276=CARTESIAN_POINT('Origin',(0.,0.3,0.));
#11277=CARTESIAN_POINT('Origin',(3.03,0.3,-1.22363244987999));
#11278=CARTESIAN_POINT('',(3.03,0.3,-1.22363244987999));
#11279=CARTESIAN_POINT('',(3.03,0.3,-1.22363244987999));
#11280=CARTESIAN_POINT('',(3.03,0.3,-1.82363244987999));
#11281=CARTESIAN_POINT('',(3.03,0.3,-1.22363244987999));
#11282=CARTESIAN_POINT('',(3.03,0.3,-1.82363244987999));
#11283=CARTESIAN_POINT('Origin',(3.03,0.3,-1.22363244987999));
#11284=CARTESIAN_POINT('',(3.33,0.3,-1.22363244987999));
#11285=CARTESIAN_POINT('',(3.33,0.3,-1.22363244987999));
#11286=CARTESIAN_POINT('',(3.03,0.3,-1.22363244987999));
#11287=CARTESIAN_POINT('Origin',(3.33,0.3,-1.22363244987999));
#11288=CARTESIAN_POINT('',(3.33,0.3,-1.82363244987999));
#11289=CARTESIAN_POINT('',(3.33,0.3,-1.82363244987999));
#11290=CARTESIAN_POINT('',(3.33,0.3,-1.22363244987999));
#11291=CARTESIAN_POINT('Origin',(3.03,0.3,-1.82363244987999));
#11292=CARTESIAN_POINT('',(3.03,0.3,-1.82363244987999));
#11293=CARTESIAN_POINT('Origin',(0.,0.3,0.));
#11294=CARTESIAN_POINT('Origin',(-1.45145144029235,0.3,-3.175));
#11295=CARTESIAN_POINT('',(-1.45145144029235,0.3,-3.475));
#11296=CARTESIAN_POINT('',(-1.45145144029235,0.3,-3.475));
#11297=CARTESIAN_POINT('',(-1.45145144029235,0.3,-3.175));
#11298=CARTESIAN_POINT('',(-1.45145144029235,0.3,-3.175));
#11299=CARTESIAN_POINT('',(-1.45145144029235,0.3,-3.175));
#11300=CARTESIAN_POINT('Origin',(-1.45145144029235,0.3,-3.475));
#11301=CARTESIAN_POINT('',(-2.05145144029235,0.3,-3.475));
#11302=CARTESIAN_POINT('',(-2.05145144029235,0.3,-3.475));
#11303=CARTESIAN_POINT('',(-1.45145144029235,0.3,-3.475));
#11304=CARTESIAN_POINT('Origin',(-2.05145144029235,0.3,-3.175));
#11305=CARTESIAN_POINT('',(-2.05145144029235,0.3,-3.175));
#11306=CARTESIAN_POINT('',(-2.05145144029235,0.3,-3.175));
#11307=CARTESIAN_POINT('',(-2.05145144029235,0.3,-3.175));
#11308=CARTESIAN_POINT('Origin',(-1.45145144029235,0.3,-3.175));
#11309=CARTESIAN_POINT('',(-1.45145144029235,0.3,-3.175));
#11310=CARTESIAN_POINT('Origin',(0.,0.3,0.));
#11311=CARTESIAN_POINT('Origin',(1.01195525202958,0.3,-3.475));
#11312=CARTESIAN_POINT('',(1.01195525202958,0.3,-3.175));
#11313=CARTESIAN_POINT('',(1.01195525202958,0.3,-3.175));
#11314=CARTESIAN_POINT('',(1.01195525202958,0.3,-3.475));
#11315=CARTESIAN_POINT('',(1.01195525202958,0.3,-3.475));
#11316=CARTESIAN_POINT('',(1.01195525202958,0.3,-3.475));
#11317=CARTESIAN_POINT('Origin',(1.01195525202958,0.3,-3.175));
#11318=CARTESIAN_POINT('',(1.61195525202958,0.3,-3.175));
#11319=CARTESIAN_POINT('',(1.61195525202958,0.3,-3.175));
#11320=CARTESIAN_POINT('',(1.01195525202958,0.3,-3.175));
#11321=CARTESIAN_POINT('Origin',(1.61195525202958,0.3,-3.475));
#11322=CARTESIAN_POINT('',(1.61195525202958,0.3,-3.475));
#11323=CARTESIAN_POINT('',(1.61195525202958,0.3,-3.475));
#11324=CARTESIAN_POINT('',(1.61195525202958,0.3,-3.475));
#11325=CARTESIAN_POINT('Origin',(1.01195525202958,0.3,-3.475));
#11326=CARTESIAN_POINT('',(1.01195525202958,0.3,-3.475));
#11327=CARTESIAN_POINT('Origin',(0.,0.3,0.));
#11328=CARTESIAN_POINT('',(0.,0.,0.));
#11329=CARTESIAN_POINT('',(0.,0.,0.));
#11330=CARTESIAN_POINT('',(0.,0.,0.));
#11331=CARTESIAN_POINT('Origin',(0.,3.55,0.));
#11332=CARTESIAN_POINT('',(3.42901103761259E-16,3.55,2.8));
#11333=CARTESIAN_POINT('',(-3.42901103761259E-16,3.55,-2.8));
#11334=CARTESIAN_POINT('Origin',(0.,3.55,0.));
#11335=CARTESIAN_POINT('Origin',(0.,3.55,0.));
#11336=CARTESIAN_POINT('',(-3.91886975727153E-16,3.95,-3.2));
#11337=CARTESIAN_POINT('',(-3.42901103761259E-16,3.55,-2.8));
#11338=CARTESIAN_POINT('Origin',(0.,3.95,0.));
#11339=CARTESIAN_POINT('Origin',(0.,3.95,0.));
#11340=CARTESIAN_POINT('',(-4.65365783675994E-16,3.05,3.8));
#11341=CARTESIAN_POINT('Origin',(0.,3.05,0.));
#11342=CARTESIAN_POINT('',(-4.65365783675994E-16,3.95,3.8));
#11343=CARTESIAN_POINT('',(-4.65365783675994E-16,3.95,3.8));
#11344=CARTESIAN_POINT('Origin',(0.,3.95,0.));
#11345=CARTESIAN_POINT('Origin',(0.,3.05,0.));
#11346=CARTESIAN_POINT('',(-3.42901103761259E-16,1.25,2.8));
#11347=CARTESIAN_POINT('',(-3.42901103761259E-16,3.05,2.8));
#11348=CARTESIAN_POINT('Origin',(0.,1.25,0.));
#11349=CARTESIAN_POINT('Origin',(-3.1,0.95,-3.1));
#11350=CARTESIAN_POINT('',(-2.76458980337503,0.95,-3.2));
#11351=CARTESIAN_POINT('',(-3.2,0.95,-2.76458980337503));
#11352=CARTESIAN_POINT('Origin',(-3.1,0.95,-3.1));
#11353=CARTESIAN_POINT('',(-3.2,0.6,-2.76458980337503));
#11354=CARTESIAN_POINT('',(-3.2,0.95,-2.76458980337503));
#11355=CARTESIAN_POINT('',(-2.76458980337503,0.6,-3.2));
#11356=CARTESIAN_POINT('Origin',(-3.1,0.6,-3.1));
#11357=CARTESIAN_POINT('',(-2.76458980337503,0.95,-3.2));
#11358=CARTESIAN_POINT('Origin',(3.1,0.95,-3.1));
#11359=CARTESIAN_POINT('',(3.2,0.95,-2.76458980337503));
#11360=CARTESIAN_POINT('',(2.76458980337503,0.95,-3.2));
#11361=CARTESIAN_POINT('Origin',(3.1,0.95,-3.1));
#11362=CARTESIAN_POINT('',(2.76458980337503,0.6,-3.2));
#11363=CARTESIAN_POINT('',(2.76458980337503,0.95,-3.2));
#11364=CARTESIAN_POINT('',(3.2,0.6,-2.76458980337503));
#11365=CARTESIAN_POINT('Origin',(3.1,0.6,-3.1));
#11366=CARTESIAN_POINT('',(3.2,0.95,-2.76458980337503));
#11367=CARTESIAN_POINT('Origin',(0.,3.05,0.));
#11368=CARTESIAN_POINT('',(-4.00000000000003,3.05,3.99999999999998));
#11369=CARTESIAN_POINT('',(3.99999999999998,3.05,3.99999999999995));
#11370=CARTESIAN_POINT('',(-4.00000000000003,3.05,3.99999999999998));
#11371=CARTESIAN_POINT('',(3.99999999999998,3.05,-4.00000000000003));
#11372=CARTESIAN_POINT('',(3.99999999999998,3.05,3.99999999999995));
#11373=CARTESIAN_POINT('',(-4.00000000000003,3.05,-4.00000000000003));
#11374=CARTESIAN_POINT('',(3.99999999999998,3.05,-4.00000000000003));
#11375=CARTESIAN_POINT('',(-4.00000000000003,3.05,-4.00000000000003));
#11376=CARTESIAN_POINT('Origin',(0.,0.,0.));
#11377=CARTESIAN_POINT('',(-4.00000000000003,0.,-4.00000000000003));
#11378=CARTESIAN_POINT('',(-4.00000000000003,0.,3.99999999999998));
#11379=CARTESIAN_POINT('',(-4.00000000000003,0.,-4.00000000000003));
#11380=CARTESIAN_POINT('',(3.99999999999998,0.,-4.00000000000003));
#11381=CARTESIAN_POINT('',(-4.00000000000003,0.,-4.00000000000003));
#11382=CARTESIAN_POINT('',(3.99999999999998,0.,3.99999999999995));
#11383=CARTESIAN_POINT('',(3.99999999999998,0.,-4.00000000000003));
#11384=CARTESIAN_POINT('',(-4.00000000000003,0.,3.99999999999998));
#11385=CARTESIAN_POINT('',(-3.70000000000003,0.,-3.70000000000003));
#11386=CARTESIAN_POINT('',(-3.70000000000003,0.,3.69999999999998));
#11387=CARTESIAN_POINT('',(-3.70000000000003,0.,-3.70000000000003));
#11388=CARTESIAN_POINT('',(3.69999999999998,0.,3.69999999999998));
#11389=CARTESIAN_POINT('',(-3.70000000000003,0.,3.69999999999998));
#11390=CARTESIAN_POINT('',(3.69999999999998,0.,-3.70000000000003));
#11391=CARTESIAN_POINT('',(3.69999999999998,0.,-3.70000000000003));
#11392=CARTESIAN_POINT('',(-3.70000000000003,0.,-3.70000000000003));
#11393=CARTESIAN_POINT('Origin',(-4.00000000000003,0.6,-4.00000000000003));
#11394=CARTESIAN_POINT('',(-4.00000000000003,0.6,3.99999999999998));
#11395=CARTESIAN_POINT('',(-4.00000000000003,0.6,-4.00000000000003));
#11396=CARTESIAN_POINT('Origin',(-4.00000000000003,0.6,3.99999999999998));
#11397=CARTESIAN_POINT('',(3.99999999999998,0.6,3.99999999999995));
#11398=CARTESIAN_POINT('Origin',(3.99999999999998,0.6,-4.00000000000003));
#11399=CARTESIAN_POINT('',(3.99999999999998,0.6,-4.00000000000003));
#11400=CARTESIAN_POINT('Origin',(-4.00000000000003,0.6,-4.00000000000003));
#11401=CARTESIAN_POINT('Origin',(-3.70000000000003,0.6,-3.70000000000003));
#11402=CARTESIAN_POINT('',(-3.70000000000003,0.6,-3.70000000000003));
#11403=CARTESIAN_POINT('',(-3.70000000000003,0.6,-3.70000000000003));
#11404=CARTESIAN_POINT('',(-3.70000000000003,0.6,3.69999999999998));
#11405=CARTESIAN_POINT('',(-3.70000000000003,0.6,-3.70000000000003));
#11406=CARTESIAN_POINT('',(-3.70000000000003,0.6,3.69999999999998));
#11407=CARTESIAN_POINT('Origin',(-3.70000000000003,0.6,3.69999999999998));
#11408=CARTESIAN_POINT('',(3.69999999999998,0.6,3.69999999999998));
#11409=CARTESIAN_POINT('',(-3.70000000000003,0.6,3.69999999999998));
#11410=CARTESIAN_POINT('',(3.69999999999998,0.6,3.69999999999998));
#11411=CARTESIAN_POINT('Origin',(3.69999999999998,0.6,-3.70000000000003));
#11412=CARTESIAN_POINT('',(3.69999999999998,0.6,-3.70000000000003));
#11413=CARTESIAN_POINT('',(3.69999999999998,0.6,-3.70000000000003));
#11414=CARTESIAN_POINT('',(3.69999999999998,0.6,-3.70000000000003));
#11415=CARTESIAN_POINT('Origin',(-3.70000000000003,0.6,-3.70000000000003));
#11416=CARTESIAN_POINT('',(-3.70000000000003,0.6,-3.70000000000003));
#11417=CARTESIAN_POINT('Origin',(0.,0.6,0.));
#11418=CARTESIAN_POINT('',(-2.76458980337503,0.6,-3.2));
#11419=CARTESIAN_POINT('',(-3.2,0.6,2.76458980337503));
#11420=CARTESIAN_POINT('',(-3.2,0.6,-2.76458980337503));
#11421=CARTESIAN_POINT('',(-2.76458980337503,0.6,3.2));
#11422=CARTESIAN_POINT('Origin',(-3.1,0.6,3.1));
#11423=CARTESIAN_POINT('',(2.76458980337503,0.6,3.2));
#11424=CARTESIAN_POINT('',(-2.76458980337503,0.6,3.2));
#11425=CARTESIAN_POINT('',(3.2,0.6,2.76458980337503));
#11426=CARTESIAN_POINT('Origin',(3.1,0.6,3.1));
#11427=CARTESIAN_POINT('',(3.2,0.6,-2.76458980337503));
#11428=CARTESIAN_POINT('Origin',(-2.76458980337503,0.95,-3.2));
#11429=CARTESIAN_POINT('',(-2.76458980337503,0.95,-3.2));
#11430=CARTESIAN_POINT('Origin',(-3.2,0.95,-2.76458980337503));
#11431=CARTESIAN_POINT('',(-3.2,0.95,2.76458980337503));
#11432=CARTESIAN_POINT('',(-3.2,0.95,-2.76458980337503));
#11433=CARTESIAN_POINT('',(-3.2,0.95,2.76458980337503));
#11434=CARTESIAN_POINT('Origin',(-3.1,0.95,3.1));
#11435=CARTESIAN_POINT('',(-2.76458980337503,0.95,3.2));
#11436=CARTESIAN_POINT('Origin',(-3.1,0.95,3.1));
#11437=CARTESIAN_POINT('',(-2.76458980337503,0.95,3.2));
#11438=CARTESIAN_POINT('Origin',(-2.76458980337503,0.95,3.2));
#11439=CARTESIAN_POINT('',(2.76458980337503,0.95,3.2));
#11440=CARTESIAN_POINT('',(-2.76458980337503,0.95,3.2));
#11441=CARTESIAN_POINT('',(2.76458980337503,0.95,3.2));
#11442=CARTESIAN_POINT('Origin',(3.1,0.95,3.1));
#11443=CARTESIAN_POINT('',(3.2,0.95,2.76458980337503));
#11444=CARTESIAN_POINT('Origin',(3.1,0.95,3.1));
#11445=CARTESIAN_POINT('',(3.2,0.95,2.76458980337503));
#11446=CARTESIAN_POINT('Origin',(3.2,0.95,-2.76458980337503));
#11447=CARTESIAN_POINT('',(3.2,0.95,-2.76458980337503));
#11448=CARTESIAN_POINT('Origin',(0.,1.25,0.));
#11449=CARTESIAN_POINT('',(-1.55,1.25,2.15));
#11450=CARTESIAN_POINT('',(1.55,1.25,2.15));
#11451=CARTESIAN_POINT('',(-1.55,1.25,2.15));
#11452=CARTESIAN_POINT('',(-2.15,1.25,1.55));
#11453=CARTESIAN_POINT('Origin',(-1.55,1.25,1.55));
#11454=CARTESIAN_POINT('',(-2.15,1.25,-1.55));
#11455=CARTESIAN_POINT('',(-2.15,1.25,-1.55));
#11456=CARTESIAN_POINT('',(-1.55,1.25,-2.15));
#11457=CARTESIAN_POINT('Origin',(-1.55,1.25,-1.55));
#11458=CARTESIAN_POINT('',(1.55,1.25,-2.15));
#11459=CARTESIAN_POINT('',(-1.55,1.25,-2.15));
#11460=CARTESIAN_POINT('',(2.15,1.25,-1.55));
#11461=CARTESIAN_POINT('Origin',(1.55,1.25,-1.55));
#11462=CARTESIAN_POINT('',(2.15,1.25,1.55));
#11463=CARTESIAN_POINT('',(2.15,1.25,-1.55));
#11464=CARTESIAN_POINT('Origin',(1.55,1.25,1.55));
#11465=CARTESIAN_POINT('Origin',(0.,0.95,0.));
#11466=CARTESIAN_POINT('',(-2.15,0.95,1.55));
#11467=CARTESIAN_POINT('',(-1.55,0.95,2.15));
#11468=CARTESIAN_POINT('Origin',(-1.55,0.95,1.55));
#11469=CARTESIAN_POINT('',(1.55,0.95,2.15));
#11470=CARTESIAN_POINT('',(-1.55,0.95,2.15));
#11471=CARTESIAN_POINT('',(2.15,0.95,1.55));
#11472=CARTESIAN_POINT('Origin',(1.55,0.95,1.55));
#11473=CARTESIAN_POINT('',(2.15,0.95,-1.55));
#11474=CARTESIAN_POINT('',(2.15,0.95,-1.55));
#11475=CARTESIAN_POINT('',(1.55,0.95,-2.15));
#11476=CARTESIAN_POINT('Origin',(1.55,0.95,-1.55));
#11477=CARTESIAN_POINT('',(-1.55,0.95,-2.15));
#11478=CARTESIAN_POINT('',(-1.55,0.95,-2.15));
#11479=CARTESIAN_POINT('',(-2.15,0.95,-1.55));
#11480=CARTESIAN_POINT('Origin',(-1.55,0.95,-1.55));
#11481=CARTESIAN_POINT('',(-2.15,0.95,-1.55));
#11482=CARTESIAN_POINT('Origin',(-1.55,1.25,1.55));
#11483=CARTESIAN_POINT('',(-2.15,1.25,1.55));
#11484=CARTESIAN_POINT('',(-1.55,1.25,2.15));
#11485=CARTESIAN_POINT('Origin',(-1.55,1.25,2.15));
#11486=CARTESIAN_POINT('',(1.55,1.25,2.15));
#11487=CARTESIAN_POINT('Origin',(1.55,1.25,1.55));
#11488=CARTESIAN_POINT('',(2.15,1.25,1.55));
#11489=CARTESIAN_POINT('Origin',(2.15,1.25,-1.55));
#11490=CARTESIAN_POINT('',(2.15,1.25,-1.55));
#11491=CARTESIAN_POINT('Origin',(1.55,1.25,-1.55));
#11492=CARTESIAN_POINT('',(1.55,1.25,-2.15));
#11493=CARTESIAN_POINT('Origin',(-1.55,1.25,-2.15));
#11494=CARTESIAN_POINT('',(-1.55,1.25,-2.15));
#11495=CARTESIAN_POINT('Origin',(-1.55,1.25,-1.55));
#11496=CARTESIAN_POINT('',(-2.15,1.25,-1.55));
#11497=CARTESIAN_POINT('Origin',(-2.15,1.25,-1.55));
#11498=CARTESIAN_POINT('Origin',(0.,3.95,0.));
#11499=CARTESIAN_POINT('',(0.,0.,0.));
#11500=CARTESIAN_POINT('',(0.,0.,0.));
#11501=CARTESIAN_POINT('',(0.,0.,0.));
#11502=CARTESIAN_POINT('Origin',(-3.15,0.35,-3.15));
#11503=CARTESIAN_POINT('',(-3.15,0.,-3.15));
#11504=CARTESIAN_POINT('',(-3.15,0.,3.15));
#11505=CARTESIAN_POINT('',(-3.15,0.,-3.15));
#11506=CARTESIAN_POINT('',(-3.15,0.35,3.15));
#11507=CARTESIAN_POINT('',(-3.15,0.35,3.15));
#11508=CARTESIAN_POINT('',(-3.15,0.35,-3.15));
#11509=CARTESIAN_POINT('',(-3.15,0.35,-3.15));
#11510=CARTESIAN_POINT('',(-3.15,0.35,-3.15));
#11511=CARTESIAN_POINT('Origin',(-3.15,0.35,3.15));
#11512=CARTESIAN_POINT('',(3.15,0.,3.15));
#11513=CARTESIAN_POINT('',(-3.15,0.,3.15));
#11514=CARTESIAN_POINT('',(3.15,0.35,3.15));
#11515=CARTESIAN_POINT('',(3.15,0.35,3.15));
#11516=CARTESIAN_POINT('',(-3.15,0.35,3.15));
#11517=CARTESIAN_POINT('Origin',(3.15,0.35,-3.15));
#11518=CARTESIAN_POINT('',(3.15,0.,-3.15));
#11519=CARTESIAN_POINT('',(3.15,0.,-3.15));
#11520=CARTESIAN_POINT('',(3.15,0.35,-3.15));
#11521=CARTESIAN_POINT('',(3.15,0.35,-3.15));
#11522=CARTESIAN_POINT('',(3.15,0.35,-3.15));
#11523=CARTESIAN_POINT('Origin',(-3.15,0.35,-3.15));
#11524=CARTESIAN_POINT('',(-3.15,0.,-3.15));
#11525=CARTESIAN_POINT('',(-3.15,0.35,-3.15));
#11526=CARTESIAN_POINT('Origin',(0.,0.35,0.));
#11527=CARTESIAN_POINT('Origin',(0.,0.,0.));
#11528=CARTESIAN_POINT('',(0.,0.,0.));
#11529=CARTESIAN_POINT('',(0.,0.,0.));
#11530=CARTESIAN_POINT('Origin',(0.,0.8,0.));
#11531=CARTESIAN_POINT('',(-7.65404249467095E-17,0.425,-0.625));
#11532=CARTESIAN_POINT('Origin',(0.,0.425,0.));
#11533=CARTESIAN_POINT('',(-1.22464679914735E-16,0.8,-1.));
#11534=CARTESIAN_POINT('',(-1.22464679914735E-16,0.8,-1.));
#11535=CARTESIAN_POINT('Origin',(0.,0.8,0.));
#11536=CARTESIAN_POINT('Origin',(0.,-1.478125,0.));
#11537=CARTESIAN_POINT('Origin',(0.,0.,0.));
#11538=CARTESIAN_POINT('',(-3.67394039744206E-16,-1.2,3.));
#11539=CARTESIAN_POINT('Origin',(0.,-1.2,0.));
#11540=CARTESIAN_POINT('',(-3.67394039744206E-16,-0.2,3.));
#11541=CARTESIAN_POINT('',(-3.67394039744206E-16,0.,3.));
#11542=CARTESIAN_POINT('Origin',(0.,-0.2,0.));
#11543=CARTESIAN_POINT('Origin',(0.,3.,0.));
#11544=CARTESIAN_POINT('',(-2.20436423846524E-16,-2.25,1.8));
#11545=CARTESIAN_POINT('Origin',(0.,-2.25,0.));
#11546=CARTESIAN_POINT('Origin',(0.,-2.25,0.));
#11547=CARTESIAN_POINT('',(-2.57175827820944E-16,-2.55,2.1));
#11548=CARTESIAN_POINT('',(-2.20436423846524E-16,-2.25,1.8));
#11549=CARTESIAN_POINT('Origin',(0.,-2.55,0.));
#11550=CARTESIAN_POINT('Origin',(0.,0.,0.));
#11551=CARTESIAN_POINT('',(-3.36777869765522E-16,-1.2,-2.75));
#11552=CARTESIAN_POINT('Origin',(0.,-1.2,0.));
#11553=CARTESIAN_POINT('',(-3.36777869765522E-16,-2.55,-2.75));
#11554=CARTESIAN_POINT('',(-3.36777869765522E-16,0.,-2.75));
#11555=CARTESIAN_POINT('Origin',(0.,-2.55,0.));
#11556=CARTESIAN_POINT('Origin',(0.,0.,0.));
#11557=CARTESIAN_POINT('',(1.9298798670242E-14,0.349999999999999,2.75));
#11558=CARTESIAN_POINT('',(1.9298798670242E-14,0.8,2.75));
#11559=CARTESIAN_POINT('',(1.9298798670242E-14,0.8,2.75));
#11560=CARTESIAN_POINT('',(-2.3815698604072,0.8,1.37500000000001));
#11561=CARTESIAN_POINT('Origin',(0.,0.8,0.));
#11562=CARTESIAN_POINT('',(-2.3815698604072,0.349999999999999,1.37500000000001));
#11563=CARTESIAN_POINT('',(-2.3815698604072,0.8,1.37500000000001));
#11564=CARTESIAN_POINT('',(-2.38156986040721,0.349999999999999,-1.37499999999999));
#11565=CARTESIAN_POINT('Origin',(0.,0.349999999999999,0.));
#11566=CARTESIAN_POINT('',(-2.38156986040721,0.8,-1.37499999999999));
#11567=CARTESIAN_POINT('',(-2.38156986040721,0.8,-1.37499999999999));
#11568=CARTESIAN_POINT('',(0.,0.8,-2.75));
#11569=CARTESIAN_POINT('Origin',(0.,0.8,0.));
#11570=CARTESIAN_POINT('',(0.,0.349999999999999,-2.75));
#11571=CARTESIAN_POINT('',(0.,0.8,-2.75));
#11572=CARTESIAN_POINT('',(-3.36777869765522E-16,-0.2,-2.75));
#11573=CARTESIAN_POINT('',(-3.36777869765522E-16,0.,-2.75));
#11574=CARTESIAN_POINT('Origin',(0.,-0.2,0.));
#11575=CARTESIAN_POINT('',(2.38156986040721,0.349999999999999,-1.37499999999999));
#11576=CARTESIAN_POINT('Origin',(0.,0.349999999999999,0.));
#11577=CARTESIAN_POINT('',(2.38156986040721,0.8,-1.37499999999999));
#11578=CARTESIAN_POINT('',(2.38156986040721,0.8,-1.37499999999999));
#11579=CARTESIAN_POINT('',(2.38156986040722,0.8,1.37499999999998));
#11580=CARTESIAN_POINT('Origin',(0.,0.8,0.));
#11581=CARTESIAN_POINT('',(2.38156986040722,0.349999999999999,1.37499999999998));
#11582=CARTESIAN_POINT('',(2.38156986040722,0.8,1.37499999999998));
#11583=CARTESIAN_POINT('Origin',(0.,0.349999999999999,0.));
#11584=CARTESIAN_POINT('Origin',(1.,0.8,0.));
#11585=CARTESIAN_POINT('',(1.60461921527855E-14,0.8,2.3));
#11586=CARTESIAN_POINT('',(1.60461921527855E-14,0.8,2.3));
#11587=CARTESIAN_POINT('',(1.99185842870422,0.8,1.14999999999998));
#11588=CARTESIAN_POINT('Origin',(0.,0.8,0.));
#11589=CARTESIAN_POINT('',(1.99185842870422,0.8,1.14999999999998));
#11590=CARTESIAN_POINT('',(1.99185842870421,0.8,-1.15));
#11591=CARTESIAN_POINT('',(1.99185842870421,0.8,-1.15));
#11592=CARTESIAN_POINT('',(0.,0.8,-2.3));
#11593=CARTESIAN_POINT('Origin',(0.,0.8,0.));
#11594=CARTESIAN_POINT('',(0.,0.8,-2.3));
#11595=CARTESIAN_POINT('',(-1.99185842870421,0.8,-1.15));
#11596=CARTESIAN_POINT('',(-1.99185842870421,0.8,-1.15));
#11597=CARTESIAN_POINT('',(-1.9918584287042,0.8,1.15000000000001));
#11598=CARTESIAN_POINT('Origin',(0.,0.8,0.));
#11599=CARTESIAN_POINT('',(-1.9918584287042,0.8,1.15000000000001));
#11600=CARTESIAN_POINT('Origin',(2.75,-2.55,0.));
#11601=CARTESIAN_POINT('Origin',(2.75,-1.2,0.));
#11602=CARTESIAN_POINT('Origin',(2.75,-0.2,0.));
#11603=CARTESIAN_POINT('Origin',(0.,0.8,0.));
#11604=CARTESIAN_POINT('',(2.38156986040721,0.349999999999999,-1.37499999999999));
#11605=CARTESIAN_POINT('',(0.,0.349999999999999,-2.75));
#11606=CARTESIAN_POINT('Origin',(0.,0.,0.));
#11607=CARTESIAN_POINT('Origin',(0.,0.,0.));
#11608=CARTESIAN_POINT('Origin',(0.,0.8,0.));
#11609=CARTESIAN_POINT('',(-2.38156986040721,0.349999999999999,-1.37499999999999));
#11610=CARTESIAN_POINT('',(-2.3815698604072,0.349999999999999,1.37500000000001));
#11611=CARTESIAN_POINT('Origin',(0.,0.,0.));
#11612=CARTESIAN_POINT('Origin',(0.,0.,0.));
#11613=CARTESIAN_POINT('Origin',(0.,0.8,0.));
#11614=CARTESIAN_POINT('',(1.9298798670242E-14,0.349999999999999,2.75));
#11615=CARTESIAN_POINT('',(2.38156986040722,0.349999999999999,1.37499999999998));
#11616=CARTESIAN_POINT('Origin',(0.,0.,0.));
#11617=CARTESIAN_POINT('Origin',(0.,0.,0.));
#11618=CARTESIAN_POINT('',(0.,0.,0.));
#11619=CARTESIAN_POINT('Origin',(0.,0.547843022465262,7.74213394577779));
#11620=CARTESIAN_POINT('',(-2.8,0.547843022465262,7.74213394577779));
#11621=CARTESIAN_POINT('',(-2.8,0.448301222298696,7.75169585037883));
#11622=CARTESIAN_POINT('',(-2.8,0.547843022465262,7.74213394577779));
#11623=CARTESIAN_POINT('',(2.8,0.448301222298696,7.75169585037883));
#11624=CARTESIAN_POINT('',(-2.8,0.448301222298696,7.75169585037883));
#11625=CARTESIAN_POINT('',(2.8,0.547843022465263,7.74213394577779));
#11626=CARTESIAN_POINT('',(2.8,0.547843022465263,7.74213394577779));
#11627=CARTESIAN_POINT('',(-2.8,0.547843022465262,7.74213394577779));
#11628=CARTESIAN_POINT('Origin',(0.,0.,3.99999999999998));
#11629=CARTESIAN_POINT('',(-2.8,0.,3.99999999999998));
#11630=CARTESIAN_POINT('',(-2.8,-0.0999999999999998,3.99999999999998));
#11631=CARTESIAN_POINT('',(-2.8,0.,3.99999999999998));
#11632=CARTESIAN_POINT('',(2.8,1.0842021724855E-15,3.99999999999998));
#11633=CARTESIAN_POINT('',(-2.8,0.,3.99999999999998));
#11634=CARTESIAN_POINT('',(2.8,-0.0999999999999998,3.99999999999998));
#11635=CARTESIAN_POINT('',(2.8,1.0842021724855E-15,3.99999999999998));
#11636=CARTESIAN_POINT('',(-2.8,-0.0999999999999998,3.99999999999998));
#11637=CARTESIAN_POINT('Ctrl Pts',(2.8,1.0842021724855E-15,3.99999999999998));
#11638=CARTESIAN_POINT('Ctrl Pts',(-3.92,-2.16840434497101E-16,3.99999999999998));
#11639=CARTESIAN_POINT('Ctrl Pts',(2.8,-0.024628468128532,4.25638846601688));
#11640=CARTESIAN_POINT('Ctrl Pts',(-3.92,-0.0246284681285333,4.25638846601688));
#11641=CARTESIAN_POINT('Ctrl Pts',(2.8,-0.0386180157529813,4.72259081002346));
#11642=CARTESIAN_POINT('Ctrl Pts',(-3.92,-0.0386180157529826,4.72259081002346));
#11643=CARTESIAN_POINT('Ctrl Pts',(2.8,0.0194715301087126,5.3120111853385));
#11644=CARTESIAN_POINT('Ctrl Pts',(-3.92,0.0194715301087112,5.3120111853385));
#11645=CARTESIAN_POINT('Ctrl Pts',(2.8,0.129906644668738,5.82138904334296));
#11646=CARTESIAN_POINT('Ctrl Pts',(-3.92,0.129906644668737,5.82138904334296));
#11647=CARTESIAN_POINT('Ctrl Pts',(2.8,0.291873769263778,6.3680270958267));
#11648=CARTESIAN_POINT('Ctrl Pts',(-3.92,0.291873769263777,6.3680270958267));
#11649=CARTESIAN_POINT('Ctrl Pts',(2.8,0.477782991355757,6.96597559310496));
#11650=CARTESIAN_POINT('Ctrl Pts',(-3.92,0.477782991355756,6.96597559310496));
#11651=CARTESIAN_POINT('Ctrl Pts',(2.8,0.547843022465264,7.46326880544397));
#11652=CARTESIAN_POINT('Ctrl Pts',(-3.92,0.547843022465263,7.46326880544397));
#11653=CARTESIAN_POINT('Ctrl Pts',(2.8,0.547843022465264,7.74213394577779));
#11654=CARTESIAN_POINT('Ctrl Pts',(-3.92,0.547843022465262,7.74213394577779));
#11655=CARTESIAN_POINT('Ctrl Pts',(-2.8,0.,3.99999999999998));
#11656=CARTESIAN_POINT('Ctrl Pts',(-2.8,-0.175917629489522,5.83134618583499));
#11657=CARTESIAN_POINT('Ctrl Pts',(-2.79999999999995,0.547843022465263,
6.47456512607763));
#11658=CARTESIAN_POINT('Ctrl Pts',(-2.8,0.547843022465262,7.74213394577779));
#11659=CARTESIAN_POINT('Ctrl Pts',(2.8,1.0842021724855E-15,3.99999999999998));
#11660=CARTESIAN_POINT('Ctrl Pts',(2.8,-0.175917629489521,5.83134618583499));
#11661=CARTESIAN_POINT('Ctrl Pts',(2.79999999999995,0.547843022465265,6.47456512607763));
#11662=CARTESIAN_POINT('Ctrl Pts',(2.8,0.547843022465263,7.74213394577779));
#11663=CARTESIAN_POINT('Origin',(2.8,-0.0999999999999998,3.99999999999998));
#11664=CARTESIAN_POINT('Ctrl Pts',(2.8,-0.0999999999999998,3.99999999999998));
#11665=CARTESIAN_POINT('Ctrl Pts',(2.8,-0.124487822602086,4.2605128606233));
#11666=CARTESIAN_POINT('Ctrl Pts',(2.8,-0.13819607917364,4.73496399384273));
#11667=CARTESIAN_POINT('Ctrl Pts',(2.8,-0.0775684463145837,5.33705516657012));
#11668=CARTESIAN_POINT('Ctrl Pts',(2.8,0.0359942616894103,5.85609097163903));
#11669=CARTESIAN_POINT('Ctrl Pts',(2.8,0.200282397231649,6.40790162664091));
#11670=CARTESIAN_POINT('Ctrl Pts',(2.8,0.38279321622902,6.99976726735009));
#11671=CARTESIAN_POINT('Ctrl Pts',(2.8,0.449818563978634,7.48090729992634));
#11672=CARTESIAN_POINT('Ctrl Pts',(2.8,0.448301222298696,7.75169585037883));
#11673=CARTESIAN_POINT('Ctrl Pts',(-2.8,-0.0999999999999998,3.99999999999998));
#11674=CARTESIAN_POINT('Ctrl Pts',(3.92,-0.0999999999999998,3.99999999999998));
#11675=CARTESIAN_POINT('Ctrl Pts',(-2.8,-0.124487822602086,4.2605128606233));
#11676=CARTESIAN_POINT('Ctrl Pts',(3.92,-0.124487822602086,4.2605128606233));
#11677=CARTESIAN_POINT('Ctrl Pts',(-2.8,-0.13819607917364,4.73496399384273));
#11678=CARTESIAN_POINT('Ctrl Pts',(3.92,-0.13819607917364,4.73496399384273));
#11679=CARTESIAN_POINT('Ctrl Pts',(-2.8,-0.0775684463145837,5.33705516657012));
#11680=CARTESIAN_POINT('Ctrl Pts',(3.92,-0.0775684463145837,5.33705516657012));
#11681=CARTESIAN_POINT('Ctrl Pts',(-2.8,0.0359942616894103,5.85609097163903));
#11682=CARTESIAN_POINT('Ctrl Pts',(3.92,0.0359942616894103,5.85609097163903));
#11683=CARTESIAN_POINT('Ctrl Pts',(-2.8,0.200282397231649,6.40790162664091));
#11684=CARTESIAN_POINT('Ctrl Pts',(3.92,0.200282397231649,6.40790162664091));
#11685=CARTESIAN_POINT('Ctrl Pts',(-2.8,0.38279321622902,6.99976726735009));
#11686=CARTESIAN_POINT('Ctrl Pts',(3.92,0.38279321622902,6.99976726735009));
#11687=CARTESIAN_POINT('Ctrl Pts',(-2.8,0.449818563978634,7.48090729992634));
#11688=CARTESIAN_POINT('Ctrl Pts',(3.92,0.449818563978634,7.48090729992634));
#11689=CARTESIAN_POINT('Ctrl Pts',(-2.8,0.448301222298696,7.75169585037883));
#11690=CARTESIAN_POINT('Ctrl Pts',(3.92,0.448301222298696,7.75169585037883));
#11691=CARTESIAN_POINT('Ctrl Pts',(-2.8,-0.0999999999999998,3.99999999999998));
#11692=CARTESIAN_POINT('Ctrl Pts',(-2.8,-0.124487822602086,4.2605128606233));
#11693=CARTESIAN_POINT('Ctrl Pts',(-2.8,-0.13819607917364,4.73496399384273));
#11694=CARTESIAN_POINT('Ctrl Pts',(-2.8,-0.0775684463145837,5.33705516657012));
#11695=CARTESIAN_POINT('Ctrl Pts',(-2.8,0.0359942616894103,5.85609097163903));
#11696=CARTESIAN_POINT('Ctrl Pts',(-2.8,0.200282397231649,6.40790162664091));
#11697=CARTESIAN_POINT('Ctrl Pts',(-2.8,0.38279321622902,6.99976726735009));
#11698=CARTESIAN_POINT('Ctrl Pts',(-2.8,0.449818563978634,7.48090729992634));
#11699=CARTESIAN_POINT('Ctrl Pts',(-2.8,0.448301222298696,7.75169585037883));
#11700=CARTESIAN_POINT('Origin',(-2.8,0.,3.99999999999998));
#11701=CARTESIAN_POINT('Origin',(3.3,0.748301222298696,8.25169585037883));
#11702=CARTESIAN_POINT('',(3.3,0.448301222298696,7.75169585037883));
#11703=CARTESIAN_POINT('',(3.8,0.448301222298696,8.25169585037883));
#11704=CARTESIAN_POINT('Origin',(3.3,0.448301222298696,8.25169585037883));
#11705=CARTESIAN_POINT('',(3.3,0.748301222298696,7.75169585037883));
#11706=CARTESIAN_POINT('',(3.3,0.748301222298696,7.75169585037883));
#11707=CARTESIAN_POINT('',(3.8,0.748301222298696,8.25169585037883));
#11708=CARTESIAN_POINT('Origin',(3.3,0.748301222298696,8.25169585037883));
#11709=CARTESIAN_POINT('',(3.8,0.748301222298696,8.25169585037883));
#11710=CARTESIAN_POINT('Origin',(-3.3,0.748301222298696,7.75169585037883));
#11711=CARTESIAN_POINT('',(-3.3,0.448301222298696,7.75169585037883));
#11712=CARTESIAN_POINT('',(-3.3,0.448301222298696,7.75169585037883));
#11713=CARTESIAN_POINT('',(-3.3,0.748301222298696,7.75169585037883));
#11714=CARTESIAN_POINT('',(-3.3,0.748301222298696,7.75169585037883));
#11715=CARTESIAN_POINT('',(-3.3,0.748301222298696,7.75169585037883));
#11716=CARTESIAN_POINT('Origin',(-3.3,0.748301222298696,8.25169585037883));
#11717=CARTESIAN_POINT('',(-3.8,0.448301222298696,8.25169585037883));
#11718=CARTESIAN_POINT('Origin',(-3.3,0.448301222298696,8.25169585037883));
#11719=CARTESIAN_POINT('',(-3.8,0.748301222298696,8.25169585037883));
#11720=CARTESIAN_POINT('',(-3.8,0.748301222298696,8.25169585037883));
#11721=CARTESIAN_POINT('Origin',(-3.3,0.748301222298696,8.25169585037883));
#11722=CARTESIAN_POINT('Origin',(-3.8,0.748301222298696,12.2516958503788));
#11723=CARTESIAN_POINT('',(-3.8,0.448301222298696,12.2516958503788));
#11724=CARTESIAN_POINT('',(-3.8,0.448301222298696,12.2516958503788));
#11725=CARTESIAN_POINT('',(-3.8,0.748301222298696,12.2516958503788));
#11726=CARTESIAN_POINT('',(-3.8,0.748301222298696,12.2516958503788));
#11727=CARTESIAN_POINT('',(-3.8,0.748301222298696,12.2516958503788));
#11728=CARTESIAN_POINT('Origin',(-3.3,0.748301222298696,12.2516958503788));
#11729=CARTESIAN_POINT('',(-3.3,0.448301222298696,12.7516958503788));
#11730=CARTESIAN_POINT('Origin',(-3.3,0.448301222298696,12.2516958503788));
#11731=CARTESIAN_POINT('',(-3.3,0.748301222298696,12.7516958503788));
#11732=CARTESIAN_POINT('',(-3.3,0.748301222298696,12.7516958503788));
#11733=CARTESIAN_POINT('Origin',(-3.3,0.748301222298696,12.2516958503788));
#11734=CARTESIAN_POINT('Origin',(-3.3,0.748301222298696,12.7516958503788));
#11735=CARTESIAN_POINT('',(3.3,0.448301222298696,12.7516958503788));
#11736=CARTESIAN_POINT('',(-3.3,0.448301222298696,12.7516958503788));
#11737=CARTESIAN_POINT('',(3.3,0.748301222298696,12.7516958503788));
#11738=CARTESIAN_POINT('',(3.3,0.748301222298696,12.7516958503788));
#11739=CARTESIAN_POINT('',(-3.3,0.748301222298696,12.7516958503788));
#11740=CARTESIAN_POINT('Origin',(3.3,0.748301222298696,12.2516958503788));
#11741=CARTESIAN_POINT('',(3.8,0.448301222298696,12.2516958503788));
#11742=CARTESIAN_POINT('Origin',(3.3,0.448301222298696,12.2516958503788));
#11743=CARTESIAN_POINT('',(3.8,0.748301222298696,12.2516958503788));
#11744=CARTESIAN_POINT('',(3.8,0.748301222298696,12.2516958503788));
#11745=CARTESIAN_POINT('Origin',(3.3,0.748301222298696,12.2516958503788));
#11746=CARTESIAN_POINT('Origin',(3.8,0.748301222298696,12.2516958503788));
#11747=CARTESIAN_POINT('',(3.8,0.448301222298696,12.2516958503788));
#11748=CARTESIAN_POINT('',(3.8,0.748301222298696,12.2516958503788));
#11749=CARTESIAN_POINT('Origin',(3.3,0.748301222298696,8.25169585037883));
#11750=CARTESIAN_POINT('Origin',(3.3,0.448301222298696,8.25169585037883));
#11751=CARTESIAN_POINT('',(3.5,0.448301222298696,8.40169585037883));
#11752=CARTESIAN_POINT('',(3.5,0.448301222298696,12.1016958503788));
#11753=CARTESIAN_POINT('',(3.5,0.448301222298696,12.1016958503788));
#11754=CARTESIAN_POINT('',(-3.5,0.448301222298696,8.40169585037883));
#11755=CARTESIAN_POINT('',(3.5,0.448301222298696,8.40169585037883));
#11756=CARTESIAN_POINT('',(-3.5,0.448301222298696,12.1016958503788));
#11757=CARTESIAN_POINT('',(-3.5,0.448301222298696,12.1016958503788));
#11758=CARTESIAN_POINT('',(3.5,0.448301222298696,12.1016958503788));
#11759=CARTESIAN_POINT('Origin',(3.5,0.448301222298696,12.1016958503788));
#11760=CARTESIAN_POINT('',(-3.5,-0.551698777701304,12.1016958503788));
#11761=CARTESIAN_POINT('',(-3.5,0.448301222298696,12.1016958503788));
#11762=CARTESIAN_POINT('',(3.5,-0.551698777701304,12.1016958503788));
#11763=CARTESIAN_POINT('',(3.5,-0.551698777701304,12.1016958503788));
#11764=CARTESIAN_POINT('',(3.5,0.448301222298696,12.1016958503788));
#11765=CARTESIAN_POINT('Origin',(3.5,-0.551698777701304,12.1016958503788));
#11766=CARTESIAN_POINT('',(-3.5,-0.551698777701304,8.40169585037883));
#11767=CARTESIAN_POINT('',(-3.5,-0.551698777701304,12.1016958503788));
#11768=CARTESIAN_POINT('',(3.5,-0.551698777701304,8.40169585037883));
#11769=CARTESIAN_POINT('',(3.5,-0.551698777701304,8.40169585037883));
#11770=CARTESIAN_POINT('',(3.5,-0.551698777701304,12.1016958503788));
#11771=CARTESIAN_POINT('Origin',(3.5,0.448301222298696,8.40169585037883));
#11772=CARTESIAN_POINT('',(-3.5,0.448301222298696,8.40169585037883));
#11773=CARTESIAN_POINT('',(3.5,0.448301222298696,8.40169585037883));
#11774=CARTESIAN_POINT('Origin',(3.5,0.,0.));
#11775=CARTESIAN_POINT('Origin',(-3.5,0.,0.));
#11776=CARTESIAN_POINT('',(0.32,0.,-0.175));
#11777=CARTESIAN_POINT('',(0.,0.,0.));
#11778=CARTESIAN_POINT('',(0.,0.95,0.));
#11779=CARTESIAN_POINT('',(0.,3.95,0.));
#11780=CARTESIAN_POINT('',(0.,0.,0.));
#11781=CARTESIAN_POINT('',(0.,-0.551698777701303,-4.12229814966756E-17));
#11782=CARTESIAN_POINT('',(0.0315237349207739,-0.351698777701304,0.0586206721381013));
#11783=UNCERTAINTY_MEASURE_WITH_UNIT(LENGTH_MEASURE(0.01),#11809,
'DISTANCE_ACCURACY_VALUE',
'Maximum model space distance between geometric entities at asserted c
onnectivities');
#11784=UNCERTAINTY_MEASURE_WITH_UNIT(LENGTH_MEASURE(0.01),#11809,
'DISTANCE_ACCURACY_VALUE',
'Maximum model space distance between geometric entities at asserted c
onnectivities');
#11785=UNCERTAINTY_MEASURE_WITH_UNIT(LENGTH_MEASURE(0.01),#11809,
'DISTANCE_ACCURACY_VALUE',
'Maximum model space distance between geometric entities at asserted c
onnectivities');
#11786=UNCERTAINTY_MEASURE_WITH_UNIT(LENGTH_MEASURE(0.01),#11809,
'DISTANCE_ACCURACY_VALUE',
'Maximum model space distance between geometric entities at asserted c
onnectivities');
#11787=UNCERTAINTY_MEASURE_WITH_UNIT(LENGTH_MEASURE(0.01),#11809,
'DISTANCE_ACCURACY_VALUE',
'Maximum model space distance between geometric entities at asserted c
onnectivities');
#11788=UNCERTAINTY_MEASURE_WITH_UNIT(LENGTH_MEASURE(0.01),#11809,
'DISTANCE_ACCURACY_VALUE',
'Maximum model space distance between geometric entities at asserted c
onnectivities');
#11789=UNCERTAINTY_MEASURE_WITH_UNIT(LENGTH_MEASURE(0.01),#11809,
'DISTANCE_ACCURACY_VALUE',
'Maximum model space distance between geometric entities at asserted c
onnectivities');
#11790=UNCERTAINTY_MEASURE_WITH_UNIT(LENGTH_MEASURE(0.01),#11809,
'DISTANCE_ACCURACY_VALUE',
'Maximum model space distance between geometric entities at asserted c
onnectivities');
#11791=UNCERTAINTY_MEASURE_WITH_UNIT(LENGTH_MEASURE(0.01),#11809,
'DISTANCE_ACCURACY_VALUE',
'Maximum model space distance between geometric entities at asserted c
onnectivities');
#11792=UNCERTAINTY_MEASURE_WITH_UNIT(LENGTH_MEASURE(0.01),#11809,
'DISTANCE_ACCURACY_VALUE',
'Maximum model space distance between geometric entities at asserted c
onnectivities');
#11793=UNCERTAINTY_MEASURE_WITH_UNIT(LENGTH_MEASURE(0.01),#11809,
'DISTANCE_ACCURACY_VALUE',
'Maximum model space distance between geometric entities at asserted c
onnectivities');
#11794=UNCERTAINTY_MEASURE_WITH_UNIT(LENGTH_MEASURE(0.01),#11809,
'DISTANCE_ACCURACY_VALUE',
'Maximum model space distance between geometric entities at asserted c
onnectivities');
#11795=UNCERTAINTY_MEASURE_WITH_UNIT(LENGTH_MEASURE(0.01),#11809,
'DISTANCE_ACCURACY_VALUE',
'Maximum model space distance between geometric entities at asserted c
onnectivities');
#11796=(
GEOMETRIC_REPRESENTATION_CONTEXT(3)
GLOBAL_UNCERTAINTY_ASSIGNED_CONTEXT((#11783))
GLOBAL_UNIT_ASSIGNED_CONTEXT((#11809,#11811,#11812))
REPRESENTATION_CONTEXT('','3D')
);
#11797=(
GEOMETRIC_REPRESENTATION_CONTEXT(3)
GLOBAL_UNCERTAINTY_ASSIGNED_CONTEXT((#11784))
GLOBAL_UNIT_ASSIGNED_CONTEXT((#11809,#11811,#11812))
REPRESENTATION_CONTEXT('','3D')
);
#11798=(
GEOMETRIC_REPRESENTATION_CONTEXT(3)
GLOBAL_UNCERTAINTY_ASSIGNED_CONTEXT((#11785))
GLOBAL_UNIT_ASSIGNED_CONTEXT((#11809,#11811,#11812))
REPRESENTATION_CONTEXT('','3D')
);
#11799=(
GEOMETRIC_REPRESENTATION_CONTEXT(3)
GLOBAL_UNCERTAINTY_ASSIGNED_CONTEXT((#11786))
GLOBAL_UNIT_ASSIGNED_CONTEXT((#11809,#11811,#11812))
REPRESENTATION_CONTEXT('','3D')
);
#11800=(
GEOMETRIC_REPRESENTATION_CONTEXT(3)
GLOBAL_UNCERTAINTY_ASSIGNED_CONTEXT((#11787))
GLOBAL_UNIT_ASSIGNED_CONTEXT((#11809,#11811,#11812))
REPRESENTATION_CONTEXT('','3D')
);
#11801=(
GEOMETRIC_REPRESENTATION_CONTEXT(3)
GLOBAL_UNCERTAINTY_ASSIGNED_CONTEXT((#11788))
GLOBAL_UNIT_ASSIGNED_CONTEXT((#11809,#11811,#11812))
REPRESENTATION_CONTEXT('','3D')
);
#11802=(
GEOMETRIC_REPRESENTATION_CONTEXT(3)
GLOBAL_UNCERTAINTY_ASSIGNED_CONTEXT((#11789))
GLOBAL_UNIT_ASSIGNED_CONTEXT((#11809,#11811,#11812))
REPRESENTATION_CONTEXT('','3D')
);
#11803=(
GEOMETRIC_REPRESENTATION_CONTEXT(3)
GLOBAL_UNCERTAINTY_ASSIGNED_CONTEXT((#11790))
GLOBAL_UNIT_ASSIGNED_CONTEXT((#11809,#11811,#11812))
REPRESENTATION_CONTEXT('','3D')
);
#11804=(
GEOMETRIC_REPRESENTATION_CONTEXT(3)
GLOBAL_UNCERTAINTY_ASSIGNED_CONTEXT((#11791))
GLOBAL_UNIT_ASSIGNED_CONTEXT((#11809,#11811,#11812))
REPRESENTATION_CONTEXT('','3D')
);
#11805=(
GEOMETRIC_REPRESENTATION_CONTEXT(3)
GLOBAL_UNCERTAINTY_ASSIGNED_CONTEXT((#11792))
GLOBAL_UNIT_ASSIGNED_CONTEXT((#11809,#11811,#11812))
REPRESENTATION_CONTEXT('','3D')
);
#11806=(
GEOMETRIC_REPRESENTATION_CONTEXT(3)
GLOBAL_UNCERTAINTY_ASSIGNED_CONTEXT((#11793))
GLOBAL_UNIT_ASSIGNED_CONTEXT((#11809,#11811,#11812))
REPRESENTATION_CONTEXT('','3D')
);
#11807=(
GEOMETRIC_REPRESENTATION_CONTEXT(3)
GLOBAL_UNCERTAINTY_ASSIGNED_CONTEXT((#11794))
GLOBAL_UNIT_ASSIGNED_CONTEXT((#11809,#11811,#11812))
REPRESENTATION_CONTEXT('','3D')
);
#11808=(
GEOMETRIC_REPRESENTATION_CONTEXT(3)
GLOBAL_UNCERTAINTY_ASSIGNED_CONTEXT((#11795))
GLOBAL_UNIT_ASSIGNED_CONTEXT((#11809,#11811,#11812))
REPRESENTATION_CONTEXT('','3D')
);
#11809=(
LENGTH_UNIT()
NAMED_UNIT(*)
SI_UNIT(.MILLI.,.METRE.)
);
#11810=(
LENGTH_UNIT()
NAMED_UNIT(*)
SI_UNIT($,.METRE.)
);
#11811=(
NAMED_UNIT(*)
PLANE_ANGLE_UNIT()
SI_UNIT($,.RADIAN.)
);
#11812=(
NAMED_UNIT(*)
SI_UNIT($,.STERADIAN.)
SOLID_ANGLE_UNIT()
);
#11813=SHAPE_DEFINITION_REPRESENTATION(#11825,#11848);
#11814=SHAPE_DEFINITION_REPRESENTATION(#11826,#11849);
#11815=SHAPE_DEFINITION_REPRESENTATION(#11827,#11850);
#11816=SHAPE_DEFINITION_REPRESENTATION(#11829,#11851);
#11817=SHAPE_DEFINITION_REPRESENTATION(#11830,#11852);
#11818=SHAPE_DEFINITION_REPRESENTATION(#11831,#11853);
#11819=SHAPE_DEFINITION_REPRESENTATION(#11833,#11854);
#11820=SHAPE_DEFINITION_REPRESENTATION(#11834,#11855);
#11821=SHAPE_DEFINITION_REPRESENTATION(#11836,#11856);
#11822=SHAPE_DEFINITION_REPRESENTATION(#11837,#11857);
#11823=SHAPE_DEFINITION_REPRESENTATION(#11839,#11858);
#11824=SHAPE_DEFINITION_REPRESENTATION(#11840,#11859);
#11825=PRODUCT_DEFINITION_SHAPE('',$,#11861);
#11826=PRODUCT_DEFINITION_SHAPE('',$,#11862);
#11827=PRODUCT_DEFINITION_SHAPE('',$,#11863);
#11828=PRODUCT_DEFINITION_SHAPE($,$,#234);
#11829=PRODUCT_DEFINITION_SHAPE('',$,#11864);
#11830=PRODUCT_DEFINITION_SHAPE('',$,#11865);
#11831=PRODUCT_DEFINITION_SHAPE('',$,#11866);
#11832=PRODUCT_DEFINITION_SHAPE($,$,#235);
#11833=PRODUCT_DEFINITION_SHAPE('',$,#11867);
#11834=PRODUCT_DEFINITION_SHAPE('',$,#11868);
#11835=PRODUCT_DEFINITION_SHAPE($,$,#236);
#11836=PRODUCT_DEFINITION_SHAPE('',$,#11869);
#11837=PRODUCT_DEFINITION_SHAPE('',$,#11870);
#11838=PRODUCT_DEFINITION_SHAPE($,$,#237);
#11839=PRODUCT_DEFINITION_SHAPE('',$,#11871);
#11840=PRODUCT_DEFINITION_SHAPE('',$,#11872);
#11841=PRODUCT_DEFINITION_SHAPE($,$,#238);
#11842=PRODUCT_DEFINITION_SHAPE($,$,#239);
#11843=PRODUCT_DEFINITION_SHAPE($,$,#240);
#11844=PRODUCT_DEFINITION_SHAPE($,$,#241);
#11845=PRODUCT_DEFINITION_SHAPE($,$,#242);
#11846=PRODUCT_DEFINITION_SHAPE($,$,#243);
#11847=PRODUCT_DEFINITION_SHAPE($,$,#244);
#11848=SHAPE_REPRESENTATION('',(#6663,#7487,#7488),#11796);
#11849=SHAPE_REPRESENTATION('',(#6664,#6698),#11797);
#11850=SHAPE_REPRESENTATION('',(#6665),#11798);
#11851=SHAPE_REPRESENTATION('',(#6699,#7482,#7483,#7484,#7485,#7486),#11799);
#11852=SHAPE_REPRESENTATION('',(#6700,#7347),#11800);
#11853=SHAPE_REPRESENTATION('',(#6701),#11801);
#11854=SHAPE_REPRESENTATION('',(#7348,#7405),#11802);
#11855=SHAPE_REPRESENTATION('',(#7349),#11803);
#11856=SHAPE_REPRESENTATION('',(#7406,#7414),#11804);
#11857=SHAPE_REPRESENTATION('',(#7407),#11805);
#11858=SHAPE_REPRESENTATION('',(#7415),#11806);
#11859=SHAPE_REPRESENTATION('',(#7454),#11807);
#11860=PRODUCT_DEFINITION_CONTEXT('part definition',#11898,'design');
#11861=PRODUCT_DEFINITION('RasPi_Camera','RasPi_Camera v2',#11873,#11860);
#11862=PRODUCT_DEFINITION('RasPi_Camera_Board_Standard',
'RasPi_Camera_Board_Standard',#11874,#11860);
#11863=PRODUCT_DEFINITION('Component8','Component8',#11875,#11860);
#11864=PRODUCT_DEFINITION('OVA5647_FOV','OVA5647_FOV',#11876,#11860);
#11865=PRODUCT_DEFINITION('OVA5647_Standard','OVA5647_Standard',#11877,
#11860);
#11866=PRODUCT_DEFINITION('Component9','Component9',#11878,#11860);
#11867=PRODUCT_DEFINITION('OVA5647_Housing_Standard',
'OVA5647_Housing_Standard',#11879,#11860);
#11868=PRODUCT_DEFINITION('Component10','Component10',#11880,#11860);
#11869=PRODUCT_DEFINITION('OVA5647_IR-Glas_Standard',
'OVA5647_IR-Glas_Standard',#11881,#11860);
#11870=PRODUCT_DEFINITION('Component11','Component11',#11882,#11860);
#11871=PRODUCT_DEFINITION('OVA5647_Lens_FOV','OVA5647_Lens_FOV',#11883,
#11860);
#11872=PRODUCT_DEFINITION('OVA5647_Pigtail_Standard',
'OVA5647_Pigtail_Standard',#11884,#11860);
#11873=PRODUCT_DEFINITION_FORMATION('',$,#11900);
#11874=PRODUCT_DEFINITION_FORMATION('',$,#11901);
#11875=PRODUCT_DEFINITION_FORMATION('',$,#11902);
#11876=PRODUCT_DEFINITION_FORMATION('',$,#11903);
#11877=PRODUCT_DEFINITION_FORMATION('',$,#11904);
#11878=PRODUCT_DEFINITION_FORMATION('',$,#11905);
#11879=PRODUCT_DEFINITION_FORMATION('',$,#11906);
#11880=PRODUCT_DEFINITION_FORMATION('',$,#11907);
#11881=PRODUCT_DEFINITION_FORMATION('',$,#11908);
#11882=PRODUCT_DEFINITION_FORMATION('',$,#11909);
#11883=PRODUCT_DEFINITION_FORMATION('',$,#11910);
#11884=PRODUCT_DEFINITION_FORMATION('',$,#11911);
#11885=PRODUCT_RELATED_PRODUCT_CATEGORY('RasPi_Camera v2',
'RasPi_Camera v2',(#11900));
#11886=PRODUCT_RELATED_PRODUCT_CATEGORY('RasPi_Camera_Board_Standard',
'RasPi_Camera_Board_Standard',(#11901));
#11887=PRODUCT_RELATED_PRODUCT_CATEGORY('Component8','Component8',(#11902));
#11888=PRODUCT_RELATED_PRODUCT_CATEGORY('OVA5647_FOV','OVA5647_FOV',(#11903));
#11889=PRODUCT_RELATED_PRODUCT_CATEGORY('OVA5647_Standard',
'OVA5647_Standard',(#11904));
#11890=PRODUCT_RELATED_PRODUCT_CATEGORY('Component9','Component9',(#11905));
#11891=PRODUCT_RELATED_PRODUCT_CATEGORY('OVA5647_Housing_Standard',
'OVA5647_Housing_Standard',(#11906));
#11892=PRODUCT_RELATED_PRODUCT_CATEGORY('Component10','Component10',(#11907));
#11893=PRODUCT_RELATED_PRODUCT_CATEGORY('OVA5647_IR-Glas_Standard',
'OVA5647_IR-Glas_Standard',(#11908));
#11894=PRODUCT_RELATED_PRODUCT_CATEGORY('Component11','Component11',(#11909));
#11895=PRODUCT_RELATED_PRODUCT_CATEGORY('OVA5647_Lens_FOV',
'OVA5647_Lens_FOV',(#11910));
#11896=PRODUCT_RELATED_PRODUCT_CATEGORY('OVA5647_Pigtail_Standard',
'OVA5647_Pigtail_Standard',(#11911));
#11897=APPLICATION_PROTOCOL_DEFINITION('international standard',
'automotive_design',2009,#11898);
#11898=APPLICATION_CONTEXT(
'Core Data for Automotive Mechanical Design Process');
#11899=PRODUCT_CONTEXT('part definition',#11898,'mechanical');
#11900=PRODUCT('RasPi_Camera','RasPi_Camera v2','STEP AP214',(#11899));
#11901=PRODUCT('RasPi_Camera_Board_Standard',
'RasPi_Camera_Board_Standard',$,(#11899));
#11902=PRODUCT('Component8','Component8',$,(#11899));
#11903=PRODUCT('OVA5647_FOV','OVA5647_FOV',$,(#11899));
#11904=PRODUCT('OVA5647_Standard','OVA5647_Standard',$,(#11899));
#11905=PRODUCT('Component9','Component9',$,(#11899));
#11906=PRODUCT('OVA5647_Housing_Standard','OVA5647_Housing_Standard',$,
(#11899));
#11907=PRODUCT('Component10','Component10',$,(#11899));
#11908=PRODUCT('OVA5647_IR-Glas_Standard','OVA5647_IR-Glas_Standard',$,
(#11899));
#11909=PRODUCT('Component11','Component11',$,(#11899));
#11910=PRODUCT('OVA5647_Lens_FOV','OVA5647_Lens_FOV',$,(#11899));
#11911=PRODUCT('OVA5647_Pigtail_Standard','OVA5647_Pigtail_Standard',$,
(#11899));
#11912=PRESENTATION_STYLE_ASSIGNMENT((#11927));
#11913=PRESENTATION_STYLE_ASSIGNMENT((#11928));
#11914=PRESENTATION_STYLE_ASSIGNMENT((#11929));
#11915=PRESENTATION_STYLE_ASSIGNMENT((#11930));
#11916=PRESENTATION_STYLE_ASSIGNMENT((#11931));
#11917=PRESENTATION_STYLE_ASSIGNMENT((#11932));
#11918=PRESENTATION_STYLE_ASSIGNMENT((#11933));
#11919=PRESENTATION_STYLE_ASSIGNMENT((#11934));
#11920=PRESENTATION_STYLE_ASSIGNMENT((#11935));
#11921=PRESENTATION_STYLE_ASSIGNMENT((#11936));
#11922=PRESENTATION_STYLE_ASSIGNMENT((#11937));
#11923=PRESENTATION_STYLE_ASSIGNMENT((#11938));
#11924=PRESENTATION_STYLE_ASSIGNMENT((#11939));
#11925=PRESENTATION_STYLE_ASSIGNMENT((#11940));
#11926=PRESENTATION_STYLE_ASSIGNMENT((#11941));
#11927=SURFACE_STYLE_USAGE(.BOTH.,#11942);
#11928=SURFACE_STYLE_USAGE(.BOTH.,#11943);
#11929=SURFACE_STYLE_USAGE(.BOTH.,#11944);
#11930=SURFACE_STYLE_USAGE(.BOTH.,#11945);
#11931=SURFACE_STYLE_USAGE(.BOTH.,#11946);
#11932=SURFACE_STYLE_USAGE(.BOTH.,#11947);
#11933=SURFACE_STYLE_USAGE(.BOTH.,#11948);
#11934=SURFACE_STYLE_USAGE(.BOTH.,#11949);
#11935=SURFACE_STYLE_USAGE(.BOTH.,#11950);
#11936=SURFACE_STYLE_USAGE(.BOTH.,#11951);
#11937=SURFACE_STYLE_USAGE(.BOTH.,#11952);
#11938=SURFACE_STYLE_USAGE(.BOTH.,#11953);
#11939=SURFACE_STYLE_USAGE(.BOTH.,#11954);
#11940=SURFACE_STYLE_USAGE(.BOTH.,#11955);
#11941=SURFACE_STYLE_USAGE(.BOTH.,#11956);
#11942=SURFACE_SIDE_STYLE('',(#11957));
#11943=SURFACE_SIDE_STYLE('',(#11958));
#11944=SURFACE_SIDE_STYLE('',(#11959));
#11945=SURFACE_SIDE_STYLE('',(#11960));
#11946=SURFACE_SIDE_STYLE('',(#11961));
#11947=SURFACE_SIDE_STYLE('',(#11962));
#11948=SURFACE_SIDE_STYLE('',(#11963));
#11949=SURFACE_SIDE_STYLE('',(#11964));
#11950=SURFACE_SIDE_STYLE('',(#11965));
#11951=SURFACE_SIDE_STYLE('',(#11966));
#11952=SURFACE_SIDE_STYLE('',(#11967));
#11953=SURFACE_SIDE_STYLE('',(#11968));
#11954=SURFACE_SIDE_STYLE('',(#11969));
#11955=SURFACE_SIDE_STYLE('',(#11970));
#11956=SURFACE_SIDE_STYLE('',(#11971));
#11957=SURFACE_STYLE_FILL_AREA(#11972);
#11958=SURFACE_STYLE_FILL_AREA(#11973);
#11959=SURFACE_STYLE_FILL_AREA(#11974);
#11960=SURFACE_STYLE_FILL_AREA(#11975);
#11961=SURFACE_STYLE_FILL_AREA(#11976);
#11962=SURFACE_STYLE_FILL_AREA(#11977);
#11963=SURFACE_STYLE_FILL_AREA(#11978);
#11964=SURFACE_STYLE_FILL_AREA(#11979);
#11965=SURFACE_STYLE_FILL_AREA(#11980);
#11966=SURFACE_STYLE_FILL_AREA(#11981);
#11967=SURFACE_STYLE_FILL_AREA(#11982);
#11968=SURFACE_STYLE_FILL_AREA(#11983);
#11969=SURFACE_STYLE_FILL_AREA(#11984);
#11970=SURFACE_STYLE_FILL_AREA(#11985);
#11971=SURFACE_STYLE_FILL_AREA(#11986);
#11972=FILL_AREA_STYLE('Steel - Satin',(#11987));
#11973=FILL_AREA_STYLE('Opaque(202,209,238)',(#11988));
#11974=FILL_AREA_STYLE('Opaque(73,169,84)',(#11989));
#11975=FILL_AREA_STYLE('Opaque(255,255,255)',(#11990));
#11976=FILL_AREA_STYLE('Opaque(158,104,51)',(#11991));
#11977=FILL_AREA_STYLE('Opaque(177,25,25)',(#11992));
#11978=FILL_AREA_STYLE('Opaque(26,26,26)',(#11993));
#11979=FILL_AREA_STYLE('Opaque(221,232,255)',(#11994));
#11980=FILL_AREA_STYLE('Opaque(64,64,64)',(#11995));
#11981=FILL_AREA_STYLE('Opaque(128,128,0)',(#11996));
#11982=FILL_AREA_STYLE('Opaque(128,128,128)',(#11997));
#11983=FILL_AREA_STYLE('Opaque(76,76,76)',(#11998));
#11984=FILL_AREA_STYLE('Opaque(99,102,219)',(#11999));
#11985=FILL_AREA_STYLE('Opaque(192,255,255)',(#12000));
#11986=FILL_AREA_STYLE('Opaque(252,188,132)',(#12001));
#11987=FILL_AREA_STYLE_COLOUR('Steel - Satin',#12002);
#11988=FILL_AREA_STYLE_COLOUR('Opaque(202,209,238)',#12003);
#11989=FILL_AREA_STYLE_COLOUR('Opaque(73,169,84)',#12004);
#11990=FILL_AREA_STYLE_COLOUR('Opaque(255,255,255)',#12005);
#11991=FILL_AREA_STYLE_COLOUR('Opaque(158,104,51)',#12006);
#11992=FILL_AREA_STYLE_COLOUR('Opaque(177,25,25)',#12007);
#11993=FILL_AREA_STYLE_COLOUR('Opaque(26,26,26)',#12008);
#11994=FILL_AREA_STYLE_COLOUR('Opaque(221,232,255)',#12009);
#11995=FILL_AREA_STYLE_COLOUR('Opaque(64,64,64)',#12010);
#11996=FILL_AREA_STYLE_COLOUR('Opaque(128,128,0)',#12011);
#11997=FILL_AREA_STYLE_COLOUR('Opaque(128,128,128)',#12012);
#11998=FILL_AREA_STYLE_COLOUR('Opaque(76,76,76)',#12013);
#11999=FILL_AREA_STYLE_COLOUR('Opaque(99,102,219)',#12014);
#12000=FILL_AREA_STYLE_COLOUR('Opaque(192,255,255)',#12015);
#12001=FILL_AREA_STYLE_COLOUR('Opaque(252,188,132)',#12016);
#12002=COLOUR_RGB('Steel - Satin',0.627450980392157,0.627450980392157,0.627450980392157);
#12003=COLOUR_RGB('Opaque(202,209,238)',0.792156862745098,0.819607843137255,
0.933333333333333);
#12004=COLOUR_RGB('Opaque(73,169,84)',0.286274509803922,0.662745098039216,
0.329411764705882);
#12005=COLOUR_RGB('Opaque(255,255,255)',1.,1.,1.);
#12006=COLOUR_RGB('Opaque(158,104,51)',0.619607843137255,0.407843137254902,
0.2);
#12007=COLOUR_RGB('Opaque(177,25,25)',0.694117647058824,0.0980392156862745,
0.0980392156862745);
#12008=COLOUR_RGB('Opaque(26,26,26)',0.101960784313725,0.101960784313725,
0.101960784313725);
#12009=COLOUR_RGB('Opaque(221,232,255)',0.866666666666667,0.909803921568627,
1.);
#12010=COLOUR_RGB('Opaque(64,64,64)',0.250980392156863,0.250980392156863,
0.250980392156863);
#12011=COLOUR_RGB('Opaque(128,128,0)',0.501960784313725,0.501960784313725,
0.);
#12012=COLOUR_RGB('Opaque(128,128,128)',0.501960784313725,0.501960784313725,
0.501960784313725);
#12013=COLOUR_RGB('Opaque(76,76,76)',0.298039215686275,0.298039215686275,
0.298039215686275);
#12014=COLOUR_RGB('Opaque(99,102,219)',0.388235294117647,0.4,0.858823529411765);
#12015=COLOUR_RGB('Opaque(192,255,255)',0.752941176470588,1.,1.);
#12016=COLOUR_RGB('Opaque(252,188,132)',0.988235294117647,0.737254901960784,
0.517647058823529);
ENDSEC;
END-ISO-10303-21;
